state,company_raw,notice_date,n_employees,city,layoff_type,source
AZ,"Rise Services, Inc.",2023-07-18,,Mesa,Permanent closure,warn_or.json
CA,"Teva Parental Medicines, Inc.",2022-03-22,305.0,,Closure Permanent,ca_2022_23.pdf
CA,"ARS-Fresno, LLC.",2022-03-30,163.0,Carlsbad,Large Layoff - 10 or more workers,warn_or.json
CA,Superior Studio Specialties,2022-04-15,4.0,,Closure Permanent,ca_2022_23.pdf
CA,"The Permanente Federation dba Permanente
Advantage LLC",2022-05-11,19.0,,Layoff Permanent,ca_2022_23.pdf
CA,Pennymac,2022-05-19,30.0,,Layoff Permanent,ca_2022_23.pdf
CA,Pennymac,2022-05-19,2.0,,Layoff Permanent,ca_2022_23.pdf
CA,B&H Flowers,2022-06-01,80.0,,Closure Permanent,ca_2022_23.pdf
CA,Amgen,2022-06-15,2.0,,Closure Permanent,ca_2022_23.pdf
CA,PAE Shared Services LLC dba Amentum,2022-06-15,37.0,,Layoff Permanent,ca_2022_23.pdf
CA,PAE Shared Services LLC dba Amentum,2022-06-15,25.0,,Layoff Permanent,ca_2022_23.pdf
CA,PAE Shared Services LLC dba Amentum,2022-06-15,68.0,,Layoff Permanent,ca_2022_23.pdf
CA,"R.A. Phillips Industries, Inc.",2022-06-20,211.0,,Layoff Permanent,ca_2022_23.pdf
CA,Cue Health Inc.,2022-06-23,9.0,,Layoff Permanent,ca_2022_23.pdf
CA,Cue Health Inc.,2022-06-23,123.0,,Layoff Permanent,ca_2022_23.pdf
CA,Cue Health,2022-06-23,37.0,,Layoff Permanent,ca_2022_23.pdf
CA,"Assembled Financial Technology, LLC",2022-06-24,13.0,,Closure Permanent,ca_2022_23.pdf
CA,"DailyLook, Inc.",2022-06-27,80.0,,Layoff Permanent,ca_2022_23.pdf
CA,AppLovin Corporation,2022-06-27,62.0,,Layoff Permanent,ca_2022_23.pdf
CA,"Tesla, Inc.",2022-06-27,20.0,,Layoff Permanent,ca_2022_23.pdf
CA,"Tesla, Inc.",2022-06-27,5.0,,Layoff Permanent,ca_2022_23.pdf
CA,"Tesla, Inc.",2022-06-27,2.0,,Layoff Permanent,ca_2022_23.pdf
CA,"Tesla, Inc.",2022-06-27,1.0,,Layoff Permanent,ca_2022_23.pdf
CA,"Tesla, Inc.",2022-06-27,41.0,,Layoff Permanent,ca_2022_23.pdf
CA,"Tesla, Inc.",2022-06-29,229.0,,Closure Permanent,ca_2022_23.pdf
CA,"Heron Therapeutics, Inc.",2022-06-29,77.0,,Layoff Permanent,ca_2022_23.pdf
CA,PACT Pharma,2022-06-30,94.0,,Layoff Permanent,ca_2022_23.pdf
CA,"ABM Industry Groups, LLC dba Meta",2022-07-01,368.0,,Layoff Permanent,ca_2022_23.pdf
CA,"JSL Transport, LLC",2022-07-01,4.0,,Closure Permanent,ca_2022_23.pdf
CA,"JSL Transport, LLC",2022-07-01,10.0,,Closure Permanent,ca_2022_23.pdf
CA,"JSL Transport, LLC",2022-07-01,1.0,,Closure Permanent,ca_2022_23.pdf
CA,"JSL Transport, LLC",2022-07-01,9.0,,Closure Permanent,ca_2022_23.pdf
CA,"JSL Transport, LLC",2022-07-01,6.0,,Closure Permanent,ca_2022_23.pdf
CA,"JSL Transport, LLC",2022-07-01,18.0,,Closure Permanent,ca_2022_23.pdf
CA,"JSL Transport, LLC",2022-07-01,76.0,,Closure Permanent,ca_2022_23.pdf
CA,"JSL Transport, LLC",2022-07-01,1.0,,Closure Permanent,ca_2022_23.pdf
CA,"JSL Transport, LLC",2022-07-01,27.0,,Closure Permanent,ca_2022_23.pdf
CA,"JSL Transport, LLC",2022-07-01,2.0,,Closure Permanent,ca_2022_23.pdf
CA,First Student,2022-07-01,105.0,,Layoff Permanent,ca_2022_23.pdf
CA,First Student,2022-07-01,71.0,,Layoff Permanent,ca_2022_23.pdf
CA,First Student,2022-07-01,176.0,,Layoff Permanent,ca_2022_23.pdf
CA,First Student,2022-07-05,54.0,,Layoff Permanent,ca_2022_23.pdf
CA,Maxar Space LLC,2022-07-06,125.0,,Layoff Permanent,ca_2022_23.pdf
CA,Texana Bank,2022-07-07,58.0,,Layoff Permanent,ca_2022_23.pdf
CA,"Voxpro Group, LLC",2022-07-07,180.0,,Layoff Permanent,ca_2022_23.pdf
CA,"Anheuser-Busch, LLC",2022-07-07,142.0,,Closure Permanent,ca_2022_23.pdf
CA,"Adverum Biotechnologies, Inc.",2022-07-07,27.0,,Layoff Permanent,ca_2022_23.pdf
CA,"Adverum Biotechnologies, Inc.",2022-07-07,51.0,,Layoff Permanent,ca_2022_23.pdf
CA,Scotts Temecula Operations LLC,2022-07-11,55.0,,Layoff Permanent,ca_2022_23.pdf
CA,Performance Team,2022-07-11,153.0,,Closure Permanent,ca_2022_23.pdf
CA,North Bay Health,2022-07-11,99.0,,Layoff Permanent,ca_2022_23.pdf
CA,North Bay Health,2022-07-11,60.0,,Layoff Permanent,ca_2022_23.pdf
CA,North Bay Health,2022-07-11,4.0,,Layoff Permanent,ca_2022_23.pdf
CA,North Bay Health,2022-07-11,26.0,,Layoff Permanent,ca_2022_23.pdf
CA,"ADP, Inc.",2022-07-12,12.0,,Layoff Permanent,ca_2022_23.pdf
CA,"Freshly, Inc.",2022-07-12,104.0,,Closure Permanent,ca_2022_23.pdf
CA,Life Cycle Engineering,2022-07-13,69.0,,Layoff Permanent,ca_2022_23.pdf
CA,CytomX Therapeutics Inc.,2022-07-13,66.0,,"Layoff Not known at
this time",ca_2022_23.pdf
CA,"Tonal Systems, Inc.",2022-07-13,80.0,,Layoff Permanent,ca_2022_23.pdf
CA,Urbn Leaf dba Uprooted Inc.,2022-07-14,58.0,,Layoff Permanent,ca_2022_23.pdf
CA,OnePointOne Inc.,2022-07-14,14.0,,Closure Permanent,ca_2022_23.pdf
CA,Gardena Honda,2022-07-15,90.0,,Closure Permanent,ca_2022_23.pdf
CA,Invitae Corporation,2022-07-18,48.0,,Layoff Permanent,ca_2022_23.pdf
CA,"Imperfect Foods, Inc.",2022-07-18,50.0,,Layoff Permanent,ca_2022_23.pdf
CA,Invitae Corporation,2022-07-18,736.0,,Layoff Permanent,ca_2022_23.pdf
CA,"Amy&rsquo;s Kitchen, Inc.",2022-07-19,331.0,,Closure Permanent,ca_2022_23.pdf
CA,Data Aire Inc.,2022-07-20,85.0,,Closure Permanent,ca_2022_23.pdf
CA,Restoration Hardware Inc.,2022-07-20,55.0,,Layoff Permanent,ca_2022_23.pdf
CA,"RingCentral, Inc.",2022-07-20,25.0,,Layoff Permanent,ca_2022_23.pdf
CA,"RingCentral, Inc.",2022-07-20,25.0,,Layoff Permanent,ca_2022_23.pdf
CA,"Rise Baking Company dba Brill, Inc.",2022-07-21,78.0,,Layoff Permanent,ca_2022_23.pdf
CA,King&rsquo;s Fish House,2022-07-21,74.0,,Closure Temporary,ca_2022_23.pdf
CA,Adventist Health,2022-07-22,52.0,,Layoff Permanent,ca_2022_23.pdf
CA,Schneider Electric,2022-07-25,9.0,,Layoff Permanent,ca_2022_23.pdf
CA,"Brinker International Payroll Company, L.P.",2022-07-25,133.0,,Closure Permanent,ca_2022_23.pdf
CA,Zymergen Inc.,2022-07-26,74.0,,Layoff Permanent,ca_2022_23.pdf
CA,Inland SoCal United Way,2022-07-27,136.0,,Layoff Permanent,ca_2022_23.pdf
CA,"Rivian Automotive, LLC",2022-07-27,111.0,,Layoff Permanent,ca_2022_23.pdf
CA,"Rivian Automotive, LLC",2022-07-27,77.0,,Layoff Permanent,ca_2022_23.pdf
CA,"Rivian Automotive, LLC",2022-07-27,20.0,,Layoff Permanent,ca_2022_23.pdf
CA,"Rivian Automotive, LLC",2022-07-27,25.0,,Layoff Permanent,ca_2022_23.pdf
CA,"Rivian Automotive, LLC",2022-07-27,21.0,,Layoff Permanent,ca_2022_23.pdf
CA,"Rivian Automotive, LLC",2022-07-27,86.0,,Layoff Permanent,ca_2022_23.pdf
CA,"Rivian Automotive, LLC",2022-07-27,9.0,,Layoff Permanent,ca_2022_23.pdf
CA,"Rivian Automotive, LLC",2022-07-27,2.0,,Layoff Permanent,ca_2022_23.pdf
CA,Owens Corning,2022-07-28,225.0,,Closure Permanent,ca_2022_23.pdf
CA,"Plaza Palace, Inc. dba Palace Food Depot",2022-07-28,68.0,,Closure Permanent,ca_2022_23.pdf
CA,San Francisco Housing Authority,2022-07-29,15.0,,Layoff Permanent,ca_2022_23.pdf
CA,San Francisco Housing Authority,2022-07-29,65.0,,Layoff Permanent,ca_2022_23.pdf
CA,San Francisco Housing Authority,2022-07-29,66.0,,Layoff Permanent,ca_2022_23.pdf
CA,Silgan Containers,2022-07-29,51.0,,Layoff Temporary,ca_2022_23.pdf
CA,Bayview Hunters Point,2022-08-01,82.0,,Closure Permanent,ca_2022_23.pdf
CA,Alza Corporation,2022-08-01,28.0,,Layoff Permanent,ca_2022_23.pdf
CA,Talis Biomedical Corporation,2022-08-01,57.0,,Layoff Permanent,ca_2022_23.pdf
CA,"The Lafayette Hotel, Swim Club & Bungalows",2022-08-01,73.0,,Layoff Temporary,ca_2022_23.pdf
CA,"Wallboard Tool Co., Inc.",2022-08-01,100.0,,Closure Permanent,ca_2022_23.pdf
CA,"Robinhood Markets, Inc.",2022-08-02,146.0,,Layoff Permanent,ca_2022_23.pdf
CA,Godspeed Logistics LLC,2022-08-03,64.0,,Closure Permanent,ca_2022_23.pdf
CA,Promenade Care Center LLC,2022-08-03,111.0,,Closure Permanent,ca_2022_23.pdf
CA,"Safran Cabin Galleys US, Inc.",2022-08-04,100.0,,Closure Permanent,ca_2022_23.pdf
CA,"Oracle America, Inc.",2022-08-04,201.0,,Layoff Permanent,ca_2022_23.pdf
CA,Hubbell Power Systems,2022-08-05,193.0,,Closure Permanent,ca_2022_23.pdf
CA,"Eko Devices, Inc.",2022-08-05,5.0,,Closure Permanent,ca_2022_23.pdf
CA,"HCI, LLC",2022-08-08,111.0,,Closure Permanent,ca_2022_23.pdf
CA,"HCI, LLC",2022-08-08,30.0,,Closure Permanent,ca_2022_23.pdf
CA,"HCI, LLC",2022-08-08,31.0,,Closure Permanent,ca_2022_23.pdf
CA,"HCI, LLC",2022-08-08,109.0,,Closure Permanent,ca_2022_23.pdf
CA,"Tempo Automation, Inc.",2022-08-08,54.0,,Layoff Permanent,ca_2022_23.pdf
CA,Atara Biotherapeutics,2022-08-08,14.0,,Layoff Permanent,ca_2022_23.pdf
CA,Atara Biotherapeutics,2022-08-08,55.0,,Layoff Permanent,ca_2022_23.pdf
CA,Atara Biotherapeutics,2022-08-08,8.0,,Layoff Permanent,ca_2022_23.pdf
CA,"Modern Times Drinks, Inc.",2022-08-09,33.0,,Closure Permanent,ca_2022_23.pdf
CA,"Modern Times Drinks, Inc.",2022-08-09,57.0,,Closure Permanent,ca_2022_23.pdf
CA,"Modern Times Drinks, Inc.",2022-08-09,16.0,,Closure Permanent,ca_2022_23.pdf
CA,"Modern Times Drinks, Inc.",2022-08-09,3.0,,Closure Permanent,ca_2022_23.pdf
CA,"Modern Times Drinks, Inc.",2022-08-09,15.0,,Closure Permanent,ca_2022_23.pdf
CA,Shift Technologies Inc.,2022-08-09,77.0,,Layoff Permanent,ca_2022_23.pdf
CA,Shift Technologies Inc.,2022-08-09,52.0,,Layoff Permanent,ca_2022_23.pdf
CA,Shift Technologies Inc.,2022-08-09,81.0,,Closure Permanent,ca_2022_23.pdf
CA,Shift Technologies Inc.,2022-08-09,53.0,,Closure Permanent,ca_2022_23.pdf
CA,Shift Technologies Inc.,2022-08-09,33.0,,Closure Permanent,ca_2022_23.pdf
CA,Fasnap Corporation,2022-08-11,5.0,,Closure Permanent,ca_2022_23.pdf
CA,Silgan Containers,2022-08-11,35.0,,Layoff Temporary,ca_2022_23.pdf
CA,Malwarebytes,2022-08-12,47.0,,Layoff Permanent,ca_2022_23.pdf
CA,Timber Products Company,2022-08-15,145.0,,Closure Permanent,ca_2022_23.pdf
CA,"Avanir Pharmaceuticals, Inc.",2022-08-15,16.0,,Layoff Permanent,ca_2022_23.pdf
CA,Autodesk,2022-08-15,578.0,,Closure Permanent,ca_2022_23.pdf
CA,Cepheid,2022-08-16,632.0,,Closure Permanent,ca_2022_23.pdf
CA,Cepheid,2022-08-16,36.0,,Closure Permanent,ca_2022_23.pdf
CA,Cepheid,2022-08-16,250.0,,Layoff Permanent,ca_2022_23.pdf
CA,Cepheid,2022-08-16,1.0,,Layoff Permanent,ca_2022_23.pdf
CA,Cepheid,2022-08-16,1.0,,Layoff Permanent,ca_2022_23.pdf
CA,Cepheid,2022-08-16,1.0,,Layoff Permanent,ca_2022_23.pdf
CA,Cepheid,2022-08-16,1.0,,Layoff Permanent,ca_2022_23.pdf
CA,Cepheid,2022-08-16,1.0,,Layoff Permanent,ca_2022_23.pdf
CA,Cepheid,2022-08-16,1.0,,Layoff Permanent,ca_2022_23.pdf
CA,Cepheid,2022-08-16,1.0,,Layoff Permanent,ca_2022_23.pdf
CA,Cepheid,2022-08-16,20.0,,Layoff Permanent,ca_2022_23.pdf
CA,Cepheid,2022-08-16,1.0,,Layoff Permanent,ca_2022_23.pdf
CA,Cepheid,2022-08-16,1.0,,Layoff Permanent,ca_2022_23.pdf
CA,Cepheid,2022-08-16,1.0,,Layoff Permanent,ca_2022_23.pdf
CA,"Clairemont Healthcare & Wellness Centre, LLC dba
Abby Gardens Healthcare Center",2022-08-18,104.0,,Closure Permanent,ca_2022_23.pdf
CA,"PACT Pharma, Inc.",2022-08-19,51.0,,Layoff Permanent,ca_2022_23.pdf
CA,Zymergen Inc.,2022-08-25,80.0,,Layoff Permanent,ca_2022_23.pdf
CA,Mechanics Bank,2022-08-25,56.0,,Closure Permanent,ca_2022_23.pdf
CA,"Cal-Multi, LLC",2022-08-26,100.0,,Layoff Permanent,ca_2022_23.pdf
CA,"NBCUniversal Media, LLC and NBCUniversal
Production Services, LLC",2022-08-26,37.0,,Layoff Permanent,ca_2022_23.pdf
CA,Dacor,2022-08-26,91.0,,Layoff Permanent,ca_2022_23.pdf
CA,"Santa Teresita, Inc.",2022-08-29,96.0,,Closure Permanent,ca_2022_23.pdf
CA,"Snap, Inc. wholly owned subsidiary of PSA Risk
Management Services Inc.",2022-08-31,401.0,,Layoff Permanent,ca_2022_23.pdf
CA,Infineon Technologies Americas Corp.,2022-08-31,375.0,,Closure Permanent,ca_2022_23.pdf
CA,"Snap Inc., subsidiary of PSA Risk Management
Services",2022-08-31,44.0,,Layoff Permanent,ca_2022_23.pdf
CA,"Snap, Inc. wholly owned subsidiary of PSA Risk
Management Services Inc.",2022-08-31,40.0,,Layoff Permanent,ca_2022_23.pdf
CA,"GoodRx, Inc.",2022-08-31,69.0,,Layoff Permanent,ca_2022_23.pdf
CA,Elwyn California,2022-09-01,51.0,,Layoff Permanent,ca_2022_23.pdf
CA,Bakersfield Physical Therapy Clinic,2022-09-01,9.0,,Closure Permanent,ca_2022_23.pdf
CA,USRA at AFRC,2022-09-01,17.0,,Layoff Permanent,ca_2022_23.pdf
CA,USRA at AFRC,2022-09-01,5.0,,Layoff Permanent,ca_2022_23.pdf
CA,"ABM Industry Groups, LLC",2022-09-01,66.0,,Layoff Permanent,ca_2022_23.pdf
CA,"Curative, Inc.",2022-09-02,109.0,,Closure Permanent,ca_2022_23.pdf
CA,"Reali, Inc.",2022-09-03,132.0,,Closure Permanent,ca_2022_23.pdf
CA,Syncreon,2022-09-06,33.0,,Closure Permanent,ca_2022_23.pdf
CA,Fresh Ideas Flower Company,2022-09-06,13.0,,Layoff Permanent,ca_2022_23.pdf
CA,Bakersfield Heart Hospital,2022-09-06,115.0,,Layoff Permanent,ca_2022_23.pdf
CA,Sierra Monitor Corporation,2022-09-07,26.0,,Closure Permanent,ca_2022_23.pdf
CA,Bristol-Myers Squibb,2022-09-07,92.0,,Closure Permanent,ca_2022_23.pdf
CA,Bristol-Myers Squibb,2022-09-07,169.0,,Closure Permanent,ca_2022_23.pdf
CA,Hobie Cat Co.,2022-09-07,137.0,,Layoff Permanent,ca_2022_23.pdf
CA,Arris Composites,2022-09-07,1.0,,Layoff Permanent,ca_2022_23.pdf
CA,Arris Composites,2022-09-07,1.0,,Layoff Permanent,ca_2022_23.pdf
CA,Arris Composites,2022-09-07,1.0,,Layoff Permanent,ca_2022_23.pdf
CA,Arris Composites,2022-09-07,62.0,,Layoff Permanent,ca_2022_23.pdf
CA,"Triple B Corporation at Jardines Farming and
Harvesting Operations",2022-09-08,48.0,,Closure Permanent,ca_2022_23.pdf
CA,Temple-Culberson Enterprises LLC,2022-09-08,50.0,,Closure Permanent,ca_2022_23.pdf
CA,"Transamerican Auto Parts (TAP) Manufacturing LLC
and TAP Worldwide LLC",2022-09-08,73.0,,Closure Permanent,ca_2022_23.pdf
CA,"Direct Delivery Service, Inc.",2022-09-08,49.0,,Closure Permanent,ca_2022_23.pdf
CA,"Direct Delivery Service, Inc.",2022-09-08,49.0,,Closure Permanent,ca_2022_23.pdf
CA,"Direct Delivery Service, Inc.",2022-09-08,41.0,,Closure Permanent,ca_2022_23.pdf
CA,USRA at ARC,2022-09-09,1.0,,Layoff Permanent,ca_2022_23.pdf
CA,USRA at ARC,2022-09-09,2.0,,Layoff Permanent,ca_2022_23.pdf
CA,USRA at ARC,2022-09-09,2.0,,Layoff Permanent,ca_2022_23.pdf
CA,USRA at ARC,2022-09-09,5.0,,Layoff Permanent,ca_2022_23.pdf
CA,USRA at ARC,2022-09-09,2.0,,Layoff Permanent,ca_2022_23.pdf
CA,USRA at ARC,2022-09-09,1.0,,Layoff Permanent,ca_2022_23.pdf
CA,USRA at ARC,2022-09-09,4.0,,Layoff Permanent,ca_2022_23.pdf
CA,USRA at ARC,2022-09-09,4.0,,Layoff Permanent,ca_2022_23.pdf
CA,USRA at ARC,2022-09-09,3.0,,Layoff Permanent,ca_2022_23.pdf
CA,USRA at ARC,2022-09-09,8.0,,Layoff Permanent,ca_2022_23.pdf
CA,USRA at ARC,2022-09-09,1.0,,Layoff Permanent,ca_2022_23.pdf
CA,USRA at ARC,2022-09-09,2.0,,Layoff Permanent,ca_2022_23.pdf
CA,USRA at ARC,2022-09-09,1.0,,Layoff Permanent,ca_2022_23.pdf
CA,USRA at ARC,2022-09-09,3.0,,Layoff Permanent,ca_2022_23.pdf
CA,USRA at ARC,2022-09-09,1.0,,Layoff Permanent,ca_2022_23.pdf
CA,USRA at ARC,2022-09-09,1.0,,Layoff Permanent,ca_2022_23.pdf
CA,AbbVie Inc.,2022-09-13,99.0,,Layoff Permanent,ca_2022_23.pdf
CA,Mouser Electronics,2022-09-13,10.0,,Closure Permanent,ca_2022_23.pdf
CA,"Marriott Resorts Hospitality Corporation and Marriott
Ownership Resorts, Inc.",2022-09-13,69.0,,Layoff Temporary,ca_2022_23.pdf
CA,"Brentwood Originals, Inc.",2022-09-14,113.0,,Closure Permanent,ca_2022_23.pdf
CA,Musco Family Olive Co.,2022-09-14,13.0,,Layoff Temporary,ca_2022_23.pdf
CA,"Genapsys, Inc.",2022-09-14,1.0,,Closure Permanent,ca_2022_23.pdf
CA,Twilio,2022-09-14,108.0,,Layoff Permanent,ca_2022_23.pdf
CA,"NBCUniversal Media, LLC and NBC West, LLC",2022-09-14,10.0,,Layoff Permanent,ca_2022_23.pdf
CA,"G&C Staffing, LLC",2022-09-16,66.0,,Layoff Permanent,ca_2022_23.pdf
CA,Amentum,2022-09-16,70.0,,Layoff Permanent,ca_2022_23.pdf
CA,"Granular, Inc. wholly owned subsidiary of Corteva, Inc.",2022-09-19,57.0,,Closure Permanent,ca_2022_23.pdf
CA,Onsemi,2022-09-19,88.0,,Closure Permanent,ca_2022_23.pdf
CA,"Tremor International, LTD",2022-09-19,49.0,,Layoff Permanent,ca_2022_23.pdf
CA,Nordstrom,2022-09-20,79.0,,Closure Permanent,ca_2022_23.pdf
CA,"Gap, Inc.",2022-09-20,104.0,,Layoff Permanent,ca_2022_23.pdf
CA,"Gap, Inc.",2022-09-20,7.0,,Layoff Permanent,ca_2022_23.pdf
CA,"Dreyer's Grand Ice Cream, Inc.",2022-09-20,308.0,,Layoff Temporary,ca_2022_23.pdf
CA,Kitty Hawk Corporation Location 1,2022-09-21,18.0,,Closure Permanent,ca_2022_23.pdf
CA,Kitty Hawk Corporation Location 2,2022-09-21,69.0,,Closure Permanent,ca_2022_23.pdf
CA,Kitty Hawk Corporation Location 3,2022-09-21,11.0,,Closure Permanent,ca_2022_23.pdf
CA,Kitty Hawk Corporation Location 4,2022-09-21,2.0,,Closure Permanent,ca_2022_23.pdf
CA,"Dreyer's Grand Ice Cream, Inc.",2022-09-21,905.0,,Layoff Temporary,ca_2022_23.pdf
CA,Schneider Electric,2022-09-22,15.0,,Closure Permanent,ca_2022_23.pdf
CA,"Smithfield Distribution, LLC",2022-09-22,,,Closure Permanent,ca_2022_23.pdf
CA,"Smithfield Distribution, LLC",2022-09-22,121.0,,Closure Permanent,ca_2022_23.pdf
CA,Summit Funding Inc.,2022-09-23,72.0,,Layoff Permanent,ca_2022_23.pdf
CA,"WeDriveU, Inc.",2022-09-26,51.0,,Layoff Permanent,ca_2022_23.pdf
CA,"Nutrition Corp, Inc. dba Fresh &lsquo;N Lean",2022-09-26,353.0,,Layoff Permanent,ca_2022_23.pdf
CA,"WeDriveU, Inc.",2022-09-26,46.0,,Layoff Permanent,ca_2022_23.pdf
CA,Hallcon Corporation,2022-09-26,63.0,,Layoff Permanent,ca_2022_23.pdf
CA,"Lucas Oil Products, Inc. with subsidiaries of Mav'rick
Entertainment Network, Inc.",2022-09-28,93.0,,Closure Permanent,ca_2022_23.pdf
CA,Albertson's Santa Fe Springs Pharmacy,2022-09-29,21.0,,Closure Permanent,ca_2022_23.pdf
CA,Skinny Labs Inc. dba SPIN,2022-09-29,49.0,,Layoff Permanent,ca_2022_23.pdf
CA,Airgas,2022-09-30,28.0,,Closure Permanent,ca_2022_23.pdf
CA,"Alforex Seeds, LLC wholly owned subsidiary of Corteva,
Inc.",2022-09-30,7.0,,Layoff Permanent,ca_2022_23.pdf
CA,"CareFusion Resources, LLC, a subsidiary of Becton,
Dickinson and Company",2022-09-30,26.0,,Layoff Permanent,ca_2022_23.pdf
CA,"CareFusion Resources, LLC, a subsidiary of Becton,
Dickinson and Company",2022-09-30,58.0,,Layoff Permanent,ca_2022_23.pdf
CA,"Demetrix, Inc.",2022-09-30,4.0,,Layoff Permanent,ca_2022_23.pdf
CA,"Buca Restaurants 2, Inc. dba Buca di Beppo Italian
Restaurant",2022-10-03,44.0,,Closure Permanent,ca_2022_23.pdf
CA,"TAP Manufacturing LLC and TAP Worldwide LLC dba 4
Wheel Parts",2022-10-05,293.0,,Layoff Permanent,ca_2022_23.pdf
CA,BioMarin Pharmaceutical Inc.,2022-10-06,62.0,,Layoff Permanent,ca_2022_23.pdf
CA,BioMarin Pharmaceutical Inc.,2022-10-06,32.0,,Layoff Permanent,ca_2022_23.pdf
CA,King's Fish House,2022-10-06,94.0,,Closure Temporary,ca_2022_23.pdf
CA,The Honest Kitchen,2022-10-07,6.0,,Closure Permanent,ca_2022_23.pdf
CA,"Grocery Delivery E-Services USA, Inc. dba HelloFresh",2022-10-10,611.0,,Closure Permanent,ca_2022_23.pdf
CA,"Acuity Brands Lighting, Inc. dba Sunoptics",2022-10-10,98.0,,Closure Permanent,ca_2022_23.pdf
CA,Clear Capital,2022-10-11,108.0,,Layoff Permanent,ca_2022_23.pdf
CA,"Keeco, LLC",2022-10-11,168.0,,Closure Permanent,ca_2022_23.pdf
CA,"Colonial Savings, F.A.",2022-10-14,27.0,,Closure Permanent,ca_2022_23.pdf
CA,"Colonial Savings, F.A.",2022-10-14,27.0,,Closure Permanent,ca_2022_23.pdf
CA,Egomotion Corp. dba Zeus Living,2022-10-17,31.0,,Layoff Permanent,ca_2022_23.pdf
CA,CS DPS Holdings G4 Facility,2022-10-17,103.0,,Closure Permanent,ca_2022_23.pdf
CA,"Astreya Partners, LLC at Meta Platforms Inc. facility",2022-10-18,144.0,,Layoff Permanent,ca_2022_23.pdf
CA,Zymergen Inc.,2022-10-18,110.0,,Layoff Permanent,ca_2022_23.pdf
CA,"Starry, Inc.",2022-10-20,56.0,,Layoff Permanent,ca_2022_23.pdf
CA,Jabil Inc.,2022-10-20,73.0,,Closure Temporary,ca_2022_23.pdf
CA,Jabil Inc.,2022-10-20,484.0,,Closure Temporary,ca_2022_23.pdf
CA,Ademco Inc.,2022-10-20,127.0,,Layoff Temporary,ca_2022_23.pdf
CA,Jabil Inc.,2022-10-21,83.0,,Closure Temporary,ca_2022_23.pdf
CA,UTC Restaurant Ventures LLC dba Great Maple,2022-10-23,61.0,,Closure Permanent,ca_2022_23.pdf
CA,"Jabil, Inc.",2022-10-24,549.0,,Closure Temporary,ca_2022_23.pdf
CA,"Jabil, Inc.",2022-10-24,123.0,,Closure Temporary,ca_2022_23.pdf
CA,Zekelman Industries dba Western Tube,2022-10-24,170.0,,Closure Permanent,ca_2022_23.pdf
CA,"Avanir Pharmaceuticals, Inc.",2022-10-24,109.0,,Layoff Permanent,ca_2022_23.pdf
CA,Jabil Inc.,2022-10-24,51.0,,Closure Temporary,ca_2022_23.pdf
CA,FormFactor,2022-10-25,52.0,,Layoff Permanent,ca_2022_23.pdf
CA,Pennymac,2022-10-25,20.0,,Layoff Permanent,ca_2022_23.pdf
CA,Pennymac,2022-10-25,1.0,,Layoff Permanent,ca_2022_23.pdf
CA,"Roth Staffing Companies, L.P. dba Ultimate Staffing
Services at FormFactor, Inc.",2022-10-25,164.0,,Layoff Permanent,ca_2022_23.pdf
CA,Pennymac,2022-10-25,12.0,,Layoff Permanent,ca_2022_23.pdf
CA,Pennymac,2022-10-25,27.0,,Layoff Permanent,ca_2022_23.pdf
CA,Pennymac,2022-10-25,10.0,,Layoff Permanent,ca_2022_23.pdf
CA,Terre du Soleil dba Auberge du Soleil,2022-10-25,206.0,,Closure Temporary,ca_2022_23.pdf
CA,Pennymac,2022-10-25,10.0,,Layoff Permanent,ca_2022_23.pdf
CA,"Mindbody, Inc.",2022-10-26,94.0,,Layoff Permanent,ca_2022_23.pdf
CA,Wes Lasher Inc. dba Elk Grove Acura,2022-10-26,59.0,,Closure Permanent,ca_2022_23.pdf
CA,Elk Grove Auto Group Inc. dba Elk Grove Subaru,2022-10-26,61.0,,Closure Permanent,ca_2022_23.pdf
CA,Elk Grove Auto Group Inc. dba Elk Grove Dodge,2022-10-26,229.0,,Closure Permanent,ca_2022_23.pdf
CA,Elk Grove Auto Group Inc. dba Elk Grove Volkswagen,2022-10-26,32.0,,Closure Permanent,ca_2022_23.pdf
CA,Elk Grove Auto Group Inc. dba Elk Grove Audi,2022-10-26,33.0,,Closure Permanent,ca_2022_23.pdf
CA,Finance of America,2022-10-26,48.0,,Closure Permanent,ca_2022_23.pdf
CA,Scotts Temecula Operations LLC,2022-10-27,15.0,,Layoff Permanent,ca_2022_23.pdf
CA,"Great America Trans, Inc.",2022-10-27,9.0,,Closure Permanent,ca_2022_23.pdf
CA,Selman Breitman LLP,2022-10-28,81.0,,Closure Permanent,ca_2022_23.pdf
CA,"Lucira Health, Inc.",2022-10-28,41.0,,Layoff Permanent,ca_2022_23.pdf
CA,"Lucira Health, Inc.",2022-10-28,4.0,,Layoff Permanent,ca_2022_23.pdf
CA,American Advisors Group,2022-10-28,204.0,,Layoff Permanent,ca_2022_23.pdf
CA,"Lucira Health, Inc.",2022-10-28,5.0,,Layoff Permanent,ca_2022_23.pdf
CA,"Lucira Health, Inc.",2022-10-28,5.0,,Layoff Permanent,ca_2022_23.pdf
CA,First Financial Credit Union,2022-10-28,3.0,,Closure Permanent,ca_2022_23.pdf
CA,First Financial Credit Union,2022-10-28,2.0,,Closure Permanent,ca_2022_23.pdf
CA,First Financial Credit Union,2022-10-28,2.0,,Closure Permanent,ca_2022_23.pdf
CA,"Viridos, Inc.",2022-10-28,36.0,,Layoff Permanent,ca_2022_23.pdf
CA,Viridos Inc.,2022-10-28,101.0,,Layoff Permanent,ca_2022_23.pdf
CA,"GoFundMe, Inc.",2022-10-28,27.0,,Layoff Permanent,ca_2022_23.pdf
CA,"GoFundMe, Inc.",2022-10-28,11.0,,Layoff Permanent,ca_2022_23.pdf
CA,"GoFundMe, Inc",2022-10-28,23.0,,Layoff Permanent,ca_2022_23.pdf
CA,"GoFundMe, Inc.",2022-10-28,11.0,,Layoff Permanent,ca_2022_23.pdf
CA,"Legoland California, LLC dba Legoland California Resort",2022-10-31,558.0,,Layoff Permanent,ca_2022_23.pdf
CA,Chinese Community Health Care Association,2022-10-31,68.0,,Layoff Permanent,ca_2022_23.pdf
CA,"DZConneX, a subsidiary of Yoh for Curative at Berkeley
Adult School",2022-10-31,5.0,,Layoff Permanent,ca_2022_23.pdf
CA,DZConneX at Dodger Stadium Drive Thru,2022-10-31,4.0,,Layoff Permanent,ca_2022_23.pdf
CA,DZConneX at Eagle Rock Library,2022-10-31,2.0,,Layoff Permanent,ca_2022_23.pdf
CA,DZConneX at Eagle Rock Recreation Center,2022-10-31,1.0,,Layoff Permanent,ca_2022_23.pdf
CA,DZConneX at Hansen Dam Drive-Thru,2022-10-31,2.0,,Layoff Permanent,ca_2022_23.pdf
CA,DZConneX at Highland Park Adult Senior Citizen Center,2022-10-31,1.0,,Layoff Permanent,ca_2022_23.pdf
CA,DZConneX at Kedren Community Health Center,2022-10-31,3.0,,Layoff Permanent,ca_2022_23.pdf
CA,DZConneX at Pico Union Project,2022-10-31,1.0,,Layoff Permanent,ca_2022_23.pdf
CA,DZConneX at York Boulevard Park,2022-10-31,3.0,,Layoff Permanent,ca_2022_23.pdf
CA,DZConneX at University of the West,2022-10-31,1.0,,Layoff Permanent,ca_2022_23.pdf
CA,DZConneX at CA-Commissary 290,2022-10-31,1.0,,Layoff Permanent,ca_2022_23.pdf
CA,DZConneX at Cudahy Plaza Kiosk,2022-10-31,1.0,,Layoff Permanent,ca_2022_23.pdf
CA,"DZConneX at El Monte Testing Van-El Monte Aquatics
Center",2022-10-31,1.0,,Layoff Permanent,ca_2022_23.pdf
CA,DZConneX at Huntington Park Kiosk-Salt Lake Park,2022-10-31,1.0,,Layoff Permanent,ca_2022_23.pdf
CA,DZConneX at Montebello Plaza Kiosk,2022-10-31,2.0,,Layoff Permanent,ca_2022_23.pdf
CA,DZConneX at Pacoima Center Kiosk(Food 4 Less Sign),2022-10-31,1.0,,Layoff Permanent,ca_2022_23.pdf
CA,DZConneX at Puente Hills Town Center,2022-10-31,3.0,,Layoff Permanent,ca_2022_23.pdf
CA,DZConneX at City of Palo Alto Kiosk,2022-10-31,1.0,,Layoff Permanent,ca_2022_23.pdf
CA,DZConneX at Daly City-Serramonte Blvd.,2022-10-31,5.0,,Layoff Permanent,ca_2022_23.pdf
CA,DZConneX at Hillview Middle School,2022-10-31,1.0,,Layoff Permanent,ca_2022_23.pdf
CA,DZConneX at Bordwell Park Trailer,2022-10-31,3.0,,Layoff Permanent,ca_2022_23.pdf
CA,"DZConneX at City of Riverside Van: Arlington Heights
Sports Park",2022-10-31,1.0,,Layoff Permanent,ca_2022_23.pdf
CA,DZConneX at La Sierra Park Trailer,2022-10-31,4.0,,Layoff Permanent,ca_2022_23.pdf
CA,DZConneX at Norco College Kiosk,2022-10-31,1.0,,Layoff Permanent,ca_2022_23.pdf
CA,DZConneX at The Outlets at Lake Elsinore Testing,2022-10-31,1.0,,Layoff Permanent,ca_2022_23.pdf
CA,DZConneX at Liberty Towers Church,2022-10-31,1.0,,Layoff Permanent,ca_2022_23.pdf
CA,DZConneX at St. Vincent de Paul Thrift Store,2022-10-31,1.0,,Layoff Permanent,ca_2022_23.pdf
CA,"DZConneX, a subsidiary of Yoh for Curative at
Parkmerced Kiosk",2022-10-31,2.0,,Layoff Permanent,ca_2022_23.pdf
CA,"DZConneX, a subsidiary of Yoh for Curative at Vallejo
Corners Kiosk",2022-10-31,1.0,,Layoff Permanent,ca_2022_23.pdf
CA,DZConneX at Coddington Mall Kiosk,2022-10-31,1.0,,Layoff Permanent,ca_2022_23.pdf
CA,DZConneX at Rohnert Park Communicaty Center Kiosk,2022-10-31,1.0,,Layoff Permanent,ca_2022_23.pdf
CA,DZConneX at Oxnard School District Office,2022-10-31,1.0,,Layoff Permanent,ca_2022_23.pdf
CA,DZConneX at Santa Paula Center Kiosk,2022-10-31,1.0,,Layoff Permanent,ca_2022_23.pdf
CA,DZConneX at Burbank Ralph Foy Park,2022-10-31,4.0,,Layoff Permanent,ca_2022_23.pdf
CA,DZConneX at Burbank YMCA,2022-10-31,2.0,,Layoff Permanent,ca_2022_23.pdf
CA,DZConneX at Larkspur Ferry Terminal - Trailer,2022-10-31,3.0,,Layoff Permanent,ca_2022_23.pdf
CA,DZConneX at Novato Gymnastics Center Parking Lot,2022-10-31,1.0,,Layoff Permanent,ca_2022_23.pdf
CA,Curative Inc.,2022-10-31,47.0,,Closure Permanent,ca_2022_23.pdf
CA,Pak &lsquo;N Save Foods,2022-11-01,80.0,,Closure Permanent,ca_2022_23.pdf
CA,"StubHub, Inc.",2022-11-01,9.0,,Closure Permanent,ca_2022_23.pdf
CA,Providence ExpressCare California,2022-11-01,7.0,,Closure Permanent,ca_2022_23.pdf
CA,Providence ExpressCare California,2022-11-01,2.0,,Closure Permanent,ca_2022_23.pdf
CA,Providence ExpressCare California,2022-11-01,1.0,,Closure Permanent,ca_2022_23.pdf
CA,Providence ExpressCare California,2022-11-01,1.0,,Closure Permanent,ca_2022_23.pdf
CA,Providence ExpressCare California,2022-11-01,4.0,,Closure Permanent,ca_2022_23.pdf
CA,Providence ExpressCare California,2022-11-01,6.0,,Closure Permanent,ca_2022_23.pdf
CA,Providence ExpressCare California,2022-11-01,2.0,,Closure Permanent,ca_2022_23.pdf
CA,Providence ExpressCare California,2022-11-01,2.0,,Closure Permanent,ca_2022_23.pdf
CA,Providence ExpressCare California,2022-11-01,13.0,,Closure Permanent,ca_2022_23.pdf
CA,Providence ExpressCare California,2022-11-01,2.0,,Closure Permanent,ca_2022_23.pdf
CA,Providence ExpressCare California,2022-11-01,3.0,,Closure Permanent,ca_2022_23.pdf
CA,Providence ExpressCare California,2022-11-01,4.0,,Closure Permanent,ca_2022_23.pdf
CA,Providence ExpressCare California,2022-11-01,2.0,,Closure Permanent,ca_2022_23.pdf
CA,Providence ExpressCare California,2022-11-01,3.0,,Closure Permanent,ca_2022_23.pdf
CA,Providence ExpressCare California,2022-11-01,2.0,,Closure Permanent,ca_2022_23.pdf
CA,Providence ExpressCare California,2022-11-01,2.0,,Closure Permanent,ca_2022_23.pdf
CA,Providence ExpressCare California,2022-11-01,2.0,,Closure Permanent,ca_2022_23.pdf
CA,Providence ExpressCare California,2022-11-01,6.0,,Closure Permanent,ca_2022_23.pdf
CA,Providence ExpressCare California,2022-11-01,3.0,,Closure Permanent,ca_2022_23.pdf
CA,Providence ExpressCare California,2022-11-01,12.0,,Closure Permanent,ca_2022_23.pdf
CA,Providence ExpressCare California,2022-11-01,12.0,,Closure Permanent,ca_2022_23.pdf
CA,Providence ExpressCare California,2022-11-01,4.0,,Closure Permanent,ca_2022_23.pdf
CA,Providence ExpressCare California,2022-11-01,10.0,,Closure Permanent,ca_2022_23.pdf
CA,Providence ExpressCare California,2022-11-01,4.0,,Closure Permanent,ca_2022_23.pdf
CA,Providence ExpressCare California,2022-11-01,4.0,,Closure Permanent,ca_2022_23.pdf
CA,Providence ExpressCare California,2022-11-01,1.0,,Closure Permanent,ca_2022_23.pdf
CA,Providence ExpressCare California,2022-11-01,5.0,,Closure Permanent,ca_2022_23.pdf
CA,"American Airlines, Inc.",2022-11-02,417.0,,Closure Permanent,ca_2022_23.pdf
CA,PayPal,2022-11-02,59.0,,Layoff Permanent,ca_2022_23.pdf
CA,Marshalls Store 113,2022-11-02,64.0,,Closure Permanent,ca_2022_23.pdf
CA,"TGH Employees LLC dba TAO Group, Herringbone La
Jolla",2022-11-02,57.0,,Closure Permanent,ca_2022_23.pdf
CA,Chime Financial Inc.,2022-11-02,152.0,,Layoff Permanent,ca_2022_23.pdf
CA,IMI Norgren LLC,2022-11-03,29.0,,Closure Permanent,ca_2022_23.pdf
CA,Schneider Electric,2022-11-03,2.0,,Closure Permanent,ca_2022_23.pdf
CA,"Lyft, Inc.",2022-11-03,227.0,,Layoff Permanent,ca_2022_23.pdf
CA,"Twitter, Inc.",2022-11-04,93.0,,Layoff Permanent,ca_2022_23.pdf
CA,"Twitter, Inc.",2022-11-04,784.0,,Layoff Permanent,ca_2022_23.pdf
CA,"Twitter, Inc.",2022-11-04,106.0,,Layoff Permanent,ca_2022_23.pdf
CA,"Better Holdco, Inc.",2022-11-04,13.0,,Closure Permanent,ca_2022_23.pdf
CA,"Better Holdco, Inc.",2022-11-04,33.0,,Layoff Permanent,ca_2022_23.pdf
CA,Amazon,2022-11-04,53.0,,Layoff Permanent,ca_2022_23.pdf
CA,"Nationstar Mortgage, LLC d/b/a Mr. Cooper",2022-11-04,175.0,,Layoff Permanent,ca_2022_23.pdf
CA,Curative Inc.,2022-11-04,57.0,,Layoff Permanent,ca_2022_23.pdf
CA,"Athas Capital Group, Inc.",2022-11-04,23.0,,Layoff Permanent,ca_2022_23.pdf
CA,"Athas Capital Group, Inc.",2022-11-04,159.0,,Layoff Permanent,ca_2022_23.pdf
CA,"Natera, Inc.",2022-11-04,58.0,,Layoff Permanent,ca_2022_23.pdf
CA,"Athas Capital Group, Inc.",2022-11-04,29.0,,Layoff Permanent,ca_2022_23.pdf
CA,Jabil Inc.,2022-11-04,93.0,,Layoff Temporary,ca_2022_23.pdf
CA,Seagate US LLC,2022-11-07,4.0,,Layoff Permanent,ca_2022_23.pdf
CA,Seagate US LLC,2022-11-07,80.0,,Layoff Permanent,ca_2022_23.pdf
CA,Zendesk,2022-11-07,84.0,,Layoff Permanent,ca_2022_23.pdf
CA,Western Digital,2022-11-09,86.0,,Layoff Permanent,ca_2022_23.pdf
CA,Western Digital,2022-11-09,62.0,,Layoff Permanent,ca_2022_23.pdf
CA,Western Digital,2022-11-09,103.0,,Layoff Permanent,ca_2022_23.pdf
CA,Wilhelm L.L.C.,2022-11-09,274.0,,Layoff Permanent,ca_2022_23.pdf
CA,"RingCentral, Inc.",2022-11-09,50.0,,Layoff Permanent,ca_2022_23.pdf
CA,"Astra Space, Inc.",2022-11-09,63.0,,Layoff Permanent,ca_2022_23.pdf
CA,"Astra Space, Inc.",2022-11-09,1.0,,Layoff Permanent,ca_2022_23.pdf
CA,Flex LTD.,2022-11-10,155.0,,Layoff Permanent,ca_2022_23.pdf
CA,ICAN-B,2022-11-10,3.0,,Closure Permanent,ca_2022_23.pdf
CA,"Meta Platforms, Inc.",2022-11-11,162.0,,Layoff Permanent,ca_2022_23.pdf
CA,"Meta Platforms, Inc.",2022-11-11,362.0,,Layoff Permanent,ca_2022_23.pdf
CA,Aerotek at Flex LTD,2022-11-11,48.0,,Layoff Permanent,ca_2022_23.pdf
CA,"Coursera, Inc.",2022-11-11,77.0,,Layoff Permanent,ca_2022_23.pdf
CA,"Meta Platforms, Inc.",2022-11-11,25.0,,Layoff Permanent,ca_2022_23.pdf
CA,"Meta Platforms, Inc.",2022-11-11,7.0,,Layoff Permanent,ca_2022_23.pdf
CA,"Meta Platforms, Inc.",2022-11-11,64.0,,Layoff Permanent,ca_2022_23.pdf
CA,"Meta Platforms, Inc.",2022-11-11,18.0,,Layoff Permanent,ca_2022_23.pdf
CA,"Meta Platforms, Inc.",2022-11-11,13.0,,Layoff Permanent,ca_2022_23.pdf
CA,"Meta Platforms, Inc.",2022-11-11,14.0,,Layoff Permanent,ca_2022_23.pdf
CA,"Meta Platforms, Inc.",2022-11-11,3.0,,Layoff Permanent,ca_2022_23.pdf
CA,"Meta Platforms, Inc.",2022-11-11,67.0,,Layoff Permanent,ca_2022_23.pdf
CA,"Meta Platforms, Inc.",2022-11-11,32.0,,Layoff Permanent,ca_2022_23.pdf
CA,"Meta Platforms, Inc.",2022-11-11,34.0,,Layoff Permanent,ca_2022_23.pdf
CA,"Meta Platforms, Inc.",2022-11-11,46.0,,Layoff Permanent,ca_2022_23.pdf
CA,"Meta Platforms, Inc.",2022-11-11,85.0,,Layoff Permanent,ca_2022_23.pdf
CA,"Meta Platforms, Inc.",2022-11-11,32.0,,Layoff Permanent,ca_2022_23.pdf
CA,"Meta Platforms, Inc.",2022-11-11,139.0,,Layoff Permanent,ca_2022_23.pdf
CA,"Meta Platforms, Inc.",2022-11-11,241.0,,Layoff Permanent,ca_2022_23.pdf
CA,"Meta Platforms, Inc.",2022-11-11,140.0,,Layoff Permanent,ca_2022_23.pdf
CA,"Meta Platforms, Inc.",2022-11-11,142.0,,Layoff Permanent,ca_2022_23.pdf
CA,"Meta Platforms, Inc.",2022-11-11,60.0,,Layoff Permanent,ca_2022_23.pdf
CA,"Meta Platforms, Inc.",2022-11-11,632.0,,Layoff Permanent,ca_2022_23.pdf
CA,"Meta Platforms, Inc.",2022-11-11,77.0,,Layoff Permanent,ca_2022_23.pdf
CA,"Meta Platforms, Inc.",2022-11-11,94.0,,Layoff Permanent,ca_2022_23.pdf
CA,"Meta Platforms, Inc.",2022-11-11,98.0,,Layoff Permanent,ca_2022_23.pdf
CA,"Meta Platforms, Inc.",2022-11-11,139.0,,Layoff Permanent,ca_2022_23.pdf
CA,Sodexo Inc. at PHH Hemet Valley Medical Center,2022-11-14,83.0,,Closure Permanent,ca_2022_23.pdf
CA,Sodexo Inc. at PHH Hemet Valley Recovery Center,2022-11-14,14.0,,Closure Permanent,ca_2022_23.pdf
CA,Sodexo Inc. at PHH Menifee Valley Medical Center,2022-11-14,32.0,,Closure Permanent,ca_2022_23.pdf
CA,"Intercom, Inc.",2022-11-14,55.0,,Layoff Permanent,ca_2022_23.pdf
CA,Blue Shield of California,2022-11-14,7.0,,Layoff Permanent,ca_2022_23.pdf
CA,"Illumina, Inc.",2022-11-14,4.0,,Layoff Permanent,ca_2022_23.pdf
CA,Blue Shield of California,2022-11-14,41.0,,Layoff Permanent,ca_2022_23.pdf
CA,Blue Shield of California,2022-11-14,47.0,,Layoff Permanent,ca_2022_23.pdf
CA,Blue Shield of California,2022-11-14,30.0,,Layoff Permanent,ca_2022_23.pdf
CA,Blue Shield of California,2022-11-14,8.0,,Layoff Permanent,ca_2022_23.pdf
CA,Blue Shield of California,2022-11-14,24.0,,Layoff Permanent,ca_2022_23.pdf
CA,Blue Shield of California,2022-11-14,27.0,,Layoff Permanent,ca_2022_23.pdf
CA,Blue Shield of California,2022-11-14,2.0,,Layoff Permanent,ca_2022_23.pdf
CA,Blue Shield of California,2022-11-14,16.0,,Layoff Permanent,ca_2022_23.pdf
CA,"Illumina, Inc.",2022-11-14,20.0,,Layoff Permanent,ca_2022_23.pdf
CA,Blue Shield of California,2022-11-14,62.0,,Layoff Permanent,ca_2022_23.pdf
CA,Blue Shield of California,2022-11-14,24.0,,Layoff Permanent,ca_2022_23.pdf
CA,Blue Shield of California,2022-11-14,5.0,,Layoff Permanent,ca_2022_23.pdf
CA,Blue Shield of California,2022-11-14,2.0,,Layoff Permanent,ca_2022_23.pdf
CA,"Illumina, Inc.",2022-11-14,206.0,,Layoff Permanent,ca_2022_23.pdf
CA,"Illumina, Inc.",2022-11-14,1.0,,Layoff Permanent,ca_2022_23.pdf
CA,Blue Shield of California,2022-11-14,1.0,,Layoff Permanent,ca_2022_23.pdf
CA,Blue Shield of California,2022-11-14,74.0,,Layoff Permanent,ca_2022_23.pdf
CA,Blue Shield of California,2022-11-14,3.0,,Layoff Permanent,ca_2022_23.pdf
CA,Synthego Corporation,2022-11-15,105.0,,Layoff Permanent,ca_2022_23.pdf
CA,"Asana, Inc.",2022-11-15,97.0,,Layoff Permanent,ca_2022_23.pdf
CA,Thermo Fisher Scientific,2022-11-15,46.0,,Layoff Permanent,ca_2022_23.pdf
CA,Thermo Fisher Scientific,2022-11-15,49.0,,Layoff Permanent,ca_2022_23.pdf
CA,Silicon Valley TMS of East Bay,2022-11-15,6.0,,Closure Permanent,ca_2022_23.pdf
CA,Silicon Valley TMS of Mountain View,2022-11-15,7.0,,Closure Permanent,ca_2022_23.pdf
CA,Silicon Valley TMS of San Francisco,2022-11-15,1.0,,Closure Permanent,ca_2022_23.pdf
CA,Silicon Valley TMS of San Jose,2022-11-15,14.0,,Closure Permanent,ca_2022_23.pdf
CA,Silicon Valley TMS of Monterey Bay,2022-11-15,9.0,,Closure Permanent,ca_2022_23.pdf
CA,Silicon Valley TMS of Corte Madera,2022-11-15,3.0,,Closure Permanent,ca_2022_23.pdf
CA,Amazon,2022-11-15,31.0,,Layoff Permanent,ca_2022_23.pdf
CA,Amazon,2022-11-15,73.0,,Layoff Permanent,ca_2022_23.pdf
CA,Amazon,2022-11-15,14.0,,Layoff Permanent,ca_2022_23.pdf
CA,Amazon,2022-11-15,55.0,,Layoff Permanent,ca_2022_23.pdf
CA,Amazon,2022-11-15,44.0,,Layoff Permanent,ca_2022_23.pdf
CA,Amazon,2022-11-15,46.0,,Layoff Permanent,ca_2022_23.pdf
CA,Thermo Fisher,2022-11-15,9.0,,Layoff Permanent,ca_2022_23.pdf
CA,Thermo Fisher,2022-11-15,1.0,,Layoff Permanent,ca_2022_23.pdf
CA,Pennymac,2022-11-15,8.0,,Layoff Permanent,ca_2022_23.pdf
CA,Pennymac,2022-11-15,3.0,,Layoff Permanent,ca_2022_23.pdf
CA,Pennymac,2022-11-15,19.0,,Layoff Permanent,ca_2022_23.pdf
CA,Pennymac,2022-11-15,1.0,,Layoff Permanent,ca_2022_23.pdf
CA,Pennymac,2022-11-15,1.0,,Layoff Permanent,ca_2022_23.pdf
CA,Pennymac,2022-11-15,2.0,,Layoff Permanent,ca_2022_23.pdf
CA,"Aerotek, Inc.",2022-11-15,141.0,,Layoff Permanent,ca_2022_23.pdf
CA,"Apeel Technology, Inc.",2022-11-16,71.0,,Layoff Permanent,ca_2022_23.pdf
CA,"Apeel Technology, Inc.",2022-11-16,14.0,,Layoff Permanent,ca_2022_23.pdf
CA,"Apeel Technology, Inc.",2022-11-16,11.0,,Layoff Permanent,ca_2022_23.pdf
CA,"Boardriders Wholesale, LLC",2022-11-16,90.0,,Layoff Permanent,ca_2022_23.pdf
CA,"Boardriders Wholesale, LLC",2022-11-16,8.0,,Layoff Permanent,ca_2022_23.pdf
CA,"Boardriders Wholesale, LLC",2022-11-16,4.0,,Layoff Permanent,ca_2022_23.pdf
CA,"Plastiq, Inc.",2022-11-17,19.0,,Layoff Permanent,ca_2022_23.pdf
CA,"Roku, Inc.",2022-11-17,93.0,,Layoff Permanent,ca_2022_23.pdf
CA,"Nuro, Inc.",2022-11-18,269.0,,Layoff Permanent,ca_2022_23.pdf
CA,"JUUL Labs, Inc.",2022-11-18,113.0,,Layoff Permanent,ca_2022_23.pdf
CA,"JUUL Labs, Inc.",2022-11-18,1.0,,Layoff Permanent,ca_2022_23.pdf
CA,"JUUL Labs, Inc.",2022-11-18,2.0,,Layoff Permanent,ca_2022_23.pdf
CA,Rume Heath LLC,2022-11-18,110.0,,Layoff Permanent,ca_2022_23.pdf
CA,COVID Clinic,2022-11-18,12.0,,Layoff Permanent,ca_2022_23.pdf
CA,"P.F. Automotive, LLC dba Penske Ford",2022-11-21,150.0,,Closure Permanent,ca_2022_23.pdf
CA,"P.L. Automotive, LLC dba Penske Lincoln",2022-11-21,22.0,,Closure Permanent,ca_2022_23.pdf
CA,"United Furniture Industries, Inc.",2022-11-21,261.0,,Layoff Permanent,ca_2022_23.pdf
CA,"Columbia Steel, Inc.",2022-11-23,93.0,,Closure Permanent,ca_2022_23.pdf
CA,"Twitter, Inc.",2022-11-25,4.0,,Layoff Permanent,ca_2022_23.pdf
CA,"Twitter, Inc.",2022-11-25,10.0,,Layoff Permanent,ca_2022_23.pdf
CA,PD Systems,2022-11-28,48.0,,Layoff Temporary,ca_2022_23.pdf
CA,"Reyes Coca-Cola Bottling, LLC",2022-11-28,82.0,,Layoff Permanent,ca_2022_23.pdf
CA,"Brown & Toland Professional Services Organization,
Inc., wholly-owned subsidiary of Altais",2022-11-29,26.0,,Layoff Permanent,ca_2022_23.pdf
CA,Reverse Mortgage Funding LLC,2022-11-29,44.0,,Layoff Permanent,ca_2022_23.pdf
CA,"Zume, Inc.",2022-11-29,61.0,,Layoff Permanent,ca_2022_23.pdf
CA,"CoStar Group, Inc.",2022-11-30,14.0,,Layoff Permanent,ca_2022_23.pdf
CA,Festo Corporation,2022-11-30,1.0,,Layoff Permanent,ca_2022_23.pdf
CA,Festo Corporation,2022-11-30,16.0,,Layoff Permanent,ca_2022_23.pdf
CA,"Doordash, Inc.",2022-11-30,75.0,,Layoff Permanent,ca_2022_23.pdf
CA,"Southern California Technical Arts, Inc.",2022-11-30,53.0,,Closure Permanent,ca_2022_23.pdf
CA,"Doordash, Inc.",2022-11-30,311.0,,Layoff Permanent,ca_2022_23.pdf
CA,"Hyperloop Technologies, Inc. dba Hyperloop One",2022-12-01,19.0,,Layoff Permanent,ca_2022_23.pdf
CA,Sciolex Corporation,2022-12-01,461.0,,Layoff Permanent,ca_2022_23.pdf
CA,"Age of Learning, Inc.",2022-12-01,128.0,,Layoff Permanent,ca_2022_23.pdf
CA,"Peloton Interactive, Inc.",2022-12-01,4.0,,Closure Permanent,ca_2022_23.pdf
CA,Plenty Unlimited Inc.,2022-12-01,18.0,,Closure Permanent,ca_2022_23.pdf
CA,Bed Bath & Beyond Inc.,2022-12-01,36.0,,Closure Permanent,ca_2022_23.pdf
CA,La Tortilla Factory's Ceres Depot,2022-12-01,5.0,,Closure Permanent,ca_2022_23.pdf
CA,"Peloton Interactive, Inc.",2022-12-01,3.0,,Closure Permanent,ca_2022_23.pdf
CA,BloomTech Inc. dba Bloom Institute of Technology,2022-12-01,60.0,,Layoff Permanent,ca_2022_23.pdf
CA,Videndum Production Solutions,2022-12-01,14.0,,Closure Permanent,ca_2022_23.pdf
CA,"Inscripta, Inc.",2022-12-02,23.0,,Closure Permanent,ca_2022_23.pdf
CA,"Happy Money, Inc.",2022-12-02,152.0,,Layoff Permanent,ca_2022_23.pdf
CA,"Arana Therapeutics, Inc., a company within Teva
Pharmaceuticals USA, Inc.",2022-12-02,30.0,,Closure Permanent,ca_2022_23.pdf
CA,Intel Corporation,2022-12-02,201.0,,Layoff Permanent,ca_2022_23.pdf
CA,Intel Corporation,2022-12-02,176.0,,Layoff Permanent,ca_2022_23.pdf
CA,"Medical Device Business Services, Inc.",2022-12-06,2.0,,Layoff Permanent,ca_2022_23.pdf
CA,DePuy Synthes Products Inc.,2022-12-06,9.0,,Layoff Permanent,ca_2022_23.pdf
CA,"BuzzFeed Media Enterprises, Inc.",2022-12-06,54.0,,Layoff Permanent,ca_2022_23.pdf
CA,Qualcomm,2022-12-06,153.0,,Layoff Permanent,ca_2022_23.pdf
CA,"Instil Bio, Inc.",2022-12-07,89.0,,Layoff Permanent,ca_2022_23.pdf
CA,"Borrego Energy, LLC",2022-12-07,12.0,,Layoff Permanent,ca_2022_23.pdf
CA,"Borrego Energy, LLC",2022-12-07,1.0,,Layoff Permanent,ca_2022_23.pdf
CA,"Borrego Energy, LLC",2022-12-07,10.0,,Layoff Permanent,ca_2022_23.pdf
CA,"Borrego Energy, LLC",2022-12-07,5.0,,Layoff Permanent,ca_2022_23.pdf
CA,"Borrego Energy, LLC",2022-12-07,5.0,,Layoff Permanent,ca_2022_23.pdf
CA,"Borrego Energy, LLC",2022-12-07,1.0,,Layoff Permanent,ca_2022_23.pdf
CA,"Borrego Energy, LLC",2022-12-07,4.0,,Layoff Permanent,ca_2022_23.pdf
CA,"Borrego Energy, LLC",2022-12-07,6.0,,Layoff Permanent,ca_2022_23.pdf
CA,"Borrego Energy, LLC",2022-12-07,1.0,,Layoff Permanent,ca_2022_23.pdf
CA,Plaid Inc.,2022-12-07,59.0,,Layoff Permanent,ca_2022_23.pdf
CA,"Instil Bio, Inc.",2022-12-07,63.0,,Layoff Permanent,ca_2022_23.pdf
CA,"Borrego Energy, LLC",2022-12-07,7.0,,Layoff Permanent,ca_2022_23.pdf
CA,"Borrego Energy, LLC",2022-12-07,1.0,,Layoff Permanent,ca_2022_23.pdf
CA,"Borrego Energy, LLC",2022-12-07,1.0,,Layoff Permanent,ca_2022_23.pdf
CA,"Borrego Energy, LLC",2022-12-07,3.0,,Layoff Permanent,ca_2022_23.pdf
CA,"Borrego Energy, LLC",2022-12-07,1.0,,Layoff Permanent,ca_2022_23.pdf
CA,"Borrego Energy, LLC",2022-12-07,5.0,,Layoff Permanent,ca_2022_23.pdf
CA,"Borrego Energy, LLC",2022-12-07,4.0,,Layoff Permanent,ca_2022_23.pdf
CA,"Borrego Energy, LLC",2022-12-07,1.0,,Layoff Permanent,ca_2022_23.pdf
CA,"Borrego Energy, LLC",2022-12-07,7.0,,Layoff Permanent,ca_2022_23.pdf
CA,"Borrego Energy, LLC",2022-12-07,5.0,,Layoff Permanent,ca_2022_23.pdf
CA,Formagrid Inc dba Airtable,2022-12-08,111.0,,Layoff Permanent,ca_2022_23.pdf
CA,Quest HealthConnect,2022-12-08,7.0,,Layoff Permanent,ca_2022_23.pdf
CA,"Avcorp Composite Fabrication, Inc.",2022-12-08,47.0,,Closure Permanent,ca_2022_23.pdf
CA,"Omaze, Inc.",2022-12-09,103.0,,Layoff Permanent,ca_2022_23.pdf
CA,Quanergy,2022-12-09,72.0,,Layoff Permanent,ca_2022_23.pdf
CA,"Cisco Systems, Inc.",2022-12-09,222.0,,Layoff Permanent,ca_2022_23.pdf
CA,"Cisco Systems, Inc.",2022-12-09,80.0,,Layoff Permanent,ca_2022_23.pdf
CA,"Cisco Systems, Inc.",2022-12-09,371.0,,Layoff Permanent,ca_2022_23.pdf
CA,"Pioneer Hi-Bred International, Inc. (&ldquo;Corteva
Agriscience or &ldquo;Corteva&rdquo;)",2022-12-12,22.0,,Closure Permanent,ca_2022_23.pdf
CA,"Pioneer Hi-Bred International, Inc. (&ldquo;Corteva
Agriscience or &ldquo;Corteva&rdquo;)",2022-12-12,29.0,,Closure Permanent,ca_2022_23.pdf
CA,Pennymac,2022-12-12,1.0,,Layoff Permanent,ca_2022_23.pdf
CA,Aimmune Therapeutics Inc.,2022-12-13,75.0,,Layoff Permanent,ca_2022_23.pdf
CA,"OFS Brands, Inc. and Styline Logistics, Inc.",2022-12-13,60.0,,Closure Permanent,ca_2022_23.pdf
CA,Crothall Healthcare,2022-12-13,57.0,,Layoff Permanent,ca_2022_23.pdf
CA,Crothall Healthcare,2022-12-13,15.0,,Layoff Permanent,ca_2022_23.pdf
CA,DHL Supply Chain,2022-12-14,350.0,,Layoff Permanent,ca_2022_23.pdf
CA,DHL Supply Chain,2022-12-14,44.0,,Layoff Permanent,ca_2022_23.pdf
CA,JC Ford,2022-12-14,39.0,,Layoff Permanent,ca_2022_23.pdf
CA,JC Ford,2022-12-14,9.0,,Layoff Permanent,ca_2022_23.pdf
CA,JC Ford,2022-12-14,30.0,,Layoff Permanent,ca_2022_23.pdf
CA,"Principal Lighting Group LLC dba Sloan LED, Inc.",2022-12-14,35.0,,Layoff Permanent,ca_2022_23.pdf
CA,Principal Lighting Group LLC dba Sloan LED Inc.,2022-12-14,7.0,,Layoff Permanent,ca_2022_23.pdf
CA,Get Heal Inc. and Heal Doctors P.C.,2022-12-15,182.0,,Closure Permanent,ca_2022_23.pdf
CA,Los Angeles Laundry Inc.,2022-12-15,108.0,,Closure Permanent,ca_2022_23.pdf
CA,"Argo AI, LLC",2022-12-15,257.0,,Closure Permanent,ca_2022_23.pdf
CA,Yinlun TDI LLC.,2022-12-16,34.0,,Layoff Permanent,ca_2022_23.pdf
CA,GlobalFoundries US Inc.,2022-12-16,50.0,,Layoff Permanent,ca_2022_23.pdf
CA,Phillips 66,2022-12-19,45.0,,Closure Permanent,ca_2022_23.pdf
CA,Epitomics Inc. dba Abcam Milpitas,2022-12-19,30.0,,Closure Permanent,ca_2022_23.pdf
CA,Phillips 66,2022-12-19,45.0,,Closure Permanent,ca_2022_23.pdf
CA,Hazel Hawkins Hospital,2022-12-19,432.0,,Closure Permanent,ca_2022_23.pdf
CA,"Hazel Hawkins Physical Therapy & Rehabilitation
Service",2022-12-19,11.0,,Closure Permanent,ca_2022_23.pdf
CA,"Hazel Hawkins Community Health Center at San Juan
Bautista",2022-12-19,5.0,,Closure Permanent,ca_2022_23.pdf
CA,Barragan Family Diabetes Center,2022-12-19,10.0,,Closure Permanent,ca_2022_23.pdf
CA,Hazel Hawkins Community Health Center,2022-12-19,18.0,,Closure Permanent,ca_2022_23.pdf
CA,Hollister Multispecialty Center,2022-12-19,8.0,,Closure Permanent,ca_2022_23.pdf
CA,Hollister Orthopedic Specialty Center,2022-12-19,7.0,,Closure Permanent,ca_2022_23.pdf
CA,Mabel 4th Street Health Care Center,2022-12-19,16.0,,Closure Permanent,ca_2022_23.pdf
CA,Mabel First Street Health Care Center,2022-12-19,12.0,,Closure Permanent,ca_2022_23.pdf
CA,Mabel Northside Skilled Nursing Facility,2022-12-19,93.0,,Closure Permanent,ca_2022_23.pdf
CA,McCray Laboratory,2022-12-19,2.0,,Closure Permanent,ca_2022_23.pdf
CA,San Benito Home Health Care Agency,2022-12-19,12.0,,Closure Permanent,ca_2022_23.pdf
CA,Sunnyslope Laboratory,2022-12-19,1.0,,Closure Permanent,ca_2022_23.pdf
CA,William & Inez Mabel Skilled Nursing Facility,2022-12-19,85.0,,Closure Permanent,ca_2022_23.pdf
CA,Company 3/Method Inc.,2022-12-21,54.0,,Layoff Permanent,ca_2022_23.pdf
CA,"TuSimple, Inc.",2022-12-21,143.0,,Layoff Permanent,ca_2022_23.pdf
CA,Schneider Electric,2022-12-22,2.0,,Closure Permanent,ca_2022_23.pdf
CA,Reverse Mortgage Funding LLC,2022-12-22,2.0,,Layoff Permanent,ca_2022_23.pdf
CA,Brown & Toland Physician Services Organization,2022-12-22,5.0,,Layoff Permanent,ca_2022_23.pdf
CA,Brown & Toland Physician Services Organization,2022-12-22,5.0,,Layoff Permanent,ca_2022_23.pdf
CA,Blue Shield of California,2022-12-22,56.0,,Layoff Permanent,ca_2022_23.pdf
CA,Brown & Toland Physician Services Organization,2022-12-22,7.0,,Layoff Permanent,ca_2022_23.pdf
CA,Brown & Toland Physician Services Organization,2022-12-22,1.0,,Layoff Permanent,ca_2022_23.pdf
CA,Brown & Toland Physician Services Organization,2022-12-22,3.0,,Layoff Permanent,ca_2022_23.pdf
CA,Brown & Toland Physician Services Organization,2022-12-22,11.0,,Layoff Permanent,ca_2022_23.pdf
CA,Brown & Toland Physician Services Organization,2022-12-22,4.0,,Layoff Permanent,ca_2022_23.pdf
CA,Brown & Toland Physician Services Organization,2022-12-22,9.0,,Layoff Permanent,ca_2022_23.pdf
CA,Brown & Toland Physician Services Organization,2022-12-22,261.0,,Layoff Permanent,ca_2022_23.pdf
CA,Brown & Toland Physician Services Organization,2022-12-22,18.0,,Layoff Permanent,ca_2022_23.pdf
CA,Brown & Toland Physician Services Organization,2022-12-22,14.0,,Layoff Permanent,ca_2022_23.pdf
CA,"Ghost Management Group, LLC",2022-12-23,51.0,,Layoff Permanent,ca_2022_23.pdf
CA,Teleflex LLC and NeoTract Inc,2022-12-27,73.0,,Closure Permanent,ca_2022_23.pdf
CA,Teleflex LLC and NeoTract Inc,2022-12-27,5.0,,Closure Permanent,ca_2022_23.pdf
CA,"PHC Facilities, Inc.",2022-12-28,68.0,,Closure Permanent,ca_2022_23.pdf
CA,RUME Medical Group,2022-12-28,46.0,,Layoff Permanent,ca_2022_23.pdf
CA,Radial,2022-12-28,13.0,,Closure Permanent,ca_2022_23.pdf
CA,Bon Appetit,2022-12-28,45.0,,Layoff Permanent,ca_2022_23.pdf
CA,Macys,2022-12-29,92.0,,Closure Permanent,ca_2022_23.pdf
CA,Loews Hotels & Co,2022-12-30,321.0,,Closure Temporary,ca_2022_23.pdf
CA,"Adecco USA, Inc.",2023-01-01,64.0,,Layoff Permanent,ca_2022_23.pdf
CA,Flagship Facility Services Inc. at Meta Platforms Inc.,2023-01-03,34.0,,Layoff Permanent,ca_2022_23.pdf
CA,Flagship Facility Services Inc. at Meta Platforms Inc.,2023-01-03,22.0,,Layoff Permanent,ca_2022_23.pdf
CA,Flagship Facility Services Inc. at Meta Platforms Inc.,2023-01-03,9.0,,Layoff Permanent,ca_2022_23.pdf
CA,Flagship Facility Services Inc. at Meta Platforms Inc.,2023-01-03,4.0,,Layoff Permanent,ca_2022_23.pdf
CA,Flagship Facility Services Inc. at Meta Platforms Inc.,2023-01-03,3.0,,Layoff Permanent,ca_2022_23.pdf
CA,Flagship Facility Services Inc. at Meta Platforms Inc.,2023-01-03,8.0,,Layoff Permanent,ca_2022_23.pdf
CA,Flagship Facility Services Inc. at Meta Platforms Inc.,2023-01-03,1.0,,Layoff Permanent,ca_2022_23.pdf
CA,Flagship Facility Services Inc. at Meta Platforms Inc.,2023-01-03,1.0,,Layoff Permanent,ca_2022_23.pdf
CA,Flagship Facility Services Inc. at Meta Platforms Inc.,2023-01-03,1.0,,Layoff Permanent,ca_2022_23.pdf
CA,Flagship Facility Services Inc. at Meta Platforms Inc.,2023-01-03,16.0,,Layoff Permanent,ca_2022_23.pdf
CA,Flagship Facility Services Inc. at Meta Platforms Inc.,2023-01-03,10.0,,Layoff Permanent,ca_2022_23.pdf
CA,Flagship Facility Services Inc. at Meta Platforms Inc.,2023-01-03,17.0,,Layoff Permanent,ca_2022_23.pdf
CA,"Salesforce, Inc.",2023-01-04,650.0,,Layoff Permanent,ca_2022_23.pdf
CA,"Salesforce, Inc.",2023-01-04,1.0,,Layoff Permanent,ca_2022_23.pdf
CA,"Salesforce, Inc.",2023-01-04,52.0,,Layoff Permanent,ca_2022_23.pdf
CA,"Salesforce, Inc.",2023-01-04,49.0,,Layoff Permanent,ca_2022_23.pdf
CA,Piedmont Airlines Inc. at Long Beach Airport,2023-01-04,43.0,,Closure Permanent,ca_2022_23.pdf
CA,Heritage on the Marina,2023-01-04,17.0,,Layoff Permanent,ca_2022_23.pdf
CA,Madera Community Hospital,2023-01-04,8.0,,Layoff Permanent,ca_2022_23.pdf
CA,Madera Community Hospital,2023-01-04,687.0,,Layoff Permanent,ca_2022_23.pdf
CA,Madera Community Hospital,2023-01-04,70.0,,Layoff Permanent,ca_2022_23.pdf
CA,Madera Community Hospital,2023-01-04,7.0,,Layoff Permanent,ca_2022_23.pdf
CA,Cue Health - Moda South,2023-01-05,81.0,,Layoff Permanent,ca_2022_23.pdf
CA,Cue Health - Moda North,2023-01-05,12.0,,Layoff Permanent,ca_2022_23.pdf
CA,Cue Health - Moda North II,2023-01-05,8.0,,Layoff Permanent,ca_2022_23.pdf
CA,Cue Health- Moda West,2023-01-05,7.0,,Layoff Permanent,ca_2022_23.pdf
CA,Cue Health - Nancy Ridge,2023-01-05,39.0,,Layoff Permanent,ca_2022_23.pdf
CA,Cue Health - Nancy Ridge II,2023-01-05,10.0,,Layoff Permanent,ca_2022_23.pdf
CA,Cue Health - Waples,2023-01-05,161.0,,Layoff Permanent,ca_2022_23.pdf
CA,Cue Health - Waples II,2023-01-05,4.0,,Layoff Permanent,ca_2022_23.pdf
CA,Cue Health - Vista,2023-01-05,63.0,,Layoff Permanent,ca_2022_23.pdf
CA,Cue Health - Vista II,2023-01-05,3.0,,Layoff Permanent,ca_2022_23.pdf
CA,Silvergate Bank,2023-01-05,181.0,,Layoff Permanent,ca_2022_23.pdf
CA,"Stitch Fix, Inc.",2023-01-05,97.0,,Layoff Permanent,ca_2022_23.pdf
CA,"Fate Therapeutics, Inc.",2023-01-05,21.0,,Layoff Permanent,ca_2022_23.pdf
CA,"Fate Therapeutics, Inc.",2023-01-05,43.0,,Layoff Permanent,ca_2022_23.pdf
CA,"Fate Therapeutics, Inc.",2023-01-05,34.0,,Layoff Permanent,ca_2022_23.pdf
CA,"Fate Therapeutics, Inc.",2023-01-05,217.0,,Layoff Permanent,ca_2022_23.pdf
CA,Jabil Inc.,2023-01-06,39.0,,Layoff Permanent,ca_2022_23.pdf
CA,Jabil Inc.,2023-01-06,166.0,,Layoff Permanent,ca_2022_23.pdf
CA,Carbon Health,2023-01-06,226.0,,Layoff Permanent,ca_2022_23.pdf
CA,Herren Enterprises Inc. dba Doctors Ambulance Service,2023-01-06,59.0,,Closure Permanent,ca_2022_23.pdf
CA,Land O'Lakes Inc.,2023-01-06,5.0,,Closure Permanent,ca_2022_23.pdf
CA,Prime-Line Products,2023-01-09,116.0,,Closure Permanent,ca_2022_23.pdf
CA,Prime-Line Products,2023-01-09,3.0,,Closure Permanent,ca_2022_23.pdf
CA,Pacific Supermarket,2023-01-09,59.0,,Closure Permanent,ca_2022_23.pdf
CA,"Janssen Pharmaceuticals, Inc.",2023-01-09,1.0,,Layoff Permanent,ca_2022_23.pdf
CA,"Aspire Bakeries LLC dba La Brea Bakery Care in
Downtown Disney",2023-01-09,96.0,,Closure Permanent,ca_2022_23.pdf
CA,"PreZero US Services, LLC",2023-01-09,54.0,,Closure Permanent,ca_2022_23.pdf
CA,"Tree Island Wire, Inc.",2023-01-09,12.0,,Closure Permanent,ca_2022_23.pdf
CA,"Tree Island Wire, Inc.",2023-01-09,9.0,,Closure Permanent,ca_2022_23.pdf
CA,"Tree Island Wire, Inc.",2023-01-09,5.0,,Closure Permanent,ca_2022_23.pdf
CA,"Tree Island Wire, Inc.",2023-01-09,22.0,,Closure Permanent,ca_2022_23.pdf
CA,"Orora Packaging Solutions dba Manufactured
Packaging Products",2023-01-09,47.0,,Closure Permanent,ca_2022_23.pdf
CA,"Scale AI, Inc.",2023-01-09,1.0,,Layoff Permanent,ca_2022_23.pdf
CA,"Scale AI, Inc.",2023-01-09,54.0,,Layoff Permanent,ca_2022_23.pdf
CA,"Scale AI, Inc.",2023-01-09,2.0,,Layoff Permanent,ca_2022_23.pdf
CA,"Scale AI, Inc.",2023-01-09,1.0,,Layoff Permanent,ca_2022_23.pdf
CA,"Scale AI, Inc.",2023-01-09,8.0,,Layoff Permanent,ca_2022_23.pdf
CA,"Scale AI, Inc.",2023-01-09,2.0,,Layoff Permanent,ca_2022_23.pdf
CA,"Cloud Software Group, Inc.",2023-01-09,96.0,,Layoff Permanent,ca_2022_23.pdf
CA,"Ryder Integrated Logistics, Inc.",2023-01-10,19.0,,Closure Permanent,ca_2022_23.pdf
CA,"Land O&rsquo;Lakes, Inc.",2023-01-10,1.0,,Closure Permanent,ca_2022_23.pdf
CA,The Vons Companies Inc.,2023-01-10,83.0,,Closure Permanent,ca_2022_23.pdf
CA,"Ryder Integrated Logistics, Inc.",2023-01-10,14.0,,Closure Permanent,ca_2022_23.pdf
CA,"Gallo Sales Company, Inc.",2023-01-10,93.0,,Closure Permanent,ca_2022_23.pdf
CA,"Gallo Sales Company, Inc.",2023-01-10,6.0,,Closure Permanent,ca_2022_23.pdf
CA,"Gallo Sales Company, Inc.",2023-01-10,151.0,,Closure Permanent,ca_2022_23.pdf
CA,"Gallo Sales Company, Inc.",2023-01-10,33.0,,Closure Permanent,ca_2022_23.pdf
CA,"Gallo Sales Company, Inc.",2023-01-10,24.0,,Closure Permanent,ca_2022_23.pdf
CA,"Berry Global, Inc.",2023-01-10,25.0,,Closure Permanent,ca_2022_23.pdf
CA,Berry Global Inc.,2023-01-10,8.0,,Closure Permanent,ca_2022_23.pdf
CA,"Berry Global, Inc.",2023-01-10,19.0,,Closure Permanent,ca_2022_23.pdf
CA,"Gallo Sales Company, Inc.",2023-01-10,23.0,,Closure Permanent,ca_2022_23.pdf
CA,"Gallo Sales Company, Inc.",2023-01-10,25.0,,Closure Permanent,ca_2022_23.pdf
CA,Flexport,2023-01-11,43.0,,Layoff Permanent,ca_2022_23.pdf
CA,Flexport,2023-01-11,121.0,,Layoff Permanent,ca_2022_23.pdf
CA,Verily Life Sciences LLC,2023-01-11,119.0,,Layoff Permanent,ca_2022_23.pdf
CA,"NH Research, LLC",2023-01-11,3.0,,Layoff Permanent,ca_2022_23.pdf
CA,"NH Research, LLC",2023-01-11,4.0,,Layoff Permanent,ca_2022_23.pdf
CA,"NH Research, LLC",2023-01-11,44.0,,Layoff Permanent,ca_2022_23.pdf
CA,"Specialized Bicycle Components, Inc.",2023-01-11,80.0,,Layoff Permanent,ca_2022_23.pdf
CA,"eShares, Inc. dba Carta, Inc.",2023-01-11,60.0,,Layoff Permanent,ca_2022_23.pdf
CA,Abzena (San Diego) Inc.,2023-01-11,66.0,,Layoff Permanent,ca_2022_23.pdf
CA,Specialized Bicycle Components,2023-01-11,7.0,Morgan Hill,Reduction,warn_or.json
CA,Accenture,2023-01-12,1.0,,Layoff Permanent,ca_2022_23.pdf
CA,Accenture,2023-01-12,1.0,,Layoff Permanent,ca_2022_23.pdf
CA,"Beachbody, LLC",2023-01-12,80.0,,Layoff Permanent,ca_2022_23.pdf
CA,"LendingClub Bank, N.A",2023-01-12,68.0,,Layoff Permanent,ca_2022_23.pdf
CA,"LendingClub Bank, N.A.",2023-01-12,8.0,,Layoff Permanent,ca_2022_23.pdf
CA,"LendingClub Bank, N.A.",2023-01-12,4.0,,Layoff Permanent,ca_2022_23.pdf
CA,OA Logistics,2023-01-12,90.0,,Closure Permanent,ca_2022_23.pdf
CA,The Bungalow Kitchen,2023-01-13,86.0,,Closure Permanent,ca_2022_23.pdf
CA,"Rainberry, Inc.",2023-01-13,92.0,,Closure Permanent,ca_2022_23.pdf
CA,Zymergen Inc.,2023-01-13,29.0,,Layoff Permanent,ca_2022_23.pdf
CA,Intel Corporation,2023-01-13,167.0,,Layoff Permanent,ca_2022_23.pdf
CA,Intel Corporation,2023-01-13,42.0,,Layoff Permanent,ca_2022_23.pdf
CA,Intel Corporation,2023-01-13,9.0,,Layoff Permanent,ca_2022_23.pdf
CA,Intel Corporation,2023-01-13,101.0,,Layoff Permanent,ca_2022_23.pdf
CA,Intel Corporation,2023-01-13,25.0,,Layoff Permanent,ca_2022_23.pdf
CA,Spartronics,2023-01-16,74.0,,Closure Permanent,ca_2022_23.pdf
CA,Celestica Precision Machining,2023-01-16,27.0,,Layoff Permanent,ca_2022_23.pdf
CA,Celestica Precision Machining,2023-01-16,13.0,,Layoff Permanent,ca_2022_23.pdf
CA,Celestica Precision Machining,2023-01-16,4.0,,Layoff Permanent,ca_2022_23.pdf
CA,Unity Technologies,2023-01-17,53.0,,Layoff Permanent,ca_2022_23.pdf
CA,Medallion Industries,2023-01-17,9.0,,Closure Permanent,ca_2022_23.pdf
CA,Medallion Industries,2023-01-17,5.0,,Closure Permanent,ca_2022_23.pdf
CA,EMCA Staff LLC/ACME Labor LLC,2023-01-17,46.0,,Layoff Permanent,ca_2022_23.pdf
CA,EMCA Staff LLC/ACME Labor LLC,2023-01-17,2.0,,Layoff Permanent,ca_2022_23.pdf
CA,Aseptic Solutions USA Ventures LLC,2023-01-18,211.0,,Closure Permanent,ca_2022_23.pdf
CA,"Packers Sanitation Services, Inc.",2023-01-18,143.0,,Closure Permanent,ca_2022_23.pdf
CA,Amazon,2023-01-18,16.0,,Layoff Permanent,ca_2022_23.pdf
CA,Amazon,2023-01-18,39.0,,Layoff Permanent,ca_2022_23.pdf
CA,Amazon,2023-01-18,2.0,,Layoff Permanent,ca_2022_23.pdf
CA,Amazon,2023-01-18,52.0,,Layoff Permanent,ca_2022_23.pdf
CA,Amazon,2023-01-18,33.0,,Layoff Permanent,ca_2022_23.pdf
CA,Amazon,2023-01-18,58.0,,Layoff Permanent,ca_2022_23.pdf
CA,Amazon,2023-01-18,7.0,,Layoff Permanent,ca_2022_23.pdf
CA,Amazon,2023-01-18,5.0,,Layoff Permanent,ca_2022_23.pdf
CA,Amazon,2023-01-18,2.0,,Layoff Permanent,ca_2022_23.pdf
CA,Amazon,2023-01-18,10.0,,Layoff Permanent,ca_2022_23.pdf
CA,Amazon,2023-01-18,1.0,,Layoff Permanent,ca_2022_23.pdf
CA,Amazon,2023-01-18,17.0,,Layoff Permanent,ca_2022_23.pdf
CA,Amazon,2023-01-18,58.0,,Layoff Permanent,ca_2022_23.pdf
CA,Amazon,2023-01-18,98.0,,Layoff Permanent,ca_2022_23.pdf
CA,Amazon,2023-01-18,2.0,,Layoff Permanent,ca_2022_23.pdf
CA,Amazon,2023-01-18,1.0,,Layoff Permanent,ca_2022_23.pdf
CA,Amazon,2023-01-18,20.0,,Layoff Permanent,ca_2022_23.pdf
CA,Amazon,2023-01-18,63.0,,Layoff Permanent,ca_2022_23.pdf
CA,Amazon,2023-01-18,20.0,,Layoff Permanent,ca_2022_23.pdf
CA,"8x8, Inc.",2023-01-18,61.0,,Layoff Permanent,ca_2022_23.pdf
CA,"Liminex, Inc. dba GoGuardian",2023-01-18,86.0,,Layoff Permanent,ca_2022_23.pdf
CA,"Liminex, Inc. dba GoGuardian",2023-01-18,86.0,,Layoff Permanent,ca_2022_23.pdf
CA,Microsoft,2023-01-18,41.0,,Layoff Permanent,ca_2022_23.pdf
CA,Microsoft,2023-01-18,1.0,,Layoff Permanent,ca_2022_23.pdf
CA,Microsoft,2023-01-18,3.0,,Layoff Permanent,ca_2022_23.pdf
CA,Microsoft,2023-01-18,1.0,,Layoff Permanent,ca_2022_23.pdf
CA,"Proterra Operating Company, Inc.",2023-01-19,87.0,,Layoff Permanent,ca_2022_23.pdf
CA,Wayfair LLC,2023-01-20,74.0,,Layoff Permanent,ca_2022_23.pdf
CA,"Crest Beverage, L.L.C.",2023-01-20,372.0,,Closure Permanent,ca_2022_23.pdf
CA,Google LA 5,2023-01-20,22.0,,Layoff Permanent,ca_2022_23.pdf
CA,Google LA 5,2023-01-20,6.0,,Layoff Permanent,ca_2022_23.pdf
CA,Google LA 2,2023-01-20,2.0,,Layoff Permanent,ca_2022_23.pdf
CA,Google LA 3,2023-01-20,4.0,,Layoff Permanent,ca_2022_23.pdf
CA,Google LA 1,2023-01-20,5.0,,Layoff Permanent,ca_2022_23.pdf
CA,Google Playa 2,2023-01-20,123.0,,Layoff Permanent,ca_2022_23.pdf
CA,Google Playa 1,2023-01-20,1.0,,Layoff Permanent,ca_2022_23.pdf
CA,Google,2023-01-20,20.0,,Layoff Permanent,ca_2022_23.pdf
CA,Google,2023-01-20,31.0,,Layoff Permanent,ca_2022_23.pdf
CA,Google,2023-01-20,40.0,,Layoff Permanent,ca_2022_23.pdf
CA,Google,2023-01-20,24.0,,Layoff Permanent,ca_2022_23.pdf
CA,Google,2023-01-20,50.0,,Layoff Permanent,ca_2022_23.pdf
CA,Google,2023-01-20,2.0,,Layoff Permanent,ca_2022_23.pdf
CA,Google,2023-01-20,62.0,,Layoff Permanent,ca_2022_23.pdf
CA,Google,2023-01-20,41.0,,Layoff Permanent,ca_2022_23.pdf
CA,Google,2023-01-20,30.0,,Layoff Permanent,ca_2022_23.pdf
CA,Google,2023-01-20,6.0,,Layoff Permanent,ca_2022_23.pdf
CA,Google,2023-01-20,18.0,,Layoff Permanent,ca_2022_23.pdf
CA,Google,2023-01-20,5.0,,Layoff Permanent,ca_2022_23.pdf
CA,Google,2023-01-20,17.0,,Layoff Permanent,ca_2022_23.pdf
CA,Google,2023-01-20,32.0,,Layoff Permanent,ca_2022_23.pdf
CA,"Stratasys Direct, Inc.",2023-01-20,85.0,,Closure Permanent,ca_2022_23.pdf
CA,Google,2023-01-20,140.0,,Layoff Permanent,ca_2022_23.pdf
CA,Google,2023-01-20,8.0,,Layoff Permanent,ca_2022_23.pdf
CA,Google,2023-01-20,6.0,,Layoff Permanent,ca_2022_23.pdf
CA,Google,2023-01-20,3.0,,Layoff Permanent,ca_2022_23.pdf
CA,Google,2023-01-20,21.0,,Layoff Permanent,ca_2022_23.pdf
CA,Google,2023-01-20,17.0,,Layoff Permanent,ca_2022_23.pdf
CA,Google,2023-01-20,24.0,,Layoff Permanent,ca_2022_23.pdf
CA,Google,2023-01-20,19.0,,Layoff Permanent,ca_2022_23.pdf
CA,Google,2023-01-20,8.0,,Layoff Permanent,ca_2022_23.pdf
CA,Google,2023-01-20,18.0,,Layoff Permanent,ca_2022_23.pdf
CA,Google,2023-01-20,8.0,,Layoff Permanent,ca_2022_23.pdf
CA,Google,2023-01-20,20.0,,Layoff Permanent,ca_2022_23.pdf
CA,Google,2023-01-20,2.0,,Layoff Permanent,ca_2022_23.pdf
CA,Google,2023-01-20,4.0,,Layoff Permanent,ca_2022_23.pdf
CA,Google,2023-01-20,11.0,,Layoff Permanent,ca_2022_23.pdf
CA,Google,2023-01-20,31.0,,Layoff Permanent,ca_2022_23.pdf
CA,"Delaware North Companies Travel Hospitality Services,
Inc",2023-01-20,96.0,,Layoff Permanent,ca_2022_23.pdf
CA,Google (US-SAN-6420),2023-01-20,45.0,,Layoff Permanent,ca_2022_23.pdf
CA,Google (US-SAN-INN15255),2023-01-20,26.0,,Layoff Permanent,ca_2022_23.pdf
CA,Google (US-SAN-WBD16618),2023-01-20,1.0,,Layoff Permanent,ca_2022_23.pdf
CA,"Illumina, Inc.",2023-01-23,1.0,,Layoff Permanent,ca_2022_23.pdf
CA,"National Distribution Centers, LLC",2023-01-23,175.0,,Closure Permanent,ca_2022_23.pdf
CA,ICAN-B,2023-01-24,7.0,,Closure Permanent,ca_2022_23.pdf
CA,"Mindstrong, Inc. and Mindstrong Health Services, P.C.",2023-01-24,128.0,,Closure Permanent,ca_2022_23.pdf
CA,Amgen,2023-01-24,305.0,,Layoff Permanent,ca_2022_23.pdf
CA,Synopsys Inc.,2023-01-24,37.0,,Layoff Permanent,ca_2022_23.pdf
CA,Synopsys Inc.,2023-01-24,63.0,,Layoff Permanent,ca_2022_23.pdf
CA,"Ryder Integrated Logistics, Inc.",2023-01-24,130.0,,Layoff Permanent,ca_2022_23.pdf
CA,Heritage on the Marina,2023-01-25,26.0,,Layoff Permanent,ca_2022_23.pdf
CA,"Reliant Services Group, LLC dba Reliant Funding",2023-01-25,79.0,,Closure Permanent,ca_2022_23.pdf
CA,"RoGar Manufacturing, Inc.",2023-01-27,76.0,,Layoff Permanent,ca_2022_23.pdf
CA,"Dr. Squatch, LLC",2023-01-27,50.0,,Layoff Permanent,ca_2022_23.pdf
CA,"Mission Ambulance, Inc.",2023-01-27,112.0,,Closure Permanent,ca_2022_23.pdf
CA,"Mission Ambulance, Inc.",2023-01-27,22.0,,Closure Permanent,ca_2022_23.pdf
CA,Bayer U.S. LLC,2023-01-30,55.0,,Layoff Permanent,ca_2022_23.pdf
CA,"Joslyn Sunbank Company, LLC",2023-01-30,76.0,,Closure Permanent,ca_2022_23.pdf
CA,"Dolls Kill, Inc.",2023-01-31,156.0,,Closure Permanent,ca_2022_23.pdf
CA,Thermo Fisher Scientific,2023-01-31,32.0,,Layoff Permanent,ca_2022_23.pdf
CA,Thermo Fisher Scientific,2023-01-31,183.0,,Layoff Permanent,ca_2022_23.pdf
CA,Thermo Fisher Scientific,2023-01-31,15.0,,Layoff Permanent,ca_2022_23.pdf
CA,Electronic Arts' Industrial Toys Studio,2023-01-31,105.0,,Closure Permanent,ca_2022_23.pdf
CA,American Nuts,2023-01-31,110.0,,Layoff Permanent,ca_2022_23.pdf
CA,"Healthcare Staffing Professionals, Inc.",2023-01-31,224.0,,Layoff Permanent,ca_2022_23.pdf
CA,Triple Canopy,2023-01-31,226.0,,Layoff Permanent,ca_2022_23.pdf
CA,PayPal,2023-01-31,319.0,,Layoff Permanent,ca_2022_23.pdf
CA,Lam Research Corporation,2023-01-31,200.0,,Layoff Permanent,ca_2022_23.pdf
CA,Lam Research Corporation,2023-01-31,200.0,,Layoff Permanent,ca_2022_23.pdf
CA,"Respawn Entertainment, LLC a subsidiary of Electronic
Arts Inc.",2023-01-31,77.0,,Layoff Permanent,ca_2022_23.pdf
CA,"Upstart Network, Inc.",2023-01-31,102.0,,Layoff Permanent,ca_2022_23.pdf
CA,"Instil Bio, Inc.",2023-01-31,39.0,,Layoff Permanent,ca_2022_23.pdf
CA,"Instil Bio, Inc.",2023-01-31,1.0,,Layoff Permanent,ca_2022_23.pdf
CA,"Instil Bio, Inc.",2023-01-31,42.0,,Layoff Permanent,ca_2022_23.pdf
CA,Splunk Inc.,2023-02-01,101.0,,Layoff Permanent,ca_2022_23.pdf
CA,ContextLogic Inc.,2023-02-01,47.0,,Layoff Permanent,ca_2022_23.pdf
CA,Splunk Inc.,2023-02-01,73.0,,Layoff Permanent,ca_2022_23.pdf
CA,"Autodesk, Inc.",2023-02-01,61.0,,Layoff Permanent,ca_2022_23.pdf
CA,"Boardriders Wholesale, LLC",2023-02-01,2.0,,Layoff Permanent,ca_2022_23.pdf
CA,"Rivian Automotive, LLC",2023-02-01,150.0,,Layoff Permanent,ca_2022_23.pdf
CA,"Rivian Automotive, LLC",2023-02-01,61.0,,Layoff Permanent,ca_2022_23.pdf
CA,"Rivian Automotive, LLC",2023-02-01,29.0,,Layoff Permanent,ca_2022_23.pdf
CA,"Rivian Automotive, LLC",2023-02-01,153.0,,Layoff Permanent,ca_2022_23.pdf
CA,"Rivian Automotive, LLC",2023-02-01,35.0,,Layoff Permanent,ca_2022_23.pdf
CA,"Rivian Automotive, LLC",2023-02-01,31.0,,Layoff Permanent,ca_2022_23.pdf
CA,"Rivian Automotive, LLC",2023-02-01,8.0,,Layoff Permanent,ca_2022_23.pdf
CA,"Rivian Automotive, LLC",2023-02-01,8.0,,Layoff Permanent,ca_2022_23.pdf
CA,"Rivian Automotive, LLC",2023-02-01,4.0,,Layoff Permanent,ca_2022_23.pdf
CA,"Pentair Water Pool and Spa, Inc.",2023-02-02,31.0,,Closure Permanent,ca_2022_23.pdf
CA,"Pentair Water Pool and Spa, Inc.",2023-02-02,11.0,,Closure Permanent,ca_2022_23.pdf
CA,"Pentair Water Pool and Spa, Inc.",2023-02-02,62.0,,Closure Permanent,ca_2022_23.pdf
CA,"FedEx Ground Package System, Inc.",2023-02-02,149.0,,Closure Permanent,ca_2022_23.pdf
CA,"NC Interactive, LLC",2023-02-02,4.0,,Layoff Permanent,ca_2022_23.pdf
CA,"NC Interactive, LLC",2023-02-02,43.0,,Layoff Permanent,ca_2022_23.pdf
CA,"Salesforce, Inc.",2023-02-02,247.0,,Layoff Permanent,ca_2022_23.pdf
CA,"Salesforce, Inc.",2023-02-02,7.0,,Layoff Permanent,ca_2022_23.pdf
CA,"Salesforce, Inc.",2023-02-02,4.0,,Layoff Permanent,ca_2022_23.pdf
CA,"Workday, Inc.",2023-02-03,196.0,,Layoff Permanent,ca_2022_23.pdf
CA,"Plastiq, Inc.",2023-02-03,80.0,,Layoff Permanent,ca_2022_23.pdf
CA,Pinterest Inc.,2023-02-03,49.0,,Layoff Permanent,ca_2022_23.pdf
CA,"NetApp, Inc.",2023-02-03,148.0,,Layoff Permanent,ca_2022_23.pdf
CA,"Seenager, Inc.",2023-02-05,117.0,,Closure Permanent,ca_2022_23.pdf
CA,"Zoom Video Communications, Inc.",2023-02-06,199.0,,Layoff Permanent,ca_2022_23.pdf
CA,Inglewood Sportservice Inc. at Kia Forum,2023-02-07,284.0,,Layoff Permanent,ca_2022_23.pdf
CA,"Medical Device Business Services, Inc.",2023-02-07,6.0,,Layoff Permanent,ca_2022_23.pdf
CA,DePuy Synthes Products Inc.,2023-02-07,31.0,,Layoff Permanent,ca_2022_23.pdf
CA,"eBay, Inc.",2023-02-07,15.0,,Layoff Permanent,ca_2022_23.pdf
CA,"eBay, Inc.",2023-02-07,169.0,,Layoff Permanent,ca_2022_23.pdf
CA,DJW Logistics,2023-02-08,58.0,,Closure Permanent,ca_2022_23.pdf
CA,"Overhill Farms, Inc.",2023-02-08,100.0,,Layoff Permanent,ca_2022_23.pdf
CA,"Affirm, Inc.",2023-02-08,155.0,,Layoff Permanent,ca_2022_23.pdf
CA,Mediland Corp. dba Premium Windows,2023-02-09,142.0,,Closure Permanent,ca_2022_23.pdf
CA,Microsoft,2023-02-09,7.0,,Layoff Permanent,ca_2022_23.pdf
CA,Microsoft,2023-02-09,1.0,,Layoff Permanent,ca_2022_23.pdf
CA,Microsoft,2023-02-09,1.0,,Layoff Permanent,ca_2022_23.pdf
CA,Microsoft,2023-02-09,1.0,,Layoff Permanent,ca_2022_23.pdf
CA,Microsoft,2023-02-09,2.0,,Layoff Permanent,ca_2022_23.pdf
CA,Microsoft,2023-02-09,41.0,,Layoff Permanent,ca_2022_23.pdf
CA,Microsoft,2023-02-09,9.0,,Layoff Permanent,ca_2022_23.pdf
CA,"Patina Group Newco, LLC",2023-02-09,184.0,,Layoff Permanent,ca_2022_23.pdf
CA,"Sutter Street Manufacturing, Inc.",2023-02-09,364.0,,Closure Permanent,ca_2022_23.pdf
CA,Pfizer Inc,2023-02-09,196.0,,Layoff Permanent,ca_2022_23.pdf
CA,"Medallia, Inc.",2023-02-09,59.0,,Layoff Permanent,ca_2022_23.pdf
CA,"SAP America, Inc.",2023-02-10,159.0,,Layoff Permanent,ca_2022_23.pdf
CA,"GSC Logistics, Inc.",2023-02-10,58.0,,Layoff Permanent,ca_2022_23.pdf
CA,BJ's Restaurants,2023-02-10,90.0,,Closure Permanent,ca_2022_23.pdf
CA,"Impossible Foods, Inc.",2023-02-10,132.0,,Layoff Permanent,ca_2022_23.pdf
CA,Twilio Inc.,2023-02-13,159.0,,Layoff Permanent,ca_2022_23.pdf
CA,"Wipro, LLC",2023-02-13,114.0,,Layoff Permanent,ca_2022_23.pdf
CA,"Sorrento Therapeutics, Inc.",2023-02-13,538.0,,Closure Permanent,ca_2022_23.pdf
CA,"Udemy, Inc.",2023-02-13,74.0,,Layoff Permanent,ca_2022_23.pdf
CA,"Velodyne Lidar, Inc.",2023-02-13,220.0,,Layoff Permanent,ca_2022_23.pdf
CA,Rume Health,2023-02-13,62.0,,Layoff Permanent,ca_2022_23.pdf
CA,"Lucira Health, Inc.",2023-02-14,17.0,,Layoff Permanent,ca_2022_23.pdf
CA,"Lucira Health, Inc.",2023-02-14,9.0,,Layoff Permanent,ca_2022_23.pdf
CA,"NUPLA LLC, a wholly-owned subsidiary of Saunders
Midwest LLC",2023-02-14,66.0,,Layoff Permanent,ca_2022_23.pdf
CA,Intel Corporation,2023-02-14,49.0,,Layoff Permanent,ca_2022_23.pdf
CA,Intel Corporation,2023-02-14,1.0,,Layoff Permanent,ca_2022_23.pdf
CA,Intel Corporation,2023-02-14,1.0,,Layoff Permanent,ca_2022_23.pdf
CA,"Lucira Health, Inc.",2023-02-14,36.0,,Layoff Permanent,ca_2022_23.pdf
CA,Intel Corporation,2023-02-14,61.0,,Layoff Permanent,ca_2022_23.pdf
CA,Cornerstone Building Brands,2023-02-14,128.0,,Layoff Permanent,ca_2022_23.pdf
CA,LinkedIn Corporation,2023-02-14,49.0,,Layoff Permanent,ca_2022_23.pdf
CA,LinkedIn Corporation,2023-02-14,3.0,,Layoff Permanent,ca_2022_23.pdf
CA,LinkedIn Corporation,2023-02-14,39.0,,Layoff Permanent,ca_2022_23.pdf
CA,"SAP America, Inc.",2023-02-15,65.0,,Layoff Permanent,ca_2022_23.pdf
CA,Adventist Health Systems West,2023-02-15,59.0,,Layoff Permanent,ca_2022_23.pdf
CA,Qualcomm Incorporated,2023-02-15,79.0,,Layoff Permanent,ca_2022_23.pdf
CA,"Peer Street, Inc.",2023-02-15,30.0,,Layoff Permanent,ca_2022_23.pdf
CA,"Wix.com, Inc.",2023-02-15,27.0,,Layoff Permanent,ca_2022_23.pdf
CA,"GEO Secure Services, LLC",2023-02-15,112.0,,Layoff Permanent,ca_2022_23.pdf
CA,KDC/One,2023-02-16,43.0,,Layoff Permanent,ca_2022_23.pdf
CA,KDC/One,2023-02-16,13.0,,Layoff Permanent,ca_2022_23.pdf
CA,"QG Printing II, LLC",2023-02-16,241.0,,Closure Permanent,ca_2022_23.pdf
CA,Providence Medical Foundation,2023-02-16,8.0,,Closure Permanent,ca_2022_23.pdf
CA,"Critical Ideas, Inc. dba Chipper Cash",2023-02-16,49.0,,Layoff Permanent,ca_2022_23.pdf
CA,"Minted, LLC.",2023-02-16,6.0,,Closure Permanent,ca_2022_23.pdf
CA,"Ducommun Aerostructures, Inc.",2023-02-17,146.0,,Closure Permanent,ca_2022_23.pdf
CA,Evernote Corporation,2023-02-17,65.0,,Layoff Permanent,ca_2022_23.pdf
CA,"Gino/Giuseppe, Inc. dba G&G Construction Co.",2023-02-17,64.0,,Closure Permanent,ca_2022_23.pdf
CA,"Gino/Giuseppe, Inc. dba G&G Construction Co.",2023-02-17,135.0,,Closure Permanent,ca_2022_23.pdf
CA,"Beyond Hello CA, LLC",2023-02-17,6.0,,Closure Permanent,ca_2022_23.pdf
CA,"Truepill, Inc.",2023-02-17,11.0,,Closure Permanent,ca_2022_23.pdf
CA,"Futurewei Technologies, Inc.",2023-02-20,43.0,,Layoff Permanent,ca_2022_23.pdf
CA,Markstein Beverage Co.,2023-02-21,503.0,,Closure Permanent,ca_2022_23.pdf
CA,Pacific Western Bank,2023-02-21,200.0,,Layoff Permanent,ca_2022_23.pdf
CA,Masonite Corporation,2023-02-21,59.0,,Closure Permanent,ca_2022_23.pdf
CA,Mattel,2023-02-21,13.0,,Layoff Permanent,ca_2022_23.pdf
CA,Mattel,2023-02-21,1.0,,Layoff Permanent,ca_2022_23.pdf
CA,Mattel,2023-02-21,91.0,,Layoff Permanent,ca_2022_23.pdf
CA,Microfabrica Inc.,2023-02-22,91.0,,Layoff Permanent,ca_2022_23.pdf
CA,Ruggable LLC,2023-02-22,24.0,,Layoff Permanent,ca_2022_23.pdf
CA,Ruggable LLC,2023-02-22,16.0,,Layoff Permanent,ca_2022_23.pdf
CA,Ruggable LLC,2023-02-22,6.0,,Layoff Permanent,ca_2022_23.pdf
CA,Ruggable LLC,2023-02-22,30.0,,Layoff Permanent,ca_2022_23.pdf
CA,Ruggable LLC,2023-02-22,1.0,,Layoff Permanent,ca_2022_23.pdf
CA,Collins Pine Company,2023-02-23,51.0,,Layoff Temporary,ca_2022_23.pdf
CA,"UserTesting, Inc.",2023-02-23,63.0,,Layoff Permanent,ca_2022_23.pdf
CA,"AeroVironment, Inc.",2023-02-23,17.0,,Layoff Permanent,ca_2022_23.pdf
CA,The Capital Group Companies Inc.,2023-02-24,78.0,,Layoff Permanent,ca_2022_23.pdf
CA,The Capital Group Companies Inc.,2023-02-24,112.0,,Layoff Permanent,ca_2022_23.pdf
CA,Foster Dairy Farms,2023-02-24,65.0,,Closure Permanent,ca_2022_23.pdf
CA,Lendlease (US) Services Inc.,2023-02-24,67.0,,Layoff Permanent,ca_2022_23.pdf
CA,Gordon Laboratories Inc,2023-02-24,62.0,,Closure Permanent,ca_2022_23.pdf
CA,"Security Industry Specialists, Inc.",2023-02-24,115.0,,Layoff Permanent,ca_2022_23.pdf
CA,"Security Industry Specialists, Inc",2023-02-24,416.0,,Layoff Permanent,ca_2022_23.pdf
CA,"Security Industry Specialists, Inc.",2023-02-24,87.0,,Layoff Permanent,ca_2022_23.pdf
CA,American General Life Insurance Company,2023-02-27,163.0,,Layoff Permanent,ca_2022_23.pdf
CA,"Cerebral, Inc.",2023-02-27,31.0,,Layoff Permanent,ca_2022_23.pdf
CA,"Herbalife International of America, Inc.",2023-02-27,1.0,,Layoff Permanent,ca_2022_23.pdf
CA,"Herbalife International of America, Inc.",2023-02-27,7.0,,Layoff Permanent,ca_2022_23.pdf
CA,"Herbalife International of America, Inc.",2023-02-27,11.0,,Layoff Permanent,ca_2022_23.pdf
CA,"Hyperloop Technologies, Inc. dba Hyperloop One",2023-02-28,5.0,,Layoff Permanent,ca_2022_23.pdf
CA,"Yanka Industries, Inc. dba MasterClass",2023-02-28,89.0,,Layoff Permanent,ca_2022_23.pdf
CA,"Tasteful Selections, Inc.",2023-02-28,54.0,,Layoff Permanent,ca_2022_23.pdf
CA,"Tasteful Selections, Inc.",2023-02-28,1.0,,Layoff Permanent,ca_2022_23.pdf
CA,"COR Restaurant Services, LLC with Chick-fil-A, Inc.",2023-02-28,85.0,,Closure Temporary,ca_2022_23.pdf
CA,Flex LTD,2023-02-28,10.0,,Layoff Permanent,ca_2022_23.pdf
CA,"Johnson & Johnson Services, Inc.",2023-03-01,1.0,,Layoff Permanent,ca_2022_23.pdf
CA,"Medical Device Business Services, Inc.",2023-03-01,5.0,,Layoff Permanent,ca_2022_23.pdf
CA,"Auris Health, Inc.",2023-03-01,223.0,,Layoff Permanent,ca_2022_23.pdf
CA,"Auris Health, Inc.",2023-03-01,69.0,,Layoff Permanent,ca_2022_23.pdf
CA,Verb Surgical Inc.,2023-03-01,47.0,,Layoff Permanent,ca_2022_23.pdf
CA,CSATS Inc.,2023-03-01,3.0,,Layoff Permanent,ca_2022_23.pdf
CA,Ethicon Endo-Surgery Inc.,2023-03-01,4.0,,Layoff Permanent,ca_2022_23.pdf
CA,Waymo LLC,2023-03-01,111.0,,Layoff Permanent,ca_2022_23.pdf
CA,Waymo LLC,2023-03-01,1.0,,Layoff Permanent,ca_2022_23.pdf
CA,Graphite Bio,2023-03-01,3.0,,Layoff Permanent,ca_2022_23.pdf
CA,Graphite Bio,2023-03-01,2.0,,Layoff Permanent,ca_2022_23.pdf
CA,Graphite Bio,2023-03-01,14.0,,Layoff Permanent,ca_2022_23.pdf
CA,Graphite Bio,2023-03-01,7.0,,Layoff Permanent,ca_2022_23.pdf
CA,Graphite Bio,2023-03-01,33.0,,Layoff Permanent,ca_2022_23.pdf
CA,"Medical Device Business Services, Inc.",2023-03-01,3.0,,Layoff Permanent,ca_2022_23.pdf
CA,"Clif Bar & Company, LLC",2023-03-02,34.0,,Layoff Permanent,ca_2022_23.pdf
CA,"Ajinomoto Foods North America, Inc.",2023-03-02,48.0,,Layoff Permanent,ca_2022_23.pdf
CA,"Embark Trucks, Inc.",2023-03-03,109.0,,Layoff Permanent,ca_2022_23.pdf
CA,"Coherus BioSciences, Inc.",2023-03-03,51.0,,Layoff Permanent,ca_2022_23.pdf
CA,KLA Corporation,2023-03-03,72.0,,Layoff Permanent,ca_2022_23.pdf
CA,Boot Barn,2023-03-03,59.0,,Layoff Permanent,ca_2022_23.pdf
CA,"AeroVironment, Inc.",2023-03-06,62.0,,Layoff Permanent,ca_2022_23.pdf
CA,"Atlassian US, Inc.",2023-03-06,268.0,,Layoff Permanent,ca_2022_23.pdf
CA,Vinci Brands LLC,2023-03-06,45.0,,Layoff Permanent,ca_2022_23.pdf
CA,Vinci Brands LLC,2023-03-06,10.0,,Layoff Permanent,ca_2022_23.pdf
CA,Microsoft,2023-03-06,54.0,,Layoff Permanent,ca_2022_23.pdf
CA,Microsoft,2023-03-06,1.0,,Layoff Permanent,ca_2022_23.pdf
CA,Microsoft,2023-03-06,1.0,,Layoff Permanent,ca_2022_23.pdf
CA,Thermo Fisher Scientific,2023-03-07,123.0,,Layoff Permanent,ca_2022_23.pdf
CA,Thermo Fisher Scientific,2023-03-07,12.0,,Layoff Permanent,ca_2022_23.pdf
CA,Thermo Fisher Scientific,2023-03-07,19.0,,Layoff Permanent,ca_2022_23.pdf
CA,"CoStar Group, Inc.",2023-03-08,62.0,,Layoff Permanent,ca_2022_23.pdf
CA,Scripps Health - Corporate 1,2023-03-08,2.0,,Layoff Permanent,ca_2022_23.pdf
CA,Scripps Health - Corporate 3,2023-03-08,2.0,,Layoff Permanent,ca_2022_23.pdf
CA,Scripps Mercy Hospital,2023-03-08,2.0,,Layoff Permanent,ca_2022_23.pdf
CA,Scripps Memorial Hospital La Jolla,2023-03-08,1.0,,Layoff Permanent,ca_2022_23.pdf
CA,Scripps Health Corporate IS Office,2023-03-08,63.0,,Layoff Permanent,ca_2022_23.pdf
CA,"Salesforce, Inc.",2023-03-09,55.0,,Layoff Permanent,ca_2022_23.pdf
CA,"Herbalife International of America, Inc.",2023-03-13,12.0,,Layoff Permanent,ca_2022_23.pdf
CA,"Herbalife International of America, Inc.",2023-03-13,40.0,,Layoff Permanent,ca_2022_23.pdf
CA,"Herbalife International of America, Inc.",2023-03-13,26.0,,Layoff Permanent,ca_2022_23.pdf
CA,Silvergate Bank,2023-03-13,260.0,,Layoff Permanent,ca_2022_23.pdf
CA,Coherent Corp.,2023-03-14,108.0,,Layoff Permanent,ca_2022_23.pdf
CA,CEVA Logistics,2023-03-14,19.0,,Closure Permanent,ca_2022_23.pdf
CA,BrassCraft Manufacturing Company,2023-03-15,137.0,,Closure Permanent,ca_2022_23.pdf
CA,Cresco Labs,2023-03-15,25.0,,Closure Permanent,ca_2022_23.pdf
CA,Cresco Labs Corporate Headquarters,2023-03-15,1.0,,Closure Permanent,ca_2022_23.pdf
CA,La Habra Facility,2023-03-15,17.0,,Closure Permanent,ca_2022_23.pdf
CA,Cresco Labs,2023-03-15,44.0,,Closure Permanent,ca_2022_23.pdf
CA,Amgen Inc.,2023-03-16,425.0,,Layoff Permanent,ca_2022_23.pdf
CA,"Custom Control Sensors, LLC",2023-03-17,127.0,,Closure Permanent,ca_2022_23.pdf
CA,"Natera, Inc.",2023-03-17,59.0,,Layoff Permanent,ca_2022_23.pdf
CA,"Ferring Research Institute, Inc.",2023-03-20,89.0,,Closure Permanent,ca_2022_23.pdf
CA,Logitech Inc.,2023-03-20,52.0,,Layoff Permanent,ca_2022_23.pdf
CA,Logitech Inc.,2023-03-20,15.0,,Layoff Permanent,ca_2022_23.pdf
CA,Logitech Inc.,2023-03-20,3.0,,Layoff Permanent,ca_2022_23.pdf
CA,"Stir Foods, LLC",2023-03-21,12.0,,Closure Permanent,ca_2022_23.pdf
CA,"Stir Foods, LLC",2023-03-21,11.0,,Closure Permanent,ca_2022_23.pdf
CA,"Glassdoor, Inc.",2023-03-22,130.0,,Layoff Permanent,ca_2022_23.pdf
CA,"Marvell Semiconductor, Inc.",2023-03-22,96.0,,Layoff Permanent,ca_2022_23.pdf
CA,"Marvell Semiconductor, Inc",2023-03-22,29.0,,Layoff Permanent,ca_2022_23.pdf
CA,"Marvell Semiconductor, Inc.",2023-03-22,4.0,,Layoff Permanent,ca_2022_23.pdf
CA,Topa Insurance Group and Topa Insurance Company,2023-03-22,87.0,,Layoff Permanent,ca_2022_23.pdf
CA,"Greenheck Fan Corporation (Unison Comfort
Technologies)",2023-03-23,25.0,,Closure Permanent,ca_2022_23.pdf
CA,The Michaels Companies,2023-03-23,160.0,,Layoff Permanent,ca_2022_23.pdf
CA,"Genentech, Inc.",2023-03-23,271.0,,Layoff Permanent,ca_2022_23.pdf
CA,Nutiva,2023-03-24,63.0,,Closure Permanent,ca_2022_23.pdf
CA,"Aspiration Partners, Inc.",2023-03-24,180.0,,Layoff Permanent,ca_2022_23.pdf
CA,"Restoration Hardware, Inc.",2023-03-24,58.0,,Layoff Permanent,ca_2022_23.pdf
CA,"Aspiration Partners, Inc",2023-03-24,12.0,Marina Del Rey,Large Layoff - 10 or more workers,warn_or.json
CA,Microsoft,2023-03-27,19.0,,Layoff Permanent,ca_2022_23.pdf
CA,Microsoft,2023-03-27,1.0,,Layoff Permanent,ca_2022_23.pdf
CA,Microsoft,2023-03-27,1.0,,Layoff Permanent,ca_2022_23.pdf
CA,International Vitamin Corporation IVC,2023-03-27,52.0,,Closure Permanent,ca_2022_23.pdf
CA,"The Hillman Group, Inc.",2023-03-28,62.0,,Closure Permanent,ca_2022_23.pdf
CA,Sharp,2023-03-28,118.0,,Closure Permanent,ca_2022_23.pdf
CA,"Zume, Inc.",2023-03-28,58.0,,Closure Permanent,ca_2022_23.pdf
CA,Childhelp Inc.,2023-03-29,110.0,,Layoff Permanent,ca_2022_23.pdf
CA,"Stratasys, Inc.",2023-03-29,23.0,,Closure Permanent,ca_2022_23.pdf
CA,"Medtronic, Inc.",2023-03-29,59.0,,Closure Permanent,ca_2022_23.pdf
CA,"Salesforce, Inc.",2023-03-30,86.0,,Layoff Permanent,ca_2022_23.pdf
CA,"Roku, Inc.",2023-03-30,91.0,,Layoff Permanent,ca_2022_23.pdf
CA,Jabil Inc.,2023-03-30,57.0,,Layoff Permanent,ca_2022_23.pdf
CA,Schneider Electric,2023-03-30,8.0,,Layoff Permanent,ca_2022_23.pdf
CA,99 Cents Only Stores LLC,2023-03-30,52.0,,Layoff Permanent,ca_2022_23.pdf
CA,Quallion LLC,2023-03-30,115.0,,Closure Permanent,ca_2022_23.pdf
CA,The Fashion Institute of Design & Merchandising (FIDM),2023-03-30,107.0,,Layoff Permanent,ca_2022_23.pdf
CA,Novipax Buyer LLC,2023-03-30,69.0,,Layoff Permanent,ca_2022_23.pdf
CA,"Virgin Orbit, LLC",2023-03-30,58.0,,Layoff Permanent,ca_2022_23.pdf
CA,"Virgin Orbit, LLC",2023-03-30,603.0,,Layoff Permanent,ca_2022_23.pdf
CA,"Lucid USA, Inc.",2023-03-31,133.0,,Layoff Permanent,ca_2022_23.pdf
CA,"The Shyft Group GTB, LLC",2023-03-31,60.0,,Closure Permanent,ca_2022_23.pdf
CA,Walmart,2023-03-31,953.0,,Layoff Permanent,ca_2022_23.pdf
CA,"Viasat, Inc",2023-03-31,107.0,,Layoff Permanent,ca_2022_23.pdf
CA,"Viasat, Inc",2023-03-31,4.0,,Layoff Permanent,ca_2022_23.pdf
CA,"Flagship Facility Services, Inc.",2023-03-31,9.0,,Layoff Permanent,ca_2022_23.pdf
CA,"Flagship Facility Services, Inc.",2023-03-31,13.0,,Layoff Permanent,ca_2022_23.pdf
CA,"Flagship Facility Services, Inc.",2023-03-31,17.0,,Layoff Permanent,ca_2022_23.pdf
CA,"Flagship Facility Services, Inc.",2023-03-31,4.0,,Layoff Permanent,ca_2022_23.pdf
CA,"Flagship Facility Services, Inc.",2023-03-31,3.0,,Layoff Permanent,ca_2022_23.pdf
CA,"Flagship Facility Services, Inc.",2023-03-31,1.0,,Layoff Permanent,ca_2022_23.pdf
CA,"Flagship Facility Services, Inc.",2023-03-31,2.0,,Layoff Permanent,ca_2022_23.pdf
CA,"Flagship Facility Services, Inc.",2023-03-31,2.0,,Layoff Permanent,ca_2022_23.pdf
CA,Oishii Farm Corporation,2023-04-01,3.0,,Closure Permanent,ca_2022_23.pdf
CA,"Hollywood Palladium, a subsidiary of Live Nation
Entertainment, Inc.",2023-04-01,509.0,,Closure Temporary,ca_2022_23.pdf
CA,The Testing Company LLC,2023-04-03,143.0,,Closure Permanent,ca_2022_23.pdf
CA,"Sober Living by the Sea, Inc.",2023-04-03,39.0,,Closure Permanent,ca_2022_23.pdf
CA,Twitch,2023-04-03,153.0,,Layoff Permanent,ca_2022_23.pdf
CA,"NGM Biopharmaceuticals, Inc.",2023-04-04,75.0,,Layoff Permanent,ca_2022_23.pdf
CA,International Business Machines Corporation (IBM),2023-04-04,47.0,,Layoff Permanent,ca_2022_23.pdf
CA,"Hawthorne Hydroponics LLC an affiliate of The Scotts
Company LLC",2023-04-04,76.0,,Closure Permanent,ca_2022_23.pdf
CA,"Hawthorne Hydroponics LLC an affiliate of The Scotts
Company LLC",2023-04-04,1.0,,Closure Permanent,ca_2022_23.pdf
CA,International Business Machines Corporation (IBM),2023-04-04,53.0,,Layoff Permanent,ca_2022_23.pdf
CA,First Transit,2023-04-04,241.0,,Layoff Permanent,ca_2022_23.pdf
CA,"Myovant Sciences, Inc.",2023-04-04,94.0,,Layoff Permanent,ca_2022_23.pdf
CA,First Transit,2023-04-04,181.0,,Layoff Permanent,ca_2022_23.pdf
CA,"General Atomics Aeronautical Systems, Inc.",2023-04-04,1.0,,Layoff Permanent,ca_2022_23.pdf
CA,"General Atomics Aeronautical Systems, Inc.",2023-04-04,2.0,,Layoff Permanent,ca_2022_23.pdf
CA,"General Atomics Aeronautical Systems, Inc.",2023-04-04,6.0,,Layoff Permanent,ca_2022_23.pdf
CA,"General Atomics Aeronautical Systems, Inc.",2023-04-04,3.0,,Layoff Permanent,ca_2022_23.pdf
CA,"General Atomics Aeronautical Systems, Inc.",2023-04-04,1.0,,Layoff Permanent,ca_2022_23.pdf
CA,"General Atomics Aeronautical Systems, Inc.",2023-04-04,12.0,,Layoff Permanent,ca_2022_23.pdf
CA,"General Atomics Aeronautical Systems, Inc.",2023-04-04,117.0,,Layoff Permanent,ca_2022_23.pdf
CA,"General Atomics Aeronautical Systems, Inc.",2023-04-04,2.0,,Layoff Permanent,ca_2022_23.pdf
CA,"General Atomics Aeronautical Systems, Inc.",2023-04-04,5.0,,Layoff Permanent,ca_2022_23.pdf
CA,"General Atomics Aeronautical Systems, Inc.",2023-04-04,15.0,,Layoff Permanent,ca_2022_23.pdf
CA,"General Atomics Aeronautical Systems, Inc.",2023-04-04,2.0,,Layoff Permanent,ca_2022_23.pdf
CA,"General Atomics Aeronautical Systems, Inc.",2023-04-04,23.0,,Layoff Permanent,ca_2022_23.pdf
CA,"General Atomics Aeronautical Systems, Inc.",2023-04-04,9.0,,Layoff Permanent,ca_2022_23.pdf
CA,"General Atomics Aeronautical Systems, Inc.",2023-04-04,3.0,,Layoff Permanent,ca_2022_23.pdf
CA,"General Atomics Aeronautical Systems, Inc.",2023-04-04,1.0,,Layoff Permanent,ca_2022_23.pdf
CA,"General Atomics Aeronautical Systems, Inc.",2023-04-04,13.0,,Layoff Permanent,ca_2022_23.pdf
CA,"General Atomics Aeronautical Systems, Inc.",2023-04-04,1.0,,Layoff Permanent,ca_2022_23.pdf
CA,"General Atomics Aeronautical Systems, Inc.",2023-04-04,14.0,,Layoff Permanent,ca_2022_23.pdf
CA,"General Atomics Aeronautical Systems, Inc.",2023-04-04,144.0,,Layoff Permanent,ca_2022_23.pdf
CA,"General Atomics Aeronautical Systems, Inc.",2023-04-04,2.0,,Layoff Permanent,ca_2022_23.pdf
CA,"Virgin Orbit, LLC",2023-04-04,6.0,,Layoff Permanent,ca_2022_23.pdf
CA,"Virgin Orbit, LLC",2023-04-04,86.0,,Layoff Permanent,ca_2022_23.pdf
CA,"Amplitude, Inc.",2023-04-05,83.0,,Layoff Permanent,ca_2022_23.pdf
CA,"Printful, Inc.",2023-04-05,56.0,,Closure Permanent,ca_2022_23.pdf
CA,"Gobble Holdings, Inc",2023-04-05,81.0,,Closure Permanent,ca_2022_23.pdf
CA,Accenture,2023-04-05,75.0,,Layoff Permanent,ca_2022_23.pdf
CA,"ITS Technologies & Logistics, LLC",2023-04-07,110.0,,Closure Permanent,ca_2022_23.pdf
CA,Raytheon Technologies,2023-04-07,175.0,,Layoff Permanent,ca_2022_23.pdf
CA,Ademco Inc.,2023-04-10,49.0,,Closure Permanent,ca_2022_23.pdf
CA,Ademco Inc.,2023-04-10,49.0,,Closure Permanent,ca_2022_23.pdf
CA,Ademco Inc.,2023-04-10,72.0,,Closure Permanent,ca_2022_23.pdf
CA,"Herbalife International of America, Inc.",2023-04-10,12.0,,Layoff Permanent,ca_2022_23.pdf
CA,"Herbalife International of America, Inc.",2023-04-10,26.0,,Layoff Permanent,ca_2022_23.pdf
CA,"Herbalife International of America, Inc.",2023-04-10,41.0,,Layoff Permanent,ca_2022_23.pdf
CA,Cepheid,2023-04-11,46.0,,Layoff Permanent,ca_2022_23.pdf
CA,Cepheid,2023-04-11,222.0,,Layoff Permanent,ca_2022_23.pdf
CA,Cepheid,2023-04-11,6.0,,Layoff Permanent,ca_2022_23.pdf
CA,Cepheid,2023-04-11,343.0,,Layoff Permanent,ca_2022_23.pdf
CA,Cepheid,2023-04-11,1.0,,Layoff Permanent,ca_2022_23.pdf
CA,Cepheid,2023-04-11,1.0,,Layoff Permanent,ca_2022_23.pdf
CA,Cepheid,2023-04-11,1.0,,Layoff Permanent,ca_2022_23.pdf
CA,Cepheid,2023-04-11,1.0,,Layoff Permanent,ca_2022_23.pdf
CA,Cepheid,2023-04-11,1.0,,Layoff Permanent,ca_2022_23.pdf
CA,Cepheid,2023-04-11,1.0,,Layoff Permanent,ca_2022_23.pdf
CA,Cepheid,2023-04-11,1.0,,Layoff Permanent,ca_2022_23.pdf
CA,Cepheid,2023-04-11,1.0,,Layoff Permanent,ca_2022_23.pdf
CA,Cepheid,2023-04-11,58.0,,Layoff Permanent,ca_2022_23.pdf
CA,Cepheid,2023-04-11,1.0,,Layoff Permanent,ca_2022_23.pdf
CA,Cepheid,2023-04-11,1.0,,Layoff Permanent,ca_2022_23.pdf
CA,Cepheid,2023-04-11,1.0,,Layoff Permanent,ca_2022_23.pdf
CA,Thermo Fisher Scientific,2023-04-11,29.0,,Layoff Permanent,ca_2022_23.pdf
CA,Thermo Fisher Scientific,2023-04-11,52.0,,Layoff Permanent,ca_2022_23.pdf
CA,Thermo Fisher Scientific,2023-04-11,137.0,,Layoff Permanent,ca_2022_23.pdf
CA,Safeway,2023-04-12,65.0,,Closure Permanent,ca_2022_23.pdf
CA,"Emerald Cloud Lab, Inc.",2023-04-14,30.0,,Closure Permanent,ca_2022_23.pdf
CA,Intel Corporation,2023-04-14,62.0,,Layoff Permanent,ca_2022_23.pdf
CA,Alto Systems,2023-04-14,4.0,,Layoff Permanent,ca_2022_23.pdf
CA,TeamOne,2023-04-14,174.0,,Closure Permanent,ca_2022_23.pdf
CA,Sacramento Self Help Housing,2023-04-14,168.0,,Closure Permanent,ca_2022_23.pdf
CA,Intel Corporation,2023-04-14,57.0,,Layoff Permanent,ca_2022_23.pdf
CA,Nektar Therapeutics,2023-04-17,72.0,,Layoff Permanent,ca_2022_23.pdf
CA,Wells Fargo,2023-04-18,39.0,,Layoff Permanent,ca_2022_23.pdf
CA,Wells Fargo,2023-04-18,8.0,,Layoff Permanent,ca_2022_23.pdf
CA,Wells Fargo,2023-04-18,2.0,,Layoff Permanent,ca_2022_23.pdf
CA,Wells Fargo,2023-04-18,3.0,,Layoff Permanent,ca_2022_23.pdf
CA,Entekra LLC,2023-04-18,111.0,,Closure Permanent,ca_2022_23.pdf
CA,Entekra LLC,2023-04-18,27.0,,Closure Permanent,ca_2022_23.pdf
CA,Electronic Arts Inc.,2023-04-19,65.0,,Layoff Permanent,ca_2022_23.pdf
CA,Cedars-Sinai Medical Center,2023-04-20,124.0,,Layoff Permanent,ca_2022_23.pdf
CA,Cedars-Sinai Medical Center,2023-04-20,1.0,,Layoff Permanent,ca_2022_23.pdf
CA,Cedars-Sinai Medical Center,2023-04-20,1.0,,Layoff Permanent,ca_2022_23.pdf
CA,Cedars-Sinai Medical Center,2023-04-20,3.0,,Layoff Permanent,ca_2022_23.pdf
CA,Cedars-Sinai Medical Center,2023-04-20,1.0,,Layoff Permanent,ca_2022_23.pdf
CA,Cedars-Sinai Medical Center,2023-04-20,1.0,,Layoff Permanent,ca_2022_23.pdf
CA,Cedars-Sinai Medical Center,2023-04-20,1.0,,Layoff Permanent,ca_2022_23.pdf
CA,Cedars-Sinai Medical Center,2023-04-20,2.0,,Layoff Permanent,ca_2022_23.pdf
CA,Cedars-Sinai Medical Center,2023-04-20,2.0,,Layoff Permanent,ca_2022_23.pdf
CA,Cedars-Sinai Medical Center,2023-04-20,1.0,,Layoff Permanent,ca_2022_23.pdf
CA,Cedars-Sinai Medical Center,2023-04-20,1.0,,Layoff Permanent,ca_2022_23.pdf
CA,Cedars-Sinai Medical Center,2023-04-20,3.0,,Layoff Permanent,ca_2022_23.pdf
CA,Cedars-Sinai Medical Center,2023-04-20,1.0,,Layoff Permanent,ca_2022_23.pdf
CA,Cedars-Sinai Medical Center,2023-04-20,1.0,,Layoff Permanent,ca_2022_23.pdf
CA,Cedars-Sinai Medical Center,2023-04-20,1.0,,Layoff Permanent,ca_2022_23.pdf
CA,Cedars-Sinai Medical Center,2023-04-20,1.0,,Layoff Permanent,ca_2022_23.pdf
CA,Accenture,2023-04-20,148.0,,Layoff Permanent,ca_2022_23.pdf
CA,Zymergen Inc,2023-04-21,27.0,,Layoff Permanent,ca_2022_23.pdf
CA,"Barton Brands of California, Inc.",2023-04-21,50.0,,Closure Permanent,ca_2022_23.pdf
CA,Wetmore Tool and Engineering Company,2023-04-24,102.0,,Closure Permanent,ca_2022_23.pdf
CA,"Meta Platforms, Inc.",2023-04-24,44.0,,Layoff Permanent,ca_2022_23.pdf
CA,"Meta Platforms, Inc.",2023-04-24,27.0,,Layoff Permanent,ca_2022_23.pdf
CA,"Meta Platforms, Inc.",2023-04-24,40.0,,Layoff Permanent,ca_2022_23.pdf
CA,"Meta Platforms, Inc.",2023-04-24,41.0,,Layoff Permanent,ca_2022_23.pdf
CA,"Meta Platforms, Inc.",2023-04-24,2.0,,Layoff Permanent,ca_2022_23.pdf
CA,"Meta Platforms, Inc.",2023-04-24,18.0,,Layoff Permanent,ca_2022_23.pdf
CA,"Meta Platforms, Inc.",2023-04-24,34.0,,Layoff Permanent,ca_2022_23.pdf
CA,"Meta Platforms, Inc.",2023-04-24,26.0,,Layoff Permanent,ca_2022_23.pdf
CA,"Meta Platforms, Inc.",2023-04-24,12.0,,Layoff Permanent,ca_2022_23.pdf
CA,"Meta Platforms, Inc.",2023-04-24,41.0,,Layoff Permanent,ca_2022_23.pdf
CA,"Meta Platforms, Inc.",2023-04-24,3.0,,Layoff Permanent,ca_2022_23.pdf
CA,"Meta Platforms, Inc.",2023-04-24,4.0,,Layoff Permanent,ca_2022_23.pdf
CA,"Meta Platforms, Inc.",2023-04-24,3.0,,Layoff Permanent,ca_2022_23.pdf
CA,"Meta Platforms, Inc.",2023-04-24,3.0,,Layoff Permanent,ca_2022_23.pdf
CA,"Meta Platforms, Inc.",2023-04-24,6.0,,Layoff Permanent,ca_2022_23.pdf
CA,"Meta Platforms, Inc.",2023-04-24,39.0,,Layoff Permanent,ca_2022_23.pdf
CA,"Meta Platforms, Inc.",2023-04-24,57.0,,Layoff Permanent,ca_2022_23.pdf
CA,"Meta Platforms, Inc.",2023-04-24,70.0,,Layoff Permanent,ca_2022_23.pdf
CA,"Meta Platforms, Inc.",2023-04-24,79.0,,Layoff Permanent,ca_2022_23.pdf
CA,"Meta Platforms, Inc.",2023-04-24,25.0,,Layoff Permanent,ca_2022_23.pdf
CA,"Meta Platforms, Inc.",2023-04-24,114.0,,Layoff Permanent,ca_2022_23.pdf
CA,"Meta Platforms, Inc.",2023-04-24,91.0,,Layoff Permanent,ca_2022_23.pdf
CA,"Meta Platforms, Inc.",2023-04-24,118.0,,Layoff Permanent,ca_2022_23.pdf
CA,"Meta Platforms, Inc.",2023-04-24,30.0,,Layoff Permanent,ca_2022_23.pdf
CA,"Meta Platforms, Inc.",2023-04-24,32.0,,Layoff Permanent,ca_2022_23.pdf
CA,"Meta Platforms, Inc.",2023-04-24,15.0,,Layoff Permanent,ca_2022_23.pdf
CA,"Meta Platforms, Inc.",2023-04-24,57.0,,Layoff Permanent,ca_2022_23.pdf
CA,"Meta Platforms, Inc.",2023-04-24,35.0,,Layoff Permanent,ca_2022_23.pdf
CA,"Meta Platforms, Inc.",2023-04-24,42.0,,Layoff Permanent,ca_2022_23.pdf
CA,"Meta Platforms, Inc.",2023-04-24,53.0,,Layoff Permanent,ca_2022_23.pdf
CA,"Meta Platforms, Inc.",2023-04-24,63.0,,Layoff Permanent,ca_2022_23.pdf
CA,"Meta Platforms, Inc.",2023-04-24,17.0,,Layoff Permanent,ca_2022_23.pdf
CA,"Meta Platforms, Inc.",2023-04-24,119.0,,Layoff Permanent,ca_2022_23.pdf
CA,"Meta Platforms, Inc.",2023-04-24,127.0,,Layoff Permanent,ca_2022_23.pdf
CA,"Meta Platforms, Inc.",2023-04-24,19.0,,Layoff Permanent,ca_2022_23.pdf
CA,Bed Bath & Beyond Store 0020,2023-04-24,52.0,,Closure Permanent,ca_2022_23.pdf
CA,Bed Bath & Beyond Store #0031,2023-04-24,48.0,,Closure Permanent,ca_2022_23.pdf
CA,Waste Management,2023-04-25,78.0,,Layoff Permanent,ca_2022_23.pdf
CA,"CJ Logistics America, LLC",2023-04-25,92.0,,Closure Permanent,ca_2022_23.pdf
CA,"Jenny Craig (JC) USA, Inc.",2023-04-25,146.0,,Closure Permanent,ca_2022_23.pdf
CA,"CJ Logistics America, LLC",2023-04-25,48.0,,Closure Permanent,ca_2022_23.pdf
CA,Alstom Mass Transit Corp.,2023-04-25,50.0,,Layoff Permanent,ca_2022_23.pdf
CA,Alstom Mass Transit Corp.,2023-04-25,10.0,,Layoff Permanent,ca_2022_23.pdf
CA,Alstom Mass Transit Corp.,2023-04-25,31.0,,Layoff Permanent,ca_2022_23.pdf
CA,"David's Bridal, LLC",2023-04-25,38.0,,Layoff Permanent,ca_2022_23.pdf
CA,"David&rsquo;s Bridal, LLC",2023-04-25,29.0,,Layoff Permanent,ca_2023_24.pdf
CA,"David&rsquo;s Bridal, LLC",2023-04-25,31.0,,Layoff Permanent,ca_2023_24.pdf
CA,"David&rsquo;s Bridal, LLC",2023-04-25,47.0,,Layoff Permanent,ca_2023_24.pdf
CA,"David&rsquo;s Bridal, LLC",2023-04-25,29.0,,Layoff Permanent,ca_2023_24.pdf
CA,"David&rsquo;s Bridal, LLC",2023-04-25,35.0,,Layoff Permanent,ca_2023_24.pdf
CA,"David&rsquo;s Bridal, LLC",2023-04-25,35.0,,Layoff Permanent,ca_2023_24.pdf
CA,"David&rsquo;s Bridal, LLC",2023-04-25,27.0,,Layoff Permanent,ca_2023_24.pdf
CA,"David's Bridal, LLC",2023-04-25,18.0,,Layoff Permanent,ca_2023_24.pdf
CA,"David's Bridal, LLC",2023-04-25,27.0,,Layoff Permanent,ca_2023_24.pdf
CA,"David's Bridal, LLC",2023-04-25,34.0,,Layoff Permanent,ca_2023_24.pdf
CA,"David's Bridal, LLC",2023-04-25,46.0,,Layoff Permanent,ca_2023_24.pdf
CA,"David&rsquo;s Bridal, LLC",2023-04-25,38.0,,Layoff Permanent,ca_2023_24.pdf
CA,"David's Bridal, LLC",2023-04-25,40.0,,Layoff Permanent,ca_2023_24.pdf
CA,Beverly Hospital,2023-04-26,54.0,,Closure Temporary,ca_2022_23.pdf
CA,Beverly Hospital,2023-04-26,5.0,,Closure Permanent,ca_2022_23.pdf
CA,Beverly Hospital,2023-04-26,9.0,,Closure Permanent,ca_2022_23.pdf
CA,Unical Aviation LLC,2023-04-26,155.0,,Closure Permanent,ca_2022_23.pdf
CA,"Sangamo Therapeutics, Inc.",2023-04-26,30.0,,Layoff Permanent,ca_2022_23.pdf
CA,Sangamo Therapeutics,2023-04-26,25.0,,Layoff Permanent,ca_2022_23.pdf
CA,Sangamo Therapeutics Suite 130,2023-04-26,2.0,,Layoff Permanent,ca_2022_23.pdf
CA,Cal Poly Corporation,2023-04-26,149.0,,Layoff Permanent,ca_2022_23.pdf
CA,"Telesis Technologies, Inc.",2023-04-26,3.0,,Closure Permanent,ca_2022_23.pdf
CA,"Alteryx, Inc.",2023-04-27,65.0,,Layoff Permanent,ca_2022_23.pdf
CA,"Dropbox, Inc.",2023-04-27,182.0,,Layoff Permanent,ca_2022_23.pdf
CA,"Lyft, Inc.",2023-04-27,383.0,,Layoff Permanent,ca_2022_23.pdf
CA,Cushman & Wakefield U.S. Inc.,2023-04-27,2.0,,Layoff Permanent,ca_2022_23.pdf
CA,Cushman & Wakefield U.S. Inc. - Marine Way,2023-04-27,594.0,,Layoff Permanent,ca_2022_23.pdf
CA,Cushman & Wakefield U.S. Inc.,2023-04-27,133.0,,Layoff Permanent,ca_2022_23.pdf
CA,Cushman & Wakefield U.S. Inc.,2023-04-27,1.0,,Layoff Permanent,ca_2022_23.pdf
CA,Cushman & Wakefield U.S. Inc.,2023-04-27,1.0,,Layoff Permanent,ca_2022_23.pdf
CA,Cushman & Wakefield U.S. Inc. - Virtual,2023-04-27,2.0,,Layoff Permanent,ca_2022_23.pdf
CA,Inova Labs (Aria),2023-04-27,37.0,,Closure Permanent,ca_2022_23.pdf
CA,"Urovant Sciences, Inc.",2023-04-27,22.0,,Layoff Permanent,ca_2022_23.pdf
CA,"Gap, Inc.",2023-04-27,37.0,,Layoff Permanent,ca_2022_23.pdf
CA,"Gap, Inc.",2023-04-27,1.0,,Layoff Permanent,ca_2022_23.pdf
CA,"Gap, Inc.",2023-04-27,84.0,,Layoff Permanent,ca_2022_23.pdf
CA,"Gap, Inc.",2023-04-27,569.0,,Layoff Permanent,ca_2022_23.pdf
CA,"Gap, Inc.",2023-04-27,79.0,,Layoff Permanent,ca_2022_23.pdf
CA,"Gap, Inc.",2023-04-27,15.0,,Layoff Permanent,ca_2022_23.pdf
CA,"Kern Vineyards, Inc.",2023-04-27,125.0,,Layoff Permanent,ca_2022_23.pdf
CA,Winzer Corporation,2023-04-28,3.0,,Closure Permanent,ca_2022_23.pdf
CA,Cue Health Inc.,2023-04-28,95.0,,Layoff Permanent,ca_2022_23.pdf
CA,Cue Health Inc.,2023-04-28,10.0,,Layoff Permanent,ca_2022_23.pdf
CA,Cue Health Inc.,2023-04-28,9.0,,Layoff Permanent,ca_2022_23.pdf
CA,Cue Health Inc.,2023-04-28,4.0,,Layoff Permanent,ca_2022_23.pdf
CA,Cue Health Inc.,2023-04-28,8.0,,Layoff Permanent,ca_2022_23.pdf
CA,Cue Health Inc.,2023-04-28,6.0,,Layoff Permanent,ca_2022_23.pdf
CA,Cue Health Inc.,2023-04-28,62.0,,Layoff Permanent,ca_2022_23.pdf
CA,Cue Health Inc.,2023-04-28,133.0,,Layoff Permanent,ca_2022_23.pdf
CA,Cue Health Inc.,2023-04-28,2.0,,Layoff Permanent,ca_2022_23.pdf
CA,"Makita U.S.A., Inc",2023-04-28,6.0,,Closure Permanent,ca_2022_23.pdf
CA,"Makita U.S.A., Inc",2023-04-28,89.0,,Layoff Permanent,ca_2022_23.pdf
CA,"MV Transportation, Inc.",2023-04-28,31.0,,Layoff Permanent,ca_2022_23.pdf
CA,Summit Public Schools,2023-04-28,1.0,,Layoff Permanent,ca_2022_23.pdf
CA,Summit Public Schools,2023-04-28,4.0,,Layoff Permanent,ca_2022_23.pdf
CA,Summit Public Schools,2023-04-28,29.0,,Layoff Permanent,ca_2022_23.pdf
CA,Summit Public Schools,2023-04-28,3.0,,Layoff Permanent,ca_2022_23.pdf
CA,Summit Public Schools,2023-04-28,2.0,,Layoff Permanent,ca_2022_23.pdf
CA,Summit Public Schools,2023-04-28,20.0,,Layoff Permanent,ca_2022_23.pdf
CA,Summit Public Schools,2023-04-28,20.0,,Layoff Permanent,ca_2022_23.pdf
CA,Cotton On La Mirada Distribution Center,2023-04-28,88.0,,Closure Permanent,ca_2023_24.pdf
CA,Schneider Electric,2023-05-01,43.0,,Closure Permanent,ca_2022_23.pdf
CA,Rubin Postaer and Associates (RPA),2023-05-01,62.0,,Layoff Permanent,ca_2022_23.pdf
CA,"Cala Health, Inc.",2023-05-01,107.0,,Layoff Permanent,ca_2022_23.pdf
CA,"Gordian Medical, Inc. dba Restorix Health",2023-05-01,12.0,,Closure Permanent,ca_2022_23.pdf
CA,"CoStar Group, Inc.",2023-05-01,4.0,,Layoff Permanent,ca_2022_23.pdf
CA,"AppFolio, Inc.",2023-05-01,62.0,,Layoff Permanent,ca_2022_23.pdf
CA,National Express dba Durham School Services,2023-05-01,401.0,,Layoff Permanent,ca_2022_23.pdf
CA,"Takeda Development Centers America, Inc.",2023-05-01,27.0,,Closure Permanent,ca_2022_23.pdf
CA,Swift Beef Company,2023-05-01,161.0,,Layoff Permanent,ca_2022_23.pdf
CA,"Enrollease, Inc. and its affiliated entity Employee
Navigator, LLC",2023-05-01,25.0,,Layoff Permanent,ca_2022_23.pdf
CA,"Healthcare Staffing Professionals, Inc.",2023-05-01,434.0,,Layoff Permanent,ca_2022_23.pdf
CA,Orchid Orthopedic Solutions,2023-05-02,76.0,,Closure Permanent,ca_2022_23.pdf
CA,"Hyperloop Technologies, Inc. dba Hyperloop One",2023-05-02,15.0,,Layoff Permanent,ca_2022_23.pdf
CA,Nordstrom,2023-05-02,333.0,,Closure Permanent,ca_2022_23.pdf
CA,Nordstrom,2023-05-02,46.0,,Closure Permanent,ca_2022_23.pdf
CA,"Patriot Transport, Inc.",2023-05-02,7.0,,Closure Permanent,ca_2022_23.pdf
CA,Pitney Bowes Inc.,2023-05-02,31.0,,Closure Permanent,ca_2022_23.pdf
CA,Wells Fargo,2023-05-02,8.0,,Layoff Permanent,ca_2022_23.pdf
CA,Wells Fargo,2023-05-02,1.0,,Layoff Permanent,ca_2022_23.pdf
CA,Wells Fargo,2023-05-02,1.0,,Layoff Permanent,ca_2022_23.pdf
CA,Suncrest Nurseries,2023-05-02,82.0,,Closure Permanent,ca_2022_23.pdf
CA,"Ground Services International Incorporated, dba dnata",2023-05-02,89.0,,Layoff Permanent,ca_2022_23.pdf
CA,Dreyer's Grand Ice Cream,2023-05-03,306.0,,Layoff Temporary,ca_2022_23.pdf
CA,Dreyer's Grand Ice Cream,2023-05-03,,,Layoff Temporary,ca_2022_23.pdf
CA,"PUMP, LLC dba PUMP Restaurant",2023-05-03,59.0,,Closure Permanent,ca_2022_23.pdf
CA,Unity Technologies,2023-05-03,50.0,,Layoff Permanent,ca_2022_23.pdf
CA,Flex Ltd.,2023-05-04,31.0,,Layoff Permanent,ca_2022_23.pdf
CA,Twist Bioscience Corporation,2023-05-04,197.0,,Layoff Permanent,ca_2022_23.pdf
CA,Twist Bioscience Corporation,2023-05-04,10.0,,Layoff Permanent,ca_2022_23.pdf
CA,Twist Bioscience Corporation,2023-05-04,5.0,,Layoff Permanent,ca_2022_23.pdf
CA,Urban Kitchen Group,2023-05-05,17.0,,Layoff Permanent,ca_2022_23.pdf
CA,Hallcon Commuter Services,2023-05-09,63.0,,Layoff Permanent,ca_2022_23.pdf
CA,BrassCraft Manufacturing Company,2023-05-09,137.0,,Closure Permanent,ca_2022_23.pdf
CA,"Customized Distribution Services, Inc. - Layoff 1",2023-05-10,8.0,,Closure Permanent,ca_2022_23.pdf
CA,"Customized Distribution Services, Inc. - Layoff 2",2023-05-10,13.0,,Closure Permanent,ca_2022_23.pdf
CA,"Customized Distribution Services, Inc. - Layoff 3",2023-05-10,26.0,,Closure Permanent,ca_2022_23.pdf
CA,"Customized Distribution Services, Inc. - Layoff 4",2023-05-10,7.0,,Closure Permanent,ca_2022_23.pdf
CA,"Johnson Matthey Medical Device Components LLC -
Phase 1",2023-05-11,23.0,,Closure Permanent,ca_2022_23.pdf
CA,"Johnson Matthey Medical Device Components LLC -
Phase 2",2023-05-11,38.0,,Closure Permanent,ca_2022_23.pdf
CA,"Johnson Matthey Medical Device Components LLC -
Phase 3",2023-05-11,4.0,,Closure Permanent,ca_2022_23.pdf
CA,Cummins Meritor,2023-05-11,36.0,,Layoff Permanent,ca_2022_23.pdf
CA,Coherent Corp.,2023-05-11,196.0,,Layoff Permanent,ca_2022_23.pdf
CA,"Nuro, Inc.",2023-05-12,252.0,,Layoff Permanent,ca_2022_23.pdf
CA,"Zeku, Inc.",2023-05-12,69.0,,Closure Permanent,ca_2022_23.pdf
CA,"BAE Systems Inc. , San Diego Ship Repair",2023-05-12,275.0,,Layoff Permanent,ca_2022_23.pdf
CA,"Zeku, Inc.",2023-05-12,133.0,,Closure Permanent,ca_2022_23.pdf
CA,"Bell Sports, Inc.",2023-05-12,57.0,,Closure Permanent,ca_2022_23.pdf
CA,CalPlant LLC,2023-05-15,113.0,,Closure Permanent,ca_2022_23.pdf
CA,The Salvation Army,2023-05-17,91.0,,Closure Permanent,ca_2022_23.pdf
CA,Qualcomm Incorporated,2023-05-17,1.0,,Layoff Permanent,ca_2022_23.pdf
CA,Qualcomm Incorporated,2023-05-17,12.0,,Layoff Permanent,ca_2022_23.pdf
CA,Qualcomm Incorporated,2023-05-17,25.0,,Layoff Permanent,ca_2022_23.pdf
CA,Qualcomm Incorporated,2023-05-17,3.0,,Layoff Permanent,ca_2022_23.pdf
CA,Qualcomm Incorporated,2023-05-17,11.0,,Layoff Permanent,ca_2022_23.pdf
CA,Qualcomm Incorporated,2023-05-17,8.0,,Layoff Permanent,ca_2022_23.pdf
CA,Qualcomm Incorporated,2023-05-17,24.0,,Layoff Permanent,ca_2022_23.pdf
CA,Qualcomm Incorporated,2023-05-17,26.0,,Layoff Permanent,ca_2022_23.pdf
CA,Qualcomm Incorporated,2023-05-17,67.0,,Layoff Permanent,ca_2022_23.pdf
CA,Qualcomm Incorporated,2023-05-17,14.0,,Layoff Permanent,ca_2022_23.pdf
CA,Qualcomm Incorporated,2023-05-17,27.0,,Layoff Permanent,ca_2022_23.pdf
CA,Qualcomm Incorporated,2023-05-17,37.0,,Layoff Permanent,ca_2022_23.pdf
CA,Qualcomm Incorporated,2023-05-17,4.0,,Layoff Permanent,ca_2022_23.pdf
CA,Qualcomm Incorporated,2023-05-17,14.0,,Layoff Permanent,ca_2022_23.pdf
CA,Qualcomm Incorporated,2023-05-17,122.0,,Layoff Permanent,ca_2022_23.pdf
CA,Qualcomm Incorporated,2023-05-17,23.0,,Layoff Permanent,ca_2022_23.pdf
CA,Qualcomm Incorporated,2023-05-17,22.0,,Layoff Permanent,ca_2022_23.pdf
CA,Qualcomm Incorporated,2023-05-17,5.0,,Layoff Permanent,ca_2022_23.pdf
CA,Qualcomm Incorporated,2023-05-17,1.0,,Layoff Permanent,ca_2022_23.pdf
CA,Qualcomm Incorporated,2023-05-17,37.0,,Layoff Permanent,ca_2022_23.pdf
CA,Qualcomm Incorporated,2023-05-17,2.0,,Layoff Permanent,ca_2022_23.pdf
CA,Qualcomm Incorporated,2023-05-17,4.0,,Layoff Permanent,ca_2022_23.pdf
CA,Qualcomm Incorporated,2023-05-17,1.0,,Layoff Permanent,ca_2022_23.pdf
CA,Qualcomm Incorporated,2023-05-17,1.0,,Layoff Permanent,ca_2022_23.pdf
CA,Qualcomm Incorporated,2023-05-17,6.0,,Layoff Permanent,ca_2022_23.pdf
CA,Qualcomm Incorporated,2023-05-17,1.0,,Layoff Permanent,ca_2022_23.pdf
CA,Qualcomm Incorporated,2023-05-17,1.0,,Layoff Permanent,ca_2022_23.pdf
CA,Epitomics Inc. d/b/a Abcam Milpitas,2023-05-18,43.0,,Closure Permanent,ca_2022_23.pdf
CA,"Stratasys Direct, Inc",2023-05-19,95.0,,Closure Permanent,ca_2022_23.pdf
CA,"Peet's Coffee, Inc.",2023-05-19,110.0,,Closure Permanent,ca_2022_23.pdf
CA,Amentum at NAS Lemoore,2023-05-19,32.0,,Layoff Permanent,ca_2023_24.pdf
CA,Cornerstone Deliveries,2023-05-21,53.0,,Closure Permanent,ca_2022_23.pdf
CA,"Peloton Interactive, Inc.",2023-05-22,5.0,,Closure Permanent,ca_2022_23.pdf
CA,"TuSimple, Inc.",2023-05-22,151.0,,Layoff Permanent,ca_2022_23.pdf
CA,"Herbalife International of America, Inc.",2023-05-22,12.0,,Layoff Permanent,ca_2022_23.pdf
CA,"Herbalife International of America, Inc.",2023-05-22,26.0,,Layoff Permanent,ca_2022_23.pdf
CA,"Herbalife International of America, Inc.",2023-05-22,57.0,,Layoff Permanent,ca_2022_23.pdf
CA,Amentum at NAS North Island,2023-05-22,73.0,,Layoff Permanent,ca_2023_24.pdf
CA,"Urovant Sciences, Inc.",2023-05-23,1.0,,Layoff Permanent,ca_2022_23.pdf
CA,"Trinity Management Services, Inc.",2023-05-23,32.0,,Layoff Permanent,ca_2022_23.pdf
CA,"Trinity Management Services, Inc.",2023-05-23,1.0,,Layoff Permanent,ca_2022_23.pdf
CA,"Trinity Management Services, Inc.",2023-05-23,7.0,,Layoff Permanent,ca_2022_23.pdf
CA,"Trinity Management Services, Inc.",2023-05-23,1.0,,Layoff Permanent,ca_2022_23.pdf
CA,"Trinity Management Services, Inc.",2023-05-23,9.0,,Layoff Permanent,ca_2022_23.pdf
CA,"Trinity Management Services, Inc.",2023-05-23,7.0,,Layoff Permanent,ca_2022_23.pdf
CA,"Trinity Management Services, Inc.",2023-05-23,1.0,,Layoff Permanent,ca_2022_23.pdf
CA,"Trinity Management Services, Inc.",2023-05-23,5.0,,Layoff Permanent,ca_2022_23.pdf
CA,"Trinity Management Services, Inc.",2023-05-23,1.0,,Layoff Permanent,ca_2022_23.pdf
CA,"Trinity Management Services, Inc.",2023-05-23,1.0,,Layoff Permanent,ca_2022_23.pdf
CA,"Trinity Management Services, Inc.",2023-05-23,10.0,,Layoff Permanent,ca_2022_23.pdf
CA,"Trinity Management Services, Inc.",2023-05-23,6.0,,Layoff Permanent,ca_2022_23.pdf
CA,"Trinity Management Services, Inc.",2023-05-23,14.0,,Layoff Permanent,ca_2022_23.pdf
CA,"Trinity Management Services, Inc.",2023-05-23,6.0,,Layoff Permanent,ca_2022_23.pdf
CA,"Trinity Management Services, Inc.",2023-05-23,1.0,,Layoff Permanent,ca_2022_23.pdf
CA,"Trinity Management Services, Inc.",2023-05-23,6.0,,Layoff Permanent,ca_2022_23.pdf
CA,Western Digital,2023-05-24,81.0,,Layoff Permanent,ca_2022_23.pdf
CA,"Aspiration Partners, Inc.",2023-05-24,26.0,,Layoff Permanent,ca_2022_23.pdf
CA,"ZP Better Together, LLC",2023-05-24,50.0,,Closure Permanent,ca_2022_23.pdf
CA,"ZP Better Together, LLC",2023-05-24,3.0,,Closure Permanent,ca_2022_23.pdf
CA,Aspiration Partners,2023-05-24,3.0,Marina Del Rey,Large Layoff - 10 or more workers,warn_or.json
CA,"Hulu, LLC - 2450",2023-05-25,5.0,,Layoff Permanent,ca_2022_23.pdf
CA,"Hulu, LLC - 2450",2023-05-25,22.0,,Layoff Permanent,ca_2022_23.pdf
CA,"Hulu, LLC",2023-05-25,29.0,,Layoff Permanent,ca_2022_23.pdf
CA,"Hulu, LLC",2023-05-25,6.0,,Layoff Permanent,ca_2022_23.pdf
CA,Western Digital,2023-05-25,211.0,,Layoff Permanent,ca_2022_23.pdf
CA,Disney Streaming Technology LLC,2023-05-25,52.0,,Layoff Permanent,ca_2022_23.pdf
CA,Disney Streaming Technology LLC,2023-05-25,2.0,,Layoff Permanent,ca_2022_23.pdf
CA,Thermo Fisher Scientific,2023-05-25,2.0,,Layoff Permanent,ca_2022_23.pdf
CA,Thermo Fisher Scientific,2023-05-25,1.0,,Layoff Permanent,ca_2022_23.pdf
CA,Thermo Fisher Scientific,2023-05-25,6.0,,Layoff Permanent,ca_2022_23.pdf
CA,Thermo Fisher Scientific,2023-05-25,33.0,,Layoff Permanent,ca_2022_23.pdf
CA,Thermo Fisher Scientific - 5781 Building,2023-05-25,3.0,,Layoff Permanent,ca_2022_23.pdf
CA,Thermo Fisher Scientific,2023-05-25,8.0,,Layoff Permanent,ca_2022_23.pdf
CA,Thermo Fisher Scientific - 5781 Building,2023-05-25,2.0,,Layoff Permanent,ca_2022_23.pdf
CA,Thermo Fisher Scientific - 5781 Building,2023-05-25,32.0,,Layoff Permanent,ca_2022_23.pdf
CA,Thermo Fisher Scientific,2023-05-25,1.0,,Layoff Permanent,ca_2022_23.pdf
CA,Lam Research Corporation,2023-05-25,6.0,,Layoff Permanent,ca_2022_23.pdf
CA,Lam Research Corporation,2023-05-25,155.0,,Layoff Permanent,ca_2022_23.pdf
CA,"Gap, Inc. dba Old Navy Store #5934",2023-05-26,112.0,,Closure Permanent,ca_2022_23.pdf
CA,DHL Supply Chain,2023-05-26,253.0,,Layoff Permanent,ca_2022_23.pdf
CA,"Meta Platforms, Inc.",2023-05-29,35.0,,Layoff Permanent,ca_2022_23.pdf
CA,"Meta Platforms, Inc.",2023-05-29,73.0,,Layoff Permanent,ca_2022_23.pdf
CA,"Meta Platforms, Inc.",2023-05-29,16.0,,Layoff Permanent,ca_2022_23.pdf
CA,"Meta Platforms, Inc.",2023-05-29,122.0,,Layoff Permanent,ca_2022_23.pdf
CA,"Meta Platforms, Inc.",2023-05-29,31.0,,Layoff Permanent,ca_2022_23.pdf
CA,"Meta Platforms, Inc.",2023-05-29,8.0,,Layoff Permanent,ca_2022_23.pdf
CA,"Meta Platforms, Inc.",2023-05-29,304.0,,Layoff Permanent,ca_2022_23.pdf
CA,"Meta Platforms, Inc.",2023-05-29,19.0,,Layoff Permanent,ca_2022_23.pdf
CA,"Meta Platforms, Inc.",2023-05-29,44.0,,Layoff Permanent,ca_2022_23.pdf
CA,"Meta Platforms, Inc.",2023-05-29,8.0,,Layoff Permanent,ca_2022_23.pdf
CA,"Meta Platforms, Inc.",2023-05-29,1.0,,Layoff Permanent,ca_2022_23.pdf
CA,"Meta Platforms, Inc.",2023-05-29,2.0,,Layoff Permanent,ca_2022_23.pdf
CA,"Meta Platforms, Inc.",2023-05-29,13.0,,Layoff Permanent,ca_2022_23.pdf
CA,"Meta Platforms, Inc.",2023-05-29,2.0,,Layoff Permanent,ca_2022_23.pdf
CA,"Meta Platforms, Inc.",2023-05-29,15.0,,Layoff Permanent,ca_2022_23.pdf
CA,"Meta Platforms, Inc.",2023-05-29,7.0,,Layoff Permanent,ca_2022_23.pdf
CA,"Meta Platforms, Inc.",2023-05-29,2.0,,Layoff Permanent,ca_2022_23.pdf
CA,"Meta Platforms, Inc.",2023-05-29,4.0,,Layoff Permanent,ca_2022_23.pdf
CA,"Meta Platforms, Inc.",2023-05-29,15.0,,Layoff Permanent,ca_2022_23.pdf
CA,"Meta Platforms, Inc.",2023-05-29,47.0,,Layoff Permanent,ca_2022_23.pdf
CA,"Meta Platforms, Inc.",2023-05-29,5.0,,Layoff Permanent,ca_2022_23.pdf
CA,"Meta Platforms, Inc.",2023-05-29,3.0,,Layoff Permanent,ca_2022_23.pdf
CA,"Meta Platforms, Inc.",2023-05-29,58.0,,Layoff Permanent,ca_2022_23.pdf
CA,"Meta Platforms, Inc.",2023-05-29,8.0,,Layoff Permanent,ca_2022_23.pdf
CA,"Meta Platforms, Inc.",2023-05-29,1.0,,Layoff Permanent,ca_2022_23.pdf
CA,"Meta Platforms, Inc.",2023-05-29,58.0,,Layoff Permanent,ca_2022_23.pdf
CA,"Meta Platforms, Inc.",2023-05-29,68.0,,Layoff Permanent,ca_2022_23.pdf
CA,"Meta Platforms, Inc.",2023-05-29,40.0,,Layoff Permanent,ca_2022_23.pdf
CA,"Meta Platforms, Inc.",2023-05-29,7.0,,Layoff Permanent,ca_2022_23.pdf
CA,"Meta Platforms, Inc.",2023-05-29,4.0,,Layoff Permanent,ca_2022_23.pdf
CA,"Meta Platforms, Inc.",2023-05-29,14.0,,Layoff Permanent,ca_2022_23.pdf
CA,"Meta Platforms, Inc.",2023-05-29,89.0,,Layoff Permanent,ca_2022_23.pdf
CA,"Meta Platforms, Inc.",2023-05-29,5.0,,Layoff Permanent,ca_2022_23.pdf
CA,"Meta Platforms, Inc.",2023-05-29,4.0,,Layoff Permanent,ca_2022_23.pdf
CA,"Meta Platforms, Inc.",2023-05-29,17.0,,Layoff Permanent,ca_2022_23.pdf
CA,"Meta Platforms, Inc.",2023-05-29,40.0,,Layoff Permanent,ca_2022_23.pdf
CA,"Meta Platforms, Inc.",2023-05-29,45.0,,Layoff Permanent,ca_2022_23.pdf
CA,DHL Supply Chain,2023-05-31,43.0,,Closure Permanent,ca_2022_23.pdf
CA,"Zendesk, Inc.",2023-05-31,64.0,,Layoff Permanent,ca_2022_23.pdf
CA,"Gap, Inc.",2023-05-31,2.0,,Layoff Permanent,ca_2023_24.pdf
CA,"Gap, Inc.",2023-05-31,31.0,,Layoff Permanent,ca_2023_24.pdf
CA,"Gap, Inc.",2023-05-31,1.0,,Layoff Permanent,ca_2023_24.pdf
CA,Brook & Whittle,2023-06-01,115.0,,Layoff Temporary,ca_2022_23.pdf
CA,"Alchemee, LLC",2023-06-01,77.0,,Closure Permanent,ca_2022_23.pdf
CA,DHL Supply Chain,2023-06-01,10.0,,Closure Permanent,ca_2022_23.pdf
CA,"Medical Device Business Services, Inc.",2023-06-02,1.0,,Layoff Permanent,ca_2022_23.pdf
CA,"DePuy Synthes Products, Inc.",2023-06-02,11.0,,Layoff Permanent,ca_2022_23.pdf
CA,Zymergen Inc.,2023-06-02,3.0,,Layoff Permanent,ca_2022_23.pdf
CA,"Robinhood Markets, Inc.",2023-06-03,7.0,,Layoff Permanent,ca_2022_23.pdf
CA,"Smashbox Beauty Cosmetics, Inc.",2023-06-05,37.0,,Layoff Permanent,ca_2022_23.pdf
CA,"Too Faced Cosmetics, LLC",2023-06-05,22.0,,Layoff Permanent,ca_2022_23.pdf
CA,Microsoft,2023-06-05,2.0,,Layoff Permanent,ca_2023_24.pdf
CA,Intel Corporation,2023-06-05,78.0,,Layoff Permanent,ca_2023_24.pdf
CA,"FedEx Freight, Inc.",2023-06-06,96.0,,Closure Permanent,ca_2022_23.pdf
CA,Primary Health,2023-06-06,60.0,,Layoff Permanent,ca_2023_24.pdf
CA,Rico Corp. dba D'Addario Woodwinds,2023-06-07,1.0,,Closure Permanent,ca_2023_24.pdf
CA,Nestle USA,2023-06-07,75.0,,Layoff Temporary,ca_2023_24.pdf
CA,"Sodexo, Inc. and Affiliates at Beverly Hospital",2023-06-07,68.0,,Layoff Permanent,ca_2023_24.pdf
CA,Los Angeles Times Communications LLC,2023-06-07,57.0,,Layoff Permanent,ca_2023_24.pdf
CA,Los Angeles Times Communications LLC,2023-06-07,15.0,,Layoff Permanent,ca_2023_24.pdf
CA,"Sumo Logic, Inc.",2023-06-07,79.0,,Layoff Permanent,ca_2023_24.pdf
CA,AMP Printing,2023-06-07,54.0,,Closure Permanent,ca_2023_24.pdf
CA,AMP Printing - Mailing Address,2023-06-07,35.0,,Closure Permanent,ca_2023_24.pdf
CA,Spotify USA Inc.,2023-06-08,68.0,,Layoff Permanent,ca_2023_24.pdf
CA,Prolific Logistics LLC,2023-06-08,136.0,,Closure Permanent,ca_2023_24.pdf
CA,HMSHost,2023-06-09,69.0,,Closure Permanent,ca_2023_24.pdf
CA,Henry Mayo Newhall Hospital,2023-06-12,107.0,,Layoff Permanent,ca_2023_24.pdf
CA,La Tortilla Factory,2023-06-12,5.0,,Closure Permanent,ca_2023_24.pdf
CA,Boston Scientific Corporation,2023-06-12,52.0,,Closure Permanent,ca_2023_24.pdf
CA,Monte Nido & Affiliates,2023-06-13,6.0,,Closure Permanent,ca_2023_24.pdf
CA,"T. Hasegawa U.S.A., Inc.",2023-06-13,13.0,,Closure Permanent,ca_2023_24.pdf
CA,Front Porch Communities and Services,2023-06-13,185.0,,Closure Permanent,ca_2023_24.pdf
CA,Amgen,2023-06-13,4.0,,Closure Permanent,ca_2023_24.pdf
CA,"Tropitone Furniture Company, Inc.",2023-06-15,3.0,,Closure Permanent,ca_2023_24.pdf
CA,"Tropitone Furniture Company, Inc.",2023-06-15,3.0,,Closure Permanent,ca_2023_24.pdf
CA,"Tropitone Furniture Company, Inc.",2023-06-15,2.0,,Closure Permanent,ca_2023_24.pdf
CA,SK hynix NAND Product Solutions Corp. dba Solidigm,2023-06-15,98.0,,Layoff Permanent,ca_2023_24.pdf
CA,MasterBrand Cabinets LLC,2023-06-15,90.0,,Layoff Permanent,ca_2023_24.pdf
CA,"Circle C Ranch, Inc.",2023-06-15,14.0,,Layoff Permanent,ca_2023_24.pdf
CA,Rieke LLC,2023-06-16,49.0,,Closure Permanent,ca_2023_24.pdf
CA,Rieke LLC,2023-06-16,21.0,,Closure Permanent,ca_2023_24.pdf
CA,Jabil Inc.,2023-06-16,53.0,,Closure Temporary,ca_2023_24.pdf
CA,FabFitFun Fulfillment Center,2023-06-19,63.0,,Layoff Permanent,ca_2023_24.pdf
CA,"Xcite Steps, a wholly owned subsidiary of Invo Healthcare,
LLC",2023-06-20,96.0,,Closure Permanent,ca_2023_24.pdf
CA,"Xcite Steps, a wholly owned subsidiary of Invo Healthcare,
LLC",2023-06-20,99.0,,Closure Permanent,ca_2023_24.pdf
CA,Winkontent Limited dba Monocle,2023-06-20,3.0,,Closure Permanent,ca_2023_24.pdf
CA,"Illumina, Inc.",2023-06-21,1.0,,Layoff Permanent,ca_2023_24.pdf
CA,"Illumina, Inc.",2023-06-21,71.0,,Layoff Permanent,ca_2023_24.pdf
CA,Illumina Inc. World Headquarters,2023-06-21,64.0,,Layoff Permanent,ca_2023_24.pdf
CA,"Illumina, Inc.",2023-06-21,14.0,,Layoff Permanent,ca_2023_24.pdf
CA,"Anaplan, Inc.",2023-06-21,14.0,,Layoff Permanent,ca_2023_24.pdf
CA,"Anaplan, Inc.",2023-06-21,1.0,,Layoff Permanent,ca_2023_24.pdf
CA,"Anaplan, Inc.",2023-06-21,100.0,,Layoff Permanent,ca_2023_24.pdf
CA,"Anaplan, Inc.",2023-06-21,2.0,,Layoff Permanent,ca_2023_24.pdf
CA,"Anaplan, Inc.",2023-06-21,2.0,,Layoff Permanent,ca_2023_24.pdf
CA,LinkedIn Corporation,2023-06-21,102.0,,Layoff Permanent,ca_2023_24.pdf
CA,LinkedIn Corporation,2023-06-21,13.0,,Layoff Permanent,ca_2023_24.pdf
CA,LinkedIn Corporation,2023-06-21,72.0,,Layoff Permanent,ca_2023_24.pdf
CA,"Individualized ABA Services for Families dba IABAS For
Families",2023-06-21,65.0,,Closure Permanent,ca_2023_24.pdf
CA,Company 3 Method Inc.,2023-06-21,79.0,,Layoff Permanent,ca_2023_24.pdf
CA,Jabil Inc.,2023-06-22,85.0,,Layoff Permanent,ca_2023_24.pdf
CA,Jabil Inc.,2023-06-22,28.0,,Layoff Permanent,ca_2023_24.pdf
CA,Thermo Fisher Scientific,2023-06-22,38.0,,Layoff Permanent,ca_2023_24.pdf
CA,Thermo Fisher Scientific,2023-06-22,64.0,,Layoff Permanent,ca_2023_24.pdf
CA,Thermo Fisher Scientific,2023-06-22,6.0,,Layoff Permanent,ca_2023_24.pdf
CA,Thermo Fisher Scientific,2023-06-22,2.0,,Layoff Permanent,ca_2023_24.pdf
CA,"Surgalign Spine Technologies, Inc.",2023-06-22,99.0,,Closure Permanent,ca_2023_24.pdf
CA,Lazy Dog Restaurant and Bar,2023-06-23,109.0,,Closure Permanent,ca_2023_24.pdf
CA,"Gillette Citrus, Inc.",2023-06-23,93.0,,Layoff Permanent,ca_2023_24.pdf
CA,"Amyris, Inc.",2023-06-26,65.0,,Layoff Permanent,ca_2023_24.pdf
CA,"Proterra Operating Company, Inc.",2023-06-27,48.0,,Layoff Permanent,ca_2023_24.pdf
CA,Valiant Integrated Services,2023-06-27,137.0,,Layoff Permanent,ca_2023_24.pdf
CA,"TTM Technologies, Inc., subsidiary of TTM Technologies North
America, LLC",2023-06-28,102.0,,Closure Permanent,ca_2023_24.pdf
CA,"Scenario-Cockram USA, Inc.",2023-06-28,43.0,,Layoff Permanent,ca_2023_24.pdf
CA,"Scenario-Cockram USA, Inc.",2023-06-28,10.0,,Layoff Permanent,ca_2023_24.pdf
CA,"RSN Co., LLC dba Bally Sports San Diego",2023-06-28,5.0,,Closure Permanent,ca_2023_24.pdf
CA,"Niantic, Inc.",2023-06-28,107.0,,Closure Permanent,ca_2023_24.pdf
CA,"Niantic, Inc.",2023-06-28,57.0,,Layoff Permanent,ca_2023_24.pdf
CA,"Robinhood Markets, Inc.",2023-06-29,23.0,,Layoff Permanent,ca_2023_24.pdf
CA,"Headspace, Inc.",2023-06-29,158.0,,Layoff Permanent,ca_2023_24.pdf
CA,"Ginger.io,. Inc.",2023-06-29,19.0,,Layoff Permanent,ca_2023_24.pdf
CA,Active Wellness LLC,2023-06-29,80.0,,Layoff Permanent,ca_2023_24.pdf
CA,Comprehensive Autism Center,2023-06-29,9.0,,Closure Permanent,ca_2023_24.pdf
CA,Thermo Fisher Scientific,2023-06-29,66.0,,Layoff Permanent,ca_2023_24.pdf
CA,Thermo Fisher Scientific,2023-06-29,5.0,,Layoff Permanent,ca_2023_24.pdf
CA,Thermo Fisher Scientific,2023-06-29,27.0,,Layoff Permanent,ca_2023_24.pdf
CA,"Tattooed Chef, Inc., wholly owned subsidiary Ittella
International, LLC",2023-06-29,20.0,,Closure Permanent,ca_2023_24.pdf
CA,Tattooed Chef - 6304,2023-06-29,1.0,,Closure Permanent,ca_2023_24.pdf
CA,Tattooed Chef - 6305,2023-06-29,97.0,,Closure Permanent,ca_2023_24.pdf
CA,Tattooed Chef - 6309,2023-06-29,1.0,,Closure Permanent,ca_2023_24.pdf
CA,Tattooed Chef - 6325,2023-06-29,46.0,,Closure Permanent,ca_2023_24.pdf
CA,Tattooed Chef - 6403,2023-06-29,36.0,,Closure Permanent,ca_2023_24.pdf
CA,Tattooed Chef - 6409,2023-06-29,17.0,,Closure Permanent,ca_2023_24.pdf
CA,Tattooed Chef - 6411,2023-06-29,16.0,,Closure Permanent,ca_2023_24.pdf
CA,"NRI USA, LLC",2023-06-29,164.0,,Closure Permanent,ca_2023_24.pdf
CA,Intel Corporation,2023-06-29,89.0,,Layoff Permanent,ca_2023_24.pdf
CA,Intel Corporation,2023-06-29,51.0,,Layoff Permanent,ca_2023_24.pdf
CA,Intel Corporation,2023-06-29,67.0,,Layoff Permanent,ca_2023_24.pdf
CA,Intel Corporation,2023-06-29,5.0,,Layoff Permanent,ca_2023_24.pdf
CA,Intel Corporation,2023-06-29,98.0,,Layoff Permanent,ca_2023_24.pdf
CA,Intel Corporation,2023-06-29,5.0,,Layoff Permanent,ca_2023_24.pdf
CA,G&C Staffing (The Parent Company - TPCO),2023-06-30,54.0,,Layoff Permanent,ca_2023_24.pdf
CA,"Dabico Airport Solutions, Inc.",2023-06-30,25.0,,Closure Permanent,ca_2023_24.pdf
CA,Hyatt Centric,2023-07-03,111.0,,Layoff Temporary,ca_2023_24.pdf
CA,"GXO Logistics Supply Chain, Inc.",2023-07-03,61.0,,Closure Permanent,ca_2023_24.pdf
CA,U.S. Bank,2023-07-05,30.0,,Layoff Permanent,ca_2023_24.pdf
CA,U.S. Bank,2023-07-05,4.0,,Layoff Permanent,ca_2023_24.pdf
CA,U.S. Bank,2023-07-05,23.0,,Layoff Permanent,ca_2023_24.pdf
CA,U.S. Bank (1289),2023-07-05,18.0,,Layoff Permanent,ca_2023_24.pdf
CA,U. S. Bank (1296),2023-07-05,5.0,,Layoff Permanent,ca_2023_24.pdf
CA,U.S. Bank (1289),2023-07-05,5.0,,Layoff Permanent,ca_2023_24.pdf
CA,U.S. Bank (1289),2023-07-05,14.0,,Layoff Permanent,ca_2023_24.pdf
CA,U.S. Bank (1296),2023-07-05,24.0,,Layoff Permanent,ca_2023_24.pdf
CA,U.S. Bank (1296),2023-07-05,3.0,,Layoff Permanent,ca_2023_24.pdf
CA,Crunchbase,2023-07-06,63.0,,Layoff Permanent,ca_2023_24.pdf
CA,"Perfect Day, Inc.",2023-07-06,75.0,,Layoff Permanent,ca_2023_24.pdf
CA,"Hyperloop Technologies, Inc. dba Hyperloop One",2023-07-06,3.0,,Layoff Permanent,ca_2023_24.pdf
CA,Rico Corp. dba D'Addario Woodwinds,2023-07-07,4.0,,Layoff Permanent,ca_2023_24.pdf
CA,Accesso,2023-07-09,111.0,,Layoff Permanent,ca_2023_24.pdf
CA,Bank of the West,2023-07-10,203.0,,Layoff Permanent,ca_2023_24.pdf
CA,Microsoft,2023-07-10,40.0,,Layoff Permanent,ca_2023_24.pdf
CA,Bank of the West,2023-07-10,45.0,,Layoff Permanent,ca_2023_24.pdf
CA,"Cardinal Glass Industries, Inc.",2023-07-10,29.0,,Closure Permanent,ca_2023_24.pdf
CA,Wells Fargo,2023-07-11,32.0,,Layoff Permanent,ca_2023_24.pdf
CA,Wells Fargo,2023-07-11,10.0,,Layoff Permanent,ca_2023_24.pdf
CA,Wells Fargo,2023-07-11,1.0,,Layoff Permanent,ca_2023_24.pdf
CA,Wells Fargo,2023-07-11,8.0,,Layoff Permanent,ca_2023_24.pdf
CA,"Anchor Brewing Company, LLC",2023-07-12,55.0,,Closure Permanent,ca_2023_24.pdf
CA,Macy's Eagle Rock Plaza Store,2023-07-12,74.0,,Closure Permanent,ca_2023_24.pdf
CA,Peloton Interactive Inc.,2023-07-12,21.0,,Closure Permanent,ca_2023_24.pdf
CA,"Illumina, Inc.",2023-07-13,3.0,,Layoff Permanent,ca_2023_24.pdf
CA,"Illumina, Inc.",2023-07-13,14.0,,Layoff Permanent,ca_2023_24.pdf
CA,"Illumina, Inc. Worldwide Headquarters",2023-07-13,75.0,,Layoff Permanent,ca_2023_24.pdf
CA,"Illumina, Inc.",2023-07-13,76.0,,Layoff Permanent,ca_2023_24.pdf
CA,"Alto Operations California, LLC",2023-07-14,34.0,,Closure Permanent,ca_2023_24.pdf
CA,"Tempo Automation Holdings, Inc.",2023-07-14,58.0,,Closure Permanent,ca_2023_24.pdf
CA,"Fish Market Restaurants, Inc.",2023-07-14,49.0,,Closure Permanent,ca_2023_24.pdf
CA,"Fish Market Restaurants, Inc.",2023-07-14,85.0,,Closure Permanent,ca_2023_24.pdf
CA,"Fish Market Restaurants, Inc.",2023-07-14,6.0,,Closure Permanent,ca_2023_24.pdf
CA,Corteva Agriscience LLC,2023-07-17,31.0,,Layoff Permanent,ca_2023_24.pdf
CA,"FibroGen, Inc.",2023-07-17,104.0,,Layoff Permanent,ca_2023_24.pdf
CA,"Cisco Systems, Inc.",2023-07-17,123.0,,Layoff Permanent,ca_2023_24.pdf
CA,"Cisco Systems, Inc.",2023-07-17,227.0,,Layoff Permanent,ca_2023_24.pdf
CA,Blowfish,2023-07-18,20.0,,Closure Permanent,ca_2023_24.pdf
CA,Vionic Consumer Care Operations,2023-07-19,6.0,,Closure Permanent,ca_2023_24.pdf
CA,"Charles River Laboratories, Inc.",2023-07-19,55.0,,Closure Permanent,ca_2023_24.pdf
CA,"Codexis, Inc.",2023-07-20,28.0,,Layoff Permanent,ca_2023_24.pdf
CA,"Codexis, Inc.",2023-07-20,31.0,,Layoff Permanent,ca_2023_24.pdf
CA,Headway Technologies Inc.,2023-07-20,2.0,,Layoff Permanent,ca_2023_24.pdf
CA,Headway Technologies Inc.,2023-07-20,59.0,,Layoff Permanent,ca_2023_24.pdf
CA,Headway Technologies Inc.,2023-07-20,2.0,,Layoff Permanent,ca_2023_24.pdf
CA,Headway Technologies Inc.,2023-07-20,24.0,,Layoff Permanent,ca_2023_24.pdf
CA,Headway Technologies Inc.,2023-07-20,3.0,,Layoff Permanent,ca_2023_24.pdf
CA,Accenture,2023-07-21,100.0,,Closure Permanent,ca_2023_24.pdf
CA,Accenture,2023-07-21,140.0,,Closure Permanent,ca_2023_24.pdf
CA,Johns Manville,2023-07-21,54.0,,Closure Temporary,ca_2023_24.pdf
CA,"Intense Lighting, LLC",2023-07-24,90.0,,Closure Permanent,ca_2023_24.pdf
CA,"Gemological Institute of America, Inc. (GIA)",2023-07-24,151.0,,Layoff Permanent,ca_2023_24.pdf
CA,Petco Animal Supplies Stores,2023-07-24,47.0,,Layoff Permanent,ca_2023_24.pdf
CA,Petco Animal Supplies Stores,2023-07-24,9.0,,Layoff Permanent,ca_2023_24.pdf
CA,"Langmuir Systems, LLC",2023-07-26,16.0,,Closure Permanent,ca_2023_24.pdf
CA,Pizza Antica Mill Valley,2023-07-26,43.0,,Closure Permanent,ca_2023_24.pdf
CA,Alstom Mass Transit Corp.,2023-07-27,41.0,,Closure Permanent,ca_2023_24.pdf
CA,"Point Digital Finance, Inc.",2023-07-27,61.0,,Layoff Permanent,ca_2023_24.pdf
CA,SP+ Corporation at Hollywood Burbank Airport,2023-07-27,84.0,,Closure Permanent,ca_2023_24.pdf
CA,"Alchemee, LLC",2023-07-27,12.0,,Closure Permanent,ca_2023_24.pdf
CA,"Visalia Citrus Packing Group, Inc.",2023-07-27,34.0,,Closure Permanent,ca_2023_24.pdf
CA,"Visalia Citrus Packing Group, Inc.",2023-07-27,31.0,,Closure Permanent,ca_2023_24.pdf
CA,"Universal Protection Service, LP dba Allied Universal Security
Services",2023-07-27,9.0,,Layoff Permanent,ca_2023_24.pdf
CA,"Universal Protection Service, LP dba Allied Universal Security
Services",2023-07-27,13.0,,Layoff Permanent,ca_2023_24.pdf
CA,"Universal Protection Service, LP dba Allied Universal Security
Services",2023-07-27,3.0,,Layoff Permanent,ca_2023_24.pdf
CA,"Universal Protection Service, LP dba Allied Universal Security
Services",2023-07-27,12.0,,Layoff Permanent,ca_2023_24.pdf
CA,"Herbalife International of America, Inc.",2023-07-28,12.0,,Layoff Permanent,ca_2023_24.pdf
CA,"Herbalife International of America, Inc.",2023-07-28,26.0,,Layoff Permanent,ca_2023_24.pdf
CA,"Herbalife International of America, Inc.",2023-07-28,59.0,,Layoff Permanent,ca_2023_24.pdf
CA,Ericsson Inc.,2023-07-28,76.0,,Layoff Permanent,ca_2023_24.pdf
CA,Ericsson Inc.,2023-07-28,94.0,,Layoff Permanent,ca_2023_24.pdf
CA,REACH Medical Holdings,2023-07-29,10.0,,Closure Permanent,ca_2023_24.pdf
CA,REACH Medical Holdings,2023-07-29,13.0,,Closure Permanent,ca_2023_24.pdf
CA,Tri-City Medical Center,2023-07-31,96.0,,Layoff Permanent,ca_2023_24.pdf
CA,Yellow Corporation,2023-08-01,48.0,,Closure Permanent,ca_2023_24.pdf
CA,Yellow Corporation,2023-08-01,2.0,,Closure Permanent,ca_2023_24.pdf
CA,Yellow Corporation,2023-08-01,30.0,,Closure Permanent,ca_2023_24.pdf
CA,Yellow Corporation,2023-08-01,39.0,,Closure Permanent,ca_2023_24.pdf
CA,Yellow Corporation-Batavia St.,2023-08-01,83.0,,Closure Permanent,ca_2023_24.pdf
CA,Yellow Corporation-Eckhoff,2023-08-01,94.0,,Closure Permanent,ca_2023_24.pdf
CA,Yellow Corporation,2023-08-01,60.0,,Closure Permanent,ca_2023_24.pdf
CA,Yellow Corporation,2023-08-01,15.0,,Closure Permanent,ca_2023_24.pdf
CA,Yellow Corporation,2023-08-01,709.0,,Closure Permanent,ca_2023_24.pdf
CA,Yellow Corporation,2023-08-01,240.0,,Closure Permanent,ca_2023_24.pdf
CA,Yellow Corporation,2023-08-01,11.0,,Closure Permanent,ca_2023_24.pdf
CA,Yellow Corporation,2023-08-01,145.0,,Closure Permanent,ca_2023_24.pdf
CA,Yellow Corporation,2023-08-01,58.0,,Closure Permanent,ca_2023_24.pdf
CA,Yellow Corporation,2023-08-01,43.0,,Closure Permanent,ca_2023_24.pdf
CA,Yellow Corporation,2023-08-01,2.0,,Closure Permanent,ca_2023_24.pdf
CA,Yellow Corporation,2023-08-01,257.0,,Closure Permanent,ca_2023_24.pdf
CA,Yellow Corporation,2023-08-01,1.0,,Closure Permanent,ca_2023_24.pdf
CA,Yellow Corporation,2023-08-01,120.0,,Closure Permanent,ca_2023_24.pdf
CA,Yellow Corporation,2023-08-01,1.0,,Closure Permanent,ca_2023_24.pdf
CA,Yellow Corporation,2023-08-01,99.0,,Closure Permanent,ca_2023_24.pdf
CA,Yellow Corporation,2023-08-01,66.0,,Closure Permanent,ca_2023_24.pdf
CA,Yellow Corporation,2023-08-01,4.0,,Closure Permanent,ca_2023_24.pdf
CA,Yellow Corporation,2023-08-01,15.0,,Closure Permanent,ca_2023_24.pdf
CA,Yellow Corporation,2023-08-01,27.0,,Closure Permanent,ca_2023_24.pdf
CA,Yellow Corporation,2023-08-01,102.0,,Closure Permanent,ca_2023_24.pdf
CA,Yellow Corporation,2023-08-01,2.0,,Closure Permanent,ca_2023_24.pdf
CA,Yellow Corporation,2023-08-01,169.0,,Closure Permanent,ca_2023_24.pdf
CA,Yellow Corporation,2023-08-01,70.0,,Closure Permanent,ca_2023_24.pdf
CA,Yellow Corporation,2023-08-01,22.0,,Closure Permanent,ca_2023_24.pdf
CA,Yellow Corporation,2023-08-01,4.0,,Closure Permanent,ca_2023_24.pdf
CA,Yellow Corporation,2023-08-01,29.0,,Closure Permanent,ca_2023_24.pdf
CA,Yellow Corporation,2023-08-01,23.0,,Closure Permanent,ca_2023_24.pdf
CA,Yellow Corporation,2023-08-01,23.0,,Closure Permanent,ca_2023_24.pdf
CA,Yellow Corporation,2023-08-01,58.0,,Closure Permanent,ca_2023_24.pdf
CA,"SPT Microtechnologies USA, Inc.",2023-08-01,67.0,,Closure Temporary,ca_2023_24.pdf
CA,"Mercy Medical Transportation, Inc.",2023-08-01,58.0,,Layoff Permanent,ca_2023_24.pdf
CA,Planet Labs PBC,2023-08-01,85.0,,Layoff Permanent,ca_2023_24.pdf
CA,ContextLogic Inc.,2023-08-01,152.0,,Layoff Permanent,ca_2023_24.pdf
CA,Sunrun Inc.,2023-08-02,53.0,,Layoff Permanent,ca_2023_24.pdf
CA,Sunrun Inc.,2023-08-02,50.0,,Layoff Permanent,ca_2023_24.pdf
CA,"FUJIFILM Irvine Scientific, Inc.",2023-08-02,6.0,,Layoff Permanent,ca_2023_24.pdf
CA,"FUJIFILM Irvine Scientific, Inc.",2023-08-02,18.0,,Layoff Permanent,ca_2023_24.pdf
CA,"FUJIFILM Irvine Scientific, Inc.",2023-08-02,1.0,,Layoff Permanent,ca_2023_24.pdf
CA,"FUJIFILM Irvine Scientific, Inc.",2023-08-02,7.0,,Layoff Permanent,ca_2023_24.pdf
CA,"FUJIFILM Irvine Scientific, Inc.",2023-08-02,2.0,,Layoff Permanent,ca_2023_24.pdf
CA,"FUJIFILM Irvine Scientific, Inc.",2023-08-02,11.0,,Layoff Permanent,ca_2023_24.pdf
CA,"FUJIFILM Irvine Scientific, Inc.",2023-08-02,12.0,,Layoff Permanent,ca_2023_24.pdf
CA,Sunrun Inc.,2023-08-02,31.0,,Layoff Permanent,ca_2023_24.pdf
CA,Sunrun Inc. - Angus,2023-08-02,22.0,,Layoff Permanent,ca_2023_24.pdf
CA,"ATI Restoration, LLC",2023-08-03,18.0,,Closure Permanent,ca_2023_24.pdf
CA,"MV Transportation, Inc.",2023-08-03,20.0,,Layoff Permanent,ca_2023_24.pdf
CA,Company 3/Method Inc,2023-08-04,19.0,,Layoff Temporary,ca_2023_24.pdf
CA,"Beyond Hello CA, LLC",2023-08-04,2.0,,Closure Permanent,ca_2023_24.pdf
CA,"J.B. Hunt Transport, Inc.",2023-08-04,127.0,,Closure Permanent,ca_2023_24.pdf
CA,"Illumina, Inc.",2023-08-07,1.0,,Layoff Permanent,ca_2023_24.pdf
CA,"Amyris, Inc.",2023-08-07,62.0,,Layoff Permanent,ca_2023_24.pdf
CA,"Astra Space Operations, LLC",2023-08-07,58.0,,Layoff Permanent,ca_2023_24.pdf
CA,"L3 Technologies, Inc., a wholly owned subsidiary of L3Harris
Technologies",2023-08-09,134.0,,Closure Permanent,ca_2023_24.pdf
CA,"URS Midwest, Inc dba United Road Services",2023-08-09,4.0,,Closure Permanent,ca_2023_24.pdf
CA,"Kings Garden, Inc.",2023-08-09,59.0,,Layoff Permanent,ca_2023_24.pdf
CA,"Kings Garden, Inc.",2023-08-09,4.0,,Layoff Permanent,ca_2023_24.pdf
CA,"Kings Garden, Inc.",2023-08-09,3.0,,Layoff Permanent,ca_2023_24.pdf
CA,"Kings Garden, Inc.",2023-08-09,4.0,,Layoff Permanent,ca_2023_24.pdf
CA,Carbon Health,2023-08-10,1.0,,Layoff Permanent,ca_2023_24.pdf
CA,Carbon Health,2023-08-10,1.0,,Layoff Permanent,ca_2023_24.pdf
CA,Carbon Health,2023-08-10,5.0,,Layoff Permanent,ca_2023_24.pdf
CA,Carbon Health,2023-08-10,1.0,,Layoff Permanent,ca_2023_24.pdf
CA,Carbon Health,2023-08-10,1.0,,Layoff Permanent,ca_2023_24.pdf
CA,Carbon Health,2023-08-10,1.0,,Layoff Permanent,ca_2023_24.pdf
CA,Carbon Health,2023-08-10,4.0,,Layoff Permanent,ca_2023_24.pdf
CA,Carbon Health,2023-08-10,1.0,,Layoff Permanent,ca_2023_24.pdf
CA,Carbon Health,2023-08-10,1.0,,Layoff Permanent,ca_2023_24.pdf
CA,Carbon Health,2023-08-10,4.0,,Layoff Permanent,ca_2023_24.pdf
CA,Carbon Health,2023-08-10,4.0,,Layoff Permanent,ca_2023_24.pdf
CA,Carbon Health,2023-08-10,2.0,,Layoff Permanent,ca_2023_24.pdf
CA,Carbon Health,2023-08-10,1.0,,Layoff Permanent,ca_2023_24.pdf
CA,Carbon Health,2023-08-10,2.0,,Layoff Permanent,ca_2023_24.pdf
CA,Carbon Health,2023-08-10,4.0,,Layoff Permanent,ca_2023_24.pdf
CA,Carbon Health,2023-08-10,2.0,,Layoff Permanent,ca_2023_24.pdf
CA,Carbon Health,2023-08-10,1.0,,Layoff Permanent,ca_2023_24.pdf
CA,Carbon Health,2023-08-10,3.0,,Layoff Permanent,ca_2023_24.pdf
CA,Carbon Health,2023-08-10,3.0,,Layoff Permanent,ca_2023_24.pdf
CA,Carbon Health,2023-08-10,3.0,,Layoff Permanent,ca_2023_24.pdf
CA,Carbon Health,2023-08-10,5.0,,Layoff Permanent,ca_2023_24.pdf
CA,Carbon Health,2023-08-10,3.0,,Layoff Permanent,ca_2023_24.pdf
CA,Carbon Health,2023-08-10,3.0,,Layoff Permanent,ca_2023_24.pdf
CA,Carbon Health,2023-08-10,3.0,,Layoff Permanent,ca_2023_24.pdf
CA,Carbon Health,2023-08-10,2.0,,Layoff Permanent,ca_2023_24.pdf
CA,Carbon Health,2023-08-10,8.0,,Layoff Permanent,ca_2023_24.pdf
CA,Carbon Health,2023-08-10,3.0,,Layoff Permanent,ca_2023_24.pdf
CA,Carbon Health,2023-08-10,4.0,,Layoff Permanent,ca_2023_24.pdf
CA,Carbon Health,2023-08-10,2.0,,Layoff Permanent,ca_2023_24.pdf
CA,Carbon Health,2023-08-10,12.0,,Layoff Permanent,ca_2023_24.pdf
CA,Carbon Health,2023-08-10,9.0,,Layoff Permanent,ca_2023_24.pdf
CA,Carbon Health,2023-08-10,9.0,,Layoff Permanent,ca_2023_24.pdf
CA,Carbon Health,2023-08-10,2.0,,Layoff Permanent,ca_2023_24.pdf
CA,Carbon Health,2023-08-10,2.0,,Layoff Permanent,ca_2023_24.pdf
CA,Carbon Health,2023-08-10,2.0,,Layoff Permanent,ca_2023_24.pdf
CA,Carbon Health,2023-08-10,2.0,,Layoff Permanent,ca_2023_24.pdf
CA,Carbon Health,2023-08-10,3.0,,Layoff Permanent,ca_2023_24.pdf
CA,Carbon Health,2023-08-10,1.0,,Layoff Permanent,ca_2023_24.pdf
CA,Carbon Health,2023-08-10,2.0,,Layoff Permanent,ca_2023_24.pdf
CA,Carbon Health,2023-08-10,1.0,,Layoff Permanent,ca_2023_24.pdf
CA,Carbon Health,2023-08-10,3.0,,Layoff Permanent,ca_2023_24.pdf
CA,Carbon Health,2023-08-10,5.0,,Layoff Permanent,ca_2023_24.pdf
CA,Carbon Health,2023-08-10,11.0,,Layoff Permanent,ca_2023_24.pdf
CA,Carbon Health,2023-08-10,6.0,,Layoff Permanent,ca_2023_24.pdf
CA,Carbon Health,2023-08-10,18.0,,Layoff Permanent,ca_2023_24.pdf
CA,Carbon Health,2023-08-10,2.0,,Layoff Permanent,ca_2023_24.pdf
CA,Carbon Health,2023-08-10,3.0,,Layoff Permanent,ca_2023_24.pdf
CA,Carbon Health,2023-08-10,12.0,,Layoff Permanent,ca_2023_24.pdf
CA,Carbon Health,2023-08-10,1.0,,Layoff Permanent,ca_2023_24.pdf
CA,Carbon Health,2023-08-10,10.0,,Layoff Permanent,ca_2023_24.pdf
CA,Carbon Health,2023-08-10,2.0,,Layoff Permanent,ca_2023_24.pdf
CA,Carbon Health,2023-08-10,3.0,,Layoff Permanent,ca_2023_24.pdf
CA,"Centerra Group, LLC",2023-08-10,6.0,,Layoff Permanent,ca_2023_24.pdf
CA,"Centerra Group, LLC",2023-08-10,71.0,,Layoff Permanent,ca_2023_24.pdf
CA,"Centerra Group, LLC",2023-08-10,1.0,,Layoff Permanent,ca_2023_24.pdf
CA,"Centerra Group, LLC",2023-08-10,6.0,,Layoff Permanent,ca_2023_24.pdf
CA,"Centerra Group, LLC",2023-08-10,21.0,,Layoff Permanent,ca_2023_24.pdf
CA,"Centerra Group, LLC",2023-08-10,67.0,,Layoff Permanent,ca_2023_24.pdf
CA,"Centerra Group, LLC",2023-08-10,1.0,,Layoff Permanent,ca_2023_24.pdf
CA,"Centerra Group, LLC",2023-08-10,1.0,,Layoff Permanent,ca_2023_24.pdf
CA,"Centerra Group, LLC",2023-08-10,1.0,,Layoff Permanent,ca_2023_24.pdf
CA,"Centerra Group, LLC",2023-08-10,3.0,,Layoff Permanent,ca_2023_24.pdf
CA,"Centerra Group, LLC",2023-08-10,61.0,,Layoff Permanent,ca_2023_24.pdf
CA,"Centerra Group, LLC",2023-08-10,1.0,,Layoff Permanent,ca_2023_24.pdf
CA,"Centerra Group, LLC",2023-08-10,17.0,,Layoff Permanent,ca_2023_24.pdf
CA,"Centerra Group, LLC",2023-08-10,10.0,,Layoff Permanent,ca_2023_24.pdf
CA,"Centerra Group, LLC",2023-08-10,7.0,,Layoff Permanent,ca_2023_24.pdf
CA,"Centerra Group, LLC",2023-08-10,5.0,,Layoff Permanent,ca_2023_24.pdf
CA,"Centerra Group, LLC",2023-08-10,3.0,,Layoff Permanent,ca_2023_24.pdf
CA,"Centerra Group, LLC",2023-08-10,3.0,,Layoff Permanent,ca_2023_24.pdf
CA,"Centerra Group, LLC",2023-08-10,19.0,,Layoff Permanent,ca_2023_24.pdf
CA,"Centerra Group, LLC",2023-08-10,18.0,,Layoff Permanent,ca_2023_24.pdf
CA,"Centerra Group, LLC",2023-08-10,4.0,,Layoff Permanent,ca_2023_24.pdf
CA,"Centerra Group, LLC",2023-08-10,3.0,,Layoff Permanent,ca_2023_24.pdf
CA,"Centerra Group, LLC",2023-08-10,28.0,,Layoff Permanent,ca_2023_24.pdf
CA,"Centerra Group, LLC",2023-08-10,10.0,,Layoff Permanent,ca_2023_24.pdf
CA,"Centerra Group, LLC",2023-08-10,2.0,,Layoff Permanent,ca_2023_24.pdf
CA,"Centerra Group, LLC",2023-08-10,33.0,,Layoff Permanent,ca_2023_24.pdf
CA,dnata US Inflight Caterin,2023-08-11,73.0,,Layoff Permanent,ca_2023_24.pdf
CA,dnata US Inflight Catering,2023-08-11,1.0,,Layoff Permanent,ca_2023_24.pdf
CA,dnata US Inflight Caterin,2023-08-11,2.0,,Layoff Permanent,ca_2023_24.pdf
CA,"TTM Technologies, Inc., subsidiary of TTM Technologies North
America, LLC",2023-08-11,240.0,,Closure Permanent,ca_2023_24.pdf
CA,Clari Inc.,2023-08-14,139.0,,Layoff Permanent,ca_2023_24.pdf
CA,DazPak Flexible Packaging,2023-08-14,19.0,,Closure Permanent,ca_2023_24.pdf
CA,"Rodan & Fields, LLC",2023-08-15,76.0,,Layoff Permanent,ca_2023_24.pdf
CA,The Vons Companies Inc.,2023-08-15,53.0,,Closure Permanent,ca_2023_24.pdf
CA,Natural Alternatives International,2023-08-16,44.0,,Closure Temporary,ca_2023_24.pdf
CA,Natural Alternatives International,2023-08-16,22.0,,Closure Temporary,ca_2023_24.pdf
CA,"Robinhood Markets, Inc.",2023-08-17,2.0,,Layoff Permanent,ca_2023_24.pdf
CA,"AppFolio, Inc.",2023-08-17,13.0,,Layoff Permanent,ca_2023_24.pdf
CA,"AppFolio, Inc.",2023-08-17,98.0,,Layoff Permanent,ca_2023_24.pdf
CA,"ImmunityBio, Inc.",2023-08-18,48.0,,Layoff Permanent,ca_2023_24.pdf
CA,Burke Williams,2023-08-18,110.0,,Closure Temporary,ca_2023_24.pdf
CA,CSL Vifor,2023-08-21,85.0,,Layoff Permanent,ca_2023_24.pdf
CA,"Certified Freight Logistics, Inc.",2023-08-22,4.0,,Closure Permanent,ca_2023_24.pdf
CA,"Wolfspeed, Inc.",2023-08-22,50.0,,Layoff Permanent,ca_2023_24.pdf
CA,"Certified Freight Logistics, Inc.",2023-08-22,150.0,,Closure Permanent,ca_2023_24.pdf
CA,U.S. Bank,2023-08-22,34.0,,Layoff Permanent,ca_2023_24.pdf
CA,U.S. Bank,2023-08-22,11.0,,Layoff Permanent,ca_2023_24.pdf
CA,U.S. Bank,2023-08-22,1.0,,Layoff Permanent,ca_2023_24.pdf
CA,U.S. Bank,2023-08-22,8.0,,Layoff Permanent,ca_2023_24.pdf
CA,"BlackLine Systems, Inc.",2023-08-23,21.0,,Layoff Permanent,ca_2023_24.pdf
CA,"BlackLine Systems, Inc.",2023-08-23,95.0,,Layoff Permanent,ca_2023_24.pdf
CA,"KeHE Distributors, Inc.",2023-08-23,80.0,,Layoff Permanent,ca_2023_24.pdf
CA,"Juul Labs, Inc.",2023-08-24,5.0,,Layoff Permanent,ca_2023_24.pdf
CA,"Juul Labs, Inc. - 270",2023-08-24,26.0,,Layoff Permanent,ca_2023_24.pdf
CA,JUUL Labs,2023-08-24,1.0,,Layoff Permanent,ca_2023_24.pdf
CA,JUUL Labs - 270,2023-08-24,3.0,,Layoff Permanent,ca_2023_24.pdf
CA,Juul Labs - 270,2023-08-24,5.0,,Layoff Permanent,ca_2023_24.pdf
CA,JUUl Labs - 270,2023-08-24,3.0,,Layoff Permanent,ca_2023_24.pdf
CA,JUUl Labs - 270,2023-08-24,1.0,,Layoff Permanent,ca_2023_24.pdf
CA,JUUL Labs - 270,2023-08-24,1.0,,Layoff Permanent,ca_2023_24.pdf
CA,JUUL Labs - 271,2023-08-24,12.0,,Layoff Permanent,ca_2023_24.pdf
CA,JUUL Labs - 271,2023-08-24,2.0,,Layoff Permanent,ca_2023_24.pdf
CA,JUUL Labs - 271,2023-08-24,1.0,,Layoff Permanent,ca_2023_24.pdf
CA,Morrison Healthcare at Adventist Health Bakersfield,2023-08-25,74.0,,Layoff Permanent,ca_2023_24.pdf
CA,Intel Corporation,2023-08-25,58.0,,Layoff Permanent,ca_2023_24.pdf
CA,Farmers Insurance Exchange,2023-08-28,124.0,,Layoff Permanent,ca_2023_24.pdf
CA,Farmers Insurance Exchange - 6303,2023-08-28,2.0,,Layoff Permanent,ca_2023_24.pdf
CA,"Farmers Group, Inc. - 6301",2023-08-28,64.0,,Layoff Permanent,ca_2023_24.pdf
CA,"Farmers Group, Inc.",2023-08-28,135.0,,Layoff Permanent,ca_2023_24.pdf
CA,"Farmers Group, Inc. - 6301",2023-08-28,3.0,,Layoff Permanent,ca_2023_24.pdf
CA,"Farmers Group, Inc. - 6301",2023-08-28,1.0,,Layoff Permanent,ca_2023_24.pdf
CA,"Farmers Group, Inc.",2023-08-28,1.0,,Layoff Permanent,ca_2023_24.pdf
CA,"Farmers Group, Inc.",2023-08-28,1.0,,Layoff Permanent,ca_2023_24.pdf
CA,Legacy Supply Chain Services II,2023-08-28,39.0,,Closure Permanent,ca_2023_24.pdf
CA,Legacy Supply Chain Services II,2023-08-28,14.0,,Closure Permanent,ca_2023_24.pdf
CA,California Resources Corporation,2023-08-28,26.0,,Layoff Permanent,ca_2023_24.pdf
CA,California Resources Corporation,2023-08-28,1.0,,Layoff Permanent,ca_2023_24.pdf
CA,California Resources Corporation,2023-08-28,4.0,,Layoff Permanent,ca_2023_24.pdf
CA,California Resources Corporation,2023-08-28,1.0,,Layoff Permanent,ca_2023_24.pdf
CA,California Resources Corporation,2023-08-28,25.0,,Layoff Permanent,ca_2023_24.pdf
CA,California Resources Corporation,2023-08-28,2.0,,Layoff Permanent,ca_2023_24.pdf
CA,California Resources Corporation,2023-08-28,1.0,,Layoff Permanent,ca_2023_24.pdf
CA,California Resources Corporation,2023-08-28,1.0,,Layoff Permanent,ca_2023_24.pdf
CA,"Splash Cafe, Inc. dba Splash Cafe Artisan Bakery",2023-08-29,29.0,,Closure Permanent,ca_2023_24.pdf
CA,Del Friscos Grille,2023-08-30,53.0,,Closure Permanent,ca_2023_24.pdf
CA,Kraft Heinz Foods Company,2023-08-31,60.0,,Closure Permanent,ca_2023_24.pdf
CA,Peloton Interactive Inc.,2023-08-31,3.0,,Closure Permanent,ca_2023_24.pdf
CA,"PLI Holdings, Inc.",2023-09-01,217.0,,Closure Permanent,ca_2023_24.pdf
CA,Sonoco,2023-09-01,292.0,,Closure Permanent,ca_2023_24.pdf
CA,"Boardriders Wholesale, LLC",2023-09-01,1.0,,Layoff Permanent,ca_2023_24.pdf
CA,"Boardriders Wholesale, LLC",2023-09-01,57.0,,Layoff Permanent,ca_2023_24.pdf
CA,"Boardriders Wholesale, LLC",2023-09-01,3.0,,Layoff Permanent,ca_2023_24.pdf
CA,"Boardriders Wholesale, LLC",2023-09-01,12.0,,Layoff Permanent,ca_2023_24.pdf
CA,"Boardriders Wholesale, LLC",2023-09-01,10.0,,Layoff Permanent,ca_2023_24.pdf
CA,"Boardriders Wholesale, LLC",2023-09-01,1.0,,Layoff Permanent,ca_2023_24.pdf
CA,Jensen Enterprises Inc. dba Jensen Precast,2023-09-01,40.0,,Closure Permanent,ca_2023_24.pdf
CA,"West Coast Industries, Inc.",2023-09-05,53.0,,Closure Permanent,ca_2023_24.pdf
CA,"West Coast Industries, Inc.",2023-09-05,4.0,,Closure Permanent,ca_2023_24.pdf
CA,"Newark Group, Inc.",2023-09-06,74.0,,Closure Permanent,ca_2023_24.pdf
CA,"ChargePoint, Inc.",2023-09-06,79.0,,Layoff Permanent,ca_2023_24.pdf
CA,Zymergen Inc.,2023-09-06,7.0,,Layoff Permanent,ca_2023_24.pdf
CA,Safeway,2023-09-06,38.0,,Closure Permanent,ca_2023_24.pdf
CA,Divvy Homes Inc.,2023-09-07,95.0,,Layoff Permanent,ca_2023_24.pdf
CA,"Divvy Homes, Inc",2023-09-07,94.0,San Francisco,Reduction,warn_or.json
CA,"Coronado Brewing Company, Inc.",2023-09-08,27.0,,Closure Permanent,ca_2023_24.pdf
CA,Joy Signal Technology,2023-09-11,127.0,,Closure Permanent,ca_2023_24.pdf
CA,Jabil Inc.,2023-09-11,140.0,,Layoff Permanent,ca_2023_24.pdf
CA,Noble House Home Furnishing LLC Superior HQ,2023-09-11,100.0,,Closure Permanent,ca_2023_24.pdf
CA,Noble House Home Furnishings LLC GDF Outlet,2023-09-11,7.0,,Closure Permanent,ca_2023_24.pdf
CA,Noble House Home Furnishings - 7901 Deering,2023-09-11,9.0,,Closure Permanent,ca_2023_24.pdf
CA,Noble House Home Furnishings LLC,2023-09-11,27.0,,Closure Permanent,ca_2023_24.pdf
CA,Nobel House Home Furnishings LLC,2023-09-11,44.0,,Closure Permanent,ca_2023_24.pdf
CA,Noble House Home Furnishings LLc,2023-09-11,61.0,,Closure Permanent,ca_2023_24.pdf
CA,Kaiser Foundation Hospitals,2023-09-12,21.0,,Layoff Permanent,ca_2023_24.pdf
CA,Kaiser Foundation Hospitals,2023-09-12,8.0,,Layoff Permanent,ca_2023_24.pdf
CA,Kaiser Foundation Hospitals - Pasadena,2023-09-12,1.0,,Layoff Permanent,ca_2023_24.pdf
CA,Kaiser Foundation Hospitals-Walnut,2023-09-12,8.0,,Layoff Permanent,ca_2023_24.pdf
CA,Kaiser Foundation Hospitals-Los Robles,2023-09-12,1.0,,Layoff Permanent,ca_2023_24.pdf
CA,Kaiser Foundation Hospitals - Ordway Building,2023-09-12,2.0,,Layoff Permanent,ca_2023_24.pdf
CA,Kaiser Foundation Hospitals,2023-09-12,1.0,,Layoff Permanent,ca_2023_24.pdf
CA,Kaiser Foundation Hospitals - Harrison,2023-09-12,4.0,,Layoff Permanent,ca_2023_24.pdf
CA,Kaiser Foundation Hospitals,2023-09-12,1.0,,Layoff Permanent,ca_2023_24.pdf
CA,Kaiser Foundation Hospitals,2023-09-12,1.0,,Layoff Permanent,ca_2023_24.pdf
CA,Kaiser Foundation Hospitals,2023-09-12,1.0,,Layoff Permanent,ca_2023_24.pdf
CA,LEER Group,2023-09-12,122.0,,Closure Permanent,ca_2023_24.pdf
CA,LEER Group - 1242,2023-09-12,27.0,,Closure Permanent,ca_2023_24.pdf
CA,Sunrun Inc.,2023-09-12,1.0,,Layoff Permanent,ca_2023_24.pdf
CA,Sunrun Inc.,2023-09-12,3.0,,Layoff Permanent,ca_2023_24.pdf
CA,Sunrun Inc.,2023-09-12,24.0,,Layoff Permanent,ca_2023_24.pdf
CA,Sunrun Inc.,2023-09-12,39.0,,Closure Permanent,ca_2023_24.pdf
CA,Sunrun Inc.,2023-09-12,31.0,,Layoff Permanent,ca_2023_24.pdf
CA,City National Bank,2023-09-13,34.0,,Layoff Permanent,ca_2023_24.pdf
CA,City National Bank,2023-09-13,35.0,,Layoff Permanent,ca_2023_24.pdf
CA,City National Bank,2023-09-13,2.0,,Layoff Permanent,ca_2023_24.pdf
CA,Google,2023-09-13,41.0,,Layoff Permanent,ca_2023_24.pdf
CA,Google,2023-09-13,34.0,,Layoff Permanent,ca_2023_24.pdf
CA,Southern Counties Express,2023-09-13,43.0,,Layoff Permanent,ca_2023_24.pdf
CA,"Matheson Flight Extenders, Inc.",2023-09-14,257.0,,Closure Permanent,ca_2023_24.pdf
CA,Bamboo Group Operations LLC dba Bamboo Sushi,2023-09-14,40.0,,Closure Permanent,ca_2023_24.pdf
CA,B. Braun Medical Inc.,2023-09-14,70.0,,Layoff Permanent,ca_2023_24.pdf
CA,Container Connection,2023-09-14,64.0,,Layoff Permanent,ca_2023_24.pdf
CA,Formagrid Inc. dba Airtable,2023-09-14,99.0,,Layoff Permanent,ca_2023_24.pdf
CA,"Pacific Coast Sightseeing Tours & Charters, Inc.",2023-09-14,68.0,,Layoff Permanent,ca_2023_24.pdf
CA,"Phillips Tool & Die, Inc. dba Busy Bee Tooling",2023-09-14,7.0,,Closure Permanent,ca_2023_24.pdf
CA,"Farmers Group, Inc.",2023-09-14,20.0,,Layoff Permanent,ca_2023_24.pdf
CA,"Farmers Group, Inc.",2023-09-14,1.0,,Layoff Permanent,ca_2023_24.pdf
CA,Federal Express Corporation,2023-09-15,405.0,,Closure Permanent,ca_2023_24.pdf
CA,Niagara Bottling LLC,2023-09-15,111.0,,Layoff Permanent,ca_2023_24.pdf
CA,Bloom Energy Corporation,2023-09-16,34.0,,Layoff Permanent,ca_2023_24.pdf
CA,Bloom Energy Corporation,2023-09-16,1.0,,Layoff Permanent,ca_2023_24.pdf
CA,Bloom Energy Corporation,2023-09-16,12.0,,Layoff Permanent,ca_2023_24.pdf
CA,Cummins Meritor,2023-09-18,15.0,,Layoff Permanent,ca_2023_24.pdf
CA,Cummins Meritor,2023-09-18,1.0,,Layoff Permanent,ca_2023_24.pdf
CA,Jabil Inc.,2023-09-19,51.0,,Closure Temporary,ca_2023_24.pdf
CA,Shaw Industries Group Inc. Plant WG,2023-09-19,283.0,,Closure Permanent,ca_2023_24.pdf
CA,"Cacique Foods, LLC",2023-09-19,203.0,,Closure Permanent,ca_2023_24.pdf
CA,"Cacique Foods, LLC",2023-09-19,22.0,,Closure Permanent,ca_2023_24.pdf
CA,BMO Bank N.A. successor in interest to Bank of the West,2023-09-19,200.0,,Layoff Permanent,ca_2023_24.pdf
CA,BMO Bank N.A. successor in interest to Bank of the West,2023-09-19,28.0,,Layoff Permanent,ca_2023_24.pdf
CA,"Robinhood Markets, Inc.",2023-09-20,1.0,,Layoff Permanent,ca_2023_24.pdf
CA,Dryer's Grand Ice Cream,2023-09-20,,,Layoff Temporary,ca_2023_24.pdf
CA,Dryer's Grand Ice Cream,2023-09-20,,,Layoff Temporary,ca_2023_24.pdf
CA,Dreyer's Grand Ice Cream,2023-09-20,306.0,,Layoff Temporary,ca_2023_24.pdf
CA,Dryer's Grand Ice Cream,2023-09-20,306.0,,Layoff Temporary,ca_2023_24.pdf
CA,"Distribution Alternatives, Inc.",2023-09-20,15.0,,Closure Permanent,ca_2023_24.pdf
CA,Jabil Inc.,2023-09-21,138.0,,Layoff Temporary,ca_2023_24.pdf
CA,Peloton Interactive Inc.,2023-09-21,6.0,,Closure Permanent,ca_2023_24.pdf
CA,"Jabil, Inc.",2023-09-21,69.0,,Layoff Temporary,ca_2023_24.pdf
CA,"Roku, Inc.",2023-09-21,135.0,,Layoff Permanent,ca_2023_24.pdf
CA,Jabil Inc.,2023-09-21,550.0,,Closure Temporary,ca_2023_24.pdf
CA,Jabil Inc.,2023-09-21,84.0,,Closure Temporary,ca_2023_24.pdf
CA,Terre du Soleil dba Auberge du Soleil,2023-09-25,217.0,,Layoff Temporary,ca_2023_24.pdf
CA,SCAT Enterprises LLC,2023-09-26,48.0,,Closure Permanent,ca_2023_24.pdf
CA,Target Corporation,2023-09-26,106.0,,Closure Permanent,ca_2023_24.pdf
CA,Target Corporation,2023-09-26,69.0,,Closure Permanent,ca_2023_24.pdf
CA,Target Corporation,2023-09-26,63.0,,Closure Permanent,ca_2023_24.pdf
CA,Kuubix Global LLC,2023-09-27,17.0,,Closure Permanent,ca_2023_24.pdf
CA,Kuubix Global LLC,2023-09-27,46.0,,Closure Permanent,ca_2023_24.pdf
CA,Hallcon Corporation,2023-09-28,65.0,,Layoff Permanent,ca_2023_24.pdf
CA,"Kuubix Global, LLC",2023-09-28,7.0,,Closure Permanent,ca_2023_24.pdf
CA,Epic Games,2023-09-28,30.0,,Layoff Permanent,ca_2023_24.pdf
CA,Epic Games,2023-09-28,34.0,,Layoff Permanent,ca_2023_24.pdf
CA,Epic Games,2023-09-28,33.0,,Layoff Permanent,ca_2023_24.pdf
CA,Foundation for California Community Colleges,2023-09-29,298.0,,Layoff Permanent,ca_2023_24.pdf
CA,"FM Restaurants HQ, LLC dba El Torito Mexican Grill",2023-09-29,39.0,,Closure Permanent,ca_2023_24.pdf
CA,"USS-UPI, LLC",2023-09-29,474.0,,Closure Permanent,ca_2023_24.pdf
CA,"Stir Foods, LLC",2023-10-02,87.0,,Closure Permanent,ca_2023_24.pdf
CA,PhenomeX Inc.,2023-10-02,46.0,,Layoff Permanent,ca_2023_24.pdf
CA,Bloom Energy Corporation,2023-10-03,6.0,,Layoff Permanent,ca_2023_24.pdf
CA,Bloom Energy Corporation,2023-10-03,1.0,,Layoff Permanent,ca_2023_24.pdf
CA,Bloom Energy Corporation,2023-10-03,8.0,,Layoff Permanent,ca_2023_24.pdf
CA,Bloom Energy Corporation,2023-10-03,3.0,,Layoff Permanent,ca_2023_24.pdf
CA,Bloom Energy Corporation,2023-10-03,54.0,,Layoff Permanent,ca_2023_24.pdf
CA,Newell Brands Distribution LLC,2023-10-03,48.0,,Closure Permanent,ca_2023_24.pdf
CA,Zymergen Inc.,2023-10-03,101.0,,Layoff Permanent,ca_2023_24.pdf
CA,"Juniper Networks, Inc.",2023-10-03,108.0,,Layoff Permanent,ca_2023_24.pdf
CA,Gilead Sciences,2023-10-04,41.0,,Layoff Permanent,ca_2023_24.pdf
CA,Gilead Sciences,2023-10-04,1.0,,Layoff Permanent,ca_2023_24.pdf
CA,Amware Fulfillment LLC,2023-10-04,83.0,,Closure Permanent,ca_2023_24.pdf
CA,Amware Fulfillment LLC,2023-10-04,1.0,,Closure Permanent,ca_2023_24.pdf
CA,"Performance Plastics, Inc.",2023-10-04,77.0,,Closure Permanent,ca_2023_24.pdf
CA,"Becton, Dickinson, and Company",2023-10-04,38.0,,Layoff Permanent,ca_2023_24.pdf
CA,"Becton, Dickinson, and Company - Pacific",2023-10-04,27.0,,Layoff Permanent,ca_2023_24.pdf
CA,"Becton, Dickinson, and Company",2023-10-04,3.0,,Layoff Permanent,ca_2023_24.pdf
CA,"Becton, Dickinson, and Company",2023-10-04,1.0,,Layoff Permanent,ca_2023_24.pdf
CA,"Becton, Dickinson, and Company",2023-10-04,2.0,,Layoff Permanent,ca_2023_24.pdf
CA,"Becton, Dickinson, and Company",2023-10-04,26.0,,Layoff Permanent,ca_2023_24.pdf
CA,"Becton, Dickinson, and Company",2023-10-04,1.0,,Layoff Permanent,ca_2023_24.pdf
CA,"Becton, Dickinson, and Company",2023-10-04,1.0,,Layoff Permanent,ca_2023_24.pdf
CA,"Becton, Dickinson, and Company",2023-10-04,4.0,,Layoff Permanent,ca_2023_24.pdf
CA,"Becton, Dickinson, and Company",2023-10-04,1.0,,Layoff Permanent,ca_2023_24.pdf
CA,"Becton, Dickinson, and Company",2023-10-04,1.0,,Layoff Permanent,ca_2023_24.pdf
CA,DreamWorks Animation LLC,2023-10-05,72.0,,Layoff Permanent,ca_2023_24.pdf
CA,"Shift Technologies, Inc.",2023-10-06,38.0,,Closure Permanent,ca_2023_24.pdf
CA,"Shift Technologies, Inc.",2023-10-06,40.0,,Closure Permanent,ca_2023_24.pdf
CA,"Matheson Flight Extenders, Inc.",2023-10-06,124.0,,Closure Permanent,ca_2023_24.pdf
CA,"Cygnus Home Service, LLC dba Yelloh",2023-10-09,13.0,,Closure Permanent,ca_2023_24.pdf
CA,Yelloh,2023-10-09,7.0,,Closure Permanent,ca_2023_24.pdf
CA,Yelloh,2023-10-09,11.0,,Closure Permanent,ca_2023_24.pdf
CA,"Cygnus Home Service, LLC dba Yelloh",2023-10-09,3.0,,Closure Permanent,ca_2023_24.pdf
CA,"Cygnus Home Service, LLC dba Yelloh",2023-10-09,7.0,,Closure Permanent,ca_2023_24.pdf
CA,"Cygnus Home Service, LLC dba Yelloh",2023-10-09,16.0,,Closure Permanent,ca_2023_24.pdf
CA,"Cygnus Home Service, LLC dba Yelloh",2023-10-09,9.0,,Closure Permanent,ca_2023_24.pdf
CA,"Sober Living by the Sea, Inc.",2023-10-11,65.0,,Closure Permanent,ca_2023_24.pdf
CA,Qualcomm Incorporated,2023-10-11,189.0,,Layoff Permanent,ca_2023_24.pdf
CA,Qualcomm Incorporated,2023-10-11,1.0,,Layoff Permanent,ca_2023_24.pdf
CA,Qualcomm Incorporated,2023-10-11,1.0,,Layoff Permanent,ca_2023_24.pdf
CA,Qualcomm Incorporated,2023-10-11,1.0,,Layoff Permanent,ca_2023_24.pdf
CA,Qualcomm Incorporated,2023-10-11,1.0,,Layoff Permanent,ca_2023_24.pdf
CA,Qualcomm Incorporated,2023-10-11,1.0,,Layoff Permanent,ca_2023_24.pdf
CA,Qualcomm Incorporated,2023-10-11,,,Layoff Permanent,ca_2023_24.pdf
CA,"Alvarado Hospital, LLC dba Alvarado Hospital Medical Center",2023-10-11,808.0,,Layoff Permanent,ca_2023_24.pdf
CA,Palmdale Regional Medical Center,2023-10-12,87.0,,Closure Permanent,ca_2023_24.pdf
CA,"Ajinomoto Foods North America, Inc.",2023-10-12,538.0,,Layoff Temporary,ca_2023_24.pdf
CA,LendingClub Bank,2023-10-12,54.0,,Layoff Permanent,ca_2023_24.pdf
CA,LendingClub Bank,2023-10-12,3.0,,Layoff Permanent,ca_2023_24.pdf
CA,LendingClub Bank,2023-10-12,7.0,,Layoff Permanent,ca_2023_24.pdf
CA,LendingClub Bank,2023-10-12,25.0,,Layoff Permanent,ca_2023_24.pdf
CA,LendingClub Bank,2023-10-12,1.0,,Layoff Permanent,ca_2023_24.pdf
CA,"Liminex, Inc. dba GoGuardian",2023-10-12,95.0,,Layoff Permanent,ca_2023_24.pdf
CA,"Central Admixture Pharmacy Services, Inc.",2023-10-12,99.0,,Closure Permanent,ca_2023_24.pdf
CA,"William Kreysler & Associates, Inc.",2023-10-12,87.0,,Layoff Permanent,ca_2023_24.pdf
CA,Agilent Technologies,2023-10-13,29.0,,Layoff Permanent,ca_2023_24.pdf
CA,Agilent Technologies,2023-10-13,24.0,,Layoff Permanent,ca_2023_24.pdf
CA,Agilent Technologies,2023-10-13,14.0,,Layoff Permanent,ca_2023_24.pdf
CA,Agilent Technologes,2023-10-13,2.0,,Layoff Permanent,ca_2023_24.pdf
CA,"Flexport, Inc.",2023-10-13,134.0,,Layoff Permanent,ca_2023_24.pdf
CA,"Arden Hills Country Club, Inc",2023-10-13,33.0,,Closure Permanent,ca_2023_24.pdf
CA,"Matheson Flight Extenders, Inc.",2023-10-16,72.0,,Closure Permanent,ca_2023_24.pdf
CA,Surefox North America Inc,2023-10-16,126.0,,Layoff Permanent,ca_2023_24.pdf
CA,Surefox North America Inc,2023-10-16,193.0,,Layoff Permanent,ca_2023_24.pdf
CA,Surefox North America Inc,2023-10-16,57.0,,Layoff Permanent,ca_2023_24.pdf
CA,Surefox North America Inc,2023-10-16,10.0,,Layoff Permanent,ca_2023_24.pdf
CA,"Baxalta US, Inc.",2023-10-17,14.0,,Closure Permanent,ca_2023_24.pdf
CA,"Baxalta US, Inc.",2023-10-17,1.0,,Closure Permanent,ca_2023_24.pdf
CA,"Becton, Dickinson and Company",2023-10-17,48.0,,Layoff Permanent,ca_2023_24.pdf
CA,"Amyris, Inc.",2023-10-18,112.0,,Layoff Permanent,ca_2023_24.pdf
CA,WMBE Payrolling Inc. dba TCWGlobal,2023-10-18,88.0,,Closure Permanent,ca_2023_24.pdf
CA,Ojai Valley Inn,2023-10-18,870.0,,Closure Temporary,ca_2023_24.pdf
CA,Kitayama Brothers Inc.,2023-10-23,56.0,,Closure Permanent,ca_2023_24.pdf
CA,First Financial Credit Union,2023-10-24,3.0,,Closure Permanent,ca_2023_24.pdf
CA,John Muir Health (JMH),2023-10-24,164.0,,Layoff Permanent,ca_2023_24.pdf
CA,"MaxLite, Inc.",2023-10-25,4.0,,Closure Permanent,ca_2023_24.pdf
CA,ResMEd Inc.,2023-10-25,364.0,,Layoff Permanent,ca_2023_24.pdf
CA,"Exabeam, Inc.",2023-10-25,94.0,,Layoff Permanent,ca_2023_24.pdf
CA,SK hynix NAND Product Solutions Corp. dba Solidigm,2023-10-25,172.0,,Layoff Permanent,ca_2023_24.pdf
CA,Nestle USA,2023-10-25,86.0,,Layoff Temporary,ca_2023_24.pdf
CA,Fashion Institute of Design & Merchandising FIDM,2023-10-26,322.0,,Layoff Permanent,ca_2023_24.pdf
CA,Momentum for Health,2023-10-27,84.0,,Closure Permanent,ca_2023_24.pdf
CA,Momentum for Health,2023-10-27,1.0,,Closure Permanent,ca_2023_24.pdf
CA,Momentum for Health,2023-10-27,1.0,,Closure Permanent,ca_2023_24.pdf
CA,Bloom Energy Corporation,2023-10-28,47.0,,Layoff Permanent,ca_2023_24.pdf
CA,Bloom Energy Corporation,2023-10-28,1.0,,Layoff Permanent,ca_2023_24.pdf
CA,Bloom Energy Corporation,2023-10-28,13.0,,Layoff Permanent,ca_2023_24.pdf
CA,Capital One Financial,2023-10-30,49.0,,Closure Permanent,ca_2023_24.pdf
CA,Sunrise Growers Inc.,2023-10-30,34.0,,Closure Permanent,ca_2023_24.pdf
CA,"Elevance Health, Inc.",2023-10-30,87.0,,Layoff Permanent,ca_2023_24.pdf
CA,St. John of God Health Care Services,2023-10-30,27.0,,Layoff Permanent,ca_2023_24.pdf
CA,Vertical Supply Group,2023-10-30,7.0,,Closure Permanent,ca_2023_24.pdf
CA,"PWLC I, Inc.",2023-10-30,60.0,,Layoff Permanent,ca_2023_24.pdf
CA,"San Diego Imaging Management, Inc.",2023-10-31,52.0,,Layoff Permanent,ca_2023_24.pdf
CA,"Faire Wholesale, Inc.",2023-10-31,70.0,,Layoff Permanent,ca_2023_24.pdf
CA,Family YMCA of the Desert at Palm Desert Aquatic Center,2023-11-01,85.0,,"Layoff Not known at
this time",ca_2023_24.pdf
CA,"Locanabio, Inc.",2023-11-01,58.0,,Closure Permanent,ca_2023_24.pdf
CA,The Hotel del Coronado,2023-11-01,10.0,,Layoff Temporary,ca_2023_24.pdf
CA,The Hotel del Coronado,2023-11-01,82.0,,Layoff Temporary,ca_2023_24.pdf
CA,The Hotel del Coronado,2023-11-01,43.0,,Layoff Temporary,ca_2023_24.pdf
CA,The Hotel del Coronado,2023-11-01,6.0,,Layoff Temporary,ca_2023_24.pdf
CA,The Hotel del Coronado,2023-11-01,56.0,,Layoff Temporary,ca_2023_24.pdf
CA,Miyoko's PBC,2023-11-01,33.0,,Layoff Permanent,ca_2023_24.pdf
CA,"Viasat, Inc.",2023-11-01,228.0,,Layoff Permanent,ca_2023_24.pdf
CA,"Viasat, Inc.",2023-11-01,11.0,,Layoff Permanent,ca_2023_24.pdf
CA,Informatica LLC,2023-11-01,90.0,,Layoff Permanent,ca_2023_24.pdf
CA,"Sangamo Therapeutics, Inc.",2023-11-01,65.0,,Closure Permanent,ca_2023_24.pdf
CA,"Sangamo Therapeutics, Inc.",2023-11-01,37.0,,Layoff Permanent,ca_2023_24.pdf
CA,"Alvarado Hospital, LLC dba Alvarado Hospital Medical Center",2023-11-01,6.0,,Closure Permanent,ca_2023_24.pdf
CA,Organic Milling - Allen Facility,2023-11-01,7.0,,Layoff Permanent,ca_2023_24.pdf
CA,Organic Milling - Acacia Facility,2023-11-01,1.0,,Layoff Permanent,ca_2023_24.pdf
CA,Splunk Inc.,2023-11-01,93.0,,Layoff Permanent,ca_2023_24.pdf
CA,Splunk Inc.,2023-11-01,83.0,,Layoff Permanent,ca_2023_24.pdf
CA,Atara Biotherapeutics,2023-11-01,72.0,,Layoff Permanent,ca_2023_24.pdf
CA,Atara Biotherapeutics,2023-11-01,1.0,,Layoff Permanent,ca_2023_24.pdf
CA,"TVT Trucking, Inc. and FTU Labor Contractors",2023-11-01,142.0,,Closure Permanent,ca_2023_24.pdf
CA,Parker Hannifin Corporation,2023-11-02,4.0,,Closure Permanent,ca_2023_24.pdf
CA,Amazon,2023-11-02,57.0,,Layoff Permanent,ca_2023_24.pdf
CA,Amazon,2023-11-02,114.0,,Closure Permanent,ca_2023_24.pdf
CA,Daiso Distribution Center,2023-11-02,74.0,,Closure Permanent,ca_2023_24.pdf
CA,St James Infirmary,2023-11-02,71.0,,Closure Permanent,ca_2023_24.pdf
CA,Hyperloop One,2023-11-02,1.0,,Layoff Permanent,ca_2023_24.pdf
CA,Hyperloop One,2023-11-02,1.0,,Layoff Permanent,ca_2023_24.pdf
CA,Hyperloop One,2023-11-02,1.0,,Layoff Permanent,ca_2023_24.pdf
CA,Hyperloop One,2023-11-02,1.0,,Layoff Permanent,ca_2023_24.pdf
CA,Hyperloop One,2023-11-02,1.0,,Layoff Permanent,ca_2023_24.pdf
CA,Hyperloop One,2023-11-02,1.0,,Layoff Permanent,ca_2023_24.pdf
CA,Hyperloop One,2023-11-02,1.0,,Layoff Permanent,ca_2023_24.pdf
CA,Hyperloop One,2023-11-02,1.0,,Layoff Permanent,ca_2023_24.pdf
CA,Hyperloop One,2023-11-02,1.0,,Layoff Permanent,ca_2023_24.pdf
CA,Hyperloop One,2023-11-02,1.0,,Layoff Permanent,ca_2023_24.pdf
CA,Hyperloop One,2023-11-02,1.0,,Layoff Permanent,ca_2023_24.pdf
CA,Hyperloop One,2023-11-02,3.0,,Layoff Permanent,ca_2023_24.pdf
CA,Command Security Service LP at Google/Bayview,2023-11-03,33.0,,Layoff Permanent,ca_2023_24.pdf
CA,"Pac-12 Enterprises, LLC",2023-11-03,141.0,,Layoff Permanent,ca_2023_24.pdf
CA,"Analog Devices, Inc.",2023-11-03,109.0,,Layoff Permanent,ca_2023_24.pdf
CA,"Analog Devices, Inc.",2023-11-03,1.0,,Layoff Permanent,ca_2023_24.pdf
CA,"Analog Devices, Inc.",2023-11-03,1.0,,Layoff Permanent,ca_2023_24.pdf
CA,Intel Corporation,2023-11-03,235.0,,Layoff Permanent,ca_2023_24.pdf
CA,Intel Corporation,2023-11-03,73.0,,Layoff Permanent,ca_2023_24.pdf
CA,Intel Corporation,2023-11-03,1.0,,Layoff Permanent,ca_2023_24.pdf
CA,Intel Corporation,2023-11-03,1.0,,Layoff Permanent,ca_2023_24.pdf
CA,Intel Corporation,2023-11-03,1.0,,Layoff Permanent,ca_2023_24.pdf
CA,Ruan Transport Corporation,2023-11-03,47.0,,Closure Permanent,ca_2023_24.pdf
CA,Ruan Transport Corporation,2023-11-03,92.0,,Closure Permanent,ca_2023_24.pdf
CA,"FM Restaurants HQ, LLC dba El Torito Mexican Grill",2023-11-06,42.0,,Closure Permanent,ca_2023_24.pdf
CA,"Charles Schwab & Co., Inc.",2023-11-06,155.0,,Layoff Permanent,ca_2023_24.pdf
CA,Kaiser Foundation Hospitals,2023-11-06,26.0,,Layoff Permanent,ca_2023_24.pdf
CA,Kaiser Foundation Hospitals - Pasadena,2023-11-06,22.0,,Layoff Permanent,ca_2023_24.pdf
CA,Kaiser Foundation Hospitals - Fair Oaks,2023-11-06,2.0,,Layoff Permanent,ca_2023_24.pdf
CA,Kaiser Foundation Hospitals,2023-11-06,1.0,,Layoff Permanent,ca_2023_24.pdf
CA,Kaiser Foundation Hospitals,2023-11-06,1.0,,Layoff Permanent,ca_2023_24.pdf
CA,Kaiser Foundation Hospitals,2023-11-06,1.0,,Layoff Permanent,ca_2023_24.pdf
CA,Kaiser Foundation Hospitals - Lakeside,2023-11-06,4.0,,Layoff Permanent,ca_2023_24.pdf
CA,Kaiser Foundation Hospitals - Harrison,2023-11-06,6.0,,Layoff Permanent,ca_2023_24.pdf
CA,Kaiser Foundation Hospitals - One,2023-11-06,2.0,,Layoff Permanent,ca_2023_24.pdf
CA,Kaiser Foundation Hospitals,2023-11-06,4.0,,Layoff Permanent,ca_2023_24.pdf
CA,Kaiser Foundation Hospitals,2023-11-06,1.0,,Layoff Permanent,ca_2023_24.pdf
CA,Kaiser Foundation Hospitals,2023-11-06,20.0,,Layoff Permanent,ca_2023_24.pdf
CA,Kaiser Foundation Hospitals,2023-11-06,41.0,,Layoff Permanent,ca_2023_24.pdf
CA,Kaiser Foundation Hospitals,2023-11-06,1.0,,Layoff Temporary,ca_2023_24.pdf
CA,Rico Corp. dba D' Addario Woodwinds,2023-11-06,26.0,,Closure Permanent,ca_2023_24.pdf
CA,Kaiser Foundation Hospitals,2023-11-06,6.0,,Layoff Permanent,ca_2023_24.pdf
CA,Kaiser Foundation Hospitals - Arrow,2023-11-06,1.0,,Layoff Permanent,ca_2023_24.pdf
CA,Kaiser Foundation Hospitals - Canyon,2023-11-06,8.0,,Layoff Permanent,ca_2023_24.pdf
CA,Kaiser Foundation Hospitals - Mission,2023-11-06,1.0,,Layoff Permanent,ca_2023_24.pdf
CA,Kaiser Foundation Hospitals - Rio,2023-11-06,5.0,,Layoff Permanent,ca_2023_24.pdf
CA,"AHMC San Gabriel Valley Medical Center LP dba San Gabriel
Valley Medical Center",2023-11-06,29.0,,Layoff Permanent,ca_2023_24.pdf
CA,"TriLink Biotechnologies, LLC and Maravai Intermediate
Holdings, LLC",2023-11-06,85.0,,Layoff Permanent,ca_2023_24.pdf
CA,"TriLink Biotechnologies, LLC and Maravai Intermediate
Holdings, LLC",2023-11-06,1.0,,Layoff Permanent,ca_2023_24.pdf
CA,"TriLink Biotechnologies, LLC and Maravai Intermediate
Holdings, LLC",2023-11-06,1.0,,Layoff Permanent,ca_2023_24.pdf
CA,"TriLink Biotechnologies, LLC and Maravai Intermediate
Holdings, LLC",2023-11-06,1.0,,Layoff Permanent,ca_2023_24.pdf
CA,Kinecta Federal Credit Union,2023-11-06,85.0,,Layoff Permanent,ca_2023_24.pdf
CA,Flex LTD,2023-11-07,31.0,,Layoff Permanent,ca_2023_24.pdf
CA,"Nextdoor, Inc.",2023-11-07,99.0,,Layoff Permanent,ca_2023_24.pdf
CA,"ForgeRock, Inc.",2023-11-07,4.0,,Layoff Permanent,ca_2023_24.pdf
CA,"ForgeRock, Inc.",2023-11-07,73.0,,Layoff Permanent,ca_2023_24.pdf
CA,"ForgeRock, Inc.",2023-11-07,3.0,,Layoff Permanent,ca_2023_24.pdf
CA,"ForgeRock, Inc.",2023-11-07,3.0,,Layoff Permanent,ca_2023_24.pdf
CA,"ForgeRock, Inc.",2023-11-07,1.0,,Layoff Permanent,ca_2023_24.pdf
CA,"ForgeRock, Inc.",2023-11-07,1.0,,Layoff Permanent,ca_2023_24.pdf
CA,"ForgeRock, Inc.",2023-11-07,2.0,,Layoff Permanent,ca_2023_24.pdf
CA,"ForgeRock, Inc.",2023-11-07,1.0,,Layoff Permanent,ca_2023_24.pdf
CA,"ForgeRock, Inc.",2023-11-07,1.0,,Layoff Permanent,ca_2023_24.pdf
CA,"ForgeRock, Inc.",2023-11-07,2.0,,Layoff Permanent,ca_2023_24.pdf
CA,"ForgeRock, Inc.",2023-11-07,6.0,,Layoff Permanent,ca_2023_24.pdf
CA,"Global Expedited Transportation, Inc.",2023-11-08,51.0,,Closure Permanent,ca_2023_24.pdf
CA,"Acutus Medical, Inc.",2023-11-08,140.0,,Layoff Permanent,ca_2023_24.pdf
CA,"Acutus Medical, Inc.",2023-11-08,7.0,,Layoff Permanent,ca_2023_24.pdf
CA,"Virgin Galactic, LLC",2023-11-08,75.0,,Layoff Permanent,ca_2023_24.pdf
CA,"Virgin Galactic, LLC",2023-11-08,1.0,,Layoff Permanent,ca_2023_24.pdf
CA,"Virgin Galactic, LLC",2023-11-08,1.0,,Layoff Permanent,ca_2023_24.pdf
CA,"Virgin Galactic, LLC",2023-11-08,1.0,,Layoff Permanent,ca_2023_24.pdf
CA,The Boeing Company,2023-11-08,68.0,,Layoff Permanent,ca_2023_24.pdf
CA,Boeing Company,2023-11-08,2.0,,Layoff Permanent,ca_2023_24.pdf
CA,Boeing Company,2023-11-08,1.0,,Layoff Permanent,ca_2023_24.pdf
CA,The Boeing Company,2023-11-08,22.0,,Layoff Permanent,ca_2023_24.pdf
CA,The Boeing Company,2023-11-08,1.0,,Layoff Permanent,ca_2023_24.pdf
CA,Lendlease Americas Inc.,2023-11-08,13.0,,Layoff Permanent,ca_2023_24.pdf
CA,Lendlease Americas Inc.,2023-11-08,16.0,,Layoff Permanent,ca_2023_24.pdf
CA,Lendlease Americas Inc.,2023-11-08,27.0,,Layoff Permanent,ca_2023_24.pdf
CA,Lendlease Americas Inc.,2023-11-08,1.0,,Closure Permanent,ca_2023_24.pdf
CA,Accenture,2023-11-09,87.0,,Layoff Permanent,ca_2023_24.pdf
CA,"Distribution Alternatives, Inc.",2023-11-09,23.0,,Closure Permanent,ca_2023_24.pdf
CA,"Agilent Technologies, Inc.",2023-11-09,32.0,,Layoff Permanent,ca_2023_24.pdf
CA,"Agilent Technologies, Inc.",2023-11-09,1.0,,Layoff Permanent,ca_2023_24.pdf
CA,"Agilent Technologies, Inc.",2023-11-09,3.0,,Layoff Permanent,ca_2023_24.pdf
CA,"Owens-Brockway Glass Container, Inc.",2023-11-09,130.0,,Layoff Temporary,ca_2023_24.pdf
CA,"Oracle America, Inc. at Adventist Health",2023-11-13,65.0,,Layoff Permanent,ca_2023_24.pdf
CA,The Apothecarium,2023-11-13,7.0,,Closure Permanent,ca_2023_24.pdf
CA,"Fish Market Restaurants, Inc.",2023-11-13,4.0,,Closure Permanent,ca_2023_24.pdf
CA,Dynaflex Prodcuts,2023-11-13,14.0,,Closure Permanent,ca_2023_24.pdf
CA,Talis Biomedical Corporation,2023-11-14,103.0,,Closure Permanent,ca_2023_24.pdf
CA,Sunrun Inc.,2023-11-14,26.0,,Layoff Permanent,ca_2023_24.pdf
CA,Sunrun Inc.,2023-11-14,15.0,,Layoff Permanent,ca_2023_24.pdf
CA,Sunrun Inc.,2023-11-14,10.0,,Layoff Permanent,ca_2023_24.pdf
CA,Sunrun Inc.,2023-11-14,37.0,,Layoff Permanent,ca_2023_24.pdf
CA,"Marvell Semiconductor, Inc.",2023-11-15,58.0,,Layoff Permanent,ca_2023_24.pdf
CA,"Marvell Semiconductor, Inc.",2023-11-15,7.0,,Layoff Permanent,ca_2023_24.pdf
CA,"Knox Attorney Service, Inc.",2023-11-15,85.0,,Closure Permanent,ca_2023_24.pdf
CA,"NextGen Healthcare, Inc.",2023-11-15,56.0,,Layoff Permanent,ca_2023_24.pdf
CA,"NextGen Healthcare, Inc.",2023-11-15,2.0,,Layoff Permanent,ca_2023_24.pdf
CA,"NextGen Healthcare, Inc.",2023-11-15,45.0,,Layoff Permanent,ca_2023_24.pdf
CA,Western Digital,2023-11-15,57.0,,Layoff Permanent,ca_2023_24.pdf
CA,Renesas Electronics Corporation,2023-11-15,50.0,,Layoff Permanent,ca_2023_24.pdf
CA,Renesas Electronics Corporation,2023-11-15,15.0,,Layoff Permanent,ca_2023_24.pdf
CA,Thermo Fisher Scientific,2023-11-15,74.0,,Layoff Permanent,ca_2023_24.pdf
CA,Western Digital,2023-11-15,60.0,,Layoff Permanent,ca_2023_24.pdf
CA,Pennymac,2023-11-15,18.0,,Layoff Permanent,ca_2023_24.pdf
CA,Pennymac,2023-11-15,2.0,,Layoff Permanent,ca_2023_24.pdf
CA,Pennymac,2023-11-15,51.0,,Layoff Permanent,ca_2023_24.pdf
CA,Pennymac,2023-11-15,4.0,,Layoff Permanent,ca_2023_24.pdf
CA,Pennymac,2023-11-15,10.0,,Layoff Permanent,ca_2023_24.pdf
CA,Pac-12 Conference,2023-11-16,46.0,,Layoff Permanent,ca_2023_24.pdf
CA,Quality Fabrication Inc.,2023-11-16,55.0,,Closure Permanent,ca_2023_24.pdf
CA,"Distribution Alternatives, Inc.",2023-11-16,1.0,,Closure Permanent,ca_2023_24.pdf
CA,Lance Camper Mfg. Corp,2023-11-20,123.0,,Layoff Permanent,ca_2023_24.pdf
CA,"Boardriders Wholesale, LLC",2023-11-20,2.0,,Layoff Permanent,ca_2023_24.pdf
CA,"Herbalife International of America, Inc",2023-11-20,12.0,,Layoff Permanent,ca_2023_24.pdf
CA,"Herbalife International of America, Inc",2023-11-20,34.0,,Layoff Permanent,ca_2023_24.pdf
CA,"Herbalife International of America, Inc",2023-11-20,63.0,,Layoff Permanent,ca_2023_24.pdf
CA,GE United Technologies LLC,2023-11-21,188.0,,Closure Permanent,ca_2023_24.pdf
CA,GE United Technologies II Inc.,2023-11-21,60.0,,Closure Permanent,ca_2023_24.pdf
CA,Bandier West Hollywood LLC,2023-11-22,7.0,,Layoff Permanent,ca_2023_24.pdf
CA,Knauf Insulation Inc.,2023-11-22,97.0,,Layoff Temporary,ca_2023_24.pdf
CA,Blue Shield of California,2023-11-27,49.0,,Layoff Permanent,ca_2023_24.pdf
CA,Blue Shield of California,2023-11-27,31.0,,Layoff Permanent,ca_2023_24.pdf
CA,Blue Shield of California,2023-11-27,16.0,,Layoff Permanent,ca_2023_24.pdf
CA,Blue Shield of California,2023-11-27,19.0,,Layoff Permanent,ca_2023_24.pdf
CA,Blue Shield of California,2023-11-27,13.0,,Layoff Permanent,ca_2023_24.pdf
CA,Blue Shield of California,2023-11-27,16.0,,Layoff Permanent,ca_2023_24.pdf
CA,Blue Shield of California,2023-11-27,4.0,,Layoff Permanent,ca_2023_24.pdf
CA,Blue Shield of California,2023-11-27,3.0,,Layoff Permanent,ca_2023_24.pdf
CA,Blue Shield of California,2023-11-27,13.0,,Layoff Permanent,ca_2023_24.pdf
CA,Blue Shield of California,2023-11-27,1.0,,Layoff Permanent,ca_2023_24.pdf
CA,Broadcom Inc.,2023-11-27,,,Layoff Permanent,ca_2023_24.pdf
CA,"Dairy Farmers of America, Inc.",2023-11-27,68.0,,Closure Permanent,ca_2023_24.pdf
CA,"Block, Inc.",2023-11-27,51.0,,Layoff Permanent,ca_2023_24.pdf
CA,HMI,2023-11-28,16.0,,Closure Permanent,ca_2023_24.pdf
CA,Chart Inc.,2023-11-28,8.0,,Closure Permanent,ca_2023_24.pdf
CA,Vans HQ,2023-11-29,42.0,,Layoff Permanent,ca_2023_24.pdf
CA,"DePuy Synthes Products, Inc.",2023-11-29,25.0,,Layoff Permanent,ca_2023_24.pdf
CA,"Lonza Biologics, Inc.",2023-11-30,218.0,,Closure Permanent,ca_2023_24.pdf
CA,Crystal Geyser Water Company,2023-11-30,28.0,,Layoff Permanent,ca_2023_24.pdf
CA,Ace Hotel Group LLC at Ace Hotel Los Angeles,2023-11-30,169.0,,Layoff Permanent,ca_2023_24.pdf
CA,Global Medical Response,2023-11-30,84.0,,Closure Permanent,ca_2023_24.pdf
CA,"Personalis, Inc.",2023-12-01,62.0,,Layoff Permanent,ca_2023_24.pdf
CA,"Matheson Trucking, Inc.",2023-12-01,40.0,,Closure Permanent,ca_2023_24.pdf
CA,"Matheson Flight Extenders, Inc.",2023-12-01,57.0,,Closure Permanent,ca_2023_24.pdf
CA,Quanex Homeshield LLC,2023-12-01,58.0,,Closure Permanent,ca_2023_24.pdf
CA,ACRT Pacific,2023-12-01,3.0,,Layoff Permanent,ca_2023_24.pdf
CA,ACRT Pacific,2023-12-01,7.0,,Layoff Permanent,ca_2023_24.pdf
CA,ACRT Pacific,2023-12-01,20.0,,Layoff Permanent,ca_2023_24.pdf
CA,ACRT Pacific,2023-12-01,24.0,,Layoff Permanent,ca_2023_24.pdf
CA,ACRT Pacific,2023-12-01,4.0,,Layoff Permanent,ca_2023_24.pdf
CA,"Matheson Postal Services, Inc.",2023-12-01,10.0,,Layoff Permanent,ca_2023_24.pdf
CA,"Matheson Postal Services, Inc.",2023-12-01,18.0,,Layoff Permanent,ca_2023_24.pdf
CA,"Matheson Postal Services, Inc.",2023-12-01,13.0,,Layoff Permanent,ca_2023_24.pdf
CA,Southern California Pizza Company LLC,2023-12-01,393.0,,Layoff Permanent,ca_2023_24.pdf
CA,Southern California Pizza Company LLC,2023-12-01,129.0,,Layoff Permanent,ca_2023_24.pdf
CA,Southern California Pizza Company LLC,2023-12-01,67.0,,Layoff Permanent,ca_2023_24.pdf
CA,Southern California Pizza Company LLC,2023-12-01,80.0,,Layoff Permanent,ca_2023_24.pdf
CA,Southern California Pizza Company LLC,2023-12-01,8.0,,Layoff Permanent,ca_2023_24.pdf
CA,Southern California Pizza Company LLC,2023-12-01,9.0,,Layoff Permanent,ca_2023_24.pdf
CA,SoCal South OC LLC,2023-12-01,12.0,,Layoff Permanent,ca_2023_24.pdf
CA,SoCal South OC LLC,2023-12-01,5.0,,Layoff Permanent,ca_2023_24.pdf
CA,SoCal South OC LLC,2023-12-01,2.0,,Layoff Permanent,ca_2023_24.pdf
CA,SoCal South OC LLC,2023-12-01,2.0,,Layoff Permanent,ca_2023_24.pdf
CA,SoCal South OC LLC,2023-12-01,4.0,,Layoff Permanent,ca_2023_24.pdf
CA,"SoCal Pizza Holdings, LLC",2023-12-01,64.0,,Layoff Permanent,ca_2023_24.pdf
CA,"SoCal Pizza Holdings, LLC",2023-12-01,28.0,,Layoff Permanent,ca_2023_24.pdf
CA,"SoCal Pizza Holdings, LLC",2023-12-01,22.0,,Layoff Permanent,ca_2023_24.pdf
CA,"SoCal Pizza Holdings, LLC",2023-12-01,10.0,,Layoff Permanent,ca_2023_24.pdf
CA,"SoCal Pizza Holdings, LLC",2023-12-01,6.0,,Layoff Permanent,ca_2023_24.pdf
CA,Bristol Farms' Newfound Market Irvine Grocery Store,2023-12-02,138.0,,Closure Permanent,ca_2023_24.pdf
CA,"Eclipse Advantage, LLC at Rite Aid",2023-12-04,27.0,,Closure Permanent,ca_2023_24.pdf
CA,"Eclipse Advantage, LLC at Rite Aid",2023-12-04,11.0,,Closure Permanent,ca_2023_24.pdf
CA,"TuSimple, Inc.",2023-12-04,95.0,,Layoff Permanent,ca_2023_24.pdf
CA,"BILL Operations, LLC",2023-12-05,156.0,,Layoff Permanent,ca_2023_24.pdf
CA,"BILL Operations, LLC",2023-12-05,156.0,,Layoff Permanent,ca_2023_24.pdf
CA,"BILL Operations, LLC",2023-12-05,156.0,,Layoff Permanent,ca_2023_24.pdf
CA,Spotify USA Inc,2023-12-05,87.0,,Layoff Permanent,ca_2023_24.pdf
CA,"Valley Processing, a HEXPOL Company",2023-12-05,60.0,,Closure Permanent,ca_2023_24.pdf
CA,SPS Ventures Inc.,2023-12-05,162.0,,Layoff Permanent,ca_2023_24.pdf
CA,Spotify USA Inc.,2023-12-05,44.0,,Layoff Permanent,ca_2023_24.pdf
CA,"Age of Learning, Inc.",2023-12-05,94.0,,Layoff Permanent,ca_2023_24.pdf
CA,"TIDAL, a subsidary of Block, Inc.",2023-12-05,1.0,,Layoff Permanent,ca_2023_24.pdf
CA,"Boardriders Wholesale, LLC",2023-12-06,9.0,,Layoff Permanent,ca_2023_24.pdf
CA,"Boardriders Wholesale, LLC",2023-12-06,139.0,,Layoff Permanent,ca_2023_24.pdf
CA,"Juniper Networks, Inc.",2023-12-06,51.0,,Layoff Permanent,ca_2023_24.pdf
CA,B. Braun Medical Inc.,2023-12-07,13.0,,Layoff Permanent,ca_2023_24.pdf
CA,"Amyris, Inc.",2023-12-08,89.0,,Layoff Permanent,ca_2023_24.pdf
CA,Country Club Mortgage,2023-12-08,24.0,,Closure Permanent,ca_2023_24.pdf
CA,Country Club Mortgage,2023-12-08,6.0,,Closure Permanent,ca_2023_24.pdf
CA,Country Club Mortgage,2023-12-08,3.0,,Closure Permanent,ca_2023_24.pdf
CA,VF Santa Fe Springs Distribution Center,2023-12-08,207.0,,Closure Permanent,ca_2023_24.pdf
CA,VF Santa Fe Springs Distribution Center,2023-12-08,48.0,,Closure Permanent,ca_2023_24.pdf
CA,"E. J. Lauren, LLC",2023-12-08,69.0,,Closure Permanent,ca_2023_24.pdf
CA,Google,2023-12-08,73.0,,Closure Permanent,ca_2023_24.pdf
CA,Country Club Mortgage - Hall,2023-12-08,28.0,,Closure Permanent,ca_2023_24.pdf
CA,Country Club Mortgage - Center,2023-12-08,41.0,,Closure Permanent,ca_2023_24.pdf
CA,Country Club Mortgage,2023-12-08,3.0,,Closure Permanent,ca_2023_24.pdf
CA,"QG Printing II, LLC",2023-12-08,56.0,,Closure Permanent,ca_2023_24.pdf
CA,"US Motor Works, LLC",2023-12-08,8.0,,Layoff Permanent,ca_2023_24.pdf
CA,"C&E GP Specialists, Inc.",2023-12-11,16.0,,Closure Permanent,ca_2023_24.pdf
CA,Alsco Inc.,2023-12-11,107.0,,Closure Permanent,ca_2023_24.pdf
CA,"AMQ Solutions, LLC",2023-12-11,37.0,,Closure Permanent,ca_2023_24.pdf
CA,Steelcase Inc.,2023-12-11,40.0,,Closure Permanent,ca_2023_24.pdf
CA,"Carbon, Inc.",2023-12-12,60.0,,Layoff Permanent,ca_2023_24.pdf
CA,"Becton, Dickinson and Company",2023-12-12,111.0,,Layoff Permanent,ca_2023_24.pdf
CA,"Becton, Dickinson and Company",2023-12-12,111.0,,Layoff Permanent,ca_2023_24.pdf
CA,"DirectBuy Home Improvement, Inc. dba Z Gallerie",2023-12-12,9.0,,Layoff Permanent,ca_2023_24.pdf
CA,"DirectBuy Home Improvement, Inc. dba Z Gellerie",2023-12-12,15.0,,Layoff Permanent,ca_2023_24.pdf
CA,"DirectBuy Home Improvement, Inc. dba Z Gallerie",2023-12-12,11.0,,Layoff Permanent,ca_2023_24.pdf
CA,"DirectBuy Home Improvement, Inc. dba Z Gallerie",2023-12-12,8.0,,Layoff Permanent,ca_2023_24.pdf
CA,"DirectBuy Home Improvement, Inc. dba Z Gallerie",2023-12-12,9.0,,Layoff Permanent,ca_2023_24.pdf
CA,"DirectBuy Home Improvement, Inc. dba Z Gallerie",2023-12-12,46.0,,Layoff Permanent,ca_2023_24.pdf
CA,"DirectBuy Home Improvement, Inc. dba Z Gallerie",2023-12-12,15.0,,Layoff Permanent,ca_2023_24.pdf
CA,Lifelong Medical Care dba Lifelong Ashby Health Center,2023-12-13,55.0,,Closure Permanent,ca_2023_24.pdf
CA,Ridgecrest Regional Hospital,2023-12-13,30.0,,Layoff Permanent,ca_2023_24.pdf
CA,Wellness Innovation Group Inc. dba Lowell Farms,2023-12-13,11.0,,Closure Permanent,ca_2023_24.pdf
CA,Invitae Corporation,2023-12-13,238.0,,Layoff Permanent,ca_2023_24.pdf
CA,Cruise LLC - Headquarters,2023-12-14,330.0,,Layoff Permanent,ca_2023_24.pdf
CA,Cruise LLC,2023-12-14,18.0,,Layoff Permanent,ca_2023_24.pdf
CA,Cruise LLC,2023-12-14,43.0,,Layoff Permanent,ca_2023_24.pdf
CA,Cruise LLC,2023-12-14,121.0,,Layoff Permanent,ca_2023_24.pdf
CA,Cruise LLC - CC,2023-12-14,23.0,,Layoff Permanent,ca_2023_24.pdf
CA,PacPartners dba Pizza Hut,2023-12-14,2.0,,Layoff Permanent,ca_2023_24.pdf
CA,CalPac Pizza II dba Pizza Hut,2023-12-14,4.0,,Layoff Permanent,ca_2023_24.pdf
CA,CalPac Pizza II dba Pizza Hut,2023-12-14,3.0,,Layoff Permanent,ca_2023_24.pdf
CA,CalPac Pizza dba Pizza Hut - 027400,2023-12-14,5.0,,Layoff Permanent,ca_2023_24.pdf
CA,CalPac Pizza dba Pizza Hut - 027401,2023-12-14,5.0,,Layoff Permanent,ca_2023_24.pdf
CA,CalPac Pizza dba Pizza Hut - 027403,2023-12-14,5.0,,Layoff Permanent,ca_2023_24.pdf
CA,CalPac Pizza dba Pizza Hut - 027406,2023-12-14,5.0,,Layoff Permanent,ca_2023_24.pdf
CA,PacPizza dba Pizza Hut,2023-12-14,3.0,,Layoff Permanent,ca_2023_24.pdf
CA,CalPac Pizza dba Pizza Hut - 027383,2023-12-14,4.0,,Layoff Permanent,ca_2023_24.pdf
CA,CalPac Pizza dba Pizza Hut - 027385,2023-12-14,8.0,,Layoff Permanent,ca_2023_24.pdf
CA,CalPac Pizza dba Pizza Hut - 027386,2023-12-14,3.0,,Layoff Permanent,ca_2023_24.pdf
CA,CalPac Pizza dba Pizza Hut - 027398,2023-12-14,6.0,,Layoff Permanent,ca_2023_24.pdf
CA,CalPac Pizza dba Pizza Hut - 027408,2023-12-14,10.0,,Layoff Permanent,ca_2023_24.pdf
CA,CalPac Pizza dba Pizza Hut - 027384,2023-12-14,7.0,,Layoff Permanent,ca_2023_24.pdf
CA,CalPac Pizza dba Pizza Hut,2023-12-14,5.0,,Layoff Permanent,ca_2023_24.pdf
CA,CalPac Pizza dba Pizza Hut,2023-12-14,3.0,,Layoff Permanent,ca_2023_24.pdf
CA,CalPac Pizza II LLC dba Pizza Hut,2023-12-14,4.0,,Layoff Permanent,ca_2023_24.pdf
CA,CalPac Pizza dba Pizza Hut,2023-12-14,5.0,,Layoff Permanent,ca_2023_24.pdf
CA,CalPac Pizza dba Pizza Hut,2023-12-14,6.0,,Layoff Permanent,ca_2023_24.pdf
CA,CalPac Pizza II LLC dba Pizza Hut,2023-12-14,5.0,,Layoff Permanent,ca_2023_24.pdf
CA,CalPac Pizza dba Pizza Hut,2023-12-14,7.0,,Layoff Permanent,ca_2023_24.pdf
CA,CalPac Pizza dba Pizza Hut,2023-12-14,4.0,,Layoff Permanent,ca_2023_24.pdf
CA,Pacpizza dba Pizza Hut,2023-12-14,2.0,,Layoff Permanent,ca_2023_24.pdf
CA,PacPizza dba Pizza Hut,2023-12-14,4.0,,Layoff Permanent,ca_2023_24.pdf
CA,PacPizza dba Pizza Hut,2023-12-14,7.0,,Layoff Permanent,ca_2023_24.pdf
CA,PacPizza dba Pizza Hut,2023-12-14,2.0,,Layoff Permanent,ca_2023_24.pdf
CA,PacPizza dba Pizza Hut,2023-12-14,4.0,,Layoff Permanent,ca_2023_24.pdf
CA,PacPartners dba Pizza Hut,2023-12-14,8.0,,Layoff Permanent,ca_2023_24.pdf
CA,Southern PacPizza dba Pizza Hut - 029197,2023-12-14,5.0,,Layoff Permanent,ca_2023_24.pdf
CA,Southern PacPizza dba Pizza Hut - 029212,2023-12-14,2.0,,Layoff Permanent,ca_2023_24.pdf
CA,Southern PacPizza dba Pizza Hut - 029198,2023-12-14,6.0,,Layoff Permanent,ca_2023_24.pdf
CA,Southern PacPizza dba Pizza Hut - 029220,2023-12-14,8.0,,Layoff Permanent,ca_2023_24.pdf
CA,Southern PacPizza dba Pizza Hut - 029207,2023-12-14,4.0,,Layoff Permanent,ca_2023_24.pdf
CA,Southern PacPizza dba Pizza Hut - 029208,2023-12-14,5.0,,Layoff Permanent,ca_2023_24.pdf
CA,Southern PacPizza dba Pizza Hut - 029205,2023-12-14,6.0,,Layoff Permanent,ca_2023_24.pdf
CA,Southern PacPizza dba Pizza Hut - 029199,2023-12-14,1.0,,Layoff Permanent,ca_2023_24.pdf
CA,Southern PacPizza dba Pizza Hut - 029201,2023-12-14,6.0,,Layoff Permanent,ca_2023_24.pdf
CA,Southern PacPizza dba Pizza Hut - 029222,2023-12-14,5.0,,Layoff Permanent,ca_2023_24.pdf
CA,Southern PacPizza dba Pizza Hut - 029224,2023-12-14,10.0,,Layoff Permanent,ca_2023_24.pdf
CA,Southern PacPizza dba Pizza Hut - 029203,2023-12-14,7.0,,Layoff Permanent,ca_2023_24.pdf
CA,Southern PacPizza dba Pizza Hut - 029221,2023-12-14,6.0,,Layoff Permanent,ca_2023_24.pdf
CA,Southern PacPizza dba Pizza Hut - 029232,2023-12-14,8.0,,Layoff Permanent,ca_2023_24.pdf
CA,CalPac Pizza II LLC dba Pizza Hut,2023-12-14,4.0,,Layoff Permanent,ca_2023_24.pdf
CA,PacPizza dba Pizza Hut - 011664,2023-12-14,3.0,,Layoff Permanent,ca_2023_24.pdf
CA,PacPizza dba Pizza Hut - 011753,2023-12-14,1.0,,Layoff Permanent,ca_2023_24.pdf
CA,PacPizza dba Pizza Hut - 011755,2023-12-14,7.0,,Layoff Permanent,ca_2023_24.pdf
CA,PacPizza dba Pizza Hut - 011761,2023-12-14,7.0,,Layoff Permanent,ca_2023_24.pdf
CA,PacPizza dba Pizza Hut - 014697,2023-12-14,4.0,,Layoff Permanent,ca_2023_24.pdf
CA,Southern PacPizza dba Pizza Hut - 029211,2023-12-14,7.0,,Layoff Permanent,ca_2023_24.pdf
CA,Southern PacPizza dba Pizza Hut - 029213,2023-12-14,4.0,,Layoff Permanent,ca_2023_24.pdf
CA,Southern PacPizza dba Pizza Hut - 029225,2023-12-14,10.0,,Layoff Permanent,ca_2023_24.pdf
CA,Southern PacPizza dba Pizza Hut - 029215,2023-12-14,13.0,,Layoff Permanent,ca_2023_24.pdf
CA,Southern PacPizza dba Pizza Hut - 029202,2023-12-14,5.0,,Layoff Permanent,ca_2023_24.pdf
CA,Southern PacPizza dba Pizza Hut - 029210,2023-12-14,3.0,,Layoff Permanent,ca_2023_24.pdf
CA,Southern PacPizza dba Pizza Hut - 029200,2023-12-14,2.0,,Layoff Permanent,ca_2023_24.pdf
CA,PacPizza dba Pizza Hut,2023-12-14,4.0,,Layoff Permanent,ca_2023_24.pdf
CA,PacPizza dba Pizza Hut,2023-12-14,3.0,,Layoff Permanent,ca_2023_24.pdf
CA,PacPizza dba Pizza Hut,2023-12-14,3.0,,Layoff Permanent,ca_2023_24.pdf
CA,PacPizza dba Pizza Hut,2023-12-14,4.0,,Layoff Permanent,ca_2023_24.pdf
CA,PacPizza dba Pizza Hut - 011728,2023-12-14,4.0,,Layoff Permanent,ca_2023_24.pdf
CA,PacPizza dba Pizza Hut - 011729,2023-12-14,4.0,,Layoff Permanent,ca_2023_24.pdf
CA,PacPizza dba Pizza Hut - 032516,2023-12-14,5.0,,Layoff Permanent,ca_2023_24.pdf
CA,PacPizza dba Pizza Hut - 011730,2023-12-14,3.0,,Layoff Permanent,ca_2023_24.pdf
CA,CalPac Pizza II LLC dba Pizza Hut,2023-12-14,6.0,,Layoff Permanent,ca_2023_24.pdf
CA,PacPizza dba Pizza Hut,2023-12-14,4.0,,Layoff Permanent,ca_2023_24.pdf
CA,PacPizza dba Pizza Hut,2023-12-14,6.0,,Layoff Permanent,ca_2023_24.pdf
CA,PacPizza dba Pizza Hut,2023-12-14,2.0,,Layoff Permanent,ca_2023_24.pdf
CA,Southern PacPizza dba Pizza Hut - 029229,2023-12-14,10.0,,Layoff Permanent,ca_2023_24.pdf
CA,Southern PacPizza dba Pizza Hut - 029230,2023-12-14,6.0,,Layoff Permanent,ca_2023_24.pdf
CA,Southern PacPizza dba Pizza Hut - 029226,2023-12-14,4.0,,Layoff Permanent,ca_2023_24.pdf
CA,Southern PacPizza dba Pizza Hut - 029228,2023-12-14,8.0,,Layoff Permanent,ca_2023_24.pdf
CA,CalPac Pizza dba Pizza Hut,2023-12-14,5.0,,Layoff Permanent,ca_2023_24.pdf
CA,TMG Hotel Figueroa F&B Venues,2023-12-14,144.0,,Closure Permanent,ca_2023_24.pdf
CA,Cepheid,2023-12-14,83.0,,Layoff Permanent,ca_2023_24.pdf
CA,Cepheid,2023-12-14,1.0,,Layoff Permanent,ca_2023_24.pdf
CA,Cepheid,2023-12-14,1.0,,Layoff Permanent,ca_2023_24.pdf
CA,Cepheid,2023-12-14,1.0,,Layoff Permanent,ca_2023_24.pdf
CA,Cepheid,2023-12-14,1.0,,Layoff Permanent,ca_2023_24.pdf
CA,Cepheid,2023-12-14,1.0,,Layoff Permanent,ca_2023_24.pdf
CA,Cepheid,2023-12-14,1.0,,Layoff Permanent,ca_2023_24.pdf
CA,Cepheid,2023-12-14,1.0,,Layoff Permanent,ca_2023_24.pdf
CA,Cepheid,2023-12-14,1.0,,Layoff Permanent,ca_2023_24.pdf
CA,Cepheid,2023-12-14,1.0,,Layoff Permanent,ca_2023_24.pdf
CA,Z Global Logistics dba Kelly Toys Holding LLC,2023-12-15,8.0,,Closure Permanent,ca_2023_24.pdf
CA,LinkedIn Corporation,2023-12-15,349.0,,Layoff Permanent,ca_2023_24.pdf
CA,LinkedIn Corporation,2023-12-15,42.0,,Layoff Permanent,ca_2023_24.pdf
CA,LinkedIn Corporation,2023-12-15,42.0,,Layoff Permanent,ca_2023_24.pdf
CA,LinkedIn Corporation,2023-12-15,5.0,,Layoff Permanent,ca_2023_24.pdf
CA,Il Fornaio (America) LLC dba Il Fornaio Pasadena Ristorante,2023-12-15,54.0,,Closure Permanent,ca_2023_24.pdf
CA,"HMSHost located at Admirals Clubs & Lounges at Los Angeles
International Airport (LAX)",2023-12-15,127.0,,Closure Permanent,ca_2023_24.pdf
CA,Pfizer,2023-12-15,52.0,,Layoff Permanent,ca_2023_24.pdf
CA,BrightDrop,2023-12-15,6.0,,Layoff Permanent,ca_2023_24.pdf
CA,"Distribution Alternatives, Inc.",2023-12-18,1.0,,Closure Permanent,ca_2023_24.pdf
CA,TE Connectivity,2023-12-20,61.0,,Closure Permanent,ca_2023_24.pdf
CA,Trove Recommerce,2023-12-21,60.0,,Closure Permanent,ca_2023_24.pdf
CA,Trove Recommerce,2023-12-21,62.0,,Closure Permanent,ca_2023_24.pdf
CA,Trove Recommerce,2023-12-21,2.0,,Closure Permanent,ca_2023_24.pdf
CA,NEOTech,2023-12-21,76.0,,Closure Permanent,ca_2023_24.pdf
CA,Workforce Enterprises,2023-12-22,93.0,,Closure Permanent,ca_2023_24.pdf
CA,"Adidas America, Inc.",2024-01-02,28.0,,Closure Permanent,ca_2023_24.pdf
CA,"Curio Employer LLC dba The Hotel del Coronado, Curio
Collection by Hilton",2024-01-02,53.0,,Layoff Temporary,ca_2023_24.pdf
CA,"Pacific Catch, Inc.",2024-01-02,73.0,,Closure Temporary,ca_2023_24.pdf
CA,EchoPark Automotive Long Beach,2024-01-03,32.0,,Closure Permanent,ca_2023_24.pdf
CA,"NuVasive, Inc.",2024-01-03,157.0,,Layoff Permanent,ca_2023_24.pdf
CA,Xerxes Corporation,2024-01-03,106.0,,Closure Permanent,ca_2023_24.pdf
CA,Silgan Containers Manufacturing Corporation,2024-01-03,64.0,,Closure Permanent,ca_2023_24.pdf
CA,Cue Health Inc.,2024-01-04,9.0,,Layoff Permanent,ca_2023_24.pdf
CA,Cue Health Inc,2024-01-04,4.0,,Layoff Permanent,ca_2023_24.pdf
CA,Cue Health Inc.,2024-01-04,7.0,,Layoff Permanent,ca_2023_24.pdf
CA,Cue Health Inc.,2024-01-04,6.0,,Layoff Permanent,ca_2023_24.pdf
CA,Cue Health Inc.,2024-01-04,1.0,,Layoff Permanent,ca_2023_24.pdf
CA,Cue Health Inc.,2024-01-04,9.0,,Layoff Permanent,ca_2023_24.pdf
CA,Cue Health Inc.,2024-01-04,11.0,,Layoff Permanent,ca_2023_24.pdf
CA,Safeway,2024-01-04,111.0,,Closure Permanent,ca_2023_24.pdf
CA,"Technical Consumer Products, Inc.",2024-01-05,11.0,,Closure Permanent,ca_2023_24.pdf
CA,Los Angeles Times Communications LLC,2024-01-05,148.0,,Closure Permanent,ca_2023_24.pdf
CA,"Bridge Staffing, LLC",2024-01-05,115.0,,Closure Permanent,ca_2023_24.pdf
CA,Tower Semiconductor,2024-01-05,699.0,,Layoff Temporary,ca_2023_24.pdf
CA,"Sega of America, Inc.",2024-01-08,12.0,,Layoff Permanent,ca_2023_24.pdf
CA,"Sega of America, Inc.",2024-01-08,49.0,,Layoff Permanent,ca_2023_24.pdf
CA,Atara Biotherapeutics,2024-01-08,1.0,,Layoff Permanent,ca_2023_24.pdf
CA,Atara Biotherapeutics,2024-01-08,43.0,,Layoff Permanent,ca_2023_24.pdf
CA,Nevro Corp.,2024-01-08,63.0,,Layoff Permanent,ca_2023_24.pdf
CA,"Exelixis, Inc.",2024-01-08,143.0,,Layoff Permanent,ca_2023_24.pdf
CA,"NZXT, Inc.",2024-01-09,55.0,,Closure Permanent,ca_2023_24.pdf
CA,Unity Technologies SF,2024-01-09,120.0,,Layoff Permanent,ca_2023_24.pdf
CA,Google US-SVL-CRSM1225,2024-01-10,59.0,,Layoff Permanent,ca_2023_24.pdf
CA,Google US-SVL-CRSM1260,2024-01-10,11.0,,Layoff Permanent,ca_2023_24.pdf
CA,Google US-SVL-CRSM1265,2024-01-10,32.0,,Layoff Permanent,ca_2023_24.pdf
CA,Google US-SVL-HMBLT1,2024-01-10,2.0,,Layoff Permanent,ca_2023_24.pdf
CA,Google US-SVL-HMBLT3,2024-01-10,32.0,,Layoff Permanent,ca_2023_24.pdf
CA,Google US-SVL-HMBLT4,2024-01-10,25.0,,Layoff Permanent,ca_2023_24.pdf
CA,Google US-MTV-1900,2024-01-10,1.0,,Layoff Permanent,ca_2023_24.pdf
CA,Google US-MTV-1945,2024-01-10,5.0,,Layoff Permanent,ca_2023_24.pdf
CA,Google US-MTV-1950,2024-01-10,8.0,,Layoff Permanent,ca_2023_24.pdf
CA,Google US-MTV-1965,2024-01-10,14.0,,Layoff Permanent,ca_2023_24.pdf
CA,Google US-MTV-2000,2024-01-10,28.0,,Layoff Permanent,ca_2023_24.pdf
CA,Google US-MTV-40,2024-01-10,1.0,,Layoff Permanent,ca_2023_24.pdf
CA,Google US-MTV-41,2024-01-10,80.0,,Layoff Permanent,ca_2023_24.pdf
CA,Google US-MTV-42,2024-01-10,84.0,,Layoff Permanent,ca_2023_24.pdf
CA,Google US-MTV-43,2024-01-10,12.0,,Layoff Permanent,ca_2023_24.pdf
CA,Google US-MTV-CL2,2024-01-10,25.0,,Layoff Permanent,ca_2023_24.pdf
CA,Google US-MTV-CL3,2024-01-10,14.0,,Layoff Permanent,ca_2023_24.pdf
CA,Google US-MTV-CL4,2024-01-10,5.0,,Layoff Permanent,ca_2023_24.pdf
CA,Google US-MTV-CL5,2024-01-10,19.0,,Layoff Permanent,ca_2023_24.pdf
CA,Google US-MTV-STLN2027,2024-01-10,35.0,,Layoff Permanent,ca_2023_24.pdf
CA,Google US-MTV-STLN2029,2024-01-10,2.0,,Layoff Permanent,ca_2023_24.pdf
CA,Google US-MTV-STLN2051,2024-01-10,1.0,,Layoff Permanent,ca_2023_24.pdf
CA,Google US-MTV-STLN2061,2024-01-10,28.0,,Layoff Permanent,ca_2023_24.pdf
CA,Google US-SFO-1MST,2024-01-10,42.0,,Layoff Permanent,ca_2023_24.pdf
CA,Google US-SFO-FRE215,2024-01-10,23.0,,Layoff Permanent,ca_2023_24.pdf
CA,Google US-SFO-MKT1,2024-01-10,14.0,,Layoff Permanent,ca_2023_24.pdf
CA,Google US-SFO-SPE,2024-01-10,26.0,,Layoff Permanent,ca_2023_24.pdf
CA,"Twitch Interactive, Inc. SFO19 Facility",2024-01-10,218.0,,Layoff Permanent,ca_2023_24.pdf
CA,"ChargePoint, Inc.",2024-01-10,116.0,,Layoff Permanent,ca_2023_24.pdf
CA,Gannett Publishing Services dba Visalia Times Delta,2024-01-10,24.0,,Layoff Permanent,ca_2023_24.pdf
CA,Rico Corp. dba D'Addario Woodwinds,2024-01-10,7.0,,Layoff Permanent,ca_2023_24.pdf
CA,Amazon,2024-01-10,98.0,,Layoff Permanent,ca_2023_24.pdf
CA,Amazon,2024-01-10,2.0,,Layoff Permanent,ca_2023_24.pdf
CA,Amazon,2024-01-10,13.0,,Layoff Permanent,ca_2023_24.pdf
CA,Discord Inc.,2024-01-11,160.0,,Layoff Permanent,ca_2023_24.pdf
CA,"Penske Logistics, LLC providing services for Aldi, Inc.",2024-01-11,95.0,,Layoff Permanent,ca_2023_24.pdf
CA,"Illumina, Inc.",2024-01-11,111.0,,Layoff Permanent,ca_2023_24.pdf
CA,Apple Inc.,2024-01-11,121.0,,Layoff Permanent,ca_2023_24.pdf
CA,Walmart,2024-01-12,125.0,,Closure Permanent,ca_2023_24.pdf
CA,Walmart,2024-01-12,232.0,,Closure Permanent,ca_2023_24.pdf
CA,DI Overnite LLC/DI Express LLC dba Deliver-IT,2024-01-12,3.0,,Layoff Permanent,ca_2023_24.pdf
CA,DI Overnite LLC/DI Express LLC dba Deliver-It,2024-01-12,29.0,,Closure Permanent,ca_2023_24.pdf
CA,DI Overnite LLC/DI Express LLC dba Deliver-It,2024-01-12,22.0,,Closure Permanent,ca_2023_24.pdf
CA,DI Overnite LLC/DI Express LLC dba Deliver-It,2024-01-12,56.0,,Closure Permanent,ca_2023_24.pdf
CA,Carbon Health Medical Group,2024-01-12,1.0,,Layoff Permanent,ca_2023_24.pdf
CA,Carbon Health Medical Group,2024-01-12,1.0,,Layoff Permanent,ca_2023_24.pdf
CA,Carbon Health Medical Group,2024-01-12,4.0,,Layoff Permanent,ca_2023_24.pdf
CA,Carbon Health Medical Group,2024-01-12,2.0,,Layoff Permanent,ca_2023_24.pdf
CA,Carbon Health Medical Group,2024-01-12,6.0,,Layoff Permanent,ca_2023_24.pdf
CA,Carbon Health Medical Group,2024-01-12,2.0,,Layoff Permanent,ca_2023_24.pdf
CA,Carbon Health Medical Group,2024-01-12,1.0,,Layoff Permanent,ca_2023_24.pdf
CA,Carbon Health Medical Group,2024-01-12,10.0,,Layoff Permanent,ca_2023_24.pdf
CA,Carbon Health Medical Group,2024-01-12,4.0,,Layoff Permanent,ca_2023_24.pdf
CA,Carbon Health Medical Group,2024-01-12,5.0,,Layoff Permanent,ca_2023_24.pdf
CA,Carbon Health Medical Group,2024-01-12,2.0,,Layoff Permanent,ca_2023_24.pdf
CA,Carbon Health Medical Group,2024-01-12,5.0,,Layoff Permanent,ca_2023_24.pdf
CA,Carbon Health Medical Group,2024-01-12,2.0,,Layoff Permanent,ca_2023_24.pdf
CA,Carbon Health Medical Group,2024-01-12,2.0,,Layoff Permanent,ca_2023_24.pdf
CA,Carbon Health Medical Group,2024-01-12,2.0,,Layoff Permanent,ca_2023_24.pdf
CA,Carbon Health Medical Group,2024-01-12,7.0,,Layoff Permanent,ca_2023_24.pdf
CA,"Imperial Bag & Paper Co. LLC, dba Imperial Dade",2024-01-15,20.0,,Closure Permanent,ca_2023_24.pdf
CA,"Spencer Construction, LLC",2024-01-15,73.0,,Layoff Permanent,ca_2023_24.pdf
CA,"Spencer Construction, LLC",2024-01-15,32.0,,Layoff Permanent,ca_2023_24.pdf
CA,"Covenant Living Communities & Services (Covenant Living
West) dba Brandel Manor and Cypress Assisted",2024-01-15,168.0,,Closure Permanent,ca_2023_24.pdf
CA,Allakos Inc.,2024-01-16,59.0,,Layoff Permanent,ca_2023_24.pdf
CA,Bechtel Infrastructure & Power Corporation,2024-01-16,11.0,,Closure Permanent,ca_2023_24.pdf
CA,Bechtel Infrastructure & Power Corporation,2024-01-16,64.0,,Closure Permanent,ca_2023_24.pdf
CA,Bechtel Infrastructure & Power Corporation,2024-01-16,3.0,,Closure Permanent,ca_2023_24.pdf
CA,Bechtel Infrastructure & Power Corporation,2024-01-16,6.0,,Closure Permanent,ca_2023_24.pdf
CA,Pixelberry Studios,2024-01-16,120.0,,Layoff Permanent,ca_2023_24.pdf
CA,DHL Supply Chain,2024-01-16,13.0,,Closure Permanent,ca_2023_24.pdf
CA,"ABM General Services, Inc. at FAT 1 Amazon",2024-01-17,96.0,,Layoff Permanent,ca_2023_24.pdf
CA,"Covanta Projects, LLC",2024-01-17,10.0,,Closure Permanent,ca_2023_24.pdf
CA,"ABM General Services, Inc. at PSP 1 Amazon",2024-01-17,79.0,,Layoff Permanent,ca_2023_24.pdf
CA,"ABM General Services, Inc. at ONT 6 Amazon",2024-01-17,51.0,,Layoff Permanent,ca_2023_24.pdf
CA,"ABM General Services, Inc. at SBD 1 Amazon",2024-01-17,39.0,,Layoff Permanent,ca_2023_24.pdf
CA,"ABM General Services, Inc. at SNA 4 Amazon",2024-01-17,25.0,,Layoff Permanent,ca_2023_24.pdf
CA,"National Distribution Centers, LLC",2024-01-17,2.0,,"Layoff Not known at
this time",ca_2023_24.pdf
CA,"National Distribution Centers, LLC",2024-01-17,3.0,,"Layoff Not known at
this time",ca_2023_24.pdf
CA,"National Distribution Centers, LLC",2024-01-17,1.0,,"Layoff Not known at
this time",ca_2023_24.pdf
CA,"National Distribution Centers, LLC",2024-01-17,1.0,,"Layoff Not known at
this time",ca_2023_24.pdf
CA,"Baxalta US, Inc. dba Takeda",2024-01-17,5.0,,Layoff Permanent,ca_2023_24.pdf
CA,Robert Bosch LLC,2024-01-17,14.0,,Layoff Permanent,ca_2023_24.pdf
CA,Macy's Bayfair Store,2024-01-18,66.0,,Closure Permanent,ca_2023_24.pdf
CA,Macy's Simi Valley Town Center Store,2024-01-18,68.0,,Closure Permanent,ca_2023_24.pdf
CA,Curio Employer LLC,2024-01-18,5.0,,Layoff Temporary,ca_2023_24.pdf
CA,Curio Employer LLC,2024-01-18,7.0,,Layoff Temporary,ca_2023_24.pdf
CA,Plenty Unlimited Inc.,2024-01-19,86.0,,Layoff Permanent,ca_2023_24.pdf
CA,Plenty Unlimited Inc.,2024-01-19,55.0,,Layoff Permanent,ca_2023_24.pdf
CA,"FedEx Supply Chain, Inc.",2024-01-19,39.0,,Layoff Permanent,ca_2023_24.pdf
CA,"Berry Global, Inc.",2024-01-19,160.0,,Closure Permanent,ca_2023_24.pdf
CA,SMTC Corporation,2024-01-19,14.0,,Layoff Permanent,ca_2023_24.pdf
CA,"Wayfair, LLC",2024-01-19,74.0,,Layoff Permanent,ca_2023_24.pdf
CA,"In-N-Out Burgers, a California corporation",2024-01-20,115.0,,Closure Permanent,ca_2023_24.pdf
CA,Hollingsworth LLC,2024-01-22,15.0,,Closure Permanent,ca_2023_24.pdf
CA,"Lund Motion Products, Inc.",2024-01-22,117.0,,Layoff Permanent,ca_2023_24.pdf
CA,Google US-MTV-RLS1,2024-01-22,57.0,,Layoff Permanent,ca_2023_24.pdf
CA,Google US-MTV-RLS2,2024-01-22,16.0,,Layoff Permanent,ca_2023_24.pdf
CA,Riot Games,2024-01-22,330.0,,Layoff Permanent,ca_2023_24.pdf
CA,Riot Games,2024-01-22,6.0,,Layoff Permanent,ca_2023_24.pdf
CA,"MemorialCare Long Beach Medical Center and Miller
Children's and Women's Hospital Long Beach",2024-01-23,58.0,,Layoff Permanent,ca_2023_24.pdf
CA,Collins Pine Company,2024-01-23,62.0,,Layoff Temporary,ca_2023_24.pdf
CA,eBay Inc.,2024-01-23,20.0,,Layoff Permanent,ca_2023_24.pdf
CA,eBay Inc.,2024-01-23,261.0,,Layoff Permanent,ca_2023_24.pdf
CA,"Levy Premium Foodservice Limited Partnership at The Rose
Bowl",2024-01-23,83.0,,Layoff Temporary,ca_2023_24.pdf
CA,Los Angeles Times Communications LLC,2024-01-23,77.0,,Layoff Permanent,ca_2023_24.pdf
CA,Los Angeles Times Communications LLC,2024-01-23,19.0,,Layoff Permanent,ca_2023_24.pdf
CA,Woodland Rite Aid Distribution Center,2024-01-23,241.0,,Closure Permanent,ca_2023_24.pdf
CA,"Rise Baking Company dba South Coast Baking, LLC",2024-01-24,85.0,,Closure Permanent,ca_2023_24.pdf
CA,Sugar Foods LLC,2024-01-24,72.0,,Closure Permanent,ca_2023_24.pdf
CA,"Syngenta Seeds, LLC",2024-01-24,56.0,,Closure Permanent,ca_2023_24.pdf
CA,"Marvell Semiconductor, Inc.",2024-01-24,43.0,,Layoff Permanent,ca_2023_24.pdf
CA,"Marvell Semiconductor, Inc.",2024-01-24,23.0,,Layoff Permanent,ca_2023_24.pdf
CA,Beauty & Essex,2024-01-25,82.0,,Closure Permanent,ca_2023_24.pdf
CA,TAO Group Hospitality,2024-01-25,10.0,,Layoff Permanent,ca_2023_24.pdf
CA,LAVO Italian Restaurant San Diego,2024-01-25,83.0,,Closure Permanent,ca_2023_24.pdf
CA,Activision Blizzard,2024-01-25,49.0,,Layoff Permanent,ca_2023_24.pdf
CA,Activision Blizzard,2024-01-25,79.0,,Layoff Permanent,ca_2023_24.pdf
CA,Activision Blizzard,2024-01-25,130.0,,Layoff Permanent,ca_2023_24.pdf
CA,Activision Blizzard,2024-01-25,76.0,,Layoff Permanent,ca_2023_24.pdf
CA,Activision Blizzard,2024-01-25,478.0,,Layoff Permanent,ca_2023_24.pdf
CA,Cue Health - Moda South,2024-01-25,26.0,,Layoff Permanent,ca_2023_24.pdf
CA,"Cue Health, Moda North",2024-01-25,9.0,,Layoff Permanent,ca_2023_24.pdf
CA,"Cue Health, Moda North II",2024-01-25,8.0,,Layoff Permanent,ca_2023_24.pdf
CA,"Cue Health, Moda West",2024-01-25,1.0,,Layoff Permanent,ca_2023_24.pdf
CA,"Cue Health, Waples",2024-01-25,12.0,,Layoff Permanent,ca_2023_24.pdf
CA,"Cue Health, Vista",2024-01-25,70.0,,Layoff Permanent,ca_2023_24.pdf
CA,Activision Blizzard,2024-01-25,85.0,,Layoff Permanent,ca_2023_24.pdf
CA,Brookfield Properties (USA II) LLC,2024-01-25,19.0,,Layoff Permanent,ca_2023_24.pdf
CA,Brookfield Properties (USA II) LLC,2024-01-25,9.0,,Layoff Permanent,ca_2023_24.pdf
CA,Brookfield Properties (USA II) LLC,2024-01-25,18.0,,Layoff Permanent,ca_2023_24.pdf
CA,Brookfield Properties (USA II) LLC,2024-01-25,13.0,,Layoff Permanent,ca_2023_24.pdf
CA,Brookfield Properties (USA II) LLC,2024-01-25,12.0,,Layoff Permanent,ca_2023_24.pdf
CA,Brookfield Properties (USA II) LLC,2024-01-25,7.0,,Layoff Permanent,ca_2023_24.pdf
CA,Brookfield Properties (USA II) LLC,2024-01-25,29.0,,Layoff Permanent,ca_2023_24.pdf
CA,Brookfield Properties (USA II) LLC,2024-01-25,2.0,,Layoff Permanent,ca_2023_24.pdf
CA,Brookfield Properties (USA II) LLC,2024-01-25,3.0,,Layoff Permanent,ca_2023_24.pdf
CA,Brookfield Properties (USA II) LLC,2024-01-25,1.0,,Layoff Permanent,ca_2023_24.pdf
CA,"William Kreysler & Associates, Inc.",2024-01-26,59.0,,Layoff Permanent,ca_2023_24.pdf
CA,Rico Corp. dba D' Addario Woodwinds,2024-01-29,4.0,,Layoff Permanent,ca_2023_24.pdf
CA,ITC Federal,2024-01-29,125.0,,Layoff Permanent,ca_2023_24.pdf
CA,"El Dorado National (California), Inc.",2024-01-29,425.0,,Layoff Permanent,ca_2023_24.pdf
CA,"Hawker Pacific Aerospace, Inc.",2024-01-30,260.0,,Layoff Permanent,ca_2023_24.pdf
CA,MedMen Enterprises Inc.,2024-01-30,10.0,,Layoff Permanent,ca_2023_24.pdf
CA,MedMen Enterprises Inc.,2024-01-30,7.0,,Layoff Permanent,ca_2023_24.pdf
CA,PayPal,2024-01-30,311.0,,Layoff Permanent,ca_2023_24.pdf
CA,Covanta Long Beach Renewable Energy Corp.,2024-01-31,39.0,,Closure Permanent,ca_2023_24.pdf
CA,TE Connectivity,2024-01-31,58.0,,Closure Permanent,ca_2023_24.pdf
CA,"Home EC, Inc. dba Connect Homes",2024-01-31,75.0,,Closure Permanent,ca_2023_24.pdf
CA,"AppFolio, Inc.",2024-01-31,16.0,,Layoff Permanent,ca_2023_24.pdf
CA,Maxar Space LLC - Fabian,2024-02-01,48.0,,Layoff Permanent,ca_2023_24.pdf
CA,Maxar Space LLC - Meadow,2024-02-01,8.0,,Layoff Permanent,ca_2023_24.pdf
CA,Maxar Space LLC - Charleston,2024-02-01,1.0,,Layoff Permanent,ca_2023_24.pdf
CA,Mazar Space LLC - Leghorn,2024-02-01,6.0,,Layoff Permanent,ca_2023_24.pdf
CA,Parker Hannifin Corporation BWF Division,2024-02-01,8.0,,Closure Permanent,ca_2023_24.pdf
CA,"Shadow Holdings, LLC.",2024-02-01,60.0,,Layoff Permanent,ca_2023_24.pdf
CA,"Del Monte Capitol Meat Company, LLC DBA Allen Brothers
West Coast",2024-02-01,92.0,,Closure Permanent,ca_2023_24.pdf
CA,"Viasat, Inc",2024-02-01,4.0,,Layoff Permanent,ca_2023_24.pdf
CA,"Salesforce, Inc.",2024-02-01,51.0,,Layoff Permanent,ca_2023_24.pdf
CA,"Okta, Inc.",2024-02-01,83.0,,Layoff Permanent,ca_2023_24.pdf
CA,"CamelBak Products, LLC",2024-02-01,43.0,,Layoff Permanent,ca_2023_24.pdf
CA,Pennymac,2024-02-01,1.0,,Layoff Permanent,ca_2023_24.pdf
CA,"Boardriders Wholesale, LLC",2024-02-01,1.0,,Layoff Permanent,ca_2023_24.pdf
CA,"Boardriders Wholesale, LLC",2024-02-01,1.0,,Layoff Permanent,ca_2023_24.pdf
CA,"Boardriders Wholesale, LLC",2024-02-01,4.0,,Layoff Permanent,ca_2023_24.pdf
CA,"Boardriders Wholesale, LLC",2024-02-01,1.0,,Layoff Permanent,ca_2023_24.pdf
CA,"Boardriders Wholesale, LLC",2024-02-01,6.0,,Layoff Permanent,ca_2023_24.pdf
CA,"Boardriders Wholesale, LLC",2024-02-01,6.0,,Layoff Permanent,ca_2023_24.pdf
CA,"Boardriders Wholesale, LLC",2024-02-01,1.0,,Layoff Permanent,ca_2023_24.pdf
CA,"Boardriders Wholesale, LLC",2024-02-01,2.0,,Layoff Permanent,ca_2023_24.pdf
CA,"Boardriders Wholesale, LLC",2024-02-01,1.0,,Layoff Permanent,ca_2023_24.pdf
CA,"Boardriders Wholesale, LLC",2024-02-01,84.0,,Layoff Permanent,ca_2023_24.pdf
CA,"Boardriders Wholesale, LLC",2024-02-01,1.0,,Layoff Permanent,ca_2023_24.pdf
CA,"Boardriders Wholesale, LLC",2024-02-01,20.0,,Layoff Permanent,ca_2023_24.pdf
CA,"Boardriders Wholesale, LLC",2024-02-01,1.0,,Layoff Permanent,ca_2023_24.pdf
CA,"Boardriders Wholesale, LLC",2024-02-01,89.0,,Layoff Permanent,ca_2023_24.pdf
CA,"Boardriders Wholesale, LLC",2024-02-01,246.0,,Layoff Permanent,ca_2023_24.pdf
CA,"La Tortilla Factory, Inc.",2024-02-01,132.0,,Closure Permanent,ca_2023_24.pdf
CA,"Flexport, Inc.",2024-02-02,99.0,,Layoff Permanent,ca_2023_24.pdf
CA,Corteva Agriscience LLC,2024-02-05,6.0,,Layoff Permanent,ca_2023_24.pdf
CA,Snap Inc.,2024-02-05,122.0,,Layoff Permanent,ca_2023_24.pdf
CA,Snap Inc.,2024-02-05,52.0,,Layoff Permanent,ca_2023_24.pdf
CA,"Zwift, Inc.",2024-02-06,76.0,,Layoff Permanent,ca_2023_24.pdf
CA,Unity Technologies SF,2024-02-06,49.0,,Layoff Permanent,ca_2023_24.pdf
CA,"Pure Storage, Inc.",2024-02-07,81.0,,Layoff Permanent,ca_2023_24.pdf
CA,"Grammarly, Inc.",2024-02-07,82.0,,Layoff Permanent,ca_2023_24.pdf
CA,California Institute of Technology,2024-02-07,521.0,,Layoff Permanent,ca_2023_24.pdf
CA,The Rinks Foundation,2024-02-07,35.0,,Closure Permanent,ca_2023_24.pdf
CA,Adventist Health Simi Valley,2024-02-08,53.0,,Layoff Permanent,ca_2023_24.pdf
CA,Ridgecrest Regional Hospital,2024-02-08,31.0,,Layoff Permanent,ca_2023_24.pdf
CA,"Leggett & Platt, Incorporated",2024-02-09,55.0,,Closure Permanent,ca_2023_24.pdf
CA,"Gibson Overseas, Inc.",2024-02-09,44.0,,Closure Permanent,ca_2023_24.pdf
CA,Johnson & Johnson Consumer Inc. dba Kenvue,2024-02-12,84.0,,Closure Permanent,ca_2023_24.pdf
CA,City National Bank,2024-02-12,32.0,,Layoff Permanent,ca_2023_24.pdf
CA,City National Bank,2024-02-12,24.0,,Layoff Permanent,ca_2023_24.pdf
CA,Aurora Solar Inc.,2024-02-12,115.0,,Layoff Permanent,ca_2023_24.pdf
CA,"Universal Intermodal Services, Inc.",2024-02-13,42.0,,Layoff Permanent,ca_2023_24.pdf
CA,Nordson Corporation,2024-02-13,69.0,,Layoff Permanent,ca_2023_24.pdf
CA,Maplebear Inc. dba Instacart,2024-02-13,105.0,,Layoff Permanent,ca_2023_24.pdf
CA,Workforce Enterprises,2024-02-13,93.0,,Closure Permanent,ca_2023_24.pdf
CA,WaFD Bank,2024-02-13,49.0,,Layoff Permanent,ca_2023_24.pdf
CA,"Sorrento Therapeutics, Inc.",2024-02-14,62.0,,Layoff Permanent,ca_2023_24.pdf
CA,"Sorrento Therapeutics, Inc.",2024-02-14,15.0,,Layoff Permanent,ca_2023_24.pdf
CA,DXS Logistics LLC,2024-02-14,80.0,,Closure Permanent,ca_2023_24.pdf
CA,AVMAC LLC,2024-02-15,153.0,,Layoff Permanent,ca_2023_24.pdf
CA,Rico Corp. dba D'Addario Woodwinds,2024-02-15,6.0,,Layoff Permanent,ca_2023_24.pdf
CA,Paramount Global,2024-02-15,56.0,,Layoff Permanent,ca_2023_24.pdf
CA,Paramount Global,2024-02-15,85.0,,Layoff Permanent,ca_2023_24.pdf
CA,"TuSimple, Inc.",2024-02-15,6.0,,Layoff Permanent,ca_2023_24.pdf
CA,Excalibur Pizza LLC dba Round Table Pizza,2024-02-15,4.0,,Layoff Permanent,ca_2023_24.pdf
CA,Excalibur Pizza LLC dba Round Table Pizza,2024-02-15,4.0,,Layoff Permanent,ca_2023_24.pdf
CA,Excalibur Pizza LLC dba Round Table Pizza,2024-02-15,7.0,,Layoff Permanent,ca_2023_24.pdf
CA,Excalibur Pizza LLC dba Round Table Pizza,2024-02-15,4.0,,Layoff Permanent,ca_2023_24.pdf
CA,Excalibur Pizza LLC dba Round Table Pizza,2024-02-15,3.0,,Layoff Permanent,ca_2023_24.pdf
CA,Excalibur Pizza LLC,2024-02-15,4.0,,Layoff Permanent,ca_2023_24.pdf
CA,Excalibur Pizza LLC dba Round Table Pizza,2024-02-15,5.0,,Layoff Permanent,ca_2023_24.pdf
CA,Excalibur Pizza LLC dba Round Table Pizza,2024-02-15,9.0,,Layoff Permanent,ca_2023_24.pdf
CA,Excalibur Pizza LLC dba Round Table Pizza,2024-02-15,1.0,,Layoff Permanent,ca_2023_24.pdf
CA,Excalibur Pizza LLC dba Round Table Pizza,2024-02-15,3.0,,Layoff Permanent,ca_2023_24.pdf
CA,Excalibur Pizza LLC dba Round Table Pizza,2024-02-15,4.0,,Layoff Permanent,ca_2023_24.pdf
CA,Excalibur Pizza LLC dba Round Table Pizza,2024-02-15,4.0,,Layoff Permanent,ca_2023_24.pdf
CA,Excalibur Pizza LLC dba Round Table Pizza,2024-02-15,5.0,,Layoff Permanent,ca_2023_24.pdf
CA,Excalibur Pizza LLC dba Round Table Pizza,2024-02-15,5.0,,Layoff Permanent,ca_2023_24.pdf
CA,Excalibur Pizza LLC dba Round Table Pizza,2024-02-15,8.0,,Layoff Permanent,ca_2023_24.pdf
CA,"Cisco Systems, Inc.",2024-02-15,108.0,,Layoff Permanent,ca_2023_24.pdf
CA,"Cisco Systems, Inc.",2024-02-15,447.0,,Layoff Permanent,ca_2023_24.pdf
CA,"Cisco Systems, Inc.",2024-02-15,176.0,,Layoff Permanent,ca_2023_24.pdf
CA,"William Kreysler & Associates, Inc.",2024-02-16,25.0,,Layoff Permanent,ca_2023_24.pdf
CA,"Jacmar Foodservice Distribution, LLC",2024-02-21,92.0,,Layoff Permanent,ca_2023_24.pdf
CA,Marriott San Mateo Hotel,2024-02-21,127.0,,Closure Permanent,ca_2023_24.pdf
CA,"FM Restaurants HQ, LLC",2024-02-22,62.0,,Closure Permanent,ca_2023_24.pdf
CA,Daifuku Services America Corporation,2024-02-22,80.0,,Layoff Permanent,ca_2023_24.pdf
CA,Daifuku Services America Corporation,2024-02-22,75.0,,Layoff Permanent,ca_2023_24.pdf
CA,"Rivian Automotive, LLC",2024-02-22,30.0,,Layoff Permanent,ca_2023_24.pdf
CA,"Rivian Automotive, LLC",2024-02-22,99.0,,Layoff Permanent,ca_2023_24.pdf
CA,"Rivian Automotive, LLC",2024-02-22,5.0,,Layoff Permanent,ca_2023_24.pdf
CA,"Rivian Automotive, LLC",2024-02-22,14.0,,Layoff Permanent,ca_2023_24.pdf
CA,"Rivian Automotive, LLC",2024-02-22,35.0,,Layoff Permanent,ca_2023_24.pdf
CA,"Rivian Automotive, LLC",2024-02-22,2.0,,Layoff Permanent,ca_2023_24.pdf
CA,"Rivian Automotive, LLC",2024-02-22,6.0,,Layoff Permanent,ca_2023_24.pdf
CA,"Rivian Automotive, LLC",2024-02-22,77.0,,Layoff Permanent,ca_2023_24.pdf
CA,"Rivian Automotive, LLC",2024-02-22,45.0,,Layoff Permanent,ca_2023_24.pdf
CA,"Rivian Automotive, LLC",2024-02-22,18.0,,Layoff Permanent,ca_2023_24.pdf
CA,"Rivian Automotive, LLC",2024-02-22,9.0,,Layoff Permanent,ca_2023_24.pdf
CA,"Janssen Research & Development, LLC",2024-02-23,55.0,,Closure Permanent,ca_2023_24.pdf
CA,ADT Solar,2024-02-23,58.0,,Closure Permanent,ca_2023_24.pdf
CA,Jabil Inc.,2024-02-26,9.0,,Closure Permanent,ca_2023_24.pdf
CA,Kaiser Foundation Hospitals,2024-02-26,1.0,,Layoff Permanent,ca_2023_24.pdf
CA,Kaiser Foundation Hospitals,2024-02-26,49.0,,Layoff Permanent,ca_2023_24.pdf
CA,Kaiser Foundation Hospitals,2024-02-26,1.0,,Layoff Permanent,ca_2023_24.pdf
CA,Kaiser Foundation Hospitals,2024-02-26,8.0,,Layoff Permanent,ca_2023_24.pdf
CA,Kaiser Foundation Hospitals,2024-02-26,10.0,,Layoff Permanent,ca_2023_24.pdf
CA,Kaiser Foundation Hospitals,2024-02-26,1.0,,Layoff Permanent,ca_2023_24.pdf
CA,Kaiser Foundation Hospitals,2024-02-26,2.0,,Layoff Permanent,ca_2023_24.pdf
CA,Balfour Beatty US Civils,2024-02-26,222.0,,Layoff Permanent,ca_2023_24.pdf
CA,UPS,2024-02-26,333.0,,Layoff Permanent,ca_2023_24.pdf
CA,Sony Interactive Entertainment LLC,2024-02-27,118.0,,Layoff Permanent,ca_2023_24.pdf
CA,"Moondoggies, Inc dba The Dog",2024-02-27,5.0,,Closure Permanent,ca_2023_24.pdf
CA,"BuzzFeed Media Enterprises, Inc.",2024-02-28,59.0,,Layoff Permanent,ca_2023_24.pdf
CA,Paramount Global,2024-02-28,1.0,,Layoff Permanent,ca_2023_24.pdf
CA,Gruma Corp dba Mission Foods,2024-02-28,93.0,,Layoff Permanent,ca_2023_24.pdf
CA,Levi Strauss & Co.,2024-02-28,146.0,,Layoff Permanent,ca_2023_24.pdf
CA,Walmart,2024-02-28,233.0,,Closure Permanent,ca_2023_24.pdf
CA,NFI National Distribution Centers LLC,2024-02-28,1.0,,Closure Permanent,ca_2023_24.pdf
CA,Delta Dental Plan of California,2024-02-29,137.0,,Layoff Permanent,ca_2023_24.pdf
CA,Orion Strategic Solutions LLC,2024-02-29,10.0,,Layoff Permanent,ca_2023_24.pdf
CA,PKL Services Inc,2024-02-29,89.0,,Layoff Permanent,ca_2023_24.pdf
CA,Walters & Wolf Precast,2024-03-01,86.0,,Closure Permanent,ca_2023_24.pdf
CA,"AHMC San Gabriel Valley Medical Center LP dba San Gabriel
Valley Medical Center",2024-03-01,3.0,,Layoff Permanent,ca_2023_24.pdf
CA,St. Vincent de Paul High School,2024-03-01,68.0,,Closure Permanent,ca_2023_24.pdf
CA,"UMG Recordings, Inc. (Universal Music Group)",2024-03-01,4.0,,Layoff Permanent,ca_2023_24.pdf
CA,"UMG Recordings, Inc. (Universal Music Group)",2024-03-01,2.0,,Layoff Permanent,ca_2023_24.pdf
CA,"UMG Recordings, Inc. (Universal Music Group)",2024-03-01,56.0,,Layoff Permanent,ca_2023_24.pdf
CA,"UMG Recordings, Inc. (Universal Music Group)",2024-03-01,7.0,,Layoff Permanent,ca_2023_24.pdf
CA,"UMG Recordings, Inc. (Universal Music Group)",2024-03-01,14.0,,Layoff Permanent,ca_2023_24.pdf
CA,Rico Corp. dba D'Addario Woodwinds,2024-03-01,4.0,,Layoff Permanent,ca_2023_24.pdf
CA,"Watermark Services IV, LLC",2024-03-01,41.0,,Layoff Permanent,ca_2023_24.pdf
CA,"FM Restaurants HQ, LLC",2024-03-04,40.0,,Closure Permanent,ca_2023_24.pdf
CA,"Safran Cabin, Inc.",2024-03-04,281.0,,Closure Permanent,ca_2023_24.pdf
CA,"FM Restaurants HQ, LLC",2024-03-04,48.0,,Closure Permanent,ca_2023_24.pdf
CA,Bay Area PL Services dba BayPLS,2024-03-04,87.0,,Layoff Permanent,ca_2023_24.pdf
CA,"Shadow Holdings, LLC dba Bright Innovation Labs",2024-03-04,60.0,,Closure Permanent,ca_2023_24.pdf
CA,Northrop Grumman,2024-03-04,731.0,,Layoff Permanent,ca_2023_24.pdf
CA,Northrop Grumman,2024-03-04,227.0,,Layoff Permanent,ca_2023_24.pdf
CA,Northrop Grumman,2024-03-04,3.0,,Layoff Permanent,ca_2023_24.pdf
CA,Northrop Grumman,2024-03-04,2.0,,Layoff Permanent,ca_2023_24.pdf
CA,Northrop Grumman,2024-03-04,1.0,,Layoff Permanent,ca_2023_24.pdf
CA,Northrop Grumman,2024-03-04,105.0,,Layoff Permanent,ca_2023_24.pdf
CA,"The Ronin Project, Inc.",2024-03-04,131.0,,Closure Permanent,ca_2023_24.pdf
CA,"Catalent, Inc.",2024-03-05,40.0,,Closure Permanent,ca_2023_24.pdf
CA,"Catalent, Inc.",2024-03-05,50.0,,Closure Permanent,ca_2023_24.pdf
CA,"Juniper Networks, Inc.",2024-03-05,7.0,,Layoff Permanent,ca_2023_24.pdf
CA,NFI National Distribution Centers LLC,2024-03-05,30.0,,Closure Permanent,ca_2023_24.pdf
CA,"Neovia Logistics Distribution, LP",2024-03-05,31.0,,Closure Permanent,ca_2023_24.pdf
CA,Nordstrom,2024-03-05,784.0,,Closure Permanent,ca_2023_24.pdf
CA,Lumentum Operations LLC,2024-03-06,66.0,,Layoff Permanent,ca_2023_24.pdf
CA,Lumentum Operations LLC,2024-03-06,11.0,,Layoff Permanent,ca_2023_24.pdf
CA,Lumentum Operations LLC,2024-03-06,5.0,,Layoff Permanent,ca_2023_24.pdf
CA,"PetVet Care Centers (California), Inc.",2024-03-07,2.0,,Closure Permanent,ca_2023_24.pdf
CA,"PetVet Care Centers (California), Inc.",2024-03-07,2.0,,Closure Permanent,ca_2023_24.pdf
CA,Kett Engineering Corporation,2024-03-11,180.0,,Layoff Permanent,ca_2023_24.pdf
CA,"AHMC San Gabriel Valley Medical Center LP dba San Gabriel
Valley Medical Center",2024-03-13,62.0,,Layoff Permanent,ca_2023_24.pdf
CA,Adventist Health,2024-03-13,22.0,,Layoff Permanent,ca_2023_24.pdf
CA,Bristol Myers Squibb,2024-03-14,252.0,,Layoff Permanent,ca_2023_24.pdf
CA,Scripps Health,2024-03-14,13.0,,Layoff Permanent,ca_2023_24.pdf
CA,Scripps Health,2024-03-14,134.0,,Layoff Permanent,ca_2023_24.pdf
CA,Walmart,2024-03-14,79.0,,Layoff Permanent,ca_2023_24.pdf
CA,The Hills Hotel,2024-03-15,73.0,,Layoff Permanent,ca_2023_24.pdf
CA,"TuSimple, Inc.",2024-03-15,6.0,,Layoff Permanent,ca_2023_24.pdf
CA,"NSI Services, Inc.",2024-03-17,64.0,,Closure Permanent,ca_2023_24.pdf
CA,"NSI Services, Inc.",2024-03-17,56.0,,Closure Permanent,ca_2023_24.pdf
CA,"NSI Services, Inc.",2024-03-17,14.0,,Closure Permanent,ca_2023_24.pdf
CA,"NSI Services, Inc.",2024-03-17,7.0,,Closure Permanent,ca_2023_24.pdf
CA,"NSI Services, Inc.",2024-03-17,51.0,,Closure Permanent,ca_2023_24.pdf
CA,"NSI Services, Inc.",2024-03-17,6.0,,Closure Permanent,ca_2023_24.pdf
CA,Fashion Institute of Design & Merchandising,2024-03-18,95.0,,Layoff Permanent,ca_2023_24.pdf
CA,Abbott Laboratories,2024-03-19,195.0,,Closure Permanent,ca_2023_24.pdf
CA,"IKEA Distribution Services, Inc.",2024-03-20,147.0,,Closure Permanent,ca_2023_24.pdf
CA,"The Real Good Food Company, LLC",2024-03-20,21.0,,Closure Permanent,ca_2023_24.pdf
CA,"The Real Good Food Company, LLC",2024-03-20,7.0,,Layoff Permanent,ca_2023_24.pdf
CA,"OTS Solutions, LLC dba On Time Staffing",2024-03-21,19.0,,Layoff Permanent,ca_2023_24.pdf
CA,"OTS Solutions, LLC dba On Time Staffing",2024-03-21,2.0,,Layoff Permanent,ca_2023_24.pdf
CA,"Bionano Genomics, Inc.",2024-03-21,64.0,,Layoff Permanent,ca_2023_24.pdf
CA,"Bionano Genomics, Inc.",2024-03-21,76.0,San Diego,Reduction,warn_or.json
CA,"Resort Vacations, Inc.",2024-03-22,24.0,,Closure Permanent,ca_2023_24.pdf
CA,US Display Group,2024-03-22,50.0,,Closure Permanent,ca_2023_24.pdf
CA,"Resort Vacations, Inc.",2024-03-22,34.0,,Layoff Permanent,ca_2023_24.pdf
CA,Full Steam Staffing,2024-03-22,323.0,,Layoff Permanent,ca_2023_24.pdf
CA,"Medtronic, Inc.",2024-03-25,44.0,,Layoff Permanent,ca_2023_24.pdf
CA,"A.C. Vroman, Inc. dba Vroman's Bookstore and Book Soup",2024-03-25,12.0,,Closure Permanent,ca_2023_24.pdf
CA,ISU PETASYS CORP.,2024-03-26,96.0,,Closure Permanent,ca_2023_24.pdf
CA,Cole Haan,2024-03-26,9.0,,Layoff Permanent,ca_2023_24.pdf
CA,Jabil Inc.,2024-03-27,43.0,,Closure Permanent,ca_2023_24.pdf
CA,"La Reina, a California religious nonprofit corporation, aka La
Reina High School and Middle School",2024-03-27,57.0,,Closure Permanent,ca_2023_24.pdf
CA,"Image Solutions Apparel, Inc",2024-03-27,21.0,,Closure Permanent,ca_2023_24.pdf
CA,"Retail Services WIS Corporation, dba WIS International",2024-03-27,12.0,,Closure Permanent,ca_2023_24.pdf
CA,Triple Canopy,2024-03-27,1.0,,Layoff Permanent,ca_2023_24.pdf
CA,Triple Canopy,2024-03-27,2.0,,Layoff Permanent,ca_2023_24.pdf
CA,Triple Canopy,2024-03-27,3.0,,Layoff Permanent,ca_2023_24.pdf
CA,Triple Canopy,2024-03-27,1.0,,Layoff Permanent,ca_2023_24.pdf
CA,Triple Canopy,2024-03-27,10.0,,Layoff Permanent,ca_2023_24.pdf
CA,Triple Canopy,2024-03-27,6.0,,Layoff Permanent,ca_2023_24.pdf
CA,Triple Canopy,2024-03-27,2.0,,Layoff Permanent,ca_2023_24.pdf
CA,Triple Canopy,2024-03-27,2.0,,Layoff Permanent,ca_2023_24.pdf
CA,Triple Canopy,2024-03-27,2.0,,Layoff Permanent,ca_2023_24.pdf
CA,Triple Canopy,2024-03-27,2.0,,Layoff Permanent,ca_2023_24.pdf
CA,Triple Canopy,2024-03-27,3.0,,Layoff Permanent,ca_2023_24.pdf
CA,Triple Canopy,2024-03-27,3.0,,Layoff Permanent,ca_2023_24.pdf
CA,Triple Canopy,2024-03-27,1.0,,Layoff Permanent,ca_2023_24.pdf
CA,Triple Canopy,2024-03-27,3.0,,Layoff Permanent,ca_2023_24.pdf
CA,Triple Canopy,2024-03-27,3.0,,Layoff Permanent,ca_2023_24.pdf
CA,Triple Canopy,2024-03-27,1.0,,Layoff Permanent,ca_2023_24.pdf
CA,Triple Canopy,2024-03-27,1.0,,Layoff Permanent,ca_2023_24.pdf
CA,Triple Canopy,2024-03-27,3.0,,Layoff Permanent,ca_2023_24.pdf
CA,Triple Canopy,2024-03-27,1.0,,Layoff Permanent,ca_2023_24.pdf
CA,Triple Canopy,2024-03-27,4.0,,Layoff Permanent,ca_2023_24.pdf
CA,Triple Canopy,2024-03-27,24.0,,Layoff Permanent,ca_2023_24.pdf
CA,Triple Canopy,2024-03-27,13.0,,Layoff Permanent,ca_2023_24.pdf
CA,Triple Canopy,2024-03-27,5.0,,Layoff Permanent,ca_2023_24.pdf
CA,Triple Canopy,2024-03-27,20.0,,Layoff Permanent,ca_2023_24.pdf
CA,Triple Canopy,2024-03-27,9.0,,Layoff Permanent,ca_2023_24.pdf
CA,Triple Canopy,2024-03-27,7.0,,Layoff Permanent,ca_2023_24.pdf
CA,Triple Canopy,2024-03-27,20.0,,Layoff Permanent,ca_2023_24.pdf
CA,Triple Canopy,2024-03-27,1.0,,Layoff Permanent,ca_2023_24.pdf
CA,Triple Canopy,2024-03-27,1.0,,Layoff Permanent,ca_2023_24.pdf
CA,Triple Canopy,2024-03-27,1.0,,Layoff Permanent,ca_2023_24.pdf
CA,Triple Canopy,2024-03-27,2.0,,Layoff Permanent,ca_2023_24.pdf
CA,Triple Canopy,2024-03-27,1.0,,Layoff Permanent,ca_2023_24.pdf
CA,Triple Canopy,2024-03-27,38.0,,Layoff Permanent,ca_2023_24.pdf
CA,Triple Canopy,2024-03-27,1.0,,Layoff Permanent,ca_2023_24.pdf
CA,Triple Canopy,2024-03-27,1.0,,Layoff Permanent,ca_2023_24.pdf
CA,Triple Canopy,2024-03-27,2.0,,Layoff Permanent,ca_2023_24.pdf
CA,Triple Canopy,2024-03-27,1.0,,Layoff Permanent,ca_2023_24.pdf
CA,"Western Power Sports, LLC",2024-03-28,11.0,,Closure Permanent,ca_2023_24.pdf
CA,Apple Inc.,2024-03-28,371.0,,Layoff Permanent,ca_2023_24.pdf
CA,Apple Inc.,2024-03-28,11.0,,Layoff Permanent,ca_2023_24.pdf
CA,Apple Inc.,2024-03-28,23.0,,Layoff Permanent,ca_2023_24.pdf
CA,Apple Inc.,2024-03-28,15.0,,Layoff Permanent,ca_2023_24.pdf
CA,Apple Inc.,2024-03-28,58.0,,Layoff Permanent,ca_2023_24.pdf
CA,Apple Inc.,2024-03-28,49.0,,Layoff Permanent,ca_2023_24.pdf
CA,Apple Inc.,2024-03-28,35.0,,Layoff Permanent,ca_2023_24.pdf
CA,Apple Inc.,2024-03-28,52.0,,Layoff Permanent,ca_2023_24.pdf
CA,"Sega of America, Inc.",2024-03-28,15.0,,Layoff Permanent,ca_2023_24.pdf
CA,Thermo Fisher Scientific,2024-03-28,74.0,,Closure Permanent,ca_2023_24.pdf
CA,"Osso VR, Inc.",2024-03-28,67.0,,Layoff Permanent,ca_2023_24.pdf
CA,"Osso VR, Inc.",2024-03-28,67.0,San Francisco,Large Layoff - 10 or more workers,warn_or.json
CA,"Reins International California, Inc. dba Gyu-Kaku",2024-03-29,52.0,,Closure Permanent,ca_2023_24.pdf
CA,UPS,2024-03-29,68.0,,Layoff Permanent,ca_2023_24.pdf
CA,Woodbury University,2024-03-29,10.0,,Closure Permanent,ca_2023_24.pdf
CA,"Sakata Seed America, Inc.",2024-03-29,36.0,,Closure Permanent,ca_2023_24.pdf
CA,Volta Inc.,2024-03-29,68.0,,Closure Permanent,ca_2023_24.pdf
CA,"Volta Charging Industries, LLC",2024-03-29,171.0,San Francisco,Permanent closure,warn_or.json
CA,Rico Corp. dba D'Addario Woodwinds,2024-04-01,6.0,,Layoff Permanent,ca_2023_24.pdf
CA,Owens-Brockway Glass Container Inc.,2024-04-01,16.0,,Closure Permanent,ca_2023_24.pdf
CA,The Health Trust,2024-04-01,23.0,,Layoff Permanent,ca_2023_24.pdf
CA,The Health Trust,2024-04-01,15.0,,Layoff Permanent,ca_2023_24.pdf
CA,The Health Trust,2024-04-01,33.0,,Layoff Permanent,ca_2023_24.pdf
CA,The Health Trust,2024-04-01,16.0,,Layoff Permanent,ca_2023_24.pdf
CA,Aura Management Co.,2024-04-01,12.0,,Layoff Permanent,ca_2023_24.pdf
CA,Post Acute Registry LLC,2024-04-01,42.0,,Closure Permanent,ca_2023_24.pdf
CA,Abbott Vascular,2024-04-02,12.0,,Closure Permanent,ca_2023_24.pdf
CA,"Happy Money, Inc.",2024-04-02,89.0,,Layoff Permanent,ca_2023_24.pdf
CA,"Block, Inc.",2024-04-02,20.0,Oakland,Large Layoff - 10 or more workers,warn_or.json
CA,"Williams-Sonoma Direct, Inc.",2024-04-03,36.0,,Closure Permanent,ca_2023_24.pdf
CA,Sanofi,2024-04-03,100.0,,Closure Permanent,ca_2023_24.pdf
CA,Telecare Corporation,2024-04-03,100.0,,Closure Permanent,ca_2023_24.pdf
CA,"Genentech, Inc.",2024-04-03,436.0,,Layoff Permanent,ca_2023_24.pdf
CA,Temple Nightclub,2024-04-03,86.0,,Closure Permanent,ca_2023_24.pdf
CA,Providence Holy Cross Medical Center,2024-04-04,1.0,,Layoff Permanent,ca_2023_24.pdf
CA,Providence Holy Cross Medical Center,2024-04-04,5.0,,Layoff Permanent,ca_2023_24.pdf
CA,Providence Holy Cross Medical Center,2024-04-04,2.0,,Layoff Permanent,ca_2023_24.pdf
CA,Intel Corporation,2024-04-04,57.0,,Layoff Permanent,ca_2023_24.pdf
CA,Intel Corporation,2024-04-04,5.0,,Layoff Permanent,ca_2023_24.pdf
CA,PIRCH,2024-04-04,14.0,,Layoff Permanent,ca_2023_24.pdf
CA,PIRCH,2024-04-04,2.0,,Layoff Permanent,ca_2023_24.pdf
CA,PIRCH,2024-04-04,1.0,,Layoff Permanent,ca_2023_24.pdf
CA,PIRCH,2024-04-04,23.0,,Layoff Permanent,ca_2023_24.pdf
CA,99 Cents Only Stores LLC,2024-04-04,34.0,,Closure Permanent,ca_2023_24.pdf
CA,99 Cents Only Stores LLC,2024-04-04,56.0,,Closure Permanent,ca_2023_24.pdf
CA,99 Cents Only Stores LLC,2024-04-04,40.0,,Closure Permanent,ca_2023_24.pdf
CA,99 Cents Only Stores LLC,2024-04-04,44.0,,Closure Permanent,ca_2023_24.pdf
CA,99 Cents Only Stores LLC,2024-04-04,26.0,,Closure Permanent,ca_2023_24.pdf
CA,99 Cents Only Stores LLC,2024-04-04,453.0,,Closure Permanent,ca_2023_24.pdf
CA,99 Cents Only Stores LLC,2024-04-04,41.0,,Closure Permanent,ca_2023_24.pdf
CA,99 Cents Only Stores LLC,2024-04-04,41.0,,Closure Permanent,ca_2023_24.pdf
CA,99 Cents Only Stores LLC,2024-04-04,32.0,,Closure Permanent,ca_2023_24.pdf
CA,99 Cents Only Stores LLC,2024-04-04,50.0,,Closure Permanent,ca_2023_24.pdf
CA,99 Cents Only Stores LLC,2024-04-04,39.0,,Closure Permanent,ca_2023_24.pdf
CA,99 Cents Only Stores LLC,2024-04-04,40.0,,Closure Permanent,ca_2023_24.pdf
CA,99 Cents Only Stores LLC,2024-04-04,49.0,,Closure Permanent,ca_2023_24.pdf
CA,99 Cents Only Stores LLC,2024-04-04,46.0,,Closure Permanent,ca_2023_24.pdf
CA,99 Cents Only Stores LLC,2024-04-04,52.0,,Closure Permanent,ca_2023_24.pdf
CA,PIRCH,2024-04-04,29.0,,Layoff Permanent,ca_2023_24.pdf
CA,PIRCH,2024-04-04,24.0,,Layoff Permanent,ca_2023_24.pdf
CA,PIRCH,2024-04-04,31.0,,Layoff Permanent,ca_2023_24.pdf
CA,PIRCH,2024-04-04,6.0,,Layoff Permanent,ca_2023_24.pdf
CA,PIRCH,2024-04-04,11.0,,Layoff Permanent,ca_2023_24.pdf
CA,PIRCH,2024-04-04,48.0,,Layoff Permanent,ca_2023_24.pdf
CA,PIRCH,2024-04-04,59.0,,Layoff Permanent,ca_2023_24.pdf
CA,PIRCH,2024-04-04,9.0,,Layoff Permanent,ca_2023_24.pdf
CA,PIRCH,2024-04-04,67.0,,Layoff Permanent,ca_2023_24.pdf
CA,Pacific Racing Association dba Golden Gate Fields,2024-04-05,203.0,,Closure Permanent,ca_2023_24.pdf
CA,"Transdev Services, Inc.",2024-04-05,179.0,,Closure Permanent,ca_2023_24.pdf
CA,"J.B. Hunt Transport, Inc.",2024-04-05,231.0,,Closure Permanent,ca_2023_24.pdf
CA,Lockheed Martin,2024-04-08,150.0,,Layoff Permanent,ca_2023_24.pdf
CA,"Experian Information Solutions, Inc.",2024-04-08,70.0,,Layoff Permanent,ca_2023_24.pdf
CA,Activision Blizzard,2024-04-08,1.0,,Layoff Permanent,ca_2023_24.pdf
CA,Activision Blizzard,2024-04-08,16.0,,Layoff Permanent,ca_2023_24.pdf
CA,"Del Monte Capitol Meat Company, LLC dba Allen Brothers
West Coast",2024-04-08,53.0,,Closure Permanent,ca_2023_24.pdf
CA,Activision Blizzard,2024-04-08,9.0,,Layoff Permanent,ca_2023_24.pdf
CA,Activision Blizzard,2024-04-08,5.0,,Layoff Permanent,ca_2023_24.pdf
CA,Levy Premium Foodservice Limited Partnership,2024-04-09,124.0,,Closure Permanent,ca_2023_24.pdf
CA,Lockheed Martin Space,2024-04-09,66.0,,Layoff Permanent,ca_2023_24.pdf
CA,Lockheed Martin Space,2024-04-09,2.0,,Layoff Permanent,ca_2023_24.pdf
CA,Lockheed Martin Space,2024-04-09,1.0,,Layoff Permanent,ca_2023_24.pdf
CA,"Checkr, Inc.",2024-04-09,260.0,,Layoff Permanent,ca_2023_24.pdf
CA,Chick-fil-A,2024-04-09,82.0,,Closure Temporary,ca_2023_24.pdf
CA,Nestle USA,2024-04-09,74.0,,Closure Temporary,ca_2023_24.pdf
CA,Coherent Corp.,2024-04-10,61.0,,Layoff Permanent,ca_2023_24.pdf
CA,"Hinge Health, Inc.",2024-04-11,45.0,,Layoff Permanent,ca_2023_24.pdf
CA,"OTS Solutions, LLC dba On Time Staffing",2024-04-11,6.0,,Layoff Permanent,ca_2023_24.pdf
CA,"Project Fusion, LLC",2024-04-11,26.0,,Closure Permanent,ca_2023_24.pdf
CA,"Project Fusion, LLC",2024-04-11,34.0,,Closure Permanent,ca_2023_24.pdf
CA,"Project Fusion, LLC",2024-04-11,22.0,,Closure Permanent,ca_2023_24.pdf
CA,Para Los Ninos,2024-04-11,25.0,,Layoff Permanent,ca_2023_24.pdf
CA,Para Los Ninos,2024-04-11,23.0,,Layoff Permanent,ca_2023_24.pdf
CA,Para Los Ninos,2024-04-11,19.0,,Layoff Permanent,ca_2023_24.pdf
CA,JELD-WEN Inc.,2024-04-11,113.0,,Layoff Permanent,ca_2023_24.pdf
CA,"SAP America, Inc.",2024-04-12,108.0,,Layoff Permanent,ca_2023_24.pdf
CA,"SAP America, Inc.",2024-04-12,42.0,,Layoff Permanent,ca_2023_24.pdf
CA,Rico Corp. dba D'Addario Woodwinds,2024-04-15,5.0,,Closure Permanent,ca_2023_24.pdf
CA,Cracker Barrel,2024-04-15,70.0,,Closure Permanent,ca_2023_24.pdf
CA,Cracker Barrel,2024-04-15,81.0,,Closure Permanent,ca_2023_24.pdf
CA,DHL Supply Chain,2024-04-15,109.0,,Closure Permanent,ca_2023_24.pdf
CA,Stanislaus Surgical Hospital,2024-04-15,191.0,,Closure Temporary,ca_2023_24.pdf
CA,"Participant Media, LLC",2024-04-16,107.0,,Closure Permanent,ca_2023_24.pdf
CA,"St. Vincent de Paul Society of Lane County, Inc.",2024-04-16,16.0,,Closure Permanent,ca_2023_24.pdf
CA,"Mexi-Grill, LLC dba Javier's Newport Beach",2024-04-17,239.0,,Closure Temporary,ca_2023_24.pdf
CA,Rehrig Pacific Company,2024-04-17,71.0,,Closure Permanent,ca_2023_24.pdf
CA,"Experian Information Solutions, Inc.",2024-04-17,10.0,,Layoff Permanent,ca_2023_24.pdf
CA,Aura Management Co.,2024-04-18,13.0,,Closure Permanent,ca_2023_24.pdf
CA,Aura Management Co.,2024-04-18,11.0,,Closure Permanent,ca_2023_24.pdf
CA,Aura Management Co.,2024-04-18,13.0,,Closure Permanent,ca_2023_24.pdf
CA,Aura Management Co.,2024-04-18,16.0,,Closure Permanent,ca_2023_24.pdf
CA,Aura Management Co.,2024-04-18,16.0,,Closure Permanent,ca_2023_24.pdf
CA,Aura Management Co.,2024-04-18,17.0,,Closure Permanent,ca_2023_24.pdf
CA,Aura Management Co.,2024-04-18,13.0,,Closure Permanent,ca_2023_24.pdf
CA,Aura Management Co.,2024-04-18,16.0,,Closure Permanent,ca_2023_24.pdf
CA,Aura Management Co.,2024-04-18,13.0,,Closure Permanent,ca_2023_24.pdf
CA,Aura Management Co.,2024-04-18,20.0,,Closure Permanent,ca_2023_24.pdf
CA,Aura Management Co.,2024-04-18,11.0,,Closure Permanent,ca_2023_24.pdf
CA,Aura Management Co.,2024-04-18,14.0,,Closure Permanent,ca_2023_24.pdf
CA,Aura Management Co.,2024-04-18,20.0,,Closure Permanent,ca_2023_24.pdf
CA,Aura Management Co.,2024-04-18,19.0,,Closure Permanent,ca_2023_24.pdf
CA,Aura Management Co.,2024-04-18,6.0,,Closure Permanent,ca_2023_24.pdf
CA,Aura Management Co.,2024-04-18,15.0,,Closure Permanent,ca_2023_24.pdf
CA,Aura Management Co.,2024-04-18,13.0,,Closure Permanent,ca_2023_24.pdf
CA,Aura Management Co,2024-04-18,12.0,,Closure Permanent,ca_2023_24.pdf
CA,Aura Management Co.,2024-04-18,11.0,,Closure Permanent,ca_2023_24.pdf
CA,Aura Management Co.,2024-04-18,13.0,,Closure Permanent,ca_2023_24.pdf
CA,Aura Management Co.,2024-04-18,13.0,,Closure Permanent,ca_2023_24.pdf
CA,Aura Management Co.,2024-04-18,17.0,,Closure Permanent,ca_2023_24.pdf
CA,Aura Management Co.,2024-04-18,12.0,,Closure Permanent,ca_2023_24.pdf
CA,DermTech,2024-04-18,101.0,,Layoff Permanent,ca_2023_24.pdf
CA,Intel Corporation,2024-04-18,75.0,,Layoff Permanent,ca_2023_24.pdf
CA,"Molina Healthcare, Inc",2024-04-19,52.0,,Layoff Permanent,ca_2023_24.pdf
CA,Super Store Industries,2024-04-19,36.0,,Layoff Permanent,ca_2023_24.pdf
CA,Revol Greens,2024-04-19,100.0,,Layoff Permanent,ca_2023_24.pdf
CA,"Rivian Automotive, LLC",2024-04-19,1.0,,Layoff Permanent,ca_2023_24.pdf
CA,"Rivian Automotive, LLC",2024-04-19,5.0,,Layoff Permanent,ca_2023_24.pdf
CA,"Rivian Automotive, LLC",2024-04-19,33.0,,Layoff Permanent,ca_2023_24.pdf
CA,"Rivian Automotive, LLC",2024-04-19,5.0,,Layoff Permanent,ca_2023_24.pdf
CA,"Rivian Automotive, LLC",2024-04-19,46.0,,Layoff Permanent,ca_2023_24.pdf
CA,"Rivian Automotive, LLC",2024-04-19,2.0,,Layoff Permanent,ca_2023_24.pdf
CA,"Rivian Automotive, LLC",2024-04-19,1.0,,Layoff Permanent,ca_2023_24.pdf
CA,"Rivian Automotive, LLC",2024-04-19,26.0,,Layoff Permanent,ca_2023_24.pdf
CA,"Rivian Automotive, LLC",2024-04-19,2.0,,Layoff Permanent,ca_2023_24.pdf
CA,"Sientra, Inc.",2024-04-19,57.0,,Closure Permanent,ca_2023_24.pdf
CA,"Herbalife International of America, Inc.",2024-04-22,21.0,,Layoff Permanent,ca_2023_24.pdf
CA,"Herbalife International of America, Inc.",2024-04-22,59.0,,Layoff Permanent,ca_2023_24.pdf
CA,"Herbalife International of America, Inc.",2024-04-22,21.0,,Layoff Permanent,ca_2023_24.pdf
CA,"Tesla, Inc.",2024-04-22,,,Layoff Permanent,ca_2023_24.pdf
CA,"Tesla, Inc.",2024-04-22,25.0,,Layoff Permanent,ca_2023_24.pdf
CA,"Tesla, Inc.",2024-04-22,11.0,,Layoff Permanent,ca_2023_24.pdf
CA,"Tesla, Inc.",2024-04-22,8.0,,Layoff Permanent,ca_2023_24.pdf
CA,"Tesla, Inc.",2024-04-22,6.0,,Layoff Permanent,ca_2023_24.pdf
CA,"Tesla, Inc.",2024-04-22,6.0,,Layoff Permanent,ca_2023_24.pdf
CA,"Tesla, Inc.",2024-04-22,28.0,,Layoff Permanent,ca_2023_24.pdf
CA,"Tesla, Inc.",2024-04-22,30.0,,Layoff Permanent,ca_2023_24.pdf
CA,"Tesla, Inc.",2024-04-22,9.0,,Layoff Permanent,ca_2023_24.pdf
CA,"Tesla, Inc.",2024-04-22,77.0,,Layoff Permanent,ca_2023_24.pdf
CA,"Tesla, Inc.",2024-04-22,49.0,,Layoff Permanent,ca_2023_24.pdf
CA,"Tesla, Inc.",2024-04-22,23.0,,Layoff Permanent,ca_2023_24.pdf
CA,"Tesla, Inc.",2024-04-22,24.0,,Layoff Permanent,ca_2023_24.pdf
CA,"Tesla, Inc.",2024-04-22,17.0,,Layoff Permanent,ca_2023_24.pdf
CA,"Tesla, Inc.",2024-04-22,32.0,,Layoff Permanent,ca_2023_24.pdf
CA,"Tesla, Inc.",2024-04-22,284.0,,Layoff Permanent,ca_2023_24.pdf
CA,"Tesla, Inc.",2024-04-22,1.0,,Layoff Permanent,ca_2023_24.pdf
CA,"Tesla, Inc.",2024-04-22,3.0,,Layoff Permanent,ca_2023_24.pdf
CA,"Tesla, Inc.",2024-04-22,17.0,,Layoff Permanent,ca_2023_24.pdf
CA,"Tesla, Inc.",2024-04-22,19.0,,Layoff Permanent,ca_2023_24.pdf
CA,"Tesla, Inc.",2024-04-22,108.0,,Layoff Permanent,ca_2023_24.pdf
CA,"Tesla, Inc.",2024-04-22,214.0,,Layoff Permanent,ca_2023_24.pdf
CA,"Tesla, Inc.",2024-04-22,403.0,,Layoff Permanent,ca_2023_24.pdf
CA,"Tesla, Inc.",2024-04-22,155.0,,Layoff Permanent,ca_2023_24.pdf
CA,"Tesla, Inc.",2024-04-22,237.0,,Layoff Permanent,ca_2023_24.pdf
CA,"Tesla, Inc.",2024-04-22,81.0,,Layoff Permanent,ca_2023_24.pdf
CA,"Tesla, Inc.",2024-04-22,11.0,,Layoff Permanent,ca_2023_24.pdf
CA,"Tesla, Inc.",2024-04-22,2.0,,Layoff Permanent,ca_2023_24.pdf
CA,"Shadow Holdings, LLC dba Bright Innovation Labs",2024-04-22,28.0,,Closure Permanent,ca_2023_24.pdf
CA,Anaheim Family YMCA,2024-04-22,97.0,,Layoff Permanent,ca_2023_24.pdf
CA,ITC Federal,2024-04-22,135.0,,Layoff Permanent,ca_2023_24.pdf
CA,Kaiser Foundation Hospitals,2024-04-22,9.0,,Layoff Permanent,ca_2023_24.pdf
CA,Kaiser Foundation Hospitals,2024-04-22,1.0,,Layoff Permanent,ca_2023_24.pdf
CA,Kaiser Foundation Hospitals,2024-04-22,1.0,,Layoff Permanent,ca_2023_24.pdf
CA,Kaiser Foundation Hospitals,2024-04-22,33.0,,Layoff Permanent,ca_2023_24.pdf
CA,Kaiser Foundation Hospitals,2024-04-22,1.0,,Layoff Permanent,ca_2023_24.pdf
CA,Kaiser Foundation Hospitals,2024-04-22,1.0,,Layoff Permanent,ca_2023_24.pdf
CA,Kaiser Foundation Hospitals,2024-04-22,1.0,,Layoff Permanent,ca_2023_24.pdf
CA,Kaiser Foundation Hospitals,2024-04-22,17.0,,Layoff Permanent,ca_2023_24.pdf
CA,Kaiser Foundation Hospitals,2024-04-22,5.0,,Layoff Permanent,ca_2023_24.pdf
CA,Kaiser Foundation Hospitals,2024-04-22,2.0,,Layoff Permanent,ca_2023_24.pdf
CA,Kaiser Foundation Hospitals,2024-04-22,1.0,,Layoff Permanent,ca_2023_24.pdf
CA,Kaiser Foundation Hospitals,2024-04-22,1.0,,Layoff Permanent,ca_2023_24.pdf
CA,Kaiser Foundation Hospitals,2024-04-22,1.0,,Layoff Permanent,ca_2023_24.pdf
CA,Kaiser Foundation Hospitals,2024-04-22,2.0,,Layoff Permanent,ca_2023_24.pdf
CA,"SDH Services West, LLC. - Sodexo",2024-04-23,61.0,,Closure Permanent,ca_2023_24.pdf
CA,Twenty Twenty Therapeutics LLC,2024-04-23,76.0,,Closure Permanent,ca_2023_24.pdf
CA,"Gilead Sciences, Inc.",2024-04-23,58.0,,Layoff Permanent,ca_2023_24.pdf
CA,"Freenome, Inc.",2024-04-23,118.0,,Layoff Permanent,ca_2023_24.pdf
CA,"Freenome, Inc.",2024-04-23,118.0,,Layoff Permanent,ca_2023_24.pdf
CA,"Freenome, Inc.",2024-04-23,118.0,,Layoff Permanent,ca_2023_24.pdf
CA,"Cretex Medical Component and Device Technologies, Inc. dba
JunoPacific",2024-04-23,96.0,,Closure Permanent,ca_2023_24.pdf
CA,Google US-SVL-CRSM1225,2024-04-24,18.0,,Layoff Permanent,ca_2023_24.pdf
CA,Google US-SVL-CRSM1260,2024-04-24,3.0,,Layoff Permanent,ca_2023_24.pdf
CA,Google US-SVL-CRSM1265,2024-04-24,29.0,,Layoff Permanent,ca_2023_24.pdf
CA,SunPower Corp.,2024-04-24,65.0,,Closure Permanent,ca_2023_24.pdf
CA,SunPower Corp.,2024-04-24,77.0,,Closure Permanent,ca_2023_24.pdf
CA,SunPower Corp.,2024-04-24,81.0,,Closure Permanent,ca_2023_24.pdf
CA,SunPower Corp.,2024-04-24,71.0,,Closure Permanent,ca_2023_24.pdf
CA,SunPower Corp.,2024-04-24,64.0,,Closure Permanent,ca_2023_24.pdf
CA,Amentum 1106th TASMG,2024-04-24,113.0,,Layoff Permanent,ca_2023_24.pdf
CA,"FreeWire Technologies, Inc.",2024-04-25,113.0,,Closure Permanent,ca_2023_24.pdf
CA,"Western Power Sports, LLC",2024-04-25,12.0,,Closure Permanent,ca_2023_24.pdf
CA,HomeFirst Services,2024-04-25,24.0,,Layoff Permanent,ca_2023_24.pdf
CA,Amazon,2024-04-25,85.0,,Closure Permanent,ca_2023_24.pdf
CA,WellSpace Health,2024-04-25,1.0,,Layoff Permanent,ca_2023_24.pdf
CA,WellSpace Health,2024-04-25,4.0,,Layoff Permanent,ca_2023_24.pdf
CA,WellSpace Health,2024-04-25,18.0,,Layoff Permanent,ca_2023_24.pdf
CA,WellSpace Health,2024-04-25,4.0,,Layoff Permanent,ca_2023_24.pdf
CA,WellSpace Health,2024-04-25,4.0,,Layoff Permanent,ca_2023_24.pdf
CA,WellSpace Health,2024-04-25,1.0,,Layoff Permanent,ca_2023_24.pdf
CA,WellSpace Health,2024-04-25,16.0,,Layoff Permanent,ca_2023_24.pdf
CA,WellSpace Health,2024-04-25,2.0,,Layoff Permanent,ca_2023_24.pdf
CA,WellSpace Health,2024-04-25,9.0,,Layoff Permanent,ca_2023_24.pdf
CA,WellSpace Health,2024-04-25,1.0,,Layoff Permanent,ca_2023_24.pdf
CA,WellSpace Health,2024-04-25,3.0,,Layoff Permanent,ca_2023_24.pdf
CA,WellSpace Health,2024-04-25,1.0,,Layoff Permanent,ca_2023_24.pdf
CA,WellSpace Health,2024-04-25,1.0,,Layoff Permanent,ca_2023_24.pdf
CA,WellSpace Health,2024-04-25,2.0,,Layoff Permanent,ca_2023_24.pdf
CA,WellSpace Health,2024-04-25,4.0,,Layoff Permanent,ca_2023_24.pdf
CA,WellSpace Health,2024-04-25,8.0,,Layoff Permanent,ca_2023_24.pdf
CA,WellSpace Health,2024-04-25,2.0,,Layoff Permanent,ca_2023_24.pdf
CA,WellSpace Health,2024-04-25,2.0,,Layoff Permanent,ca_2023_24.pdf
CA,WellSpace Health,2024-04-25,3.0,,Layoff Permanent,ca_2023_24.pdf
CA,WellSpace Health,2024-04-25,36.0,,Layoff Permanent,ca_2023_24.pdf
CA,WellSpace Health,2024-04-25,7.0,,Layoff Permanent,ca_2023_24.pdf
CA,WellSpace Health,2024-04-25,1.0,,Layoff Permanent,ca_2023_24.pdf
CA,WellSpace Health,2024-04-25,2.0,,Layoff Permanent,ca_2023_24.pdf
CA,Walmart,2024-04-26,169.0,,Closure Permanent,ca_2023_24.pdf
CA,"AHMC San Gabriel Valley Medical Center LP dba San Gabriel
Valley Medical Center",2024-04-26,6.0,,Layoff Permanent,ca_2023_24.pdf
CA,"San Miguel Produce, Inc.",2024-04-26,127.0,,Closure Permanent,ca_2023_24.pdf
CA,Paramount Global,2024-04-26,1.0,,Layoff Permanent,ca_2023_24.pdf
CA,"National Aerospace Solutions, LLC (NAS)",2024-04-26,60.0,,Layoff Permanent,ca_2023_24.pdf
CA,Ensemble Therapy,2024-04-29,48.0,,Layoff Permanent,ca_2023_24.pdf
CA,Elijah House Foundation,2024-04-29,38.0,,Layoff Permanent,ca_2023_24.pdf
CA,Elijah House Foundation,2024-04-29,42.0,,Layoff Permanent,ca_2023_24.pdf
CA,Elijah House Foundation,2024-04-29,18.0,,Layoff Permanent,ca_2023_24.pdf
CA,Bristol Myers Squibb,2024-04-29,114.0,,Layoff Permanent,ca_2023_24.pdf
CA,"Pacific Biosciences of California, Inc.",2024-04-29,71.0,,Layoff Permanent,ca_2023_24.pdf
CA,California Communications Access Foundation,2024-04-29,15.0,,Layoff Permanent,ca_2023_24.pdf
CA,California Communications Access Foundation,2024-04-29,11.0,,Layoff Permanent,ca_2023_24.pdf
CA,California Communications Access Foundation,2024-04-29,10.0,,Layoff Permanent,ca_2023_24.pdf
CA,California Communications Access Foundation,2024-04-29,8.0,,Layoff Permanent,ca_2023_24.pdf
CA,California Communications Access Foundation,2024-04-29,9.0,,Layoff Permanent,ca_2023_24.pdf
CA,California Communications Access Foundation,2024-04-29,7.0,,Layoff Permanent,ca_2023_24.pdf
CA,California Communications Access Foundation,2024-04-29,7.0,,Layoff Permanent,ca_2023_24.pdf
CA,California Communications Access Foundation,2024-04-29,5.0,,Layoff Permanent,ca_2023_24.pdf
CA,"Pacific Biosciences of California, Inc.",2024-04-29,108.0,,Closure Permanent,ca_2023_24.pdf
CA,California Communications Access Foundation,2024-04-29,1.0,,Layoff Permanent,ca_2023_24.pdf
CA,California Communications Access Foundation,2024-04-29,2.0,,Layoff Permanent,ca_2023_24.pdf
CA,Google US-SFO-1MST,2024-04-29,6.0,,Layoff Permanent,ca_2023_24.pdf
CA,Google US-SFO-FERRY,2024-04-29,3.0,,Layoff Permanent,ca_2023_24.pdf
CA,Google US-SFO-FRE199,2024-04-29,1.0,,Layoff Permanent,ca_2023_24.pdf
CA,Google US-SFO-FRE215,2024-04-29,14.0,,Layoff Permanent,ca_2023_24.pdf
CA,Google US-SFO-MKT1,2024-04-29,1.0,,Layoff Permanent,ca_2023_24.pdf
CA,Google US-SFO-SPE,2024-04-29,26.0,,Layoff Permanent,ca_2023_24.pdf
CA,Google US-SFO-SPEAR121,2024-04-29,6.0,,Layoff Permanent,ca_2023_24.pdf
CA,"Fisker Group, Inc.",2024-04-29,244.0,,Closure Permanent,ca_2023_24.pdf
CA,"Fisker Group, Inc.",2024-04-29,35.0,,Closure Permanent,ca_2023_24.pdf
CA,"Fisker Group, Inc.",2024-04-29,45.0,,Closure Permanent,ca_2023_24.pdf
CA,Wellpath,2024-04-29,47.0,,Closure Permanent,ca_2023_24.pdf
CA,Wellpath,2024-04-29,14.0,,Closure Permanent,ca_2023_24.pdf
CA,Wellpath,2024-04-29,13.0,,Closure Permanent,ca_2023_24.pdf
CA,Wellpath,2024-04-29,26.0,,Closure Permanent,ca_2023_24.pdf
CA,"Restorix Health, Inc.",2024-04-29,12.0,,Closure Permanent,ca_2024_25.pdf
CA,Rico Corp. dba D'Addario Woodwinds,2024-04-30,1.0,,Layoff Permanent,ca_2023_24.pdf
CA,"Aaron Thomas Company, Inc.",2024-04-30,155.0,,Layoff Permanent,ca_2023_24.pdf
CA,Catholic Charities of Santa Clara County,2024-04-30,3.0,,Layoff Permanent,ca_2023_24.pdf
CA,Catholic Charities of Santa Clara County,2024-04-30,6.0,,Layoff Permanent,ca_2023_24.pdf
CA,Catholic Charities of Santa Clara County,2024-04-30,9.0,,Layoff Permanent,ca_2023_24.pdf
CA,Catholic Charities of Santa Clara County,2024-04-30,4.0,,Layoff Permanent,ca_2023_24.pdf
CA,Catholic Charities of Santa Clara County,2024-04-30,2.0,,Layoff Permanent,ca_2023_24.pdf
CA,Catholic Charities of Santa Clara County,2024-04-30,4.0,,Layoff Permanent,ca_2023_24.pdf
CA,Catholic Charities of Santa Clara County,2024-04-30,5.0,,Layoff Permanent,ca_2023_24.pdf
CA,Catholic Charities of Santa Clara County,2024-04-30,4.0,,Layoff Permanent,ca_2023_24.pdf
CA,Catholic Charities of Santa Clara County,2024-04-30,4.0,,Layoff Permanent,ca_2023_24.pdf
CA,Catholic Charities of Santa Clara County,2024-04-30,3.0,,Layoff Permanent,ca_2023_24.pdf
CA,Catholic Charities of Santa Clara County,2024-04-30,2.0,,Layoff Permanent,ca_2023_24.pdf
CA,"Devine Holdings, LLC",2024-04-30,6.0,,"Layoff Not known at
this time",ca_2023_24.pdf
CA,"Devine Holdings, LLC",2024-04-30,39.0,,"Layoff Not known at
this time",ca_2023_24.pdf
CA,"TuSimple, Inc.",2024-04-30,3.0,,Layoff Permanent,ca_2023_24.pdf
CA,The Hain Celestial Group,2024-04-30,60.0,,Closure Permanent,ca_2023_24.pdf
CA,"Aaron Thomas Company, Inc.",2024-04-30,64.0,,Layoff Permanent,ca_2023_24.pdf
CA,City National Bank - Olympic Blvd.,2024-05-01,1.0,,Layoff Permanent,ca_2023_24.pdf
CA,City National Bank - Flower St.,2024-05-01,14.0,,Layoff Permanent,ca_2023_24.pdf
CA,City National Bank - Grand Ave.,2024-05-01,23.0,,Layoff Permanent,ca_2023_24.pdf
CA,University of Southern California - Keck School of Medicine,2024-05-01,80.0,,Layoff Permanent,ca_2023_24.pdf
CA,"University of Southern California - Herman Ostrow School of
Dentistry",2024-05-01,5.0,,Layoff Permanent,ca_2023_24.pdf
CA,Coherent Corp.,2024-05-01,70.0,,Layoff Permanent,ca_2023_24.pdf
CA,"Biological Dynamics, Inc.",2024-05-01,62.0,,Closure Permanent,ca_2023_24.pdf
CA,Cue Health Inc. Moda South,2024-05-01,84.0,,Layoff Permanent,ca_2023_24.pdf
CA,Cue Health Inc. Moda North,2024-05-01,2.0,,Layoff Permanent,ca_2023_24.pdf
CA,Cue Health Inc. Moda North II,2024-05-01,5.0,,Layoff Permanent,ca_2023_24.pdf
CA,Cue Health Inc. Moda West,2024-05-01,4.0,,Layoff Permanent,ca_2023_24.pdf
CA,Cue Health Inc. Nancy Ridge II,2024-05-01,7.0,,Layoff Permanent,ca_2023_24.pdf
CA,Cue Health Inc. Waples,2024-05-01,64.0,,Layoff Permanent,ca_2023_24.pdf
CA,Cue Health Inc. Vista,2024-05-01,15.0,,Layoff Permanent,ca_2023_24.pdf
CA,Cue Health Inc. Vista II,2024-05-01,8.0,,Layoff Permanent,ca_2023_24.pdf
CA,Golden Gate University,2024-05-01,5.0,,Layoff Permanent,ca_2023_24.pdf
CA,Pro Youth,2024-05-01,247.0,,Layoff Permanent,ca_2023_24.pdf
CA,PT Solutions at Adventist Health Bakersfield,2024-05-02,41.0,,Closure Permanent,ca_2023_24.pdf
CA,PT Solutions at Adventist Health Delano,2024-05-02,4.0,,Closure Permanent,ca_2023_24.pdf
CA,PT Solutions at Adventist Health Tehachapi Valley,2024-05-02,5.0,,Closure Permanent,ca_2023_24.pdf
CA,"GXO Logistics Supply Chain, Inc",2024-05-03,76.0,,Layoff Permanent,ca_2023_24.pdf
CA,"William Kreysler & Associates, Inc.",2024-05-03,2.0,,Layoff Permanent,ca_2023_24.pdf
CA,"Herbalife International of America, Inc.",2024-05-06,25.0,,Layoff Permanent,ca_2023_24.pdf
CA,"Herbalife International of America, Inc.",2024-05-06,70.0,,Layoff Permanent,ca_2023_24.pdf
CA,"Herbalife International of America, Inc.",2024-05-06,40.0,,Layoff Permanent,ca_2023_24.pdf
CA,Motional AD Inc.,2024-05-07,52.0,,Layoff Permanent,ca_2023_24.pdf
CA,Motional AD Inc.,2024-05-07,41.0,,Layoff Permanent,ca_2023_24.pdf
CA,Wayfinder Family Services,2024-05-08,9.0,,Closure Permanent,ca_2023_24.pdf
CA,Wayfinder Family Services,2024-05-08,13.0,,Closure Permanent,ca_2023_24.pdf
CA,Wayfinder Family Services,2024-05-08,6.0,,Closure Permanent,ca_2023_24.pdf
CA,Wayfinder Family Services,2024-05-08,7.0,,Closure Permanent,ca_2023_24.pdf
CA,Wayfinder Family Services,2024-05-08,9.0,,Closure Permanent,ca_2023_24.pdf
CA,Dennis Dillon RV,2024-05-08,67.0,,Closure Permanent,ca_2023_24.pdf
CA,"Takeda Development Centers America, Inc.",2024-05-09,324.0,,Closure Permanent,ca_2023_24.pdf
CA,"William Kreysler & Associates, Inc.",2024-05-10,2.0,,Layoff Permanent,ca_2023_24.pdf
CA,"Tesla, Inc.",2024-05-13,164.0,,Layoff Permanent,ca_2023_24.pdf
CA,"Tesla, Inc.",2024-05-13,65.0,,Layoff Permanent,ca_2023_24.pdf
CA,"Tesla, Inc.",2024-05-13,53.0,,Layoff Permanent,ca_2023_24.pdf
CA,"Tesla, Inc.",2024-05-13,52.0,,Layoff Permanent,ca_2023_24.pdf
CA,"Tesla, Inc.",2024-05-13,149.0,,Layoff Permanent,ca_2023_24.pdf
CA,"Tesla, Inc.",2024-05-13,118.0,,Layoff Permanent,ca_2023_24.pdf
CA,"American Eagle Outfitters, Inc.",2024-05-13,52.0,,Closure Permanent,ca_2023_24.pdf
CA,"Knox Attorney Service, Inc.",2024-05-13,2.0,,Closure Permanent,ca_2023_24.pdf
CA,Laboratory Corporation of America Holdings,2024-05-13,81.0,,Closure Permanent,ca_2023_24.pdf
CA,Indeed Inc.,2024-05-13,87.0,,Layoff Permanent,ca_2023_24.pdf
CA,"Tropitone Furniture Company, Inc.",2024-05-13,117.0,,Closure Permanent,ca_2023_24.pdf
CA,"Sensei Wellness Holdings, Inc dba Sensei Porcupine Creek",2024-05-13,78.0,,Layoff Temporary,ca_2023_24.pdf
CA,BioMarin Pharmaceutical Inc.,2024-05-14,57.0,,Layoff Permanent,ca_2023_24.pdf
CA,BioMarin Pharmaceutical Inc.,2024-05-14,71.0,,Layoff Permanent,ca_2023_24.pdf
CA,BioMarin Pharmaceutical Inc.,2024-05-14,3.0,,Layoff Permanent,ca_2023_24.pdf
CA,BioMarin Pharmaceutical Inc.,2024-05-14,1.0,,Layoff Permanent,ca_2023_24.pdf
CA,"Bolt Biotherapeutics, Inc.",2024-05-14,38.0,,Layoff Permanent,ca_2023_24.pdf
CA,"Ryder Integrated Logistics, Inc.",2024-05-14,9.0,,Closure Permanent,ca_2023_24.pdf
CA,"Ryder Integrated Logistics, Inc.",2024-05-14,148.0,,Closure Permanent,ca_2023_24.pdf
CA,Amazon,2024-05-14,390.0,,Layoff Permanent,ca_2023_24.pdf
CA,Texas de Brazil Corporation,2024-05-15,30.0,,Closure Permanent,ca_2023_24.pdf
CA,First Student,2024-05-15,201.0,,Layoff Permanent,ca_2023_24.pdf
CA,"Tropicale Foods, LLC, aka PLM Operations, LLC",2024-05-15,168.0,,Closure Permanent,ca_2023_24.pdf
CA,Alto Pharmacy LLC,2024-05-16,82.0,,Layoff Permanent,ca_2023_24.pdf
CA,"Fresenius USA, Inc.",2024-05-16,123.0,,Closure Permanent,ca_2023_24.pdf
CA,"Fresenius USA, Inc.",2024-05-16,118.0,,Closure Permanent,ca_2023_24.pdf
CA,"Fresenius USA, Inc.",2024-05-16,14.0,,Closure Permanent,ca_2023_24.pdf
CA,"Fresenius USA, Inc.",2024-05-16,42.0,,Closure Permanent,ca_2023_24.pdf
CA,"Fresenius USA, Inc.",2024-05-16,6.0,,Closure Permanent,ca_2023_24.pdf
CA,"Fresenius USA, Inc.",2024-05-16,6.0,,Closure Permanent,ca_2023_24.pdf
CA,Scweitzer Clubhouse,2024-05-16,15.0,,Layoff Permanent,ca_2023_24.pdf
CA,Salk Clubhouse,2024-05-16,12.0,,Layoff Permanent,ca_2023_24.pdf
CA,Marshall Clubhouse,2024-05-16,16.0,,Layoff Permanent,ca_2023_24.pdf
CA,Walter Clubhouse,2024-05-16,7.0,,Layoff Permanent,ca_2023_24.pdf
CA,Low Clubhouse,2024-05-16,14.0,,Layoff Permanent,ca_2023_24.pdf
CA,Baden-Powell Clubhouse,2024-05-16,11.0,,Layoff Permanent,ca_2023_24.pdf
CA,Maxwell Clubhouse,2024-05-16,11.0,,Layoff Permanent,ca_2023_24.pdf
CA,Pyles Clubhouse,2024-05-16,7.0,,Layoff Permanent,ca_2023_24.pdf
CA,Disney Clubhouse,2024-05-16,5.0,,Layoff Permanent,ca_2023_24.pdf
CA,"Chedraui USA, Inc. dba El Super Distribution Center",2024-05-17,61.0,,Layoff Permanent,ca_2023_24.pdf
CA,"William Kreysler & Associates, Inc.",2024-05-17,3.0,,Layoff Permanent,ca_2023_24.pdf
CA,Walmart,2024-05-17,250.0,,Layoff Permanent,ca_2023_24.pdf
CA,Walmart,2024-05-17,11.0,,Layoff Permanent,ca_2023_24.pdf
CA,Walmart,2024-05-17,34.0,,Layoff Permanent,ca_2023_24.pdf
CA,Walmart,2024-05-17,30.0,,Layoff Permanent,ca_2023_24.pdf
CA,Walmart,2024-05-17,7.0,,Layoff Permanent,ca_2023_24.pdf
CA,Walmart,2024-05-17,16.0,,Layoff Permanent,ca_2023_24.pdf
CA,"Herbalife International of America, Inc.",2024-05-20,27.0,,Layoff Permanent,ca_2023_24.pdf
CA,"Herbalife International of America, Inc.",2024-05-20,76.0,,Layoff Permanent,ca_2023_24.pdf
CA,"Herbalife International of America, Inc.",2024-05-20,53.0,,Layoff Permanent,ca_2023_24.pdf
CA,Superior Grocers,2024-05-20,62.0,,Closure Permanent,ca_2023_24.pdf
CA,Cue Health Inc.,2024-05-20,26.0,,Layoff Permanent,ca_2023_24.pdf
CA,Cue Health Inc.,2024-05-20,10.0,,Layoff Permanent,ca_2023_24.pdf
CA,Cue Health Inc.,2024-05-20,15.0,,Layoff Permanent,ca_2023_24.pdf
CA,Cue Health Inc.,2024-05-20,11.0,,Layoff Permanent,ca_2023_24.pdf
CA,Cue Health Inc.,2024-05-20,10.0,,Layoff Permanent,ca_2023_24.pdf
CA,Cue Health Inc.,2024-05-20,101.0,,Layoff Permanent,ca_2023_24.pdf
CA,Cue Health Inc.,2024-05-20,25.0,,Layoff Permanent,ca_2023_24.pdf
CA,Cue Health Inc.,2024-05-20,2.0,,Layoff Permanent,ca_2023_24.pdf
CA,Pixar,2024-05-21,181.0,,Layoff Permanent,ca_2023_24.pdf
CA,"Phoenix Labs USA Operations, Inc. aka Phoenix Labs (Foster
City)",2024-05-22,162.0,,Layoff Permanent,ca_2023_24.pdf
CA,The Sun Valley Group,2024-05-22,116.0,,Layoff Permanent,ca_2023_24.pdf
CA,The Sun Valley Group,2024-05-22,38.0,,Layoff Permanent,ca_2023_24.pdf
CA,"Watermark Services IV, LLC",2024-05-23,52.0,,Layoff Permanent,ca_2023_24.pdf
CA,Adventist Health Simi Valley,2024-05-23,3.0,,Layoff Permanent,ca_2023_24.pdf
CA,"Shadow Holdings, LLC dba Bright Innovation Labs",2024-05-24,7.0,,Closure Permanent,ca_2023_24.pdf
CA,TikTok Inc.,2024-05-24,58.0,,Layoff Permanent,ca_2023_24.pdf
CA,ITC Federal,2024-05-24,88.0,,Layoff Permanent,ca_2023_24.pdf
CA,"BEN Group, Inc.",2024-05-24,72.0,,Layoff Permanent,ca_2023_24.pdf
CA,"BEN Group, Inc.",2024-05-24,4.0,,Layoff Permanent,ca_2023_24.pdf
CA,"Lucid USA, Inc.",2024-05-24,256.0,,Layoff Permanent,ca_2023_24.pdf
CA,"Commute is Great Logistics, LLC",2024-05-27,96.0,,Closure Permanent,ca_2023_24.pdf
CA,"VSP Optical Group, Inc.",2024-05-28,57.0,,Layoff Permanent,ca_2023_24.pdf
CA,"CHEP Services, LLC",2024-05-28,162.0,,Closure Permanent,ca_2023_24.pdf
CA,"Alteryx, Inc.",2024-05-29,76.0,,Layoff Permanent,ca_2023_24.pdf
CA,"CHEP Services, LLC",2024-05-29,83.0,,Closure Permanent,ca_2023_24.pdf
CA,"Monarch Litho, Inc.",2024-05-29,117.0,,Closure Permanent,ca_2023_24.pdf
CA,Union Pacific,2024-05-30,15.0,,Closure Permanent,ca_2023_24.pdf
CA,Rico Corp. dba D'Addario Woodwinds,2024-05-31,1.0,,Layoff Permanent,ca_2023_24.pdf
CA,"TuSimple, Inc.",2024-05-31,1.0,,Layoff Permanent,ca_2023_24.pdf
CA,Golden Gate University,2024-05-31,11.0,,Layoff Permanent,ca_2023_24.pdf
CA,"Ruiz Food Products, Inc.",2024-05-31,215.0,,Closure Permanent,ca_2023_24.pdf
CA,"Western Power Sports, LLC",2024-05-31,28.0,,Layoff Permanent,ca_2023_24.pdf
CA,"Gehr Industries, Inc.",2024-05-31,21.0,,Layoff Permanent,ca_2023_24.pdf
CA,"OTS Solutions, LLC dba On Time Staffing",2024-05-31,3.0,,Layoff Permanent,ca_2023_24.pdf
CA,"Success Valley Farms, LLC",2024-05-31,200.0,,Closure Permanent,ca_2023_24.pdf
CA,"Herbalife International of America, Inc.",2024-06-03,28.0,,Layoff Permanent,ca_2023_24.pdf
CA,"Herbalife International of America, Inc",2024-06-03,76.0,,Layoff Permanent,ca_2023_24.pdf
CA,"Herbalife International of America, Inc.",2024-06-03,57.0,,Layoff Permanent,ca_2023_24.pdf
CA,"Mathy Machine, Inc.",2024-06-03,13.0,,Closure Permanent,ca_2023_24.pdf
CA,La Petite Baleen Inc.,2024-06-03,77.0,,Closure Temporary,ca_2023_24.pdf
CA,"Hybrid Promotions, LLC dba Hybrid Apparel",2024-06-04,6.0,,Closure Permanent,ca_2023_24.pdf
CA,EMCORE Corporation - Raymond,2024-06-04,26.0,,Closure Permanent,ca_2023_24.pdf
CA,EMCORE Corporation,2024-06-04,25.0,,Closure Permanent,ca_2023_24.pdf
CA,Cargill Meat Solutions Corporation,2024-06-05,141.0,,Layoff Permanent,ca_2023_24.pdf
CA,Cargill Meat Solutions Corporation,2024-06-05,17.0,,Layoff Permanent,ca_2023_24.pdf
CA,North American Specialties Laminations LLC,2024-06-05,10.0,,Closure Permanent,ca_2023_24.pdf
CA,"Commerce Distribution Company, LLC",2024-06-06,57.0,,Layoff Permanent,ca_2023_24.pdf
CA,"Commerce Distribution Company, LLC",2024-06-06,89.0,,Layoff Permanent,ca_2023_24.pdf
CA,Cargill Meat Solutions Corporation,2024-06-07,20.0,,Layoff Permanent,ca_2023_24.pdf
CA,Amazon,2024-06-07,54.0,,Layoff Permanent,ca_2023_24.pdf
CA,"Agilent Technologies, Inc.",2024-06-07,4.0,,Layoff Permanent,ca_2023_24.pdf
CA,"Agilent Technologies, Inc.",2024-06-07,11.0,,Layoff Permanent,ca_2023_24.pdf
CA,"Agilent Technologies, Inc.",2024-06-07,6.0,,Layoff Permanent,ca_2023_24.pdf
CA,"Agilent Technologies, Inc.",2024-06-07,4.0,,Layoff Permanent,ca_2023_24.pdf
CA,"Agilent Technologies, Inc.",2024-06-07,3.0,,Layoff Permanent,ca_2023_24.pdf
CA,"Agilent Technologies, Inc.",2024-06-07,156.0,,Layoff Permanent,ca_2023_24.pdf
CA,Beacon Logistics,2024-06-10,91.0,,Closure Permanent,ca_2023_24.pdf
CA,Coach USA,2024-06-10,59.0,,Closure Permanent,ca_2023_24.pdf
CA,Ryder,2024-06-11,10.0,,Layoff Permanent,ca_2023_24.pdf
CA,"SINO Television, Inc.",2024-06-11,6.0,,Layoff Permanent,ca_2023_24.pdf
CA,"Pixelogic Media Partners, LLC",2024-06-11,91.0,,Layoff Permanent,ca_2023_24.pdf
CA,"Pixelogic Media Partners, LLC",2024-06-11,11.0,,Layoff Permanent,ca_2023_24.pdf
CA,"Zones, LLC",2024-06-12,3.0,,Layoff Permanent,ca_2023_24.pdf
CA,"Del Monte Capitol Meat Company, LLC dba Allen Brothers
West Coast",2024-06-12,63.0,,Closure Permanent,ca_2023_24.pdf
CA,"Del Monte Capitol Meat Company, LLC dba Allen Brothers
West Coast",2024-06-12,5.0,,Closure Permanent,ca_2023_24.pdf
CA,Charter Communications Customer Contact Center,2024-06-12,430.0,,Closure Permanent,ca_2023_24.pdf
CA,UPS,2024-06-12,153.0,,Layoff Permanent,ca_2023_24.pdf
CA,Thought Stream dba Bluescape,2024-06-12,35.0,,Closure Permanent,ca_2023_24.pdf
CA,Cushman & Wakefield U.S. Inc.,2024-06-13,1.0,,Layoff Permanent,ca_2023_24.pdf
CA,Cushman & Wakefield U.S. Inc.,2024-06-13,1.0,,Layoff Permanent,ca_2023_24.pdf
CA,Cushman & Wakefield U.S. Inc.,2024-06-13,22.0,,Layoff Permanent,ca_2023_24.pdf
CA,Cushman & Wakefield U.S. Inc.,2024-06-13,51.0,,Layoff Permanent,ca_2023_24.pdf
CA,Cushman & Wakefield U.S. Inc.,2024-06-13,1.0,,Layoff Permanent,ca_2023_24.pdf
CA,"Western Power Sports, LLC",2024-06-14,2.0,,Layoff Permanent,ca_2023_24.pdf
CA,Golden Gate University,2024-06-14,1.0,,Layoff Permanent,ca_2023_24.pdf
CA,"Shadow Holdings, LLC dba Bright Innovation Labs",2024-06-14,3.0,,Layoff Permanent,ca_2023_24.pdf
CA,"Herbalife International of America, Inc.",2024-06-17,29.0,,Layoff Permanent,ca_2023_24.pdf
CA,"Herbalife International of America, Inc.",2024-06-17,78.0,,Layoff Permanent,ca_2023_24.pdf
CA,"Herbalife International of America, Inc.",2024-06-17,56.0,,Layoff Permanent,ca_2023_24.pdf
CA,"Ginkgo Bioworks, Inc.",2024-06-17,4.0,,Layoff Permanent,ca_2023_24.pdf
CA,"Ginkgo Bioworks, Inc.",2024-06-17,30.0,,Layoff Permanent,ca_2023_24.pdf
CA,"OTS Solutions, LLC dba On Time Staffing",2024-06-17,6.0,,Layoff Permanent,ca_2023_24.pdf
CA,WestRock,2024-06-19,77.0,,Closure Permanent,ca_2023_24.pdf
CA,"Astellas Gene Therapies, Inc.",2024-06-19,10.0,,Layoff Permanent,ca_2023_24.pdf
CA,"ARTHA Wellness Weho, LLC",2024-06-20,40.0,,Closure Permanent,ca_2023_24.pdf
CA,California Institute of Technology,2024-06-20,54.0,,Layoff Permanent,ca_2023_24.pdf
CA,"Aveanna Healthcare, LLC",2024-06-20,1.0,,Closure Permanent,ca_2023_24.pdf
CA,"Aveanna Healtcare, LLC",2024-06-20,3.0,,Closure Permanent,ca_2023_24.pdf
CA,CI Office,2024-06-20,12.0,,Layoff Temporary,ca_2023_24.pdf
CA,CI Manufacturing Facility,2024-06-20,153.0,,Layoff Temporary,ca_2023_24.pdf
CA,Moxion Power Co.,2024-06-21,101.0,,Layoff Permanent,ca_2023_24.pdf
CA,"Trego/Dugan Aviation of Grand Island, Inc.",2024-06-21,6.0,,Layoff Permanent,ca_2023_24.pdf
CA,"Trego/Dugan Aviation of Grand Island, Inc.",2024-06-21,10.0,,Layoff Permanent,ca_2023_24.pdf
CA,Hilton Oakland Airport Hotel,2024-06-21,152.0,,Closure Permanent,ca_2023_24.pdf
CA,J. R. Simplot Company,2024-06-21,108.0,,Layoff Permanent,ca_2023_24.pdf
CA,ITC Federal,2024-06-24,44.0,,Layoff Permanent,ca_2023_24.pdf
CA,"Ginkgo Bioworks, Inc. - Suite 401",2024-06-24,10.0,,Layoff Permanent,ca_2023_24.pdf
CA,"Ginkgo Bioworks, Inc.",2024-06-24,3.0,,Layoff Permanent,ca_2023_24.pdf
CA,"Lacework, Inc.",2024-06-24,180.0,,Layoff Permanent,ca_2023_24.pdf
CA,Corteva Agriscience,2024-06-25,4.0,,Layoff Permanent,ca_2023_24.pdf
CA,Corteva Agriscience,2024-06-25,2.0,,Layoff Permanent,ca_2023_24.pdf
CA,AT&T - 5001,2024-06-25,19.0,,Layoff Permanent,ca_2023_24.pdf
CA,AT&T - 5005,2024-06-25,37.0,,Layoff Permanent,ca_2023_24.pdf
CA,"DexCom, Inc.",2024-06-25,535.0,,Layoff Permanent,ca_2023_24.pdf
CA,Planet Labs PBC,2024-06-26,98.0,,Layoff Permanent,ca_2023_24.pdf
CA,Lockheed Martin Space,2024-06-27,68.0,,Layoff Permanent,ca_2023_24.pdf
CA,"Motorcar Parts of America, Inc.",2024-06-27,94.0,,Layoff Permanent,ca_2024_25.pdf
CA,Kohana Coffee Company,2024-06-28,51.0,,Closure Permanent,ca_2023_24.pdf
CA,Firebaugh Facility of Olam Americas,2024-06-28,275.0,,Closure Permanent,ca_2023_24.pdf
CA,"Circus Dog Productions, Inc.",2024-06-28,36.0,,Layoff Permanent,ca_2024_25.pdf
CA,"Delta Apparel, Inc.",2024-06-30,5.0,,Closure Permanent,ca_2024_25.pdf
CA,Lockheed Martin,2024-07-01,57.0,,Layoff Permanent,ca_2024_25.pdf
CA,Henry Avocado Corporation,2024-07-01,8.0,,Closure Permanent,ca_2024_25.pdf
CA,Henry Avocado Corporation,2024-07-01,19.0,,Closure Permanent,ca_2024_25.pdf
CA,Western Specialty Contractors,2024-07-01,8.0,,Closure Permanent,ca_2024_25.pdf
CA,Cargill Meat Solutions Corporation,2024-07-02,20.0,,Layoff Permanent,ca_2024_25.pdf
CA,"Constellation Brands, Inc.",2024-07-02,6.0,,Closure Permanent,ca_2024_25.pdf
CA,"Refratechnik North America, Inc.",2024-07-02,8.0,,Closure Permanent,ca_2024_25.pdf
CA,"F&E Aircraft Maintenance dba FEAM Aero, LLC",2024-07-03,26.0,,Layoff Permanent,ca_2024_25.pdf
CA,Novartis Pharmaceuticals Corporation,2024-07-05,29.0,,Closure Permanent,ca_2024_25.pdf
CA,"Hybrid Promotions, LLC dba Hybrid Apparel",2024-07-08,24.0,,Layoff Temporary,ca_2024_25.pdf
CA,"Hybrid Promotions, LLC dba Hybrid Apparel",2024-07-09,22.0,,Closure Permanent,ca_2024_25.pdf
CA,Intuit Inc.,2024-07-10,384.0,,Layoff Permanent,ca_2024_25.pdf
CA,Intuit Inc.,2024-07-10,215.0,,Layoff Permanent,ca_2024_25.pdf
CA,Sang-Hai Corporation,2024-07-10,56.0,,Layoff Permanent,ca_2024_25.pdf
CA,"TRM Gamma Aerospace Acquisition, LLC",2024-07-11,24.0,,Closure Permanent,ca_2024_25.pdf
CA,"US Foods, Inc.",2024-07-11,97.0,,Layoff Permanent,ca_2024_25.pdf
CA,UKG Inc.,2024-07-11,195.0,,Layoff Permanent,ca_2024_25.pdf
CA,UKG Inc.,2024-07-11,12.0,,Layoff Permanent,ca_2024_25.pdf
CA,"TuSimple, Inc.",2024-07-12,1.0,,Layoff Permanent,ca_2024_25.pdf
CA,City National Bank,2024-07-15,6.0,,Layoff Permanent,ca_2024_25.pdf
CA,City National Bank,2024-07-15,2.0,,Layoff Permanent,ca_2024_25.pdf
CA,"Rodan & Fields, LLC",2024-07-15,78.0,,Layoff Permanent,ca_2024_25.pdf
CA,"Exabeam, Inc.",2024-07-16,43.0,,Layoff Permanent,ca_2024_25.pdf
CA,"Southwire Company, LLC",2024-07-17,95.0,,Closure Permanent,ca_2024_25.pdf
CA,"Warner Bros. Discovery, Inc.",2024-07-17,81.0,,Layoff Permanent,ca_2024_25.pdf
CA,"Warner Bros. Discovery, Inc.",2024-07-17,62.0,,Layoff Permanent,ca_2024_25.pdf
CA,"Warner Bros. Discovery, Inc.",2024-07-17,121.0,,Layoff Permanent,ca_2024_25.pdf
CA,Pixar,2024-07-17,4.0,,Layoff Permanent,ca_2024_25.pdf
CA,Pitney Bowes Inc.,2024-07-17,2.0,,Layoff Permanent,ca_2024_25.pdf
CA,Pitney Bowes Inc.,2024-07-17,1.0,,Layoff Permanent,ca_2024_25.pdf
CA,Optum,2024-07-18,3.0,,Closure Permanent,ca_2024_25.pdf
CA,Optum,2024-07-18,21.0,,Closure Permanent,ca_2024_25.pdf
CA,Optum,2024-07-18,28.0,,Closure Permanent,ca_2024_25.pdf
CA,Optum,2024-07-18,18.0,,Closure Permanent,ca_2024_25.pdf
CA,Optum,2024-07-18,55.0,,Closure Permanent,ca_2024_25.pdf
CA,Optum,2024-07-18,37.0,,Closure Permanent,ca_2024_25.pdf
CA,Optum,2024-07-18,9.0,,Closure Permanent,ca_2024_25.pdf
CA,Optum,2024-07-18,25.0,,Closure Permanent,ca_2024_25.pdf
CA,Optum,2024-07-18,1.0,,Closure Permanent,ca_2024_25.pdf
CA,Optum,2024-07-18,12.0,,Closure Permanent,ca_2024_25.pdf
CA,Optum,2024-07-18,21.0,,Closure Permanent,ca_2024_25.pdf
CA,Optum,2024-07-18,2.0,,Closure Permanent,ca_2024_25.pdf
CA,Optum,2024-07-18,10.0,,Closure Permanent,ca_2024_25.pdf
CA,Optum,2024-07-18,26.0,,Closure Permanent,ca_2024_25.pdf
CA,Optum,2024-07-18,35.0,,Closure Permanent,ca_2024_25.pdf
CA,Optum,2024-07-18,64.0,,Layoff Permanent,ca_2024_25.pdf
CA,Optum,2024-07-18,157.0,,Layoff Permanent,ca_2024_25.pdf
CA,Raytheon,2024-07-18,137.0,,Layoff Permanent,ca_2024_25.pdf
CA,"MoreFlavor, Inc.",2024-07-19,51.0,,Closure Permanent,ca_2024_25.pdf
CA,"Moxion Power, Inc.",2024-07-19,244.0,,Closure Permanent,ca_2024_25.pdf
CA,"Moxion Power, Inc.",2024-07-19,3.0,,Closure Permanent,ca_2024_25.pdf
CA,"Moxion Power, Inc.",2024-07-19,1.0,,Closure Permanent,ca_2024_25.pdf
CA,"Kimura Enterprise, Inc.",2024-07-22,15.0,,Closure Permanent,ca_2024_25.pdf
CA,Bellota,2024-07-22,33.0,,"Closure Not known at
this time",ca_2024_25.pdf
CA,ITC Federal,2024-07-22,31.0,,Layoff Permanent,ca_2024_25.pdf
CA,"National Aerospace Solutions, LLC",2024-07-22,60.0,,Layoff Permanent,ca_2024_25.pdf
CA,Athletics Investment Group LLC,2024-07-23,14.0,,Closure Permanent,ca_2024_25.pdf
CA,Athletics Investment Group LLC,2024-07-23,358.0,,Closure Permanent,ca_2024_25.pdf
CA,Athletics Investment Group LLC,2024-07-23,43.0,,Layoff Permanent,ca_2024_25.pdf
CA,Bay Area Sports Catering,2024-07-23,176.0,,Closure Permanent,ca_2024_25.pdf
CA,Cohere Beauty,2024-07-24,20.0,,Closure Permanent,ca_2024_25.pdf
CA,"Vintage Wine Estates, Inc",2024-07-24,124.0,,Closure Permanent,ca_2024_25.pdf
CA,"Vintage Wine Estates, Inc",2024-07-24,17.0,,Closure Permanent,ca_2024_25.pdf
CA,"Vintage Wine Estates, Inc",2024-07-24,10.0,,Closure Permanent,ca_2024_25.pdf
CA,"Vintage Wine Estates, Inc",2024-07-24,20.0,,Closure Permanent,ca_2024_25.pdf
CA,"Vintage Wine Estates, Inc",2024-07-24,101.0,,Closure Permanent,ca_2024_25.pdf
CA,"Vintage Wine Estates, Inc",2024-07-24,19.0,,Closure Permanent,ca_2024_25.pdf
CA,"Vintage Wine Estates, Inc",2024-07-24,11.0,,Closure Permanent,ca_2024_25.pdf
CA,"Vintage Wine Estates, Inc",2024-07-24,37.0,,Closure Permanent,ca_2024_25.pdf
CA,"Vintage Wine Estates, Inc",2024-07-24,5.0,,Closure Permanent,ca_2024_25.pdf
CA,"Vintage Wine Estates, Inc",2024-07-24,33.0,,Closure Permanent,ca_2024_25.pdf
CA,Cepheid,2024-07-24,11.0,,Layoff Permanent,ca_2024_25.pdf
CA,Cepheid,2024-07-24,622.0,,Layoff Permanent,ca_2024_25.pdf
CA,Cepheid,2024-07-24,2.0,,Layoff Permanent,ca_2024_25.pdf
CA,Cepheid,2024-07-24,2.0,,Layoff Permanent,ca_2024_25.pdf
CA,"Texas Scenic Company, Inc.",2024-07-25,23.0,,Closure Permanent,ca_2024_25.pdf
CA,"Daves California Logistics, LLC",2024-07-26,80.0,,Closure Permanent,ca_2024_25.pdf
CA,SunPower Corporation,2024-07-26,20.0,,Layoff Permanent,ca_2024_25.pdf
CA,SunPower Corporation,2024-07-26,182.0,,Layoff Permanent,ca_2024_25.pdf
CA,SunPower Corporation,2024-07-26,19.0,,Layoff Permanent,ca_2024_25.pdf
CA,SunPower Corporation,2024-07-26,11.0,,Layoff Permanent,ca_2024_25.pdf
CA,SunPower Corporation,2024-07-26,16.0,,Layoff Permanent,ca_2024_25.pdf
CA,SunPower Corporation,2024-07-26,18.0,,Layoff Permanent,ca_2024_25.pdf
CA,SunPower Corporation,2024-07-26,13.0,,Layoff Permanent,ca_2024_25.pdf
CA,SunPower Corporation,2024-07-26,11.0,,Layoff Permanent,ca_2024_25.pdf
CA,Mitsui Home America LLC,2024-07-26,17.0,,Closure Permanent,ca_2024_25.pdf
CA,AT&T,2024-07-26,3.0,,Layoff Permanent,ca_2024_25.pdf
CA,AT&T,2024-07-26,5.0,,Layoff Permanent,ca_2024_25.pdf
CA,University of Southern California,2024-07-26,14.0,,Layoff Permanent,ca_2024_25.pdf
CA,University of Southern California,2024-07-26,3.0,,Layoff Permanent,ca_2024_25.pdf
CA,University of Southern California,2024-07-26,3.0,,Layoff Permanent,ca_2024_25.pdf
CA,University of Southern California,2024-07-26,3.0,,Layoff Permanent,ca_2024_25.pdf
CA,University of Southern California,2024-07-26,2.0,,Layoff Permanent,ca_2024_25.pdf
CA,University of Southern California,2024-07-26,1.0,,Layoff Permanent,ca_2024_25.pdf
CA,University of Southern California,2024-07-26,3.0,,Layoff Permanent,ca_2024_25.pdf
CA,"Buca Restaurants 2, Inc. dba Buca di Beppo",2024-07-26,46.0,,Layoff Permanent,ca_2024_25.pdf
CA,"Annabelle Candy Co., Inc.",2024-07-29,43.0,,Closure Permanent,ca_2024_25.pdf
CA,Evolution Hospitality,2024-07-29,72.0,,Layoff Temporary,ca_2024_25.pdf
CA,"Konica Minolta Business Solutions U.S.A., Inc.",2024-07-29,20.0,,Closure Permanent,ca_2024_25.pdf
CA,Target Corporation,2024-07-29,85.0,,Closure Permanent,ca_2024_25.pdf
CA,"Western Power Sports, LLC",2024-07-30,2.0,,Closure Permanent,ca_2024_25.pdf
CA,"CareFusion Resources, LLC, a subsidiary of Becton, Dickinson
and Company",2024-07-31,34.0,,Layoff Permanent,ca_2024_25.pdf
CA,"CareFusion Resources, LLC, a subsidiary of Becton, Dickinson
and Company",2024-07-31,83.0,,Layoff Permanent,ca_2024_25.pdf
CA,Golden Gate University,2024-07-31,4.0,,Layoff Permanent,ca_2024_25.pdf
CA,"Illumina, Inc.",2024-07-31,49.0,,Layoff Permanent,ca_2024_25.pdf
CA,"Vir Biotechnology, Inc.",2024-07-31,141.0,,Layoff Permanent,ca_2024_25.pdf
CA,Ajinomoto Bio-Pharma Services,2024-08-01,71.0,,Layoff Permanent,ca_2024_25.pdf
CA,"Vytalogy Wellness, LLC",2024-08-01,33.0,,Closure Permanent,ca_2024_25.pdf
CA,"FibroGen, Inc.",2024-08-02,127.0,,Layoff Permanent,ca_2024_25.pdf
CA,"Hybrid Promotions, LLC dba Hybrid Apparel",2024-08-05,19.0,,Closure Permanent,ca_2024_25.pdf
CA,"Save Mart Supermarkets LLC dba Roseville Distribution
Center",2024-08-06,273.0,,Closure Permanent,ca_2024_25.pdf
CA,"Distribution Alternatives, Inc.",2024-08-06,1.0,,Layoff Permanent,ca_2024_25.pdf
CA,"Farmers Group, Inc.",2024-08-07,84.0,,Layoff Permanent,ca_2024_25.pdf
CA,"Mosaic Culver, LLC",2024-08-08,16.0,,Layoff Permanent,ca_2024_25.pdf
CA,NFI National Distribution Centers LLC,2024-08-08,40.0,,Closure Permanent,ca_2024_25.pdf
CA,"Velo3D, Inc.",2024-08-09,42.0,,Layoff Permanent,ca_2024_25.pdf
CA,Pitney Bowes Inc.,2024-08-09,236.0,,Closure Permanent,ca_2024_25.pdf
CA,Pitney Bowes Inc.,2024-08-09,112.0,,Closure Permanent,ca_2024_25.pdf
CA,"Fastly, Inc.",2024-08-12,52.0,,Layoff Permanent,ca_2024_25.pdf
CA,Adventist Health Simi Valley,2024-08-12,1.0,,Layoff Permanent,ca_2024_25.pdf
CA,Northrop Grumman,2024-08-12,500.0,,Layoff Permanent,ca_2024_25.pdf
CA,"GRAIL, Inc.",2024-08-13,179.0,,Layoff Permanent,ca_2024_25.pdf
CA,Pitney Bowes Inc.,2024-08-13,11.0,,Closure Permanent,ca_2024_25.pdf
CA,Silgan Containers,2024-08-13,72.0,,Layoff Temporary,ca_2024_25.pdf
CA,Silgan Containers,2024-08-13,70.0,,Layoff Temporary,ca_2024_25.pdf
CA,Silgan Containers,2024-08-13,44.0,,Layoff Temporary,ca_2024_25.pdf
CA,AppLovin Corporation,2024-08-14,61.0,,Layoff Permanent,ca_2024_25.pdf
CA,"VSP Optical Group, Inc.",2024-08-14,186.0,,Closure Permanent,ca_2024_25.pdf
CA,Volunteers of America Southwest,2024-08-14,9.0,,Closure Permanent,ca_2024_25.pdf
CA,Canoo,2024-08-14,185.0,,Layoff Permanent,ca_2024_25.pdf
CA,Paramount Global,2024-08-16,95.0,,Layoff Permanent,ca_2024_25.pdf
CA,Paramount Global,2024-08-16,193.0,,Layoff Permanent,ca_2024_25.pdf
CA,ITC Federal,2024-08-19,31.0,,Layoff Permanent,ca_2024_25.pdf
CA,"Cuberg, Inc.",2024-08-20,196.0,,Closure Permanent,ca_2024_25.pdf
CA,"Penumbra, Inc.",2024-08-20,71.0,,Layoff Permanent,ca_2024_25.pdf
CA,Nordson Corporation,2024-08-20,11.0,,Layoff Permanent,ca_2024_25.pdf
CA,"Five9, Inc.",2024-08-20,30.0,,Layoff Permanent,ca_2024_25.pdf
CA,"Five9, Inc.",2024-08-20,3.0,,Layoff Permanent,ca_2024_25.pdf
CA,"V2X dba Vertex Aerospace, LLC",2024-08-20,46.0,,Closure Permanent,ca_2024_25.pdf
CA,"Cisco Systems, Inc.",2024-08-21,53.0,,Layoff Permanent,ca_2024_25.pdf
CA,California Resources Corporation,2024-08-21,69.0,,Layoff Permanent,ca_2024_25.pdf
CA,"FS - Precision Tech. Co., LLC",2024-08-22,100.0,,Closure Permanent,ca_2024_25.pdf
CA,"Genentech, Inc.",2024-08-22,93.0,,Layoff Permanent,ca_2024_25.pdf
CA,Menzies Aviation,2024-08-22,124.0,,Layoff Permanent,ca_2024_25.pdf
CA,Menzies Aviation,2024-08-23,91.0,,Layoff Permanent,ca_2024_25.pdf
CA,"Mama's Ladera Ranch, LP",2024-08-23,42.0,,Closure Permanent,ca_2024_25.pdf
CA,"Shadow Holdings, LLC dba Bright Innovation Labs",2024-08-23,8.0,,Closure Permanent,ca_2024_25.pdf
CA,AT&T,2024-08-26,10.0,,Layoff Permanent,ca_2024_25.pdf
CA,AT&T,2024-08-26,10.0,,Layoff Permanent,ca_2024_25.pdf
CA,"Fermented Sciences II, Inc.",2024-08-26,50.0,,Layoff Permanent,ca_2024_25.pdf
CA,"Shake Shack Enterprises, LLC",2024-08-26,32.0,,Closure Permanent,ca_2024_25.pdf
CA,"Shake Shack Enterprises, LLC",2024-08-26,18.0,,Closure Permanent,ca_2024_25.pdf
CA,"Shake Shack Enterprises, LLC",2024-08-26,24.0,,Closure Permanent,ca_2024_25.pdf
CA,"Shake Shack Enterprises, LLC",2024-08-26,20.0,,Closure Permanent,ca_2024_25.pdf
CA,"Shake Shack Enterprises, LLC",2024-08-26,18.0,,Closure Permanent,ca_2024_25.pdf
CA,"Shake Shack Enterprises, LLC",2024-08-26,24.0,,Closure Permanent,ca_2024_25.pdf
CA,Jabil Inc.,2024-08-26,472.0,,Closure Temporary,ca_2024_25.pdf
CA,"Astellas Gene Therapies, Inc.",2024-08-27,7.0,,Layoff Permanent,ca_2024_25.pdf
CA,Schlumberger Technology Corporation,2024-08-27,28.0,,Layoff Permanent,ca_2024_25.pdf
CA,"Fisker Group, Inc.",2024-08-27,43.0,,Closure Permanent,ca_2024_25.pdf
CA,"Fisker Group, Inc.",2024-08-27,8.0,,Closure Permanent,ca_2024_25.pdf
CA,BioMarin Pharmaceutical Inc.,2024-08-28,94.0,,Layoff Permanent,ca_2024_25.pdf
CA,BioMarin Pharmaceutical Inc.,2024-08-28,52.0,,Layoff Permanent,ca_2024_25.pdf
CA,BioMarin Pharmaceutical Inc.,2024-08-28,1.0,,Layoff Permanent,ca_2024_25.pdf
CA,Intel Corporation,2024-08-30,12.0,,Layoff Permanent,ca_2024_25.pdf
CA,Intel Corporation,2024-08-30,4.0,,Layoff Permanent,ca_2024_25.pdf
CA,Intel Corporation,2024-08-30,15.0,,Layoff Permanent,ca_2024_25.pdf
CA,Intel Corporation,2024-08-30,23.0,,Layoff Permanent,ca_2024_25.pdf
CA,DermTech,2024-08-30,51.0,,Layoff Permanent,ca_2024_25.pdf
CA,"ImmunityBio, Inc.",2024-08-30,6.0,,Layoff Permanent,ca_2024_25.pdf
CA,"ImmunityBio, Inc.",2024-08-30,1.0,,Layoff Permanent,ca_2024_25.pdf
CA,"ImmunityBio, Inc.",2024-08-30,3.0,,Layoff Permanent,ca_2024_25.pdf
CA,"ImmunityBio, Inc.",2024-08-30,1.0,,Layoff Permanent,ca_2024_25.pdf
CA,"ImmunityBio, Inc.",2024-08-30,5.0,,Layoff Permanent,ca_2024_25.pdf
CA,Elaine Bell Catering Company,2024-08-30,164.0,,Closure Permanent,ca_2024_25.pdf
CA,Johns Manville,2024-08-30,100.0,,Layoff Temporary,ca_2024_25.pdf
CA,City National Bank,2024-08-30,2.0,,Layoff Permanent,ca_2024_25.pdf
CA,Planet Labs PBC,2024-08-30,1.0,,Layoff Permanent,ca_2024_25.pdf
CA,"TuSimple, Inc.",2024-08-31,1.0,,Layoff Permanent,ca_2024_25.pdf
CA,"Field Controls, LLC",2024-09-02,5.0,,Closure Permanent,ca_2024_25.pdf
CA,"Save Mart Supermarkets LLC dba Yosemite Wholesale
Company",2024-09-03,254.0,,Closure Permanent,ca_2024_25.pdf
CA,"Hogan Personnel, LLC",2024-09-03,98.0,,Closure Permanent,ca_2024_25.pdf
CA,"Hogan Services, Inc.",2024-09-03,14.0,,Closure Permanent,ca_2024_25.pdf
CA,Edwards Lifesciences LLC,2024-09-03,192.0,,Layoff Permanent,ca_2024_25.pdf
CA,Edwards Lifesciences LLC,2024-09-03,1.0,,Layoff Permanent,ca_2024_25.pdf
CA,Enervenue,2024-09-04,65.0,,Layoff Permanent,ca_2024_25.pdf
CA,"ChargePoint, Inc.",2024-09-04,64.0,,Layoff Permanent,ca_2024_25.pdf
CA,"Big Lots, Inc.",2024-09-04,349.0,,Closure Permanent,ca_2024_25.pdf
CA,"Illumina, Inc.",2024-09-04,3.0,,Layoff Permanent,ca_2024_25.pdf
CA,"Houweling Camarillo, Inc.",2024-09-04,203.0,,Closure Permanent,ca_2024_25.pdf
CA,"PerfectVision Manufacturing, Inc.",2024-09-05,6.0,,Closure Permanent,ca_2024_25.pdf
CA,Stanislaus Surgical Hospital,2024-09-05,164.0,,Layoff Temporary,ca_2024_25.pdf
CA,"Distribution Alternatives, Inc.",2024-09-06,1.0,,Layoff Permanent,ca_2024_25.pdf
CA,Kaiser Foundation Hospitals,2024-09-06,249.0,,Closure Permanent,ca_2024_25.pdf
CA,Amazon,2024-09-06,162.0,,Layoff Permanent,ca_2024_25.pdf
CA,"MMT Craft, LLC, dba Modern Times Beer & Coffee",2024-09-06,55.0,,Closure Permanent,ca_2024_25.pdf
CA,"MMT Craft, LLC, dba Modern Times Beer & Coffee",2024-09-06,7.0,,Closure Permanent,ca_2024_25.pdf
CA,"MMT Craft, LLC, dba Modern Times Beer & Coffee",2024-09-06,15.0,,Closure Permanent,ca_2024_25.pdf
CA,Amazon,2024-09-06,159.0,,Layoff Permanent,ca_2024_25.pdf
CA,"Commerce Distribution Center, LLC",2024-09-09,294.0,,Layoff Permanent,ca_2024_25.pdf
CA,Snohetta Architecture Landscape Architecture PC,2024-09-09,5.0,,Closure Permanent,ca_2024_25.pdf
CA,Biosense Webster Inc.,2024-09-09,13.0,,Closure Permanent,ca_2024_25.pdf
CA,Conrad Employer LLC,2024-09-10,47.0,,Layoff Permanent,ca_2024_25.pdf
CA,"Distribution Alternatives, Inc.",2024-09-10,5.0,,Layoff Permanent,ca_2024_25.pdf
CA,Qualcomm Incorporated,2024-09-10,226.0,,Layoff Permanent,ca_2024_25.pdf
CA,"GXO Logistics Supply Chain, Inc.",2024-09-12,114.0,,Layoff Permanent,ca_2024_25.pdf
CA,Activision Blizzard,2024-09-12,143.0,,Layoff Permanent,ca_2024_25.pdf
CA,Activision Blizzard,2024-09-12,110.0,,Layoff Permanent,ca_2024_25.pdf
CA,Activision Blizzard,2024-09-12,140.0,,Layoff Permanent,ca_2024_25.pdf
CA,ITC Federal,2024-09-13,31.0,,Layoff Permanent,ca_2024_25.pdf
CA,"Cisco Systems, Inc.",2024-09-13,134.0,,Layoff Permanent,ca_2024_25.pdf
CA,"Cisco Systems, Inc.",2024-09-13,563.0,,Layoff Permanent,ca_2024_25.pdf
CA,"Cisco Systems, Inc.",2024-09-13,145.0,,Layoff Permanent,ca_2024_25.pdf
CA,"Advantest, Inc.",2024-09-16,88.0,,Closure Permanent,ca_2024_25.pdf
CA,Foundation for California Community Colleges,2024-09-16,368.0,,Layoff Permanent,ca_2024_25.pdf
CA,"Southwire Company, LLC",2024-09-16,78.0,,Closure Permanent,ca_2024_25.pdf
CA,"Converse, Inc.",2024-09-16,46.0,,Layoff Permanent,ca_2024_25.pdf
CA,"Converse, Inc.",2024-09-16,31.0,,Layoff Permanent,ca_2024_25.pdf
CA,International Business Machines Corporation (IBM),2024-09-17,58.0,,Layoff Permanent,ca_2024_25.pdf
CA,International Business Machines Corporation (IBM),2024-09-17,54.0,,Layoff Permanent,ca_2024_25.pdf
CA,"Monterey Mushrooms, LLC",2024-09-17,605.0,,Closure Permanent,ca_2024_25.pdf
CA,"CareFusion Resources, LLC, a subsidiary of Becton, Dickinson
and Company",2024-09-17,116.0,,Layoff Permanent,ca_2024_25.pdf
CA,"CareFusion Resources, LLC, a subsidiary of Becton, Dickinson
and Company",2024-09-17,67.0,,Layoff Permanent,ca_2024_25.pdf
CA,"Cuberg, Inc.",2024-09-18,27.0,,Closure Permanent,ca_2024_25.pdf
CA,Jabil Inc.,2024-09-20,59.0,,Closure Temporary,ca_2024_25.pdf
CA,USC Verdugo Hills Hospital,2024-09-20,65.0,,Closure Permanent,ca_2024_25.pdf
CA,Twelve Oaks Foundation dba Twelve Oaks Senior Living,2024-09-20,20.0,,Layoff Permanent,ca_2024_25.pdf
CA,Jabil Inc.,2024-09-23,156.0,,Closure Temporary,ca_2024_25.pdf
CA,Kaiser Foundation Hospitals,2024-09-23,13.0,,Layoff Permanent,ca_2024_25.pdf
CA,Kaiser Foundation Hospitals,2024-09-23,1.0,,Layoff Permanent,ca_2024_25.pdf
CA,Kaiser Foundation Hospitals,2024-09-23,1.0,,Layoff Permanent,ca_2024_25.pdf
CA,Kaiser Foundation Hospitals,2024-09-23,1.0,,Layoff Permanent,ca_2024_25.pdf
CA,Kaiser Foundation Hospitals,2024-09-23,1.0,,Layoff Permanent,ca_2024_25.pdf
CA,Kaiser Foundation Hospitals,2024-09-23,2.0,,Layoff Permanent,ca_2024_25.pdf
CA,Kaiser Foundation Hospitals,2024-09-23,1.0,,Layoff Permanent,ca_2024_25.pdf
CA,Kaiser Foundation Hospitals,2024-09-23,2.0,,Layoff Permanent,ca_2024_25.pdf
CA,Kaiser Foundation Hospitals,2024-09-23,5.0,,Layoff Permanent,ca_2024_25.pdf
CA,Kaiser Foundation Hospitals,2024-09-23,1.0,,Layoff Permanent,ca_2024_25.pdf
CA,Kaiser Foundation Hospitals,2024-09-23,2.0,,Layoff Permanent,ca_2024_25.pdf
CA,Kaiser Foundation Hospitals,2024-09-23,7.0,,Layoff Permanent,ca_2024_25.pdf
CA,Kaiser Foundation Hospitals,2024-09-23,1.0,,Layoff Permanent,ca_2024_25.pdf
CA,Kaiser Foundation Hospitals,2024-09-23,1.0,,Layoff Permanent,ca_2024_25.pdf
CA,Kaiser Foundation Hospitals,2024-09-23,1.0,,Layoff Permanent,ca_2024_25.pdf
CA,Kaiser Foundation Hospitals,2024-09-23,1.0,,Layoff Permanent,ca_2024_25.pdf
CA,Kaiser Foundation Hospitals,2024-09-23,2.0,,Layoff Permanent,ca_2024_25.pdf
CA,Paramount Global,2024-09-23,14.0,,Layoff Permanent,ca_2024_25.pdf
CA,"Mini Pharmacy Enterprises, Inc.",2024-09-24,50.0,,Closure Permanent,ca_2024_25.pdf
CA,"Newark Group, Inc.",2024-09-24,32.0,,Closure Permanent,ca_2024_25.pdf
CA,Corteva Agriscience LLC,2024-09-26,18.0,,Layoff Permanent,ca_2024_25.pdf
CA,"Randstad Inhouse Services, LLC",2024-09-26,180.0,,Layoff Temporary,ca_2024_25.pdf
CA,"ImmunityBio, Inc.",2024-09-26,3.0,,Layoff Permanent,ca_2024_25.pdf
CA,"ImmunityBio, Inc.",2024-09-26,2.0,,Layoff Permanent,ca_2024_25.pdf
CA,"ImmunityBio, Inc.",2024-09-26,3.0,,Layoff Permanent,ca_2024_25.pdf
CA,"ImmunityBio, Inc.",2024-09-26,4.0,,Layoff Permanent,ca_2024_25.pdf
CA,"ImmunityBio, Inc.",2024-09-26,3.0,,Layoff Permanent,ca_2024_25.pdf
CA,"Randstad Inhouse Services, LLC",2024-09-26,102.0,,Layoff Temporary,ca_2024_25.pdf
CA,"Dreyer&rsquo;s Grand Ice Cream, Inc.",2024-09-26,733.0,,Layoff Temporary,ca_2024_25.pdf
CA,"Dreyer&rsquo;s Grand Ice Cream, Inc.",2024-09-26,188.0,,Layoff Temporary,ca_2024_25.pdf
CA,"Thermal Structures, Inc.",2024-09-26,40.0,,Closure Temporary,ca_2024_25.pdf
CA,Infineon Technologies Americas Corp,2024-09-27,43.0,,Layoff Permanent,ca_2024_25.pdf
CA,Infineon Technologies Americas Corp.,2024-09-27,3.0,,Layoff Permanent,ca_2024_25.pdf
CA,Infineon Technologies Americas Corp.,2024-09-27,19.0,,Layoff Permanent,ca_2024_25.pdf
CA,Infineon Technologies Americas Corp.,2024-09-27,4.0,,Layoff Permanent,ca_2024_25.pdf
CA,Infineon Technologies Americas Corp.,2024-09-27,104.0,,Layoff Permanent,ca_2024_25.pdf
CA,Infineon Technologies Americas Corp,2024-09-27,1.0,,Layoff Permanent,ca_2024_25.pdf
CA,Adventist Health Simi Valley,2024-09-27,10.0,,Layoff Permanent,ca_2024_25.pdf
CA,Paramount Global,2024-09-30,140.0,,Layoff Permanent,ca_2024_25.pdf
CA,Paramount Global,2024-09-30,77.0,,Layoff Permanent,ca_2024_25.pdf
CA,Paramount Global,2024-09-30,23.0,,Layoff Permanent,ca_2024_25.pdf
CA,"Green Thumb Produce, Inc.",2024-09-30,112.0,,Closure Permanent,ca_2024_25.pdf
CA,"Amyris, Inc.",2024-10-01,50.0,,Layoff Permanent,ca_2024_25.pdf
CA,"Hanwha Vision America, Inc.",2024-10-01,23.0,,Closure Permanent,ca_2024_25.pdf
CA,"Communications Test Design, Inc.",2024-10-01,83.0,,Layoff Permanent,ca_2024_25.pdf
CA,"Wildbrine, LLC",2024-10-01,37.0,,Closure Permanent,ca_2024_25.pdf
CA,"Beachbody, LLC",2024-10-01,160.0,,Layoff Permanent,ca_2024_25.pdf
CA,"FlexCare Medical Staffing, LLC",2024-10-01,110.0,,Layoff Permanent,ca_2024_25.pdf
CA,"Key Energy Services, LLC",2024-10-02,63.0,,Layoff Permanent,ca_2024_25.pdf
CA,"Key Energy Services, LLC",2024-10-02,9.0,,Layoff Permanent,ca_2024_25.pdf
CA,"Key Energy Services, LLC",2024-10-02,21.0,,Layoff Permanent,ca_2024_25.pdf
CA,Blue Shield of California,2024-10-02,16.0,,Layoff Permanent,ca_2024_25.pdf
CA,Blue Shield of California,2024-10-02,4.0,,Layoff Permanent,ca_2024_25.pdf
CA,Blue Shield of California,2024-10-02,1.0,,Layoff Permanent,ca_2024_25.pdf
CA,Blue Shield of California,2024-10-02,29.0,,Layoff Permanent,ca_2024_25.pdf
CA,Blue Shield of California,2024-10-02,4.0,,Layoff Permanent,ca_2024_25.pdf
CA,Blue Shield of California,2024-10-02,5.0,,Layoff Permanent,ca_2024_25.pdf
CA,Blue Shield of California,2024-10-02,1.0,,Layoff Permanent,ca_2024_25.pdf
CA,Blue Shield of California,2024-10-02,1.0,,Layoff Permanent,ca_2024_25.pdf
CA,Texas de Brazil Corporation,2024-10-02,35.0,,Closure Permanent,ca_2024_25.pdf
CA,"Amys Kitchen, Inc.",2024-10-02,283.0,,Layoff Permanent,ca_2024_25.pdf
CA,"Amys Kitchen, Inc.",2024-10-02,22.0,,Layoff Permanent,ca_2024_25.pdf
CA,AppLovin Corporation,2024-10-03,65.0,,Layoff Permanent,ca_2024_25.pdf
CA,"Avon Protection Systems, Inc.",2024-10-03,128.0,,Layoff Permanent,ca_2024_25.pdf
CA,"Blackstone Gaming, LLC",2024-10-03,140.0,,Layoff Permanent,ca_2024_25.pdf
CA,"Medtronic, Inc.",2024-10-04,237.0,,Closure Temporary,ca_2024_25.pdf
CA,"L3Harris Technologies, Sonoma EO",2024-10-07,49.0,,Closure Permanent,ca_2024_25.pdf
CA,NFI National Distribution Centers LLC,2024-10-07,54.0,,Closure Permanent,ca_2024_25.pdf
CA,Kaiser Foundation Hospitals,2024-10-07,7.0,,Layoff Permanent,ca_2024_25.pdf
CA,Kaiser Foundation Hospitals,2024-10-07,6.0,,Layoff Permanent,ca_2024_25.pdf
CA,Kaiser Foundation Hospitals,2024-10-07,1.0,,Layoff Permanent,ca_2024_25.pdf
CA,Kaiser Foundation Hospitals,2024-10-07,4.0,,Layoff Permanent,ca_2024_25.pdf
CA,Kaiser Foundation Hospitals,2024-10-07,1.0,,Layoff Permanent,ca_2024_25.pdf
CA,Kaiser Foundation Hospitals,2024-10-07,1.0,,Layoff Permanent,ca_2024_25.pdf
CA,"Avante Health, Inc.",2024-10-08,159.0,,Closure Permanent,ca_2024_25.pdf
CA,"Velo3D, Inc.",2024-10-09,29.0,,Layoff Permanent,ca_2024_25.pdf
CA,Peraton,2024-10-09,52.0,,Layoff Permanent,ca_2024_25.pdf
CA,"Pixelogic Media Partners, LLC",2024-10-10,30.0,,Layoff Permanent,ca_2024_25.pdf
CA,"Pixelogic Media Partners, LLC",2024-10-10,7.0,,Layoff Permanent,ca_2024_25.pdf
CA,Emanate Health System,2024-10-10,12.0,,Closure Permanent,ca_2024_25.pdf
CA,Emanate Health System,2024-10-10,32.0,,Closure Permanent,ca_2024_25.pdf
CA,Emanate Health System,2024-10-10,4.0,,Layoff Permanent,ca_2024_25.pdf
CA,Emanate Health System,2024-10-10,14.0,,Layoff Permanent,ca_2024_25.pdf
CA,Emanate Health System,2024-10-10,22.0,,Layoff Permanent,ca_2024_25.pdf
CA,Emanate Health System,2024-10-10,2.0,,Layoff Permanent,ca_2024_25.pdf
CA,Emanate Health System,2024-10-10,7.0,,Layoff Permanent,ca_2024_25.pdf
CA,Emanate Health System,2024-10-10,1.0,,Layoff Permanent,ca_2024_25.pdf
CA,Emanate Health System,2024-10-10,11.0,,Layoff Permanent,ca_2024_25.pdf
CA,Emanate Health System,2024-10-10,2.0,,Layoff Permanent,ca_2024_25.pdf
CA,"Red Lobster Restaurants, LLC",2024-10-10,50.0,,Layoff Permanent,ca_2024_25.pdf
CA,Gigamon Inc.,2024-10-10,69.0,,Layoff Permanent,ca_2024_25.pdf
CA,MCGA Hotels SF LLC,2024-10-10,86.0,,Layoff Temporary,ca_2024_25.pdf
CA,Clean Water Action,2024-10-10,8.0,,Layoff Permanent,ca_2024_25.pdf
CA,"Security Industry Specialists, Inc.",2024-10-11,80.0,,Layoff Permanent,ca_2024_25.pdf
CA,"Shadow Holdings, LLC, dba Bright Innovation Labs",2024-10-11,1.0,,Closure Permanent,ca_2024_25.pdf
CA,"Elevance Health, Inc.",2024-10-14,59.0,,Layoff Permanent,ca_2024_25.pdf
CA,"Elevance Health, Inc.",2024-10-14,64.0,,Layoff Permanent,ca_2024_25.pdf
CA,Nestle USA,2024-10-14,76.0,,Layoff Temporary,ca_2024_25.pdf
CA,Maxar Space LLC,2024-10-15,31.0,,Layoff Permanent,ca_2024_25.pdf
CA,Maxar Space LLC,2024-10-15,21.0,,Layoff Permanent,ca_2024_25.pdf
CA,Maxar Space LLC,2024-10-15,3.0,,Layoff Permanent,ca_2024_25.pdf
CA,Maxar Space LLC,2024-10-15,6.0,,Layoff Permanent,ca_2024_25.pdf
CA,AppLovin Corporation,2024-10-15,58.0,,Layoff Permanent,ca_2024_25.pdf
CA,Intel Corporation,2024-10-15,272.0,,Layoff Permanent,ca_2024_25.pdf
CA,Intel Corporation,2024-10-15,47.0,,Layoff Permanent,ca_2024_25.pdf
CA,"Forest River, Inc.",2024-10-15,239.0,,Closure Permanent,ca_2024_25.pdf
CA,"Forest River, Inc.",2024-10-15,176.0,,Closure Permanent,ca_2024_25.pdf
CA,Intel Corporation,2024-10-15,11.0,,Layoff Permanent,ca_2024_25.pdf
CA,Intel Corporation,2024-10-15,233.0,,Layoff Permanent,ca_2024_25.pdf
CA,Intel Corporation,2024-10-15,28.0,,Layoff Permanent,ca_2024_25.pdf
CA,Intel Corporation,2024-10-15,216.0,,Layoff Permanent,ca_2024_25.pdf
CA,Intel Corporation,2024-10-15,28.0,,Layoff Permanent,ca_2024_25.pdf
CA,"True Value Company, LLC",2024-10-15,56.0,,Closure Permanent,ca_2024_25.pdf
CA,"Benson House, Inc.",2024-10-16,33.0,,Layoff Permanent,ca_2024_25.pdf
CA,"Benson House, Inc.",2024-10-16,44.0,,Layoff Permanent,ca_2024_25.pdf
CA,"Benson House, Inc.",2024-10-16,44.0,,Layoff Permanent,ca_2024_25.pdf
CA,Shell Catalyst & Technologies,2024-10-16,59.0,,Closure Permanent,ca_2024_25.pdf
CA,Stachs LLC,2024-10-16,58.0,,Layoff Permanent,ca_2024_25.pdf
CA,Stachs LLC,2024-10-16,35.0,,Layoff Permanent,ca_2024_25.pdf
CA,Stachs LLC,2024-10-16,50.0,,Layoff Permanent,ca_2024_25.pdf
CA,Stachs LLC,2024-10-16,54.0,,Layoff Permanent,ca_2024_25.pdf
CA,Stachs LLC,2024-10-16,34.0,,Layoff Permanent,ca_2024_25.pdf
CA,Stachs LLC,2024-10-16,72.0,,Layoff Permanent,ca_2024_25.pdf
CA,Stachs LLC,2024-10-16,46.0,,Layoff Permanent,ca_2024_25.pdf
CA,Stachs LLC,2024-10-16,62.0,,Layoff Permanent,ca_2024_25.pdf
CA,Stachs LLC,2024-10-16,53.0,,Layoff Permanent,ca_2024_25.pdf
CA,Stachs LLC,2024-10-16,43.0,,Layoff Permanent,ca_2024_25.pdf
CA,Stachs LLC,2024-10-16,60.0,,Layoff Permanent,ca_2024_25.pdf
CA,Stachs LLC,2024-10-16,29.0,,Layoff Permanent,ca_2024_25.pdf
CA,"Mindbody, Inc.",2024-10-17,36.0,,Layoff Permanent,ca_2024_25.pdf
CA,Georg Fischer Signet LLC,2024-10-18,118.0,,Closure Temporary,ca_2024_25.pdf
CA,"NB Farms, Inc.",2024-10-18,42.0,,Closure Permanent,ca_2024_25.pdf
CA,"NB Farms, Inc.",2024-10-18,42.0,,Closure Permanent,ca_2024_25.pdf
CA,"NB Farms, Inc.",2024-10-18,61.0,,Closure Permanent,ca_2024_25.pdf
CA,"Vintage Wine Estates, Inc",2024-10-21,5.0,,Layoff Permanent,ca_2024_25.pdf
CA,"D & D Gear, Inc. dba Absolute Technologies, Inc.",2024-10-22,263.0,,Closure Temporary,ca_2024_25.pdf
CA,Haemonetics Corporation,2024-10-22,75.0,,Closure Permanent,ca_2024_25.pdf
CA,"ABB Optical Group, LLC",2024-10-23,138.0,,Closure Permanent,ca_2024_25.pdf
CA,Upwork Inc.,2024-10-23,67.0,,Layoff Permanent,ca_2024_25.pdf
CA,Boston Scientific Corporation,2024-10-23,30.0,,Closure Permanent,ca_2024_25.pdf
CA,Dart Container Corporation,2024-10-23,75.0,,Layoff Permanent,ca_2024_25.pdf
CA,Dart Container Corporation,2024-10-23,75.0,,Closure Permanent,ca_2024_25.pdf
CA,"Advanced Systems Group, LLC",2024-10-23,92.0,,Layoff Permanent,ca_2024_25.pdf
CA,"Advanced Systems Group, LLC",2024-10-23,1.0,,Layoff Permanent,ca_2024_25.pdf
CA,"Advanced Systems Group, LLC",2024-10-23,1.0,,Layoff Permanent,ca_2024_25.pdf
CA,"Astellas Gene Therapies, Inc.",2024-10-23,10.0,,Layoff Permanent,ca_2024_25.pdf
CA,Twelve Benefit Corporation,2024-10-24,86.0,,Layoff Permanent,ca_2024_25.pdf
CA,Twelve Benefit Corporation,2024-10-24,8.0,,Layoff Permanent,ca_2024_25.pdf
CA,Cattlemens Restaurant,2024-10-24,63.0,,Layoff Permanent,ca_2024_25.pdf
CA,"GXO Logistics Supply Chain, Inc.",2024-10-25,231.0,,Layoff Permanent,ca_2024_25.pdf
CA,"Gold Bond Building Products, LLC",2024-10-28,50.0,,Closure Permanent,ca_2024_25.pdf
CA,Amazon,2024-10-28,57.0,,Layoff Permanent,ca_2024_25.pdf
CA,"Cremach Tech, Inc.",2024-10-29,88.0,,Layoff Permanent,ca_2024_25.pdf
CA,"Cremach Tech, Inc.",2024-10-29,27.0,,Layoff Permanent,ca_2024_25.pdf
CA,"FM Restaurants HQ, LLC dba Solita Tacos and Margaritas",2024-10-29,54.0,,Closure Permanent,ca_2024_25.pdf
CA,"GoPro, Inc.",2024-10-29,73.0,,Layoff Permanent,ca_2024_25.pdf
CA,"Cabi, LLC",2024-10-29,70.0,,Layoff Permanent,ca_2024_25.pdf
CA,Ojai Valley Inn,2024-10-29,753.0,,Layoff Temporary,ca_2024_25.pdf
CA,Hunt & Sons LLC,2024-10-29,8.0,,Layoff Permanent,ca_2024_25.pdf
CA,Hunt & Sons LLC,2024-10-29,3.0,,Layoff Permanent,ca_2024_25.pdf
CA,Hunt & Sons LLC,2024-10-29,1.0,,Layoff Permanent,ca_2024_25.pdf
CA,Hunt & Sons LLC,2024-10-29,3.0,,Layoff Permanent,ca_2024_25.pdf
CA,Hunt & Sons LLC,2024-10-29,3.0,,Layoff Permanent,ca_2024_25.pdf
CA,Hunt & Sons LLC,2024-10-29,10.0,,Layoff Permanent,ca_2024_25.pdf
CA,Hunt & Sons LLC,2024-10-29,3.0,,Layoff Permanent,ca_2024_25.pdf
CA,Hunt & Sons LLC,2024-10-29,4.0,,Layoff Permanent,ca_2024_25.pdf
CA,Hunt & Sons LLC,2024-10-29,7.0,,Layoff Permanent,ca_2024_25.pdf
CA,Hunt & Sons LLC,2024-10-29,3.0,,Layoff Permanent,ca_2024_25.pdf
CA,Hunt & Sons LLC,2024-10-29,24.0,,Layoff Permanent,ca_2024_25.pdf
CA,Hunt & Sons LLC,2024-10-29,2.0,,Layoff Permanent,ca_2024_25.pdf
CA,Hunt & Sons LLC,2024-10-29,23.0,,Layoff Permanent,ca_2024_25.pdf
CA,Hunt & Sons LLC,2024-10-29,1.0,,Layoff Permanent,ca_2024_25.pdf
CA,California Human Development,2024-10-29,7.0,,Closure Permanent,ca_2024_25.pdf
CA,Polaris Specialty Pharmacy,2024-10-29,98.0,,Closure Permanent,ca_2024_25.pdf
CA,"Hogan Services, Inc.",2024-10-30,1.0,,Layoff Permanent,ca_2024_25.pdf
CA,"Hogan Personnel, LLC",2024-10-30,5.0,,Layoff Permanent,ca_2024_25.pdf
CA,"Dropbox, Inc.",2024-10-30,174.0,,Layoff Permanent,ca_2024_25.pdf
CA,DHL Supply Chain,2024-10-30,163.0,,Layoff Permanent,ca_2024_25.pdf
CA,Sodexo,2024-10-30,59.0,,Closure Permanent,ca_2024_25.pdf
CA,IPG Mediabrands,2024-10-30,103.0,,Layoff Permanent,ca_2024_25.pdf
CA,Host International Inc.,2024-10-30,151.0,,Layoff Permanent,ca_2024_25.pdf
CA,Full Steam Staffing,2024-10-30,44.0,,Layoff Permanent,ca_2024_25.pdf
CA,"Trademango Solutions Inc., dba Article",2024-10-31,14.0,,Layoff Permanent,ca_2024_25.pdf
CA,"FIG Leasing Co., Inc. a subsidiary of Farmers Group, Inc.",2024-10-31,56.0,,Layoff Permanent,ca_2024_25.pdf
CA,"FIG Leasing Co., Inc. a subsidiary of Farmers Group, Inc.",2024-10-31,130.0,,Layoff Permanent,ca_2024_25.pdf
CA,"8490 Hospitality LLC, dba Catch Steak",2024-11-01,110.0,,Closure Permanent,ca_2024_25.pdf
CA,Visa,2024-11-01,65.0,,Layoff Permanent,ca_2024_25.pdf
CA,Visa,2024-11-01,26.0,,Layoff Permanent,ca_2024_25.pdf
CA,Terre du Soleil dba Auberge du Soleil,2024-11-01,217.0,,Layoff Temporary,ca_2024_25.pdf
CA,"Trophy Universal City Group LLC, dba Universal City Nissan",2024-11-04,86.0,,Closure Permanent,ca_2024_25.pdf
CA,ElringKlinger Silicon Valley Inc,2024-11-04,27.0,,Closure Permanent,ca_2024_25.pdf
CA,City National Bank,2024-11-05,10.0,,Layoff Permanent,ca_2024_25.pdf
CA,City National Bank,2024-11-05,1.0,,Layoff Permanent,ca_2024_25.pdf
CA,"Oldcastle BuildingEnvelope, Inc.",2024-11-05,113.0,,Closure Permanent,ca_2024_25.pdf
CA,"Coursera, Inc.",2024-11-06,61.0,,Layoff Permanent,ca_2024_25.pdf
CA,City National Bank,2024-11-07,8.0,,Layoff Permanent,ca_2024_25.pdf
CA,Straight Smile LLC dba Byte,2024-11-07,72.0,,Layoff Permanent,ca_2024_25.pdf
CA,Clark Pacific,2024-11-07,88.0,,Layoff Permanent,ca_2024_25.pdf
CA,"Reyes Coca-Cola Bottling, LLC",2024-11-08,101.0,,Closure Permanent,ca_2024_25.pdf
CA,Equinix,2024-11-08,87.0,,Layoff Permanent,ca_2024_25.pdf
CA,"AMD, Inc.",2024-11-11,57.0,,Layoff Permanent,ca_2024_25.pdf
CA,"HSNi, LLC",2024-11-11,87.0,,Closure Permanent,ca_2024_25.pdf
CA,BP Corporation North America Inc.,2024-11-11,5.0,,Closure Permanent,ca_2024_25.pdf
CA,"Xilinx, Inc.",2024-11-11,72.0,,Layoff Permanent,ca_2024_25.pdf
CA,TGH Employees LLC dba The Highlight Room,2024-11-12,134.0,,Closure Permanent,ca_2024_25.pdf
CA,"Trademango Solutions Inc., dba Article",2024-11-12,24.0,,Layoff Permanent,ca_2024_25.pdf
CA,Alard Engineering,2024-11-12,86.0,,Closure Permanent,ca_2024_25.pdf
CA,"Gilead Sciences, Inc.",2024-11-13,104.0,,Layoff Permanent,ca_2024_25.pdf
CA,AppLovin Corporation,2024-11-13,120.0,,Layoff Permanent,ca_2024_25.pdf
CA,California Institute of Technology,2024-11-13,328.0,,Layoff Permanent,ca_2024_25.pdf
CA,Masimo Corporation,2024-11-13,68.0,,Layoff Permanent,ca_2024_25.pdf
CA,Masimo Corporation,2024-11-13,4.0,,Layoff Permanent,ca_2024_25.pdf
CA,Masimo Corporation,2024-11-13,2.0,,Layoff Permanent,ca_2024_25.pdf
CA,Masimo Corporation,2024-11-13,1.0,,Layoff Permanent,ca_2024_25.pdf
CA,"Advance Stores Company, Incorporated and its subsidiary,
Golden State Supply LLC",2024-11-14,66.0,,Closure Permanent,ca_2024_25.pdf
CA,"CTI Foods Azusa, LLC",2024-11-14,145.0,,Closure Permanent,ca_2024_25.pdf
CA,"Red Bull North America, Inc.",2024-11-14,38.0,,Layoff Permanent,ca_2024_25.pdf
CA,"Red Bull North America, Inc.",2024-11-14,8.0,,Layoff Permanent,ca_2024_25.pdf
CA,UPS,2024-11-14,445.0,,Closure Temporary,ca_2024_25.pdf
CA,Clark Pacific,2024-11-14,37.0,,Layoff Permanent,ca_2024_25.pdf
CA,"Advance Stores Company, Incorporated and its subsidiary,
Golden State Supply LLC",2024-11-14,171.0,,Closure Permanent,ca_2024_25.pdf
CA,The Toro Company,2024-11-14,122.0,,Closure Permanent,ca_2024_25.pdf
CA,"Advance Stores Company, Incorporated and its subsidiary,
Worldwide Auto Parts, Inc.",2024-11-14,6.0,,Closure Permanent,ca_2024_25.pdf
CA,"Advance Stores Company, Incorporated and its subsidiary,
Worldwide Auto Parts, Inc.",2024-11-14,10.0,,Closure Permanent,ca_2024_25.pdf
CA,"Advance Stores Company, Incorporated",2024-11-14,1.0,,Closure Permanent,ca_2024_25.pdf
CA,"Advance Stores Company, Incorporated",2024-11-14,1.0,,Closure Permanent,ca_2024_25.pdf
CA,"Advance Stores Company, Incorporated and its subsidiary,
Golden State Supply LLC",2024-11-14,8.0,,Closure Permanent,ca_2024_25.pdf
CA,"Advance Stores Company, Incorporated and its subsidiary,
Golden State Supply LLC",2024-11-14,8.0,,Closure Permanent,ca_2024_25.pdf
CA,"Advance Stores Company, Incorporated and its subsidiary,
Golden State Supply LLC",2024-11-14,9.0,,Closure Permanent,ca_2024_25.pdf
CA,"Advance Stores Company, Incorporated and its subsidiary,
Golden State Supply LLC",2024-11-14,15.0,,Closure Permanent,ca_2024_25.pdf
CA,"Advance Stores Company, Incorporated and its subsidiary,
Golden State Supply LLC",2024-11-14,8.0,,Closure Permanent,ca_2024_25.pdf
CA,"Advance Stores Company, Incorporated and its subsidiary,
Golden State Supply LLC",2024-11-14,9.0,,Closure Permanent,ca_2024_25.pdf
CA,"Advance Stores Company, Incorporated and its subsidiary,
Golden State Supply LLC",2024-11-14,8.0,,Closure Permanent,ca_2024_25.pdf
CA,"Advance Stores Company, Incorporated and its subsidiary,
Golden State Supply LLC",2024-11-14,10.0,,Closure Permanent,ca_2024_25.pdf
CA,"Advance Stores Company, Incorporated and its subsidiary,
Golden State Supply LLC",2024-11-14,8.0,,Closure Permanent,ca_2024_25.pdf
CA,"Advance Stores Company, Incorporated and its subsidiary,
Golden State Supply LLC",2024-11-14,8.0,,Closure Permanent,ca_2024_25.pdf
CA,"Advance Stores Company, Incorporated and its subsidiary,
Golden State Supply LLC",2024-11-14,10.0,,Closure Permanent,ca_2024_25.pdf
CA,"Advance Stores Company, Incorporated and its subsidiary,
Golden State Supply LLC",2024-11-14,8.0,,Closure Permanent,ca_2024_25.pdf
CA,"Advance Stores Company, Incorporated and its subsidiary,
Golden State Supply LLC",2024-11-14,8.0,,Closure Permanent,ca_2024_25.pdf
CA,"Advance Stores Company, Incorporated and its subsidiary,
Golden State Supply LLC",2024-11-14,11.0,,Closure Permanent,ca_2024_25.pdf
CA,"Advance Stores Company, Incorporated and its subsidiary,
Golden State Supply LLC",2024-11-14,11.0,,Closure Permanent,ca_2024_25.pdf
CA,"Advance Stores Company, Incorporated and its subsidiary,
Golden State Supply LLC",2024-11-14,15.0,,Closure Permanent,ca_2024_25.pdf
CA,"Advance Stores Company, Incorporated and its subsidiary,
Golden State Supply LLC",2024-11-14,12.0,,Closure Permanent,ca_2024_25.pdf
CA,"Advance Stores Company, Incorporated and its subsidiary,
Golden State Supply LLC",2024-11-14,10.0,,Closure Permanent,ca_2024_25.pdf
CA,"Advance Stores Company, Incorporated and its subsidiary,
Golden State Supply LLC",2024-11-14,9.0,,Closure Permanent,ca_2024_25.pdf
CA,"Advance Stores Company, Incorporated and its subsidiary,
Golden State Supply LLC",2024-11-14,12.0,,Closure Permanent,ca_2024_25.pdf
CA,"Advance Stores Company, Incorporated and its subsidiary,
Golden State Supply LLC",2024-11-14,10.0,,Closure Permanent,ca_2024_25.pdf
CA,"Advance Stores Company, Incorporated and its subsidiary,
Golden State Supply LLC",2024-11-14,7.0,,Closure Permanent,ca_2024_25.pdf
CA,"Advance Stores Company, Incorporated and its subsidiary,
Golden State Supply LLC",2024-11-14,9.0,,Closure Permanent,ca_2024_25.pdf
CA,"Advance Stores Company, Incorporated and its subsidiary,
Golden State Supply LLC",2024-11-14,9.0,,Closure Permanent,ca_2024_25.pdf
CA,"Advance Stores Company, Incorporated and its subsidiary,
Golden State Supply LLC",2024-11-14,12.0,,Closure Permanent,ca_2024_25.pdf
CA,"Advance Stores Company, Incorporated and its subsidiary,
Golden State Supply LLC",2024-11-14,10.0,,Closure Permanent,ca_2024_25.pdf
CA,"Advance Stores Company, Incorporated and its subsidiary,
Golden State Supply LLC",2024-11-14,7.0,,Closure Permanent,ca_2024_25.pdf
CA,"Advance Stores Company, Incorporated and its subsidiary,
Golden State Supply LLC",2024-11-14,8.0,,Closure Permanent,ca_2024_25.pdf
CA,"Advance Stores Company, Incorporated and its subsidiary,
Golden State Supply LLC",2024-11-14,9.0,,Closure Permanent,ca_2024_25.pdf
CA,"Advance Stores Company, Incorporated and its subsidiary,
Golden State Supply LLC",2024-11-14,11.0,,Closure Permanent,ca_2024_25.pdf
CA,"Advance Stores Company, Incorporated and its subsidiary,
Golden State Supply LLC",2024-11-14,12.0,,Closure Permanent,ca_2024_25.pdf
CA,"Advance Stores Company, Incorporated and its subsidiary,
Golden State Supply LLC",2024-11-14,9.0,,Closure Permanent,ca_2024_25.pdf
CA,"Advance Stores Company, Incorporated and its subsidiary,
Golden State Supply LLC",2024-11-14,9.0,,Closure Permanent,ca_2024_25.pdf
CA,"Advance Stores Company, Incorporated and its subsidiary,
Golden State Supply LLC",2024-11-14,12.0,,Closure Permanent,ca_2024_25.pdf
CA,"Advance Stores Company, Incorporated and its subsidiary,
Golden State Supply LLC",2024-11-14,11.0,,Closure Permanent,ca_2024_25.pdf
CA,"Advance Stores Company, Incorporated and its subsidiary,
Golden State Supply LLC",2024-11-14,10.0,,Closure Permanent,ca_2024_25.pdf
CA,"Advance Stores Company, Incorporated and its subsidiary,
Golden State Supply LLC",2024-11-14,9.0,,Closure Permanent,ca_2024_25.pdf
CA,"Advance Stores Company, Incorporated and its subsidiary,
Golden State Supply LLC",2024-11-14,14.0,,Closure Permanent,ca_2024_25.pdf
CA,"Advance Stores Company, Incorporated and its subsidiary,
Golden State Supply LLC",2024-11-14,17.0,,Closure Permanent,ca_2024_25.pdf
CA,"Advance Stores Company, Incorporated and its subsidiary,
Golden State Supply LLC",2024-11-14,11.0,,Closure Permanent,ca_2024_25.pdf
CA,"Advance Stores Company, Incorporated and its subsidiary,
Golden State Supply LLC",2024-11-14,12.0,,Closure Permanent,ca_2024_25.pdf
CA,"Advance Stores Company, Incorporated and its subsidiary,
Golden State Supply LLC",2024-11-14,8.0,,Closure Permanent,ca_2024_25.pdf
CA,"Advance Stores Company, Incorporated and its subsidiary,
Golden State Supply LLC",2024-11-14,8.0,,Closure Permanent,ca_2024_25.pdf
CA,"Advance Stores Company, Incorporated and its subsidiary,
Golden State Supply LLC",2024-11-14,11.0,,Closure Permanent,ca_2024_25.pdf
CA,"Advance Stores Company, Incorporated and its subsidiary,
Golden State Supply LLC",2024-11-14,7.0,,Closure Permanent,ca_2024_25.pdf
CA,"Advance Stores Company, Incorporated and its subsidiary,
Golden State Supply LLC",2024-11-14,10.0,,Closure Permanent,ca_2024_25.pdf
CA,"Advance Stores Company, Incorporated and its subsidiary,
Golden State Supply LLC",2024-11-14,10.0,,Closure Permanent,ca_2024_25.pdf
CA,"Advance Stores Company, Incorporated and its subsidiary,
Golden State Supply LLC",2024-11-14,12.0,,Closure Permanent,ca_2024_25.pdf
CA,"Advance Stores Company, Incorporated and its subsidiary,
Golden State Supply LLC",2024-11-14,17.0,,Closure Permanent,ca_2024_25.pdf
CA,"Advance Stores Company, Incorporated and its subsidiary,
Golden State Supply LLC",2024-11-14,15.0,,Closure Permanent,ca_2024_25.pdf
CA,"Advance Stores Company, Incorporated and its subsidiary,
Golden State Supply LLC",2024-11-14,9.0,,Closure Permanent,ca_2024_25.pdf
CA,"Advance Stores Company, Incorporated and its subsidiary,
Golden State Supply LLC",2024-11-14,9.0,,Closure Permanent,ca_2024_25.pdf
CA,"Advance Stores Company, Incorporated and its subsidiary,
Golden State Supply LLC",2024-11-14,11.0,,Closure Permanent,ca_2024_25.pdf
CA,"Advance Stores Company, Incorporated and its subsidiary,
Golden State Supply LLC",2024-11-14,10.0,,Closure Permanent,ca_2024_25.pdf
CA,"Advance Stores Company, Incorporated and its subsidiary,
Golden State Supply LLC",2024-11-14,13.0,,Closure Permanent,ca_2024_25.pdf
CA,"Advance Stores Company, Incorporated and its subsidiary,
Golden State Supply LLC",2024-11-14,10.0,,Closure Permanent,ca_2024_25.pdf
CA,"Advance Stores Company, Incorporated and its subsidiary,
Golden State Supply LLC",2024-11-14,9.0,,Closure Permanent,ca_2024_25.pdf
CA,"Advance Stores Company, Incorporated and its subsidiary,
Golden State Supply LLC",2024-11-14,9.0,,Closure Permanent,ca_2024_25.pdf
CA,"Advance Stores Company, Incorporated and its subsidiary,
Golden State Supply LLC",2024-11-14,13.0,,Closure Permanent,ca_2024_25.pdf
CA,"Advance Stores Company, Incorporated and its subsidiary,
Golden State Supply LLC",2024-11-14,8.0,,Closure Permanent,ca_2024_25.pdf
CA,"Advance Stores Company, Incorporated and its subsidiary,
Golden State Supply LLC",2024-11-14,9.0,,Closure Permanent,ca_2024_25.pdf
CA,"Advance Stores Company, Incorporated and its subsidiary,
Golden State Supply LLC",2024-11-14,11.0,,Closure Permanent,ca_2024_25.pdf
CA,"Advance Stores Company, Incorporated and its subsidiary,
Golden State Supply LLC",2024-11-14,10.0,,Closure Permanent,ca_2024_25.pdf
CA,"Advance Stores Company, Incorporated and its subsidiary,
Golden State Supply LLC",2024-11-14,15.0,,Closure Permanent,ca_2024_25.pdf
CA,"Advance Stores Company, Incorporated and its subsidiary,
Golden State Supply LLC",2024-11-14,10.0,,Closure Permanent,ca_2024_25.pdf
CA,"Advance Stores Company, Incorporated and its subsidiary,
Golden State Supply LLC",2024-11-14,12.0,,Closure Permanent,ca_2024_25.pdf
CA,"Advance Stores Company, Incorporated and its subsidiary,
Golden State Supply LLC",2024-11-14,9.0,,Closure Permanent,ca_2024_25.pdf
CA,"Advance Stores Company, Incorporated and its subsidiary,
Golden State Supply LLC",2024-11-14,17.0,,Closure Permanent,ca_2024_25.pdf
CA,"Advance Stores Company, Incorporated and its subsidiary,
Golden State Supply LLC",2024-11-14,8.0,,Closure Permanent,ca_2024_25.pdf
CA,"Advance Stores Company, Incorporated and its subsidiary,
Golden State Supply LLC",2024-11-14,14.0,,Closure Permanent,ca_2024_25.pdf
CA,"Advance Stores Company, Incorporated and its subsidiary,
Golden State Supply LLC",2024-11-14,11.0,,Closure Permanent,ca_2024_25.pdf
CA,"Advance Stores Company, Incorporated and its subsidiary,
Golden State Supply LLC",2024-11-14,8.0,,Closure Permanent,ca_2024_25.pdf
CA,"Advance Stores Company, Incorporated and its subsidiary,
Golden State Supply LLC",2024-11-14,13.0,,Closure Permanent,ca_2024_25.pdf
CA,"Advance Stores Company, Incorporated and its subsidiary,
Golden State Supply LLC",2024-11-14,17.0,,Closure Permanent,ca_2024_25.pdf
CA,"Advance Stores Company, Incorporated and its subsidiary,
Golden State Supply LLC",2024-11-14,22.0,,Closure Permanent,ca_2024_25.pdf
CA,"Advance Stores Company, Incorporated and its subsidiary,
Golden State Supply LLC",2024-11-14,12.0,,Closure Permanent,ca_2024_25.pdf
CA,"Advance Stores Company, Incorporated and its subsidiary,
Golden State Supply LLC",2024-11-14,10.0,,Closure Permanent,ca_2024_25.pdf
CA,"Advance Stores Company, Incorporated and its subsidiary,
Golden State Supply LLC",2024-11-14,15.0,,Closure Permanent,ca_2024_25.pdf
CA,"Advance Stores Company, Incorporated and its subsidiary,
Golden State Supply LLC",2024-11-14,6.0,,Closure Permanent,ca_2024_25.pdf
CA,"Advance Stores Company, Incorporated and its subsidiary,
Golden State Supply LLC",2024-11-14,13.0,,Closure Permanent,ca_2024_25.pdf
CA,"Advance Stores Company, Incorporated and its subsidiary,
Golden State Supply LLC",2024-11-14,19.0,,Closure Permanent,ca_2024_25.pdf
CA,"Advance Stores Company, Incorporated and its subsidiary,
Golden State Supply LLC",2024-11-14,10.0,,Closure Permanent,ca_2024_25.pdf
CA,"Advance Stores Company, Incorporated and its subsidiary,
Golden State Supply LLC",2024-11-14,9.0,,Closure Permanent,ca_2024_25.pdf
CA,"Advance Stores Company, Incorporated and its subsidiary,
Golden State Supply LLC",2024-11-14,8.0,,Closure Permanent,ca_2024_25.pdf
CA,"Advance Stores Company, Incorporated and its subsidiary,
Golden State Supply LLC",2024-11-14,22.0,,Closure Permanent,ca_2024_25.pdf
CA,"Advance Stores Company, Incorporated and its subsidiary,
Golden State Supply LLC",2024-11-14,8.0,,Closure Permanent,ca_2024_25.pdf
CA,"Advance Stores Company, Incorporated and its subsidiary,
Golden State Supply LLC",2024-11-14,9.0,,Closure Permanent,ca_2024_25.pdf
CA,"Advance Stores Company, Incorporated and its subsidiary,
Golden State Supply LLC",2024-11-14,9.0,,Closure Permanent,ca_2024_25.pdf
CA,"Advance Stores Company, Incorporated and its subsidiary,
Golden State Supply LLC",2024-11-14,13.0,,Closure Permanent,ca_2024_25.pdf
CA,"Advance Stores Company, Incorporated and its subsidiary,
Golden State Supply LLC",2024-11-14,12.0,,Closure Permanent,ca_2024_25.pdf
CA,"Advance Stores Company, Incorporated and its subsidiary,
Golden State Supply LLC",2024-11-14,10.0,,Closure Permanent,ca_2024_25.pdf
CA,"Advance Stores Company, Incorporated and its subsidiary,
Golden State Supply LLC",2024-11-14,10.0,,Closure Permanent,ca_2024_25.pdf
CA,"Advance Stores Company, Incorporated and its subsidiary,
Golden State Supply LLC",2024-11-14,15.0,,Closure Permanent,ca_2024_25.pdf
CA,"Advance Stores Company, Incorporated and its subsidiary,
Golden State Supply LLC",2024-11-14,8.0,,Closure Permanent,ca_2024_25.pdf
CA,"Advance Stores Company, Incorporated and its subsidiary,
Golden State Supply LLC",2024-11-14,11.0,,Closure Permanent,ca_2024_25.pdf
CA,"Advance Stores Company, Incorporated and its subsidiary,
Golden State Supply LLC",2024-11-14,8.0,,Closure Permanent,ca_2024_25.pdf
CA,"Advance Stores Company, Incorporated and its subsidiary,
Golden State Supply LLC",2024-11-14,14.0,,Closure Permanent,ca_2024_25.pdf
CA,"Advance Stores Company, Incorporated and its subsidiary,
Golden State Supply LLC",2024-11-14,6.0,,Closure Permanent,ca_2024_25.pdf
CA,"Advance Stores Company, Incorporated and its subsidiary,
Golden State Supply LLC",2024-11-14,10.0,,Closure Permanent,ca_2024_25.pdf
CA,"Advance Stores Company, Incorporated and its subsidiary,
Golden State Supply LLC",2024-11-14,13.0,,Closure Permanent,ca_2024_25.pdf
CA,"Advance Stores Company, Incorporated and its subsidiary,
Golden State Supply LLC",2024-11-14,10.0,,Closure Permanent,ca_2024_25.pdf
CA,"Advance Stores Company, Incorporated and its subsidiary,
Golden State Supply LLC",2024-11-14,14.0,,Closure Permanent,ca_2024_25.pdf
CA,"Advance Stores Company, Incorporated and its subsidiary,
Golden State Supply LLC",2024-11-14,9.0,,Closure Permanent,ca_2024_25.pdf
CA,"Advance Stores Company, Incorporated and its subsidiary,
Golden State Supply LLC",2024-11-14,11.0,,Closure Permanent,ca_2024_25.pdf
CA,"Advance Stores Company, Incorporated and its subsidiary,
Golden State Supply LLC",2024-11-14,12.0,,Closure Permanent,ca_2024_25.pdf
CA,"Advance Stores Company, Incorporated and its subsidiary,
Golden State Supply LLC",2024-11-14,16.0,,Closure Permanent,ca_2024_25.pdf
CA,"Advance Stores Company, Incorporated and its subsidiary,
Golden State Supply LLC",2024-11-14,13.0,,Closure Permanent,ca_2024_25.pdf
CA,"Advance Stores Company, Incorporated and its subsidiary,
Golden State Supply LLC",2024-11-14,14.0,,Closure Permanent,ca_2024_25.pdf
CA,"Advance Stores Company, Incorporated and its subsidiary,
Golden State Supply LLC",2024-11-14,14.0,,Closure Permanent,ca_2024_25.pdf
CA,"Advance Stores Company, Incorporated and its subsidiary,
Golden State Supply LLC",2024-11-14,9.0,,Closure Permanent,ca_2024_25.pdf
CA,"Advance Stores Company, Incorporated and its subsidiary,
Golden State Supply LLC",2024-11-14,11.0,,Closure Permanent,ca_2024_25.pdf
CA,"Advance Stores Company, Incorporated and its subsidiary,
Golden State Supply LLC",2024-11-14,9.0,,Closure Permanent,ca_2024_25.pdf
CA,"Advance Stores Company, Incorporated and its subsidiary,
Golden State Supply LLC",2024-11-14,10.0,,Closure Permanent,ca_2024_25.pdf
CA,"Advance Stores Company, Incorporated and its subsidiary,
Golden State Supply LLC",2024-11-14,13.0,,Closure Permanent,ca_2024_25.pdf
CA,"Advance Stores Company, Incorporated and its subsidiary,
Golden State Supply LLC",2024-11-14,20.0,,Closure Permanent,ca_2024_25.pdf
CA,"Advance Stores Company, Incorporated and its subsidiary,
Golden State Supply LLC",2024-11-14,17.0,,Closure Permanent,ca_2024_25.pdf
CA,"Advance Stores Company, Incorporated and its subsidiary,
Golden State Supply LLC",2024-11-14,18.0,,Closure Permanent,ca_2024_25.pdf
CA,"Advance Stores Company, Incorporated and its subsidiary,
Golden State Supply LLC",2024-11-14,8.0,,Closure Permanent,ca_2024_25.pdf
CA,"Advance Stores Company, Incorporated and its subsidiary,
Golden State Supply LLC",2024-11-14,10.0,,Closure Permanent,ca_2024_25.pdf
CA,"Advance Stores Company, Incorporated and its subsidiary,
Golden State Supply LLC",2024-11-14,8.0,,Closure Permanent,ca_2024_25.pdf
CA,"Advance Stores Company, Incorporated and its subsidiary,
Golden State Supply LLC",2024-11-14,9.0,,Closure Permanent,ca_2024_25.pdf
CA,"Advance Stores Company, Incorporated and its subsidiary,
Golden State Supply LLC",2024-11-14,6.0,,Closure Permanent,ca_2024_25.pdf
CA,"Advance Stores Company, Incorporated and its subsidiary,
Golden State Supply LLC",2024-11-14,12.0,,Closure Permanent,ca_2024_25.pdf
CA,"Advance Stores Company, Incorporated and its subsidiary,
Golden State Supply LLC",2024-11-14,7.0,,Closure Permanent,ca_2024_25.pdf
CA,"Advance Stores Company, Incorporated and its subsidiary,
Golden State Supply LLC",2024-11-14,9.0,,Closure Permanent,ca_2024_25.pdf
CA,"Advance Stores Company, Incorporated and its subsidiary,
Golden State Supply LLC",2024-11-14,10.0,,Closure Permanent,ca_2024_25.pdf
CA,"Advance Stores Company, Incorporated and its subsidiary,
Golden State Supply LLC",2024-11-14,6.0,,Closure Permanent,ca_2024_25.pdf
CA,"Advance Stores Company, Incorporated and its subsidiary,
Golden State Supply LLC",2024-11-14,6.0,,Closure Permanent,ca_2024_25.pdf
CA,"Advance Stores Company, Incorporated and its subsidiary,
Golden State Supply LLC",2024-11-14,11.0,,Closure Permanent,ca_2024_25.pdf
CA,"Advance Stores Company, Incorporated and its subsidiary,
Golden State Supply LLC",2024-11-14,9.0,,Closure Permanent,ca_2024_25.pdf
CA,"Advance Stores Company, Incorporated and its subsidiary,
Golden State Supply LLC",2024-11-14,11.0,,Closure Permanent,ca_2024_25.pdf
CA,"Advance Stores Company, Incorporated and its subsidiary,
Golden State Supply LLC",2024-11-14,6.0,,Closure Permanent,ca_2024_25.pdf
CA,Boeing,2024-11-15,1.0,,Layoff Permanent,ca_2024_25.pdf
CA,Boeing,2024-11-15,3.0,,Layoff Permanent,ca_2024_25.pdf
CA,Boeing,2024-11-15,1.0,,Layoff Permanent,ca_2024_25.pdf
CA,Boeing,2024-11-15,144.0,,Layoff Permanent,ca_2024_25.pdf
CA,Boeing,2024-11-15,115.0,,Layoff Permanent,ca_2024_25.pdf
CA,Boeing,2024-11-15,1.0,,Layoff Permanent,ca_2024_25.pdf
CA,Boeing,2024-11-15,1.0,,Layoff Permanent,ca_2024_25.pdf
CA,Boeing,2024-11-15,57.0,,Layoff Permanent,ca_2024_25.pdf
CA,Boeing,2024-11-15,90.0,,Layoff Permanent,ca_2024_25.pdf
CA,Boeing,2024-11-15,89.0,,Layoff Permanent,ca_2024_25.pdf
CA,Boeing,2024-11-15,1.0,,Layoff Permanent,ca_2024_25.pdf
CA,Boeing,2024-11-15,4.0,,Layoff Permanent,ca_2024_25.pdf
CA,Boeing,2024-11-15,21.0,,Layoff Permanent,ca_2024_25.pdf
CA,Boeing,2024-11-15,1.0,,Layoff Permanent,ca_2024_25.pdf
CA,Boeing,2024-11-15,4.0,,Layoff Permanent,ca_2024_25.pdf
CA,Boeing,2024-11-15,1.0,,Layoff Permanent,ca_2024_25.pdf
CA,JPMorgan Chase,2024-11-15,80.0,,Layoff Permanent,ca_2024_25.pdf
CA,JPMorgan Chase,2024-11-15,255.0,,Layoff Permanent,ca_2024_25.pdf
CA,ABL Space Systems Company,2024-11-15,53.0,,Layoff Permanent,ca_2024_25.pdf
CA,"Michaels Stores, Inc. dba Moskatels",2024-11-18,37.0,,Closure Permanent,ca_2024_25.pdf
CA,"GoForward, Inc.",2024-11-18,1.0,,Closure Permanent,ca_2024_25.pdf
CA,"GoForward, Inc.",2024-11-18,89.0,,Closure Permanent,ca_2024_25.pdf
CA,Del Friscos Grille,2024-11-19,74.0,,Closure Temporary,ca_2024_25.pdf
CA,Urban Alchemy,2024-11-19,311.0,,Layoff Permanent,ca_2024_25.pdf
CA,"Old Custom House, Inc.",2024-11-19,108.0,,Closure Temporary,ca_2024_25.pdf
CA,"23andMe, Inc.",2024-11-19,31.0,,Closure Permanent,ca_2024_25.pdf
CA,"23andMe, Inc.",2024-11-19,122.0,,Layoff Permanent,ca_2024_25.pdf
CA,"Veritas Technologies, LLC",2024-11-20,50.0,,Layoff Permanent,ca_2024_25.pdf
CA,"Joslyn Sunbank Company, LLC",2024-11-20,64.0,,Closure Permanent,ca_2024_25.pdf
CA,"Shadow Holdings, LLC dba Bright Innovation Labs",2024-11-20,2.0,,Closure Permanent,ca_2024_25.pdf
CA,DMSI,2024-11-20,9.0,,Layoff Permanent,ca_2024_25.pdf
CA,DMSI,2024-11-20,528.0,,Layoff Permanent,ca_2024_25.pdf
CA,DMSI,2024-11-20,4.0,,Layoff Permanent,ca_2024_25.pdf
CA,DMSI,2024-11-20,493.0,,Layoff Permanent,ca_2024_25.pdf
CA,DMSI,2024-11-20,581.0,,Layoff Permanent,ca_2024_25.pdf
CA,DMSI,2024-11-20,28.0,,Layoff Permanent,ca_2024_25.pdf
CA,LifeCare Assurance Company,2024-11-21,50.0,,Layoff Permanent,ca_2024_25.pdf
CA,Visa,2024-11-21,10.0,,Layoff Permanent,ca_2024_25.pdf
CA,Visa,2024-11-21,192.0,,Layoff Permanent,ca_2024_25.pdf
CA,"Orora Packaging Solutions dba Manufactured Packaging
Products",2024-11-21,60.0,,Closure Permanent,ca_2024_25.pdf
CA,"Modern HR, Inc dba The Kooples Bloom, Inc.",2024-11-21,4.0,,Closure Permanent,ca_2024_25.pdf
CA,"Modern HR, Inc dba The Kooples Bloom, Inc.",2024-11-21,3.0,,Closure Permanent,ca_2024_25.pdf
CA,"Modern HR, Inc dba The Kooples Bloom, Inc.",2024-11-21,2.0,,Closure Permanent,ca_2024_25.pdf
CA,"Modern HR, Inc dba The Kooples Bloom, Inc.",2024-11-21,7.0,,Closure Permanent,ca_2024_25.pdf
CA,"Modern HR, Inc dba The Kooples Bloom, Inc.",2024-11-21,4.0,,Closure Permanent,ca_2024_25.pdf
CA,"Modern HR, Inc dba The Kooples Bloom, Inc.",2024-11-21,3.0,,Closure Permanent,ca_2024_25.pdf
CA,"Modern HR, Inc dba The Kooples Bloom, Inc.",2024-11-21,2.0,,Closure Permanent,ca_2024_25.pdf
CA,"Modern HR, Inc dba The Kooples Bloom, Inc.",2024-11-21,3.0,,Closure Permanent,ca_2024_25.pdf
CA,"Universal Protection Service, LP dba Allied Universal Security
Services",2024-11-22,61.0,,Layoff Permanent,ca_2024_25.pdf
CA,"Universal Protection Service, LP dba Allied Universal Security
Services",2024-11-22,66.0,,Layoff Permanent,ca_2024_25.pdf
CA,"Universal Protection Service, LP dba Allied Universal Security
Services",2024-11-22,113.0,,Layoff Permanent,ca_2024_25.pdf
CA,"Universal Protection Service, LP dba Allied Universal Security
Services",2024-11-22,68.0,,Layoff Permanent,ca_2024_25.pdf
CA,Paramount Global,2024-11-22,4.0,,Layoff Permanent,ca_2024_25.pdf
CA,Paramount Global,2024-11-22,1.0,,Layoff Permanent,ca_2024_25.pdf
CA,Paramount Global,2024-11-22,1.0,,Layoff Permanent,ca_2024_25.pdf
CA,AT&T,2024-11-22,34.0,,Layoff Permanent,ca_2024_25.pdf
CA,AT&T,2024-11-22,22.0,,Layoff Permanent,ca_2024_25.pdf
CA,Clark Pacific,2024-11-22,43.0,,Layoff Permanent,ca_2024_25.pdf
CA,"McLane Foodservice Distribution, Inc.",2024-11-25,97.0,,Layoff Permanent,ca_2024_25.pdf
CA,"Mountain Valley Express, LLC",2024-11-25,6.0,,Layoff Permanent,ca_2024_25.pdf
CA,"Mountain Valley Express, LLC",2024-11-25,23.0,,Layoff Permanent,ca_2024_25.pdf
CA,"Mountain Valley Express, LLC",2024-11-25,19.0,,Layoff Permanent,ca_2024_25.pdf
CA,"Mountain Valley Express, LLC",2024-11-25,19.0,,Layoff Permanent,ca_2024_25.pdf
CA,"Mountain Valley Express, LLC",2024-11-25,7.0,,Layoff Permanent,ca_2024_25.pdf
CA,CVS,2024-11-25,7.0,,Closure Permanent,ca_2024_25.pdf
CA,"Central Valley Eggs, LLC",2024-11-26,53.0,,Layoff Permanent,ca_2024_25.pdf
CA,"Harbor Electronics, Inc.",2024-11-27,92.0,,Layoff Permanent,ca_2024_25.pdf
CA,"Ovations Fanfare, L.P. dba OVG Hospitality",2024-11-27,106.0,,Layoff Permanent,ca_2024_25.pdf
CA,"Kashaco, Inc.",2024-12-02,62.0,,Layoff Permanent,ca_2024_25.pdf
CA,"Kashaco, Inc.",2024-12-02,52.0,,Layoff Permanent,ca_2024_25.pdf
CA,AT&T,2024-12-02,15.0,,Layoff Permanent,ca_2024_25.pdf
CA,"Acutus Medical, Inc.",2024-12-02,57.0,,Layoff Permanent,ca_2024_25.pdf
CA,Rose Cafe,2024-12-03,87.0,,Closure Permanent,ca_2024_25.pdf
CA,The Vons Companies Inc.,2024-12-03,87.0,,Closure Permanent,ca_2024_25.pdf
CA,Jabil Inc.,2024-12-03,55.0,,Closure Permanent,ca_2024_25.pdf
CA,Harpoon Henrys,2024-12-03,150.0,,Closure Permanent,ca_2024_25.pdf
CA,Urban Alchemy,2024-12-03,33.0,,Closure Permanent,ca_2024_25.pdf
CA,Ubisoft,2024-12-03,152.0,,Layoff Permanent,ca_2024_25.pdf
CA,"Central Valley Eggs, LLC",2024-12-05,15.0,,Layoff Permanent,ca_2024_25.pdf
CA,"Lulus Fashion Lounge, LLC",2024-12-05,83.0,,Closure Permanent,ca_2024_25.pdf
CA,"GXO Logistics Supply Chain, Inc.",2024-12-05,25.0,,Closure Permanent,ca_2024_25.pdf
CA,Adventist Health Simi Valley,2024-12-06,12.0,,Layoff Permanent,ca_2024_25.pdf
CA,The Boeing Company,2024-12-06,4.0,,Layoff Permanent,ca_2024_25.pdf
CA,The Boeing Company,2024-12-06,13.0,,Layoff Permanent,ca_2024_25.pdf
CA,The Boeing Company,2024-12-06,5.0,,Layoff Permanent,ca_2024_25.pdf
CA,The Boeing Company,2024-12-06,26.0,,Layoff Permanent,ca_2024_25.pdf
CA,The Boeing Company,2024-12-06,4.0,,Layoff Permanent,ca_2024_25.pdf
CA,The Boeing Company,2024-12-06,7.0,,Layoff Permanent,ca_2024_25.pdf
CA,"TVI, Inc. dba Savers",2024-12-06,52.0,,Closure Permanent,ca_2024_25.pdf
CA,"Bavarian Nordic, Inc.",2024-12-09,48.0,,Closure Permanent,ca_2024_25.pdf
CA,"Faros Unlimited, Inc",2024-12-10,160.0,,Closure Permanent,ca_2024_25.pdf
CA,"Faros Unlimited, Inc",2024-12-10,11.0,,Closure Permanent,ca_2024_25.pdf
CA,Safeway,2024-12-10,112.0,,Closure Permanent,ca_2024_25.pdf
CA,Corteva Agriscience LLC,2024-12-10,3.0,,Layoff Permanent,ca_2024_25.pdf
CA,"Divergent Technologies, Inc.",2024-12-12,84.0,,Layoff Permanent,ca_2024_25.pdf
CA,UMA Enterprises,2024-12-13,36.0,,Layoff Permanent,ca_2024_25.pdf
CA,UMA Enterprises,2024-12-13,62.0,,Layoff Permanent,ca_2024_25.pdf
CA,"SDH Services West, LLC",2024-12-15,49.0,,Closure Permanent,ca_2024_25.pdf
CA,"SDH Services West, LLC",2024-12-15,1.0,,Closure Permanent,ca_2024_25.pdf
CA,"SDH Services West, LLC",2024-12-15,1.0,,Closure Permanent,ca_2024_25.pdf
CA,"SDH Services West, LLC",2024-12-15,17.0,,Closure Permanent,ca_2024_25.pdf
CA,"SDH Services West, LLC",2024-12-15,18.0,,Closure Permanent,ca_2024_25.pdf
CA,"F2 TPS, LLC",2024-12-16,251.0,,Closure Permanent,ca_2024_25.pdf
CA,"F2 TPS, LLC",2024-12-16,31.0,,Closure Permanent,ca_2024_25.pdf
CA,Plenty Unlimited Inc.,2024-12-16,48.0,,Closure Permanent,ca_2024_25.pdf
CA,ECAMSECURE,2024-12-16,2.0,,Layoff Permanent,ca_2024_25.pdf
CA,Golden Gate University,2024-12-16,1.0,,Layoff Permanent,ca_2024_25.pdf
CA,"McDonalds Restaurants of California, Inc.",2024-12-17,78.0,,Closure Temporary,ca_2024_25.pdf
CA,"McDonalds Restaurants of California, Inc.",2024-12-18,64.0,,Closure Temporary,ca_2024_25.pdf
CA,Paramount Global,2024-12-19,2.0,,Layoff Permanent,ca_2024_25.pdf
CA,Paramount Global,2024-12-19,1.0,,Layoff Permanent,ca_2024_25.pdf
CA,"Vytalogy Wellness, LLC",2024-12-20,98.0,,Layoff Permanent,ca_2024_25.pdf
CA,"Vytalogy Wellness, LLC",2024-12-20,1.0,,Layoff Permanent,ca_2024_25.pdf
CA,"Vytalogy Wellness, LLC",2024-12-20,1.0,,Layoff Permanent,ca_2024_25.pdf
CA,Alstom Transportation Inc,2024-12-20,20.0,,Layoff Permanent,ca_2024_25.pdf
CA,Alstom Transportation Inc,2024-12-20,5.0,,Layoff Permanent,ca_2024_25.pdf
CA,Alstom Transportation Inc,2024-12-20,2.0,,Layoff Permanent,ca_2024_25.pdf
CA,"Central Valley Eggs, LLC",2024-12-20,11.0,,Layoff Permanent,ca_2024_25.pdf
CA,"Vimo, Inc. dba GetInsured",2024-12-20,429.0,Mountain View,Reduction,warn_or.json
CA,"Central Valley Eggs, LLC",2024-12-26,54.0,,Layoff Permanent,ca_2024_25.pdf
CA,Toca Madera West Hollywood dba Knightlife Collective LLC,2024-12-26,97.0,,Layoff Permanent,ca_2024_25.pdf
CA,HTX Services LLC,2024-12-27,28.0,,Closure Permanent,ca_2024_25.pdf
CA,Deliverimates LLC,2024-12-27,71.0,,Closure Permanent,ca_2024_25.pdf
CA,"McDonald&rsquo;s Restaurants of California, Inc.",2024-12-27,62.0,,Layoff Temporary,ca_2024_25.pdf
CA,PRIDE Industries,2024-12-30,54.0,,Layoff Permanent,ca_2024_25.pdf
CA,ACLU of Southern California,2024-12-30,8.0,,Layoff Permanent,ca_2024_25.pdf
CA,"Chedraui USA, Inc.",2025-01-03,115.0,,Layoff Permanent,ca_2024_25.pdf
CA,EST 1977 Group LLC dba Rustys,2025-01-03,38.0,,Closure Permanent,ca_2024_25.pdf
CA,"CytomX Therapeutics, Inc.",2025-01-06,46.0,,Layoff Permanent,ca_2024_25.pdf
CA,"Republic National Distributing Company, LLC",2025-01-07,60.0,,Layoff Permanent,ca_2024_25.pdf
CA,Safeway Inc.,2025-01-07,8.0,,Layoff Permanent,ca_2024_25.pdf
CA,"Republic National Distributing Company, LLC",2025-01-07,60.0,,Layoff Permanent,ca_2024_25.pdf
CA,"Kohl&rsquo;s, Inc.",2025-01-08,60.0,,Closure Permanent,ca_2024_25.pdf
CA,"Kohl&rsquo;s, Inc.",2025-01-08,58.0,,Closure Permanent,ca_2024_25.pdf
CA,"Kohl&rsquo;s, Inc.",2025-01-08,62.0,,Closure Permanent,ca_2024_25.pdf
CA,"Kohl&rsquo;s, Inc.",2025-01-08,59.0,,Closure Permanent,ca_2024_25.pdf
CA,Liberated Brands,2025-01-08,362.0,,Closure Permanent,ca_2024_25.pdf
CA,Liberated Brands,2025-01-08,1.0,,Closure Permanent,ca_2024_25.pdf
CA,"Kohl&rsquo;s, Inc.",2025-01-08,690.0,,Closure Permanent,ca_2024_25.pdf
CA,"Guitar Center, Inc.",2025-01-08,43.0,,Closure Permanent,ca_2024_25.pdf
CA,"Guitar Center, Inc.",2025-01-08,19.0,,Closure Permanent,ca_2024_25.pdf
CA,Summit Interconnect,2025-01-08,74.0,,Closure Permanent,ca_2024_25.pdf
CA,Amazon,2025-01-08,10.0,,Closure Permanent,ca_2024_25.pdf
CA,Qualcomm Incorporated,2025-01-09,50.0,,Layoff Permanent,ca_2024_25.pdf
CA,Macy's Inc,2025-01-09,94.0,,Closure Permanent,ca_2024_25.pdf
CA,Macy's Inc,2025-01-09,98.0,,Closure Permanent,ca_2024_25.pdf
CA,Macy's Inc,2025-01-09,93.0,,Closure Permanent,ca_2024_25.pdf
CA,Macy's Inc,2025-01-09,71.0,,Closure Permanent,ca_2024_25.pdf
CA,Macy's Inc,2025-01-09,61.0,,Closure Permanent,ca_2024_25.pdf
CA,Macy's Inc,2025-01-09,53.0,,Closure Permanent,ca_2024_25.pdf
CA,Mama Management USA LLC,2025-01-10,89.0,,Closure Permanent,ca_2024_25.pdf
CA,"Michael Nicholas Designs, LLC",2025-01-10,375.0,,Closure Temporary,ca_2024_25.pdf
CA,Rite Aid,2025-01-10,16.0,,Closure Permanent,ca_2024_25.pdf
CA,Draegers Supermarkets,2025-01-10,71.0,,Closure Permanent,ca_2024_25.pdf
CA,"IGM Biosciences, Inc.",2025-01-10,100.0,,Layoff Permanent,ca_2024_25.pdf
CA,Aurora Solar Inc.,2025-01-10,58.0,,Layoff Permanent,ca_2024_25.pdf
CA,MotorTrend Group,2025-01-13,70.0,,Layoff Permanent,ca_2024_25.pdf
CA,Owens Valley Career Development Center,2025-01-13,4.0,,Layoff Permanent,ca_2024_25.pdf
CA,Safeway Inc.,2025-01-14,18.0,,Layoff Permanent,ca_2024_25.pdf
CA,Safeway Inc.,2025-01-14,138.0,,Layoff Permanent,ca_2024_25.pdf
CA,"Columbus Manufacturing, Inc., a wholly-owned subsidiary of
the Hormel Foods Corporation",2025-01-14,125.0,,Layoff Permanent,ca_2024_25.pdf
CA,Placer Labs Inc.,2025-01-15,34.0,,Layoff Permanent,ca_2024_25.pdf
CA,AppLovin Corporation,2025-01-15,89.0,,Layoff Permanent,ca_2024_25.pdf
CA,"Medical Manufacturing Technologies / Interface Catheter
Solutions",2025-01-15,15.0,,Closure Permanent,ca_2024_25.pdf
CA,Ortho Organizers Inc.,2025-01-15,69.0,,Closure Permanent,ca_2024_25.pdf
CA,Renesas Electronics Corporation,2025-01-16,47.0,,Layoff Permanent,ca_2024_25.pdf
CA,Renesas Electronics Corporation,2025-01-16,21.0,,Layoff Permanent,ca_2024_25.pdf
CA,Macy's Inc,2025-01-16,79.0,,Closure Permanent,ca_2024_25.pdf
CA,ECAMSECURE,2025-01-16,21.0,,Layoff Permanent,ca_2024_25.pdf
CA,"Fast Ride Moto, LLC",2025-01-16,1.0,,Layoff Permanent,ca_2024_25.pdf
CA,Hyatt Corporation dba Waterfront Hotel,2025-01-17,57.0,,Layoff Permanent,ca_2024_25.pdf
CA,Quanex Homeshield LLC,2025-01-20,50.0,,Closure Permanent,ca_2024_25.pdf
CA,"Del Monte Foods, Inc.",2025-01-21,378.0,,Closure Permanent,ca_2024_25.pdf
CA,Kaiser Foundation Hospitals,2025-01-21,15.0,,Layoff Permanent,ca_2024_25.pdf
CA,Kaiser Foundation Hospitals,2025-01-21,11.0,,Layoff Permanent,ca_2024_25.pdf
CA,Kaiser Foundation Hospitals,2025-01-21,1.0,,Layoff Permanent,ca_2024_25.pdf
CA,Kaiser Foundation Hospitals,2025-01-21,2.0,,Layoff Permanent,ca_2024_25.pdf
CA,Kaiser Foundation Hospitals,2025-01-21,19.0,,Layoff Permanent,ca_2024_25.pdf
CA,Kaiser Foundation Hospitals,2025-01-21,1.0,,Layoff Permanent,ca_2024_25.pdf
CA,Kaiser Foundation Hospitals,2025-01-21,1.0,,Layoff Permanent,ca_2024_25.pdf
CA,Kaiser Foundation Hospitals,2025-01-21,1.0,,Layoff Permanent,ca_2024_25.pdf
CA,Kaiser Foundation Hospitals,2025-01-21,1.0,,Layoff Permanent,ca_2024_25.pdf
CA,Universal Logistics Intermodal Inc.,2025-01-21,46.0,,Closure Permanent,ca_2024_25.pdf
CA,"Evergreen Recycling, Inc",2025-01-22,57.0,,Layoff Permanent,ca_2024_25.pdf
CA,AT&T,2025-01-23,8.0,,Layoff Permanent,ca_2024_25.pdf
CA,"Joann Stores Support Center, Inc.",2025-01-24,209.0,,Closure Permanent,ca_2024_25.pdf
CA,"Prime MSO, LLC",2025-01-24,6.0,,Closure Permanent,ca_2024_25.pdf
CA,"ImmunityBio, Inc.",2025-01-24,1.0,,Layoff Permanent,ca_2024_25.pdf
CA,"ImmunityBio, Inc.",2025-01-24,9.0,,Layoff Permanent,ca_2024_25.pdf
CA,LEGOLAND,2025-01-24,97.0,,Layoff Permanent,ca_2024_25.pdf
CA,Foster Farms,2025-01-24,478.0,,Closure Permanent,ca_2024_25.pdf
CA,Foster Farms,2025-01-24,25.0,,Closure Permanent,ca_2024_25.pdf
CA,Foster Farms,2025-01-24,9.0,,Closure Permanent,ca_2024_25.pdf
CA,Pasadena Park Healthcare & Wellness Center,2025-01-27,151.0,,"Closure Not known at
this time",ca_2024_25.pdf
CA,Biosense Webster Inc.,2025-01-27,9.0,,Closure Permanent,ca_2024_25.pdf
CA,InvenSense Inc.,2025-01-27,55.0,,Layoff Permanent,ca_2024_25.pdf
CA,Quantumscape Battery Inc.,2025-01-28,53.0,,Layoff Permanent,ca_2024_25.pdf
CA,Corteva Agriscience LLC,2025-01-29,20.0,,Layoff Permanent,ca_2024_25.pdf
CA,Pregis,2025-01-29,45.0,,Closure Permanent,ca_2024_25.pdf
CA,"SDK Logistics, LLC",2025-01-29,100.0,,Closure Permanent,ca_2024_25.pdf
CA,"Astellas Gene Therapies, Inc.",2025-01-29,21.0,,Layoff Permanent,ca_2025_26.xlsx
CA,Rich Products Corporation,2025-01-30,139.0,,Closure Permanent,ca_2024_25.pdf
CA,"CARGO Therapeutics, Inc.",2025-01-30,81.0,,Layoff Permanent,ca_2024_25.pdf
CA,Intel Corporation,2025-01-30,58.0,,Layoff Permanent,ca_2024_25.pdf
CA,1 Click Logistics,2025-01-30,12.0,,Closure Permanent,ca_2024_25.pdf
CA,Sensata Technologies,2025-01-30,57.0,,Closure Permanent,ca_2024_25.pdf
CA,Walgreens,2025-01-31,26.0,,Closure Permanent,ca_2024_25.pdf
CA,Walgreens,2025-01-31,18.0,,Closure Permanent,ca_2024_25.pdf
CA,Surveillance Security Inc. of Unarmed Security Guards,2025-01-31,1.0,,Layoff Permanent,ca_2024_25.pdf
CA,Walgreens,2025-01-31,19.0,,Closure Permanent,ca_2024_25.pdf
CA,Walgreens,2025-01-31,27.0,,Closure Permanent,ca_2024_25.pdf
CA,Surveillance Security Inc. of Unarmed Security Guards,2025-01-31,122.0,,Layoff Permanent,ca_2024_25.pdf
CA,Surveillance Security Inc. of Unarmed Security Guards,2025-01-31,1.0,,Layoff Permanent,ca_2024_25.pdf
CA,Surveillance Security Inc. of Unarmed Security Guards,2025-01-31,1.0,,Layoff Permanent,ca_2024_25.pdf
CA,Surveillance Security Inc. of Unarmed Security Guards,2025-01-31,1.0,,Layoff Permanent,ca_2024_25.pdf
CA,Surveillance Security Inc. of Unarmed Security Guards,2025-01-31,1.0,,Layoff Permanent,ca_2024_25.pdf
CA,Surveillance Security Inc. of Unarmed Security Guards,2025-01-31,8.0,,Layoff Permanent,ca_2024_25.pdf
CA,Walgreens,2025-01-31,8.0,,Closure Permanent,ca_2024_25.pdf
CA,Walgreens,2025-01-31,13.0,,Closure Permanent,ca_2024_25.pdf
CA,Walgreens,2025-01-31,22.0,,Closure Permanent,ca_2024_25.pdf
CA,Surveillance Security Inc. of Unarmed Security Guards,2025-01-31,1.0,,Layoff Permanent,ca_2024_25.pdf
CA,Surveillance Security Inc. of Unarmed Security Guards,2025-01-31,1.0,,Layoff Permanent,ca_2024_25.pdf
CA,Surveillance Security Inc. of Unarmed Security Guards,2025-01-31,1.0,,Layoff Permanent,ca_2024_25.pdf
CA,Walgreens,2025-01-31,16.0,,Closure Permanent,ca_2024_25.pdf
CA,Surveillance Security Inc. of Unarmed Security Guards,2025-01-31,1.0,,Layoff Permanent,ca_2024_25.pdf
CA,Bloomingdale's San Francisco Centre,2025-01-31,164.0,,Closure Permanent,ca_2024_25.pdf
CA,Infineon Technologies Americas Corp.,2025-01-31,8.0,,Layoff Permanent,ca_2024_25.pdf
CA,Infineon Technologies Americas Corp.,2025-01-31,3.0,,Layoff Permanent,ca_2024_25.pdf
CA,Infineon Technologies Americas Corp.,2025-01-31,2.0,,Layoff Permanent,ca_2024_25.pdf
CA,Infineon Technologies Americas Corp.,2025-01-31,33.0,,Layoff Permanent,ca_2024_25.pdf
CA,Infineon Technologies Americas Corp.,2025-01-31,27.0,,Layoff Permanent,ca_2024_25.pdf
CA,The Breakfast Club,2025-01-31,27.0,,Closure Permanent,ca_2024_25.pdf
CA,"LGO Pasadena, LLC",2025-02-01,74.0,,Closure Permanent,ca_2024_25.pdf
CA,S&S Activewear,2025-02-03,117.0,,Closure Permanent,ca_2024_25.pdf
CA,St. Anne's Home,2025-02-03,64.0,,Closure Permanent,ca_2024_25.pdf
CA,Renesas Electronics Corporation,2025-02-03,3.0,,Layoff Permanent,ca_2024_25.pdf
CA,Safeway,2025-02-04,69.0,,Closure Permanent,ca_2024_25.pdf
CA,"Asana, Inc.",2025-02-04,77.0,,Layoff Permanent,ca_2024_25.pdf
CA,"Okta, Inc.",2025-02-04,56.0,,Layoff Permanent,ca_2024_25.pdf
CA,Cruise LLC,2025-02-04,489.0,,Layoff Permanent,ca_2024_25.pdf
CA,Cruise LLC,2025-02-04,157.0,,Layoff Permanent,ca_2024_25.pdf
CA,Cruise LLC,2025-02-04,3.0,,Layoff Permanent,ca_2024_25.pdf
CA,Cruise LLC,2025-02-04,3.0,,Layoff Permanent,ca_2024_25.pdf
CA,Cruise LLC,2025-02-04,87.0,,Layoff Permanent,ca_2024_25.pdf
CA,"US Foods, Inc.",2025-02-04,118.0,,Closure Permanent,ca_2024_25.pdf
CA,"Salesforce, Inc.",2025-02-04,153.0,,Layoff Permanent,ca_2024_25.pdf
CA,LogRhythm Inc dba Exabeam,2025-02-04,39.0,,Layoff Permanent,ca_2024_25.pdf
CA,"Sacramento Motorcars LLC dba Nissan of Elk Grove, Mazda
of Elk Grove, Quick Lube, and Elk Grove Cust",2025-02-04,112.0,,Closure Permanent,ca_2024_25.pdf
CA,"Sacramento Motorcars LLC dba Nissan of Elk Grove, Mazda
of Elk Grove, Quick Lube, and Elk Grove Cust",2025-02-04,34.0,,Closure Permanent,ca_2024_25.pdf
CA,"Sacramento Motorcars LLC dba Nissan of Elk Grove, Mazda
of Elk Grove, Quick Lube, and Elk Grove Cust",2025-02-04,10.0,,Closure Permanent,ca_2024_25.pdf
CA,"Sacramento Motorcars LLC dba Nissan of Elk Grove, Mazda
of Elk Grove, Quick Lube, and Elk Grove Cust",2025-02-04,43.0,,Closure Permanent,ca_2024_25.pdf
CA,"Workday, Inc.",2025-02-05,617.0,,Layoff Permanent,ca_2024_25.pdf
CA,"Planet Express (LAX), LLC",2025-02-05,50.0,,Closure Permanent,ca_2024_25.pdf
CA,Walmart,2025-02-05,79.0,,Layoff Permanent,ca_2024_25.pdf
CA,"Acutus Medical, Inc.",2025-02-06,24.0,,Layoff Permanent,ca_2024_25.pdf
CA,"Barrel Ten Quarter Circle, Inc.",2025-02-06,13.0,,Closure Permanent,ca_2024_25.pdf
CA,"Bronco Wine Company and its affiliated entities Bivio
Transport and Logistics Company, LLC and WC Ag",2025-02-06,81.0,,Layoff Permanent,ca_2024_25.pdf
CA,"Barrel Ten Quarter Circle, Inc.",2025-02-06,8.0,,Layoff Permanent,ca_2024_25.pdf
CA,Royal Custom Designs LLC,2025-02-07,142.0,,Closure Permanent,ca_2024_25.pdf
CA,AMERI-KLEEN dba Sanitation Specialists,2025-02-07,24.0,,Closure Permanent,ca_2024_25.pdf
CA,AMERI-KLEEN dba Sanitation Specialists,2025-02-07,20.0,,Closure Permanent,ca_2024_25.pdf
CA,Adventist Health Simi Valley,2025-02-10,1.0,,Layoff Permanent,ca_2024_25.pdf
CA,"Bio-Rad Laboratories, Inc.",2025-02-10,16.0,,Layoff Permanent,ca_2024_25.pdf
CA,"Bio-Rad Laboratories, Inc.",2025-02-10,1.0,,Layoff Permanent,ca_2024_25.pdf
CA,"Bio-Rad Laboratories, Inc.",2025-02-10,113.0,,Layoff Permanent,ca_2024_25.pdf
CA,"Bio-Rad Laboratories, Inc.",2025-02-10,1.0,,Layoff Permanent,ca_2024_25.pdf
CA,Kaiser Foundation Hospitals,2025-02-10,3.0,,Layoff Permanent,ca_2024_25.pdf
CA,Kaiser Foundation Hospitals,2025-02-10,1.0,,Layoff Permanent,ca_2024_25.pdf
CA,Kaiser Foundation Hospitals,2025-02-10,4.0,,Layoff Permanent,ca_2024_25.pdf
CA,Kaiser Foundation Hospitals,2025-02-10,1.0,,Layoff Permanent,ca_2024_25.pdf
CA,ECAMSECURE,2025-02-10,4.0,,Layoff Permanent,ca_2024_25.pdf
CA,"Jewish Family Service of San Diego, Inc.",2025-02-10,115.0,,Closure Permanent,ca_2024_25.pdf
CA,Telesign Corporation,2025-02-11,98.0,,Layoff Permanent,ca_2024_25.pdf
CA,"CareFusion Resources, LLC, a subsidiary of Becton, Dickinson
and Company",2025-02-11,48.0,,Layoff Permanent,ca_2024_25.pdf
CA,"CareFusion Resources, LLC, a subsidiary of Becton, Dickinson
and Company",2025-02-11,42.0,,Layoff Permanent,ca_2024_25.pdf
CA,Safeway,2025-02-11,95.0,,Closure Permanent,ca_2024_25.pdf
CA,MasterBrand Cabinets LLC,2025-02-12,246.0,,Closure Permanent,ca_2024_25.pdf
CA,"Illumina, Inc.",2025-02-12,96.0,,Layoff Permanent,ca_2024_25.pdf
CA,Together Logistics LLC,2025-02-13,60.0,,Closure Permanent,ca_2024_25.pdf
CA,"Panera, LLC",2025-02-13,77.0,,Closure Permanent,ca_2024_25.pdf
CA,"Panera, LLC",2025-02-13,55.0,,Closure Permanent,ca_2024_25.pdf
CA,Flagship Facility Services LLC,2025-02-14,6.0,,Layoff Permanent,ca_2024_25.pdf
CA,Flagship Facility Services LLC,2025-02-14,20.0,,Layoff Permanent,ca_2024_25.pdf
CA,Flagship Facility Services LLC,2025-02-14,26.0,,Layoff Permanent,ca_2024_25.pdf
CA,Flagship Facility Services LLC,2025-02-14,10.0,,Layoff Permanent,ca_2024_25.pdf
CA,Flagship Facility Services LLC,2025-02-14,23.0,,Layoff Permanent,ca_2024_25.pdf
CA,Flagship Facility Services LLC,2025-02-14,4.0,,Layoff Permanent,ca_2024_25.pdf
CA,Flagship Facility Services LLC,2025-02-14,35.0,,Layoff Permanent,ca_2024_25.pdf
CA,Flagship Facility Services LLC,2025-02-14,9.0,,Layoff Permanent,ca_2024_25.pdf
CA,Flagship Facility Services LLC,2025-02-14,18.0,,Layoff Permanent,ca_2024_25.pdf
CA,Flagship Facility Services LLC,2025-02-14,1.0,,Layoff Permanent,ca_2024_25.pdf
CA,Flagship Facility Services LLC,2025-02-14,8.0,,Layoff Permanent,ca_2024_25.pdf
CA,Flagship Facility Services LLC,2025-02-14,19.0,,Layoff Permanent,ca_2024_25.pdf
CA,Flagship Facility Services LLC,2025-02-14,24.0,,Layoff Permanent,ca_2024_25.pdf
CA,"Niagara Bottling, LLC",2025-02-14,73.0,,Layoff Permanent,ca_2024_25.pdf
CA,Consolidated Entertainment LLC - Reading Cinemas,2025-02-14,33.0,,Closure Permanent,ca_2024_25.pdf
CA,Benchmark Precision Technologies,2025-02-14,42.0,,Closure Permanent,ca_2024_25.pdf
CA,Crothall Healthcare,2025-02-16,55.0,,Layoff Permanent,ca_2024_25.pdf
CA,"Wood Candle Wick Technologies, Inc dba Makesy",2025-02-17,74.0,,Closure Permanent,ca_2024_25.pdf
CA,Rite Aid,2025-02-17,23.0,,Closure Permanent,ca_2024_25.pdf
CA,"F21 OpCO, LLC dba Forever 21",2025-02-17,63.0,,Closure Permanent,ca_2024_25.pdf
CA,"F21 OpCO, LLC dba Forever 21",2025-02-17,70.0,,Closure Permanent,ca_2024_25.pdf
CA,"F21 OpCO, LLC dba Forever 21",2025-02-17,17.0,,Closure Permanent,ca_2024_25.pdf
CA,"F21 OpCO, LLC dba Forever 21",2025-02-17,21.0,,Closure Permanent,ca_2024_25.pdf
CA,"Ajinomoto Foods North America, Inc.",2025-02-18,116.0,,Layoff Permanent,ca_2024_25.pdf
CA,"F21 OpCo, LLC (F21)",2025-02-18,358.0,,Layoff Permanent,ca_2024_25.pdf
CA,STAAR Surgical Company,2025-02-18,110.0,,Layoff Permanent,ca_2024_25.pdf
CA,STAAR Surgical Company,2025-02-18,5.0,,Layoff Permanent,ca_2024_25.pdf
CA,"Smart & Final Logistics, LLC",2025-02-18,194.0,,Layoff Permanent,ca_2024_25.pdf
CA,"Smart & Final Stores, LLC",2025-02-18,23.0,,Layoff Permanent,ca_2024_25.pdf
CA,Harvest Meat Company Inc.,2025-02-18,62.0,,Closure Permanent,ca_2024_25.pdf
CA,Harvest Meat Company Inc.,2025-02-18,109.0,,Closure Permanent,ca_2024_25.pdf
CA,Kuehne + Nagel Inc.,2025-02-18,59.0,,Layoff Permanent,ca_2024_25.pdf
CA,Parker Engine Mobile,2025-02-18,20.0,,Layoff Permanent,ca_2024_25.pdf
CA,"Clarion Management, Inc.",2025-02-18,5.0,,Closure Permanent,ca_2024_25.pdf
CA,"Clarion Management, Inc.",2025-02-18,5.0,,Closure Permanent,ca_2024_25.pdf
CA,"Clarion Management, Inc.",2025-02-18,5.0,,Closure Permanent,ca_2024_25.pdf
CA,"Clarion Management, Inc.",2025-02-18,6.0,,Closure Permanent,ca_2024_25.pdf
CA,"Clarion Management, Inc.",2025-02-18,14.0,,Closure Permanent,ca_2024_25.pdf
CA,"Clarion Management, Inc.",2025-02-18,2.0,,Closure Permanent,ca_2024_25.pdf
CA,"Clarion Management, Inc.",2025-02-18,6.0,,Closure Permanent,ca_2024_25.pdf
CA,"Clarion Management, Inc.",2025-02-18,4.0,,Closure Permanent,ca_2024_25.pdf
CA,"Clarion Management, Inc.",2025-02-18,3.0,,Closure Permanent,ca_2024_25.pdf
CA,"Clarion Management, Inc.",2025-02-18,1.0,,Closure Permanent,ca_2024_25.pdf
CA,"Clarion Management, Inc.",2025-02-18,1.0,,Closure Permanent,ca_2024_25.pdf
CA,"Clarion Management, Inc.",2025-02-18,3.0,,Closure Permanent,ca_2024_25.pdf
CA,"Clarion Management, Inc.",2025-02-18,6.0,,Closure Permanent,ca_2024_25.pdf
CA,"Clarion Management, Inc.",2025-02-18,6.0,,Closure Permanent,ca_2024_25.pdf
CA,"Clarion Management, Inc.",2025-02-18,8.0,,Closure Permanent,ca_2024_25.pdf
CA,"Clarion Management, Inc.",2025-02-18,1.0,,Closure Permanent,ca_2024_25.pdf
CA,Nikola Corporation,2025-02-19,7.0,,Layoff Permanent,ca_2024_25.pdf
CA,Nikola Corporation,2025-02-19,1.0,,Layoff Permanent,ca_2024_25.pdf
CA,Nikola Corporation,2025-02-19,12.0,,Layoff Permanent,ca_2024_25.pdf
CA,Nikola Corporation,2025-02-19,16.0,,Layoff Permanent,ca_2024_25.pdf
CA,Nikola Corporation,2025-02-19,14.0,,Layoff Permanent,ca_2024_25.pdf
CA,"Zendesk, Inc.",2025-02-19,51.0,,Layoff Permanent,ca_2024_25.pdf
CA,Nikola Corporation,2025-02-19,1.0,,Layoff Permanent,ca_2024_25.pdf
CA,"F21 OpCO, LLC dba Forever 21",2025-02-19,20.0,,Closure Permanent,ca_2024_25.pdf
CA,"F21 OpCO, LLC dba Forever 21",2025-02-19,24.0,,Closure Permanent,ca_2024_25.pdf
CA,"F21 OpCO, LLC dba Forever 21",2025-02-19,30.0,,Closure Permanent,ca_2024_25.pdf
CA,"F21 OpCO, LLC dba Forever 21",2025-02-19,55.0,,Closure Permanent,ca_2024_25.pdf
CA,Corning Optical Communications LLC,2025-02-20,80.0,,Closure Permanent,ca_2024_25.pdf
CA,"Neovia Logistics Distribution, LP",2025-02-20,145.0,,Closure Permanent,ca_2024_25.pdf
CA,Burke Williams,2025-02-20,68.0,,Closure Permanent,ca_2024_25.pdf
CA,Nucor Buildings Group West LLC,2025-02-20,70.0,,Closure Permanent,ca_2024_25.pdf
CA,Four Points by Sheraton,2025-02-21,181.0,,Closure Permanent,ca_2024_25.pdf
CA,Cruise LLC,2025-02-21,12.0,,Layoff Permanent,ca_2024_25.pdf
CA,Cruise LLC,2025-02-21,6.0,,Layoff Permanent,ca_2024_25.pdf
CA,Cruise LLC,2025-02-21,8.0,,Layoff Permanent,ca_2024_25.pdf
CA,"Technicolor Creative Services US, Inc.",2025-02-24,217.0,,Closure Permanent,ca_2024_25.pdf
CA,Kaiser Foundation Hospitals,2025-02-24,3.0,,Layoff Permanent,ca_2024_25.pdf
CA,Kaiser Foundation Hospitals,2025-02-24,1.0,,Layoff Permanent,ca_2024_25.pdf
CA,Kaiser Foundation Hospitals,2025-02-24,1.0,,Layoff Permanent,ca_2024_25.pdf
CA,Kaiser Foundation Hospitals,2025-02-24,1.0,,Layoff Permanent,ca_2024_25.pdf
CA,Kaiser Foundation Hospitals,2025-02-24,1.0,,Layoff Permanent,ca_2024_25.pdf
CA,Kaiser Foundation Hospitals,2025-02-24,1.0,,Layoff Permanent,ca_2024_25.pdf
CA,Kaiser Foundation Hospitals,2025-02-24,1.0,,Layoff Permanent,ca_2024_25.pdf
CA,Kaiser Foundation Hospitals,2025-02-24,14.0,,Layoff Permanent,ca_2024_25.pdf
CA,Kaiser Foundation Hospitals,2025-02-24,10.0,,Layoff Permanent,ca_2024_25.pdf
CA,Kaiser Foundation Hospitals,2025-02-24,1.0,,Layoff Permanent,ca_2024_25.pdf
CA,Kaiser Foundation Hospitals,2025-02-24,2.0,,Layoff Permanent,ca_2024_25.pdf
CA,Kaiser Foundation Hospitals,2025-02-24,2.0,,Layoff Permanent,ca_2024_25.pdf
CA,Kaiser Foundation Hospitals,2025-02-24,1.0,,Layoff Permanent,ca_2024_25.pdf
CA,Kaiser Foundation Hospitals,2025-02-24,1.0,,Layoff Permanent,ca_2024_25.pdf
CA,Kaiser Foundation Hospitals,2025-02-24,2.0,,Layoff Permanent,ca_2024_25.pdf
CA,Kaiser Foundation Hospitals,2025-02-24,1.0,,Layoff Permanent,ca_2024_25.pdf
CA,Kaiser Foundation Hospitals,2025-02-24,3.0,,Layoff Permanent,ca_2024_25.pdf
CA,Kaiser Foundation Hospitals,2025-02-24,8.0,,Layoff Permanent,ca_2024_25.pdf
CA,Kaiser Foundation Hospitals,2025-02-24,1.0,,Layoff Permanent,ca_2024_25.pdf
CA,Kaiser Foundation Hospitals,2025-02-24,1.0,,Layoff Permanent,ca_2024_25.pdf
CA,Kaiser Foundation Hospitals,2025-02-24,1.0,,Layoff Permanent,ca_2024_25.pdf
CA,Kaiser Foundation Hospitals,2025-02-24,2.0,,Layoff Permanent,ca_2024_25.pdf
CA,Kaiser Foundation Hospitals,2025-02-24,2.0,,Layoff Permanent,ca_2024_25.pdf
CA,Kaiser Foundation Hospitals,2025-02-24,1.0,,Layoff Permanent,ca_2024_25.pdf
CA,Kaiser Foundation Hospitals,2025-02-24,1.0,,Layoff Permanent,ca_2024_25.pdf
CA,Kaiser Foundation Hospitals,2025-02-24,1.0,,Layoff Permanent,ca_2024_25.pdf
CA,Castle Oaks Golf Club,2025-02-24,50.0,,Layoff Permanent,ca_2024_25.pdf
CA,Corteva Agriscience LLC,2025-02-25,26.0,,Layoff Permanent,ca_2024_25.pdf
CA,City National Bank,2025-02-25,12.0,,Layoff Permanent,ca_2024_25.pdf
CA,City National Bank,2025-02-25,5.0,,Layoff Permanent,ca_2024_25.pdf
CA,"Genesis Supreme RV, Inc.",2025-02-25,18.0,,Layoff Permanent,ca_2024_25.pdf
CA,"WB Games Inc. and WarnerMedia Services, LLC",2025-02-25,51.0,,Layoff Permanent,ca_2024_25.pdf
CA,Bristol Myers Squibb,2025-02-26,57.0,,Layoff Permanent,ca_2024_25.pdf
CA,Google,2025-02-26,10.0,,Layoff Permanent,ca_2024_25.pdf
CA,Google,2025-02-26,42.0,,Layoff Permanent,ca_2024_25.pdf
CA,AMERI-KLEEN DBA SANITATION SPECIALISTS,2025-02-26,33.0,,Closure Permanent,ca_2024_25.pdf
CA,Hearthside Food Solutions,2025-02-26,175.0,,Closure Permanent,ca_2024_25.pdf
CA,"GEP Administrative Services, LLC dba Entertainment Partners",2025-02-27,64.0,,Layoff Permanent,ca_2024_25.pdf
CA,"GEP Administrative Services, LLC dba Entertainment Partners",2025-02-27,9.0,,Layoff Permanent,ca_2024_25.pdf
CA,"Autodesk, Inc.",2025-02-27,289.0,,Layoff Permanent,ca_2024_25.pdf
CA,"Joann Stores Support Center, Inc.",2025-02-27,48.0,,Closure Permanent,ca_2024_25.pdf
CA,Charter Communications,2025-02-28,171.0,,Layoff Permanent,ca_2024_25.pdf
CA,"GXO Logistics Supply Chain, Inc.",2025-02-28,16.0,,Layoff Permanent,ca_2024_25.pdf
CA,"CBRE, Inc.",2025-02-28,78.0,,Layoff Permanent,ca_2024_25.pdf
CA,"CBRE, Inc.",2025-02-28,8.0,,Layoff Permanent,ca_2024_25.pdf
CA,"CBRE, Inc.",2025-02-28,14.0,,Layoff Permanent,ca_2024_25.pdf
CA,"CBRE, Inc.",2025-02-28,20.0,,Layoff Permanent,ca_2024_25.pdf
CA,UPS,2025-02-28,144.0,,Layoff Permanent,ca_2024_25.pdf
CA,UPS,2025-02-28,144.0,,Layoff Permanent,ca_2024_25.pdf
CA,Cruise LLC,2025-02-28,4.0,,Layoff Permanent,ca_2024_25.pdf
CA,Cruise LLC,2025-02-28,2.0,,Layoff Permanent,ca_2024_25.pdf
CA,Maersk Warehousing & Distribution Services USA LLC,2025-02-28,75.0,,Layoff Permanent,ca_2024_25.pdf
CA,"Catholic Charities, Diocese of San Diego",2025-02-28,31.0,,Layoff Permanent,ca_2024_25.pdf
CA,"Catholic Charities, Diocese of San Diego",2025-02-28,42.0,,Layoff Permanent,ca_2024_25.pdf
CA,"LUKE Holdings, Inc.",2025-02-28,61.0,,Layoff Permanent,ca_2024_25.pdf
CA,"Robert Kaufman Co., Inc.",2025-02-28,13.0,,Closure Permanent,ca_2024_25.pdf
CA,Central Garden & Pet,2025-03-03,5.0,,Layoff Permanent,ca_2024_25.pdf
CA,Laboratory Corporation of America Holdings,2025-03-03,73.0,,Closure Permanent,ca_2024_25.pdf
CA,"Stockton Recycling, Inc.",2025-03-03,69.0,,Closure Permanent,ca_2024_25.pdf
CA,PT Solutions,2025-03-04,5.0,,Closure Permanent,ca_2024_25.pdf
CA,PT Solutions,2025-03-04,4.0,,Closure Permanent,ca_2024_25.pdf
CA,PT Solutions,2025-03-04,7.0,,Closure Permanent,ca_2024_25.pdf
CA,PT Solutions,2025-03-04,1.0,,Closure Permanent,ca_2024_25.pdf
CA,PT Solutions,2025-03-04,9.0,,Closure Permanent,ca_2024_25.pdf
CA,PT Solutions,2025-03-04,14.0,,Closure Permanent,ca_2024_25.pdf
CA,PT Solutions,2025-03-04,7.0,,Closure Permanent,ca_2024_25.pdf
CA,Wells Fargo,2025-03-04,56.0,,Layoff Permanent,ca_2024_25.pdf
CA,Sodexo,2025-03-04,50.0,,Layoff Permanent,ca_2024_25.pdf
CA,"Primo Brands, Inc.",2025-03-05,9.0,,Closure Permanent,ca_2024_25.pdf
CA,"Primo Brands, Inc.",2025-03-05,13.0,,Closure Permanent,ca_2024_25.pdf
CA,"Primo Brands, Inc.",2025-03-05,16.0,,Closure Permanent,ca_2024_25.pdf
CA,"Centerra, a subsidiary of Constellis, LLC",2025-03-06,31.0,,Layoff Permanent,ca_2024_25.pdf
CA,"Centerra, a subsidiary of Constellis, LLC",2025-03-06,55.0,,Layoff Permanent,ca_2024_25.pdf
CA,Sodexo,2025-03-06,39.0,,Closure Permanent,ca_2024_25.pdf
CA,"Bell-Carter Foods, LLC",2025-03-07,63.0,,Layoff Permanent,ca_2024_25.pdf
CA,"Bell-Carter Foods, LLC",2025-03-07,5.0,,Layoff Permanent,ca_2024_25.pdf
CA,"Bell-Carter Foods, LLC",2025-03-07,11.0,,Layoff Permanent,ca_2024_25.pdf
CA,"Bell-Carter Foods, LLC",2025-03-07,5.0,,Layoff Permanent,ca_2024_25.pdf
CA,CVS,2025-03-10,4.0,,Closure Permanent,ca_2024_25.pdf
CA,"F&E Aircraft Maintenance dba FEAM Aero, LLC",2025-03-11,6.0,,Layoff Permanent,ca_2024_25.pdf
CA,"Gate Gourmet, Inc.",2025-03-12,835.0,,Layoff Permanent,ca_2024_25.pdf
CA,Penney OpCo LLC dba JCPenney,2025-03-12,82.0,,Closure Permanent,ca_2024_25.pdf
CA,onsemi,2025-03-12,51.0,,Layoff Permanent,ca_2024_25.pdf
CA,"Robert Kaufman Co., Inc.",2025-03-12,9.0,,Closure Permanent,ca_2024_25.pdf
CA,"Robert Kaufman Co., Inc.",2025-03-12,2.0,,Closure Permanent,ca_2024_25.pdf
CA,"Robert Kaufman Co., Inc.",2025-03-12,13.0,,Closure Permanent,ca_2024_25.pdf
CA,Cepheid,2025-03-12,3.0,,Layoff Permanent,ca_2024_25.pdf
CA,Cepheid,2025-03-12,6.0,,Layoff Permanent,ca_2024_25.pdf
CA,Cepheid,2025-03-12,7.0,,Layoff Permanent,ca_2024_25.pdf
CA,Cepheid,2025-03-12,33.0,,Layoff Permanent,ca_2024_25.pdf
CA,Cepheid,2025-03-12,8.0,,Layoff Permanent,ca_2024_25.pdf
CA,Cepheid,2025-03-12,5.0,,Layoff Permanent,ca_2024_25.pdf
CA,Cepheid,2025-03-12,61.0,,Layoff Permanent,ca_2024_25.pdf
CA,Cepheid,2025-03-12,3.0,,Layoff Permanent,ca_2024_25.pdf
CA,Cepheid,2025-03-12,3.0,,Layoff Permanent,ca_2024_25.pdf
CA,Cepheid,2025-03-12,2.0,,Layoff Permanent,ca_2024_25.pdf
CA,Cepheid,2025-03-12,4.0,,Layoff Permanent,ca_2024_25.pdf
CA,Cepheid,2025-03-12,24.0,,Layoff Permanent,ca_2024_25.pdf
CA,Cepheid,2025-03-12,1.0,,Layoff Permanent,ca_2024_25.pdf
CA,Cepheid,2025-03-12,7.0,,Layoff Permanent,ca_2024_25.pdf
CA,Novartis Pharmaceuticals Corporation,2025-03-12,34.0,,Closure Permanent,ca_2024_25.pdf
CA,Amazon,2025-03-12,76.0,,Closure Permanent,ca_2024_25.pdf
CA,"Sutro Biopharma, Inc.",2025-03-13,3.0,,Layoff Permanent,ca_2024_25.pdf
CA,"Sutro Biopharma, Inc.",2025-03-13,62.0,,Layoff Permanent,ca_2024_25.pdf
CA,Corteva Agriscience LLC,2025-03-14,1.0,,Layoff Permanent,ca_2024_25.pdf
CA,AT&T,2025-03-14,47.0,,Layoff Permanent,ca_2024_25.pdf
CA,Collins Aerospace,2025-03-14,8.0,,Layoff Permanent,ca_2024_25.pdf
CA,Collins Aerospace,2025-03-14,119.0,,Layoff Permanent,ca_2024_25.pdf
CA,Southern California Edison Company,2025-03-17,79.0,,Layoff Permanent,ca_2024_25.pdf
CA,"Mattel, Inc.",2025-03-17,120.0,,Layoff Permanent,ca_2024_25.pdf
CA,All For Kids,2025-03-17,66.0,,Layoff Permanent,ca_2024_25.pdf
CA,Atara Biotherapeutics,2025-03-18,31.0,,Layoff Permanent,ca_2024_25.pdf
CA,"CARGO Therapeutics, Inc.",2025-03-18,84.0,,Closure Permanent,ca_2024_25.pdf
CA,Cruise LLC,2025-03-19,13.0,,Layoff Permanent,ca_2024_25.pdf
CA,Cruise LLC,2025-03-19,2.0,,Layoff Permanent,ca_2024_25.pdf
CA,"Rem Optical Company, Inc., dba De Rigo Rem",2025-03-19,15.0,,Closure Permanent,ca_2024_25.pdf
CA,"Southeast Service Corporation dba SSC Services for
Education",2025-03-20,13.0,,Layoff Permanent,ca_2024_25.pdf
CA,"Robert Kaufman Co., Inc.",2025-03-20,13.0,,Closure Permanent,ca_2024_25.pdf
CA,"Robert Kaufman Co., Inc.",2025-03-20,44.0,,Closure Permanent,ca_2024_25.pdf
CA,"Robert Kaufman Co., Inc.",2025-03-20,2.0,,Closure Permanent,ca_2024_25.pdf
CA,"Niantic, Inc.",2025-03-20,68.0,,Layoff Permanent,ca_2024_25.pdf
CA,"Duke's Malibu, LLC",2025-03-20,126.0,,Closure Permanent,ca_2024_25.pdf
CA,AppLovin Corporation,2025-03-21,97.0,,Layoff Permanent,ca_2024_25.pdf
CA,"Key Energy Services, LLC",2025-03-24,14.0,,Layoff Permanent,ca_2024_25.pdf
CA,San Jose Distribution Services Inc,2025-03-24,17.0,,Closure Permanent,ca_2024_25.pdf
CA,SK hynix America Inc. (SKHYA),2025-03-24,58.0,,Layoff Permanent,ca_2024_25.pdf
CA,SK hynix America Inc. (SKHYA),2025-03-24,33.0,,Layoff Permanent,ca_2024_25.pdf
CA,American Academy of Dramatic Arts,2025-03-25,49.0,,Closure Permanent,ca_2024_25.pdf
CA,First Student,2025-03-25,109.0,,Closure Permanent,ca_2024_25.pdf
CA,Milgard Manufacturing LLC,2025-03-25,397.0,,Closure Permanent,ca_2024_25.pdf
CA,"Block, Inc.",2025-03-25,240.0,,Layoff Permanent,ca_2024_25.pdf
CA,"Primo Brands, Inc.",2025-03-26,1.0,,Layoff Permanent,ca_2024_25.pdf
CA,"Primo Brands, Inc.",2025-03-26,1.0,,Layoff Permanent,ca_2024_25.pdf
CA,"Primo Brands, Inc.",2025-03-26,2.0,,Layoff Permanent,ca_2024_25.pdf
CA,"Primo Brands, Inc.",2025-03-26,1.0,,Layoff Permanent,ca_2024_25.pdf
CA,"Nkarta, Inc.",2025-03-26,52.0,,Layoff Permanent,ca_2024_25.pdf
CA,"Nkarta, Inc.",2025-03-26,1.0,,Layoff Permanent,ca_2024_25.pdf
CA,United States Cellular Corporation,2025-03-26,6.0,,Layoff Permanent,ca_2024_25.pdf
CA,United States Cellular Corporation,2025-03-26,7.0,,Layoff Permanent,ca_2024_25.pdf
CA,United States Cellular Corporation,2025-03-26,8.0,,Layoff Permanent,ca_2024_25.pdf
CA,"Gilead Sciences, Inc.",2025-03-27,149.0,,Layoff Permanent,ca_2024_25.pdf
CA,"Roche Molecular Systems, Inc.",2025-03-27,108.0,,Layoff Permanent,ca_2024_25.pdf
CA,Novartis Pharmaceuticals Corporation,2025-03-27,1.0,,Closure Permanent,ca_2024_25.pdf
CA,"Brinker International Payroll Company, L.P.",2025-03-27,115.0,,Closure Permanent,ca_2024_25.pdf
CA,"Classic Beverage of Southern California, LLC",2025-03-28,221.0,,Closure Permanent,ca_2024_25.pdf
CA,"Classic Beverage of Southern California, LLC",2025-03-28,55.0,,Closure Permanent,ca_2024_25.pdf
CA,Chevron,2025-03-28,600.0,,Layoff Permanent,ca_2024_25.pdf
CA,"Redemption Restaurants, LLC dba Chick-fil-A",2025-03-31,65.0,,Closure Temporary,ca_2024_25.pdf
CA,Memorial Care,2025-03-31,60.0,,Layoff Permanent,ca_2024_25.pdf
CA,"Transdev Services, Inc.",2025-03-31,48.0,,Layoff Permanent,ca_2024_25.pdf
CA,"ST. Distributing Co., LLC",2025-03-31,190.0,,Closure Permanent,ca_2024_25.pdf
CA,"ST. Distributing Co., LLC",2025-03-31,180.0,,Closure Permanent,ca_2024_25.pdf
CA,"Robert Kaufman Co., Inc.",2025-03-31,4.0,,Closure Permanent,ca_2024_25.pdf
CA,"Robert Kaufman Co., Inc.",2025-03-31,4.0,,Closure Permanent,ca_2024_25.pdf
CA,"Ardent Mills, LLC",2025-04-01,28.0,,Closure Permanent,ca_2024_25.pdf
CA,"Cali Nail Market, Inc.",2025-04-01,59.0,,Closure Permanent,ca_2024_25.pdf
CA,"Cali Nail Market, Inc.",2025-04-01,12.0,,Closure Permanent,ca_2024_25.pdf
CA,Cruise LLC,2025-04-01,2.0,,Layoff Permanent,ca_2024_25.pdf
CA,"ImmPact Bio USA Inc., a subsidiary of Lyell Immunopharma
Inc.",2025-04-01,73.0,,Closure Permanent,ca_2024_25.pdf
CA,"McDonald's Restaurant of California, Inc.",2025-04-03,105.0,,Layoff Temporary,ca_2024_25.pdf
CA,FEAM Aero,2025-04-03,8.0,,Layoff Permanent,ca_2024_25.pdf
CA,"McDonald's Restaurant of California, Inc.",2025-04-04,67.0,,Layoff Temporary,ca_2024_25.pdf
CA,"ActivCare Living, LLC",2025-04-04,56.0,,Closure Permanent,ca_2024_25.pdf
CA,Pfizer,2025-04-04,56.0,,Layoff Permanent,ca_2024_25.pdf
CA,Federal Express Corporation,2025-04-04,79.0,,Closure Permanent,ca_2024_25.pdf
CA,Federal Express Corporation,2025-04-04,95.0,,Closure Permanent,ca_2024_25.pdf
CA,"Technoprobe America, Inc.",2025-04-05,146.0,,Closure Permanent,ca_2024_25.pdf
CA,Goodwill of the San Francisco Bay,2025-04-07,72.0,,Closure Permanent,ca_2024_25.pdf
CA,Goodwill of the San Francisco Bay,2025-04-07,18.0,,Closure Permanent,ca_2024_25.pdf
CA,"Stem, Inc.",2025-04-07,48.0,,Closure Permanent,ca_2024_25.pdf
CA,"Stem, Inc.",2025-04-07,4.0,,Closure Permanent,ca_2024_25.pdf
CA,"McDonald's Restaurants of California, Inc.",2025-04-08,66.0,,Layoff Temporary,ca_2024_25.pdf
CA,"Air Products and Chemicals, Inc.",2025-04-08,37.0,,Layoff Permanent,ca_2024_25.pdf
CA,"Right At School, LLC",2025-04-09,13.0,,Layoff Permanent,ca_2024_25.pdf
CA,"Right At School, LLC",2025-04-09,11.0,,Layoff Permanent,ca_2024_25.pdf
CA,"Right At School, LLC",2025-04-09,11.0,,Layoff Permanent,ca_2024_25.pdf
CA,"Right At School, LLC",2025-04-09,24.0,,Layoff Permanent,ca_2024_25.pdf
CA,"Right At School, LLC",2025-04-09,11.0,,Layoff Permanent,ca_2024_25.pdf
CA,"Right At School, LLC",2025-04-09,10.0,,Layoff Permanent,ca_2024_25.pdf
CA,"Right At School, LLC",2025-04-09,18.0,,Layoff Permanent,ca_2024_25.pdf
CA,"Pacific Biosciences of California, Inc.",2025-04-09,70.0,,Layoff Permanent,ca_2024_25.pdf
CA,"Right At School, LLC",2025-04-09,7.0,,Layoff Permanent,ca_2024_25.pdf
CA,"Right At School, LLC",2025-04-09,1.0,,Layoff Permanent,ca_2024_25.pdf
CA,"Right At School, LLC",2025-04-09,9.0,,Layoff Permanent,ca_2024_25.pdf
CA,"Right At School, LLC",2025-04-09,3.0,,Layoff Permanent,ca_2024_25.pdf
CA,"Right At School, LLC",2025-04-09,20.0,,Layoff Permanent,ca_2024_25.pdf
CA,"Right At School, LLC",2025-04-09,5.0,,Layoff Permanent,ca_2024_25.pdf
CA,"Right At School, LLC",2025-04-09,9.0,,Layoff Permanent,ca_2024_25.pdf
CA,"Right At School, LLC",2025-04-09,9.0,,Layoff Permanent,ca_2024_25.pdf
CA,"Right At School, LLC",2025-04-09,5.0,,Layoff Permanent,ca_2024_25.pdf
CA,"Right At School, LLC",2025-04-09,4.0,,Layoff Permanent,ca_2024_25.pdf
CA,"Right At School, LLC",2025-04-09,1.0,,Layoff Permanent,ca_2024_25.pdf
CA,"Right At School, LLC",2025-04-09,15.0,,Layoff Permanent,ca_2024_25.pdf
CA,"Right At School, LLC",2025-04-09,14.0,,Layoff Permanent,ca_2024_25.pdf
CA,"Right At School, LLC",2025-04-09,7.0,,Layoff Permanent,ca_2024_25.pdf
CA,"Right At School, LLC",2025-04-09,11.0,,Layoff Permanent,ca_2024_25.pdf
CA,"Right At School, LLC",2025-04-09,12.0,,Layoff Permanent,ca_2024_25.pdf
CA,"Right At School, LLC",2025-04-09,15.0,,Layoff Permanent,ca_2024_25.pdf
CA,"Right At School, LLC",2025-04-09,12.0,,Layoff Permanent,ca_2024_25.pdf
CA,"Right At School, LLC",2025-04-09,10.0,,Layoff Permanent,ca_2024_25.pdf
CA,"Right At School, LLC",2025-04-09,19.0,,Layoff Permanent,ca_2024_25.pdf
CA,"Right At School, LLC",2025-04-09,14.0,,Layoff Permanent,ca_2024_25.pdf
CA,"Right at School, LLC (B Gale Wilson Middle)",2025-04-09,3.0,,Closure Permanent,ca_2024_25.pdf
CA,"Right at School, LLC (Anna Kyle Elementary)",2025-04-09,3.0,,Closure Permanent,ca_2024_25.pdf
CA,"Right at School, LLC",2025-04-09,1.0,,Closure Permanent,ca_2024_25.pdf
CA,"Right at School, LLC (Cordelia Hills Elementary)",2025-04-09,8.0,,Closure Permanent,ca_2024_25.pdf
CA,"Right at School, LLC (Crystal Middle)",2025-04-09,2.0,,Closure Permanent,ca_2024_25.pdf
CA,"Right at School, LLC (Dover Elementary",2025-04-09,16.0,,Closure Permanent,ca_2024_25.pdf
CA,"Right at School, LLC (Fairview Elementary)",2025-04-09,8.0,,Closure Permanent,ca_2024_25.pdf
CA,Right at School. LLC (Grange Middle),2025-04-09,3.0,,Closure Permanent,ca_2024_25.pdf
CA,"Right at School, LLC (Green Valley Middle)",2025-04-09,5.0,,Closure Permanent,ca_2024_25.pdf
CA,"Right at School, LLC (KI Jones Elementary)",2025-04-09,11.0,,Closure Permanent,ca_2024_25.pdf
CA,"Right at School, LLC (Matt Garcia and College Academy)",2025-04-09,2.0,,Closure Permanent,ca_2024_25.pdf
CA,"Right at School, LLC (Nelda Mundy Elementary)",2025-04-09,5.0,,Closure Permanent,ca_2024_25.pdf
CA,"Right at School, LLC (Oakbrook Academy)",2025-04-09,4.0,,Closure Permanent,ca_2024_25.pdf
CA,"Right at School, LLC (Public Safety Academy)",2025-04-09,2.0,,Closure Permanent,ca_2024_25.pdf
CA,"Right at School, LLC (Sheldon Academy)",2025-04-09,3.0,,Closure Permanent,ca_2024_25.pdf
CA,RTX_2022,2025-04-10,1.0,,Layoff Permanent,ca_2024_25.pdf
CA,RTX _2000 Building E01,2025-04-10,2.0,,Layoff Permanent,ca_2024_25.pdf
CA,RTX _ 2006 Building E04,2025-04-10,1.0,,Layoff Permanent,ca_2024_25.pdf
CA,LEGOLAND California Resort,2025-04-11,2.0,,Layoff Permanent,ca_2024_25.pdf
CA,The Coca-Cola Company,2025-04-11,135.0,,Closure Permanent,ca_2024_25.pdf
CA,"Confluent Medical Technologies, Inc.",2025-04-14,102.0,,Layoff Permanent,ca_2024_25.pdf
CA,Davis Street Community Center,2025-04-14,8.0,,Closure Permanent,ca_2024_25.pdf
CA,"TC&Js Enterprises, franchise operator of Chick-fil-A",2025-04-14,35.0,,Closure Temporary,ca_2024_25.pdf
CA,"TC&Js Enterprises, franchise operator of Chick-fil-A",2025-04-14,58.0,,Closure Temporary,ca_2024_25.pdf
CA,Kaiser Foundation Hospitals - Oakland,2025-04-14,11.0,,Layoff Permanent,ca_2024_25.pdf
CA,Kaiser Foundation Hospitals,2025-04-14,1.0,,Layoff Permanent,ca_2024_25.pdf
CA,Kaiser Foundation Hospitals,2025-04-14,2.0,,Layoff Permanent,ca_2024_25.pdf
CA,Kaiser Foundation Hospitals,2025-04-14,17.0,,Layoff Permanent,ca_2024_25.pdf
CA,"Jones Lang LaSalle Americas, Inc.",2025-04-14,87.0,,Layoff Permanent,ca_2024_25.pdf
CA,"Jones Lang LaSalle Americas, Inc.",2025-04-14,77.0,,Layoff Permanent,ca_2024_25.pdf
CA,MV Transportation,2025-04-14,463.0,,Layoff Permanent,ca_2024_25.pdf
CA,MV Transportation,2025-04-14,14.0,,Layoff Permanent,ca_2024_25.pdf
CA,Jones Lang LaSalle Americas Inc.,2025-04-14,70.0,,Layoff Permanent,ca_2024_25.pdf
CA,"Jones Lang LaSalle Americas, Inc.",2025-04-14,64.0,,Layoff Permanent,ca_2024_25.pdf
CA,Boston Scientific Corporation,2025-04-15,63.0,,Closure Permanent,ca_2024_25.pdf
CA,"GMRI, Inc. d/b/a Eddie V's",2025-04-16,61.0,,Closure Permanent,ca_2024_25.pdf
CA,"Case Paper Co., Inc.",2025-04-16,18.0,,Closure Permanent,ca_2024_25.pdf
CA,"Cruise, LLC - 333",2025-04-16,14.0,,Layoff Permanent,ca_2024_25.pdf
CA,"Cruise, LLC - 1201",2025-04-16,9.0,,Layoff Permanent,ca_2024_25.pdf
CA,"Cruise, LLC - 840",2025-04-16,1.0,,Layoff Permanent,ca_2024_25.pdf
CA,"Illumina, Inc. Worldwide Headquarters",2025-04-17,172.0,,Layoff Permanent,ca_2024_25.pdf
CA,"Bronco Wine Company, Bivio Transport and Logistics
Company, LLC an WC Ag Services, Inc.",2025-04-17,146.0,,Layoff Permanent,ca_2024_25.pdf
CA,"Barrel Ten Quarter Circle, Inc.",2025-04-17,8.0,,Layoff Permanent,ca_2024_25.pdf
CA,True Food Kitchen,2025-04-18,82.0,,Closure Permanent,ca_2024_25.pdf
CA,"Primo Brands, Inc.",2025-04-18,7.0,,Closure Permanent,ca_2024_25.pdf
CA,"Primo Brands, Inc.",2025-04-18,7.0,,Layoff Permanent,ca_2024_25.pdf
CA,SSP America,2025-04-18,105.0,,Layoff Permanent,ca_2024_25.pdf
CA,"Primo Brands, Inc.",2025-04-18,3.0,,Closure Permanent,ca_2024_25.pdf
CA,"Primo Brands, Inc.",2025-04-18,4.0,,Layoff Permanent,ca_2024_25.pdf
CA,"Primo Brands, Inc.",2025-04-18,13.0,,Closure Permanent,ca_2024_25.pdf
CA,"Primo Brands, Inc.",2025-04-18,4.0,,Closure Permanent,ca_2024_25.pdf
CA,"Primo Brands, Inc. - 4500",2025-04-18,33.0,,Closure Permanent,ca_2024_25.pdf
CA,"Primo Brands, Inc. - 1449",2025-04-18,11.0,,Closure Permanent,ca_2024_25.pdf
CA,B&P Plastics DBA Advance Plastics,2025-04-21,77.0,,Closure Permanent,ca_2024_25.pdf
CA,Blue Shield of California,2025-04-21,24.0,,Layoff Permanent,ca_2024_25.pdf
CA,Blue Shield of California _ Building C,2025-04-21,17.0,,Layoff Permanent,ca_2024_25.pdf
CA,Blue Shield of California _ Building B,2025-04-21,18.0,,Layoff Permanent,ca_2024_25.pdf
CA,Blue Shield of California,2025-04-21,16.0,,Layoff Permanent,ca_2024_25.pdf
CA,Blue Shield of California,2025-04-21,10.0,,Layoff Permanent,ca_2024_25.pdf
CA,Blue Shield of California _ Building A,2025-04-21,10.0,,Layoff Permanent,ca_2024_25.pdf
CA,Blue Shield of California _ Building B,2025-04-21,3.0,,Layoff Permanent,ca_2024_25.pdf
CA,Blue Shield of California,2025-04-21,5.0,,Layoff Permanent,ca_2024_25.pdf
CA,Blue Shield of California,2025-04-21,7.0,,Layoff Permanent,ca_2024_25.pdf
CA,Blue Shield of California,2025-04-21,3.0,,Layoff Permanent,ca_2024_25.pdf
CA,Kaiser Foundation Hospitals - 94612,2025-04-21,14.0,,Layoff Permanent,ca_2024_25.pdf
CA,Kaiser Foundation Hospitals - 94588,2025-04-21,1.0,,Layoff Permanent,ca_2024_25.pdf
CA,Kaiser Foundation Hospitals - 94612,2025-04-21,1.0,,Layoff Permanent,ca_2024_25.pdf
CA,Kaiser Foundation Hospitals - 90706,2025-04-21,1.0,,Layoff Permanent,ca_2024_25.pdf
CA,Kaiser Foundation Hospitals 90027,2025-04-21,2.0,,Layoff Permanent,ca_2024_25.pdf
CA,Kaiser Foundation Hospitals - 90034,2025-04-21,1.0,,Layoff Permanent,ca_2024_25.pdf
CA,Kaiser Foundation Hospitals - 90242,2025-04-21,4.0,,Layoff Permanent,ca_2024_25.pdf
CA,Kaiser Foundation Hospitals - 90242,2025-04-21,2.0,,Layoff Permanent,ca_2024_25.pdf
CA,Kaiser Foundation Hospitals - 91188,2025-04-21,7.0,,Layoff Permanent,ca_2024_25.pdf
CA,Kaiser Foundation Hospitals - 91101,2025-04-21,1.0,,Layoff Permanent,ca_2024_25.pdf
CA,Kaiser Foundation Hospitals - 91101,2025-04-21,3.0,,Layoff Permanent,ca_2024_25.pdf
CA,Kaiser Foundation Hospitals - 91367,2025-04-21,1.0,,Layoff Permanent,ca_2024_25.pdf
CA,Kaiser Foundation Hospitals - 94589,2025-04-21,2.0,,Layoff Permanent,ca_2024_25.pdf
CA,SambaNova Systems,2025-04-22,77.0,,Layoff Permanent,ca_2024_25.pdf
CA,YMCA of San Diego County,2025-04-22,27.0,,Layoff Permanent,ca_2024_25.pdf
CA,"Spreckels Sugar Company, Inc.",2025-04-22,394.0,,Closure Permanent,ca_2024_25.pdf
CA,"MMCI Acquisition, LLC dba Mortech Manufacturing Company",2025-04-23,19.0,,Closure Permanent,ca_2024_25.pdf
CA,"TransitAmerica Services, Inc.",2025-04-23,17.0,,Layoff Permanent,ca_2024_25.pdf
CA,Metropolitan Animal Specialty Hospital - 6565,2025-04-23,187.0,,Closure Permanent,ca_2024_25.pdf
CA,Metropolitan Animal Specialty Hospital - 1120,2025-04-23,3.0,,Closure Permanent,ca_2024_25.pdf
CA,Metropolitan Animal Specialty Hospital - 1122,2025-04-23,3.0,,Closure Permanent,ca_2024_25.pdf
CA,Metropolitan Animal Specialty Hospital - 6567 - 6585,2025-04-23,2.0,,Closure Permanent,ca_2024_25.pdf
CA,Metropolitan Animal Specialty Hospital - 6611,2025-04-23,1.0,,Closure Permanent,ca_2024_25.pdf
CA,Centene Management Company,2025-04-24,10.0,,Closure Permanent,ca_2024_25.pdf
CA,Raytheon,2025-04-24,97.0,,Layoff Permanent,ca_2024_25.pdf
CA,The Model Z Modular LLC,2025-04-24,102.0,,Layoff Permanent,ca_2024_25.pdf
CA,PULAU Corporation - 1308,2025-04-25,1.0,,Layoff Permanent,ca_2024_25.pdf
CA,PULAU Corporation - 650A,2025-04-25,17.0,,Layoff Permanent,ca_2024_25.pdf
CA,PULAU Corporation - 820,2025-04-25,25.0,,Layoff Permanent,ca_2024_25.pdf
CA,PULAU Corporation - 6222,2025-04-25,8.0,,Layoff Permanent,ca_2024_25.pdf
CA,PULAU Corporation - GMDT,2025-04-25,3.0,,Layoff Permanent,ca_2024_25.pdf
CA,PULAU Corporation - 827,2025-04-25,43.0,,Layoff Permanent,ca_2024_25.pdf
CA,PULAU Corporation - 863,2025-04-25,4.0,,Layoff Permanent,ca_2024_25.pdf
CA,PULAU Corporation - 891,2025-04-25,32.0,,Layoff Permanent,ca_2024_25.pdf
CA,"Building Robotics, Inc.",2025-04-25,48.0,,Closure Permanent,ca_2024_25.pdf
CA,MV Transportation 4512,2025-04-28,19.0,,Layoff Permanent,ca_2024_25.pdf
CA,MV Transportation 4499,2025-04-28,81.0,,Layoff Permanent,ca_2024_25.pdf
CA,T. Marzetti,2025-04-28,78.0,,Closure Permanent,ca_2024_25.pdf
CA,"Primo Brands, Inc.",2025-04-28,38.0,,Closure Permanent,ca_2024_25.pdf
CA,Cardinal,2025-04-28,45.0,,Layoff Permanent,ca_2024_25.pdf
CA,MV Transportation - 3990,2025-04-28,37.0,,Layoff Permanent,ca_2024_25.pdf
CA,MV Transportation - 2240,2025-04-28,197.0,,Layoff Permanent,ca_2024_25.pdf
CA,MV Transportation - 13550,2025-04-28,6.0,,Layoff Permanent,ca_2024_25.pdf
CA,"NetApp, Inc.",2025-04-28,56.0,,Layoff Permanent,ca_2024_25.pdf
CA,Kaiser Foundation Hospitals 1600,2025-04-28,1.0,,Layoff Permanent,ca_2024_25.pdf
CA,Kaiser Foundation Hospitals 1660,2025-04-28,5.0,,Layoff Permanent,ca_2024_25.pdf
CA,Kaiser Foundation Hospitals 2025,2025-04-28,1.0,,Layoff Permanent,ca_2024_25.pdf
CA,Kaiser Foundation Hospitals 401,2025-04-28,1.0,,Layoff Permanent,ca_2024_25.pdf
CA,23andMe,2025-04-28,250.0,,Closure Permanent,ca_2024_25.pdf
CA,"Center Point, Inc. (4001)",2025-04-28,18.0,,Layoff Permanent,ca_2024_25.pdf
CA,"Center Point, Inc. (5905)",2025-04-28,12.0,,Layoff Permanent,ca_2024_25.pdf
CA,"Center Point, Inc. (475-750)",2025-04-28,20.0,,Layoff Permanent,ca_2024_25.pdf
CA,"Center Point, Inc. (San Quentin)",2025-04-28,14.0,,Layoff Permanent,ca_2024_25.pdf
CA,"Center Point, Inc. 100 Prison Rd.",2025-04-28,17.0,,Layoff Permanent,ca_2024_25.pdf
CA,"Center Point, Inc. (300 Prison)",2025-04-28,20.0,,Layoff Permanent,ca_2024_25.pdf
CA,"Center Point, Inc. (7707 Austin)",2025-04-28,20.0,,Layoff Permanent,ca_2024_25.pdf
CA,"Center Point, Inc. (2100)",2025-04-28,22.0,,Layoff Permanent,ca_2024_25.pdf
CA,"Center Point, Inc. (1600)",2025-04-28,15.0,,Layoff Permanent,ca_2024_25.pdf
CA,"Center Point, Inc. (5100)",2025-04-28,17.0,,Layoff Permanent,ca_2024_25.pdf
CA,CJ Logistics America,2025-04-29,111.0,,Closure Permanent,ca_2024_25.pdf
CA,Thermo Fisher Scientific,2025-04-29,11.0,,Closure Permanent,ca_2024_25.pdf
CA,Van's Corporate Headquarters,2025-04-29,82.0,,Layoff Permanent,ca_2024_25.pdf
CA,"GXO Logistics Supply Chain, Inc.",2025-04-29,41.0,,Layoff Permanent,ca_2024_25.pdf
CA,"NGM Biopharmaceuticals, Inc.",2025-04-29,85.0,,Layoff Permanent,ca_2024_25.pdf
CA,Pride Industries,2025-04-29,58.0,,"Layoff Not known at
this time",ca_2024_25.pdf
CA,Elijah House Foundation,2025-04-29,15.0,,Layoff Permanent,ca_2024_25.pdf
CA,Elijah House Foundation,2025-04-29,31.0,,Layoff Permanent,ca_2024_25.pdf
CA,Elijah House Foundation,2025-04-29,31.0,,Layoff Permanent,ca_2024_25.pdf
CA,Sky Zone,2025-04-30,56.0,,Closure Permanent,ca_2024_25.pdf
CA,"Newark Group, Inc.",2025-04-30,74.0,,Closure Permanent,ca_2024_25.pdf
CA,4670 Unitek Learning Education Group Corp.,2025-04-30,6.0,,Layoff Permanent,ca_2024_25.pdf
CA,21615 Unitek Learning Education Group Corp.,2025-04-30,2.0,,Layoff Permanent,ca_2024_25.pdf
CA,1401 Unitek Learning Education Group Corp.,2025-04-30,4.0,,Layoff Permanent,ca_2024_25.pdf
CA,333 Unitek Learning Education Group Corp.,2025-04-30,4.0,,Layoff Permanent,ca_2024_25.pdf
CA,1401 Unitek Learning Education Group Corp.,2025-04-30,3.0,,Layoff Permanent,ca_2024_25.pdf
CA,HUB Unitek Learning Education Group Corp.,2025-04-30,29.0,,Layoff Permanent,ca_2024_25.pdf
CA,4330 Unitek Learning Education Group Corp.,2025-04-30,3.0,,Layoff Permanent,ca_2024_25.pdf
CA,257 Unitek Learning Education Group Corp.,2025-04-30,1.0,,Layoff Permanent,ca_2024_25.pdf
CA,6800 Unitek Learning Education Group Corp.,2025-04-30,2.0,,Layoff Permanent,ca_2024_25.pdf
CA,St. Vincent's School for Boys,2025-04-30,52.0,,Closure Permanent,ca_2024_25.pdf
CA,Community Action Marin,2025-04-30,43.0,,Layoff Permanent,ca_2024_25.pdf
CA,Downtown College Preparatory - Alum Rock Middle School,2025-04-30,20.0,,Closure Permanent,ca_2024_25.pdf
CA,Downtown College Preparatory - Administrative Offices,2025-04-30,9.0,,Closure Permanent,ca_2024_25.pdf
CA,Downtown College Preparatory - El Primero High School,2025-04-30,48.0,,Closure Permanent,ca_2024_25.pdf
CA,Downtown College Preparatory - El Camino Middle School,2025-04-30,22.0,,Closure Permanent,ca_2024_25.pdf
CA,Sonoco,2025-05-01,46.0,,Closure Permanent,ca_2024_25.pdf
CA,DHL Supply Chain,2025-05-01,346.0,,Closure Permanent,ca_2024_25.pdf
CA,Urban Alchemy,2025-05-01,57.0,,Layoff Permanent,ca_2024_25.pdf
CA,"tkMomentum, Inc.",2025-05-01,4.0,,Layoff Permanent,ca_2024_25.pdf
CA,tkMomentum Inc. (251 Auburn),2025-05-01,16.0,,Layoff Permanent,ca_2024_25.pdf
CA,"tkMomentum, Inc.",2025-05-01,60.0,,Layoff Permanent,ca_2024_25.pdf
CA,Pliant Therapeutics,2025-05-01,69.0,,Layoff Permanent,ca_2024_25.pdf
CA,"Ford, Walker, Haggerty & Behar, LLP (FWHB)",2025-05-01,2.0,,Closure Permanent,ca_2024_25.pdf
CA,"Ford, Walker, Haggerty & Behar, LLP (FWHB)",2025-05-01,131.0,,Closure Permanent,ca_2024_25.pdf
CA,"(Remote Employees) Ford, Walker, Haggerty & Behar, LLP
(FWHB)",2025-05-01,81.0,,Closure Permanent,ca_2024_25.pdf
CA,"Ford, Walker, Haggerty & Behar, LLP (FWHB)",2025-05-01,9.0,,Closure Permanent,ca_2024_25.pdf
CA,"Ford, Walker, Haggerty & Behar, LLP (FWHB)",2025-05-01,3.0,,Closure Permanent,ca_2024_25.pdf
CA,"Ford, Walker, Haggerty & Behar, LLP (FWHB)",2025-05-01,6.0,,Closure Permanent,ca_2024_25.pdf
CA,"Ford, Walker, Haggerty & Behar, LLP (FWHB)",2025-05-01,11.0,,Closure Permanent,ca_2024_25.pdf
CA,Primo Brands,2025-05-02,11.0,,Closure Permanent,ca_2024_25.pdf
CA,"MemorialCare Long Beach Medical Center and Women's
Hospital Long Beach",2025-05-02,115.0,,Layoff Permanent,ca_2024_25.pdf
CA,Primo Brands,2025-05-02,8.0,,Closure Permanent,ca_2024_25.pdf
CA,Atria Wealth Solutions,2025-05-02,82.0,,Layoff Permanent,ca_2024_25.pdf
CA,Primo Brands,2025-05-02,6.0,,Closure Permanent,ca_2024_25.pdf
CA,Primo Brands,2025-05-02,6.0,,Closure Permanent,ca_2024_25.pdf
CA,Chevron (100),2025-05-02,18.0,,Layoff Permanent,ca_2024_25.pdf
CA,Chevron (850),2025-05-02,13.0,,Layoff Permanent,ca_2024_25.pdf
CA,Chevron,2025-05-02,14.0,,Layoff Permanent,ca_2024_25.pdf
CA,Chevron,2025-05-02,20.0,,Layoff Permanent,ca_2024_25.pdf
CA,Anthony International,2025-05-05,325.0,,Layoff Temporary,ca_2024_25.pdf
CA,SSB Manufacturing Company,2025-05-05,180.0,,Closure Permanent,ca_2024_25.pdf
CA,"Thrifty Payless, Inc. (Rite Aide)",2025-05-05,297.0,,Layoff Permanent,ca_2024_25.pdf
CA,L.A. Turbine,2025-05-06,34.0,,Closure Permanent,ca_2024_25.pdf
CA,Air Distribution Technologies,2025-05-06,111.0,,Closure Permanent,ca_2024_25.pdf
CA,"10x Genomics, Inc. (5500)",2025-05-06,3.0,,Layoff Permanent,ca_2024_25.pdf
CA,"10x Genomics, Inc. (6210)",2025-05-06,2.0,,Layoff Permanent,ca_2024_25.pdf
CA,"10x Genomics, Inc. (6230)",2025-05-06,88.0,,Layoff Permanent,ca_2024_25.pdf
CA,Surfair Mobility,2025-05-07,1.0,,Layoff Permanent,ca_2024_25.pdf
CA,Lamps Plus,2025-05-07,3.0,,Closure Permanent,ca_2024_25.pdf
CA,Reyes Coca-Cola Bottling,2025-05-08,62.0,,Closure Permanent,ca_2024_25.pdf
CA,"Insitro, Inc.",2025-05-08,63.0,,Layoff Permanent,ca_2024_25.pdf
CA,Colosseum Athletics,2025-05-09,35.0,,Layoff Permanent,ca_2024_25.pdf
CA,RTX,2025-05-09,1.0,,Layoff Permanent,ca_2024_25.pdf
CA,First Student,2025-05-09,88.0,,Layoff Permanent,ca_2024_25.pdf
CA,Kaiser Foundation Hospitals,2025-05-12,1.0,,Layoff Permanent,ca_2024_25.pdf
CA,Kaiser Foundation Hospitals (1450),2025-05-12,1.0,,Layoff Permanent,ca_2024_25.pdf
CA,Kaiser Foundation Hospitals (1460),2025-05-12,1.0,,Layoff Permanent,ca_2024_25.pdf
CA,Wells Fargo - 1655,2025-05-13,4.0,,Layoff Permanent,ca_2024_25.pdf
CA,Wells Fargo -1755,2025-05-13,6.0,,Layoff Permanent,ca_2024_25.pdf
CA,Microsoft - 770,2025-05-13,1.0,,Layoff Permanent,ca_2024_25.pdf
CA,Microsoft - 3201,2025-05-13,3.0,,Layoff Permanent,ca_2024_25.pdf
CA,Microsoft - 1045,2025-05-13,82.0,,Layoff Permanent,ca_2024_25.pdf
CA,"L&T Precision, LLC",2025-05-13,81.0,,Closure Permanent,ca_2024_25.pdf
CA,Chegg,2025-05-13,88.0,,Layoff Permanent,ca_2024_25.pdf
CA,"Delicato Vineyards, LLC dba Delicato Family Wines",2025-05-14,15.0,,"Closure Not known at
this time",ca_2024_25.pdf
CA,"Lakeshore Learning Materials, LLC - 2695",2025-05-14,50.0,,Layoff Permanent,ca_2024_25.pdf
CA,"Lakeshore Leaning Materials, LLC - 2649",2025-05-14,10.0,,Layoff Permanent,ca_2024_25.pdf
CA,"Lakeshore Learning Materials, LLC - 20974",2025-05-14,21.0,,Layoff Permanent,ca_2024_25.pdf
CA,Lakeshore Learning Materials - 2915,2025-05-14,10.0,,Layoff Permanent,ca_2024_25.pdf
CA,"Lakeshore Learning Materials, LLC - 2161",2025-05-14,109.0,,Layoff Permanent,ca_2024_25.pdf
CA,Amazon (SJC11 Facility),2025-05-15,33.0,,Layoff Permanent,ca_2024_25.pdf
CA,Amazon (SJC14 Facility),2025-05-15,6.0,,Layoff Permanent,ca_2024_25.pdf
CA,Amazon (SJC31 Facility),2025-05-15,5.0,,Layoff Permanent,ca_2024_25.pdf
CA,Amazon (SJC32 Facility),2025-05-15,8.0,,Layoff Permanent,ca_2024_25.pdf
CA,UPS,2025-05-15,355.0,,Layoff Permanent,ca_2024_25.pdf
CA,"Niantic, Inc.",2025-05-16,5.0,,Layoff Permanent,ca_2024_25.pdf
CA,"PMAB-5, LLC",2025-05-16,63.0,,Layoff Permanent,ca_2024_25.pdf
CA,Seasons 52,2025-05-19,85.0,,Closure Permanent,ca_2024_25.pdf
CA,Kaiser Foundation Hospitals,2025-05-19,2.0,,Layoff Permanent,ca_2024_25.pdf
CA,Kaiser Foundation Hospitals,2025-05-19,2.0,,Layoff Permanent,ca_2024_25.pdf
CA,Kaiser Foundation Hospitals,2025-05-19,1.0,,Layoff Permanent,ca_2024_25.pdf
CA,"Tend Exchange Subsidiary LLC and Delaware Tender Staffing
LLC",2025-05-20,,,Closure Permanent,ca_2024_25.pdf
CA,Cruise LLC,2025-05-20,22.0,,Layoff Permanent,ca_2024_25.pdf
CA,Eikon Therapeutics Inc.,2025-05-21,55.0,,Layoff Permanent,ca_2024_25.pdf
CA,Allergan Aesthetics,2025-05-21,202.0,,Layoff Permanent,ca_2024_25.pdf
CA,"Creative Stone Mfg. Inc., DBA Coronado Stone Products",2025-05-21,39.0,,Closure Permanent,ca_2024_25.pdf
CA,NBCUniversal Media (Bldg. 1440),2025-05-21,13.0,,Layoff Permanent,ca_2024_25.pdf
CA,"NBCUniversal Media (Bldgs. 1280, 1320, 1360, and 4250)",2025-05-21,41.0,,Layoff Permanent,ca_2024_25.pdf
CA,AAPC Lounge Services,2025-05-22,130.0,,Layoff Permanent,ca_2024_25.pdf
CA,Six Flags Entertainment Corporation,2025-05-22,56.0,,Layoff Permanent,ca_2024_25.pdf
CA,Six Flags Entertainment Corporation,2025-05-22,65.0,,Layoff Permanent,ca_2024_25.pdf
CA,Six Flags Entertainment Corporation,2025-05-22,19.0,,Layoff Permanent,ca_2024_25.pdf
CA,Hewlett Packard Enterprise Company (HPE),2025-05-22,61.0,,Layoff Permanent,ca_2024_25.pdf
CA,"Pivot Bio, Inc.",2025-05-22,62.0,,Closure Permanent,ca_2024_25.pdf
CA,Advanced Pressure Technology,2025-05-23,88.0,,Layoff Permanent,ca_2024_25.pdf
CA,Walmart,2025-05-23,106.0,,Layoff Permanent,ca_2024_25.pdf
CA,"GTM Wholesale Liquidators, Inc. dba GTM Discount General
Store",2025-05-23,13.0,,Closure Permanent,ca_2024_25.pdf
CA,"GTM Wholesale Liquidators dba GTM Discount General Store -
Santee Store",2025-05-23,9.0,,Layoff Permanent,ca_2024_25.pdf
CA,"GTM Wholesale Liquidators, Inc. dba GTM Discount General
Store - Chula Vista Store",2025-05-23,9.0,,Layoff Permanent,ca_2024_25.pdf
CA,"GTM Wholesale Liquidators DBA Discount General Store -
Warehouse",2025-05-23,18.0,,Layoff Permanent,ca_2024_25.pdf
CA,Walmart (640),2025-05-23,129.0,,Layoff Permanent,ca_2024_25.pdf
CA,Walmart (840),2025-05-23,135.0,,Layoff Permanent,ca_2024_25.pdf
CA,Walmart (860),2025-05-23,98.0,,Layoff Permanent,ca_2024_25.pdf
CA,Walmart (680),2025-05-23,19.0,,Layoff Permanent,ca_2024_25.pdf
CA,CVS Health,2025-05-24,6.0,,Closure Permanent,ca_2024_25.pdf
CA,Wells Fargo,2025-05-27,1.0,,Layoff Permanent,ca_2024_25.pdf
CA,LinkedIn Corporation,2025-05-27,60.0,,Layoff Permanent,ca_2024_25.pdf
CA,LinkedIn Corporation,2025-05-27,11.0,,Layoff Permanent,ca_2024_25.pdf
CA,LinkedIn Corporation,2025-05-27,51.0,,Layoff Permanent,ca_2024_25.pdf
CA,LinkedIn Corporation,2025-05-27,159.0,,Layoff Permanent,ca_2024_25.pdf
CA,"Liberty Residential Services, Inc. (2915)",2025-05-27,35.0,,Layoff Permanent,ca_2024_25.pdf
CA,"Liberty Residential Services, Inc. (1404)",2025-05-27,31.0,,Layoff Permanent,ca_2024_25.pdf
CA,"Liberty Residential Services, Inc.",2025-05-27,6.0,,Layoff Permanent,ca_2024_25.pdf
CA,Google - Borregas,2025-05-28,11.0,,Layoff Permanent,ca_2024_25.pdf
CA,Google - Bordeaux,2025-05-28,33.0,,Layoff Permanent,ca_2024_25.pdf
CA,Google - Borregas,2025-05-28,1.0,,Layoff Permanent,ca_2024_25.pdf
CA,Google - Moffett,2025-05-28,8.0,,Layoff Permanent,ca_2024_25.pdf
CA,Amtrak - Lancaster LCS,2025-05-28,19.0,,"Layoff Not known at
this time",ca_2024_25.pdf
CA,Amtrak - Los Angeles (LMK),2025-05-28,86.0,,"Layoff Not known at
this time",ca_2024_25.pdf
CA,Amtrak - Santa Fe Depot,2025-05-28,5.0,,"Layoff Not known at
this time",ca_2024_25.pdf
CA,Amtrak San Bernardino Downtown SNB,2025-05-28,99.0,,"Layoff Not known at
this time",ca_2024_25.pdf
CA,Amtrak - Stuart Mesa Mechanical Facility (OSD),2025-05-28,9.0,,"Layoff Not known at
this time",ca_2024_25.pdf
CA,Amtrak - Moorpark,2025-05-28,9.0,,"Layoff Not known at
this time",ca_2024_25.pdf
CA,Earl of Sandwich Tavern Restaurant,2025-05-29,167.0,,Closure Permanent,ca_2024_25.pdf
CA,"Genentech, Inc.",2025-05-29,143.0,,Layoff Permanent,ca_2024_25.pdf
CA,"Memorial Care Long Beach Medical Center and Miller
Children's and Women's Hospital",2025-05-29,22.0,,Layoff Permanent,ca_2024_25.pdf
CA,"All-Rite Leasing, Inc.",2025-05-29,111.0,,Closure Permanent,ca_2024_25.pdf
CA,"All-Rite Leasing, Inc.",2025-05-29,132.0,,Closure Permanent,ca_2025_26.xlsx
CA,"Reyes Coca-Cola Bottling, L.L.C.",2025-05-30,81.0,,Closure Permanent,ca_2024_25.pdf
CA,Alticor Inc.,2025-05-30,26.0,,Closure Permanent,ca_2024_25.pdf
CA,Menzies Aviation,2025-05-30,46.0,,"Layoff Not known at
this time",ca_2024_25.pdf
CA,Cruise LLC,2025-05-30,1.0,,Layoff Permanent,ca_2024_25.pdf
CA,JAI's Inc.,2025-05-30,7.0,,Closure Permanent,ca_2024_25.pdf
CA,"Central Valley Training Center, Inc.",2025-06-02,63.0,,Closure Permanent,ca_2024_25.pdf
CA,Microsoft - 1045,2025-06-02,7.0,,Layoff Permanent,ca_2024_25.pdf
CA,Microsoft - 445 & 455,2025-06-02,1.0,,Layoff Permanent,ca_2024_25.pdf
CA,Kaiser Foundation Hospitals - Berkeley,2025-06-02,4.0,,Layoff Permanent,ca_2024_25.pdf
CA,Kaiser Foundation - Fremont,2025-06-02,1.0,,Layoff Permanent,ca_2024_25.pdf
CA,Kaiser Foundation Hospitals - Oakland,2025-06-02,13.0,,Layoff Permanent,ca_2024_25.pdf
CA,Kaiser Foundation Hospitals - Pleasanton,2025-06-02,20.0,,Layoff Permanent,ca_2024_25.pdf
CA,Kaiser Foundation Hospitals - Harbor City,2025-06-02,1.0,,Layoff Permanent,ca_2024_25.pdf
CA,Kaiser Foundation Hospitals - 74 N. Pasadena,2025-06-02,1.0,,Layoff Permanent,ca_2024_25.pdf
CA,Kaiser Foundation Hospitals - 393 E. Walnut,2025-06-02,2.0,,Layoff Permanent,ca_2024_25.pdf
CA,Kaiser Foundation Hospitals - 75 Fair Oaks Ave.,2025-06-02,2.0,,Layoff Permanent,ca_2024_25.pdf
CA,Kaiser Foundation Hospitals - 99 S Oakland Ave,2025-06-02,5.0,,Layoff Permanent,ca_2024_25.pdf
CA,Kaiser Foundation Hospitals - Yorba Linda,2025-06-02,1.0,,Layoff Permanent,ca_2024_25.pdf
CA,Kaiser Foundation Hospitals - Irvine,2025-06-02,1.0,,Layoff Permanent,ca_2024_25.pdf
CA,Kaiser Foundation Hospitals - Roseville,2025-06-02,1.0,,Layoff Permanent,ca_2024_25.pdf
CA,Kaiser Foundation Hospitals - San Diego,2025-06-02,1.0,,Layoff Permanent,ca_2024_25.pdf
CA,Kaiser Foundation Hospitals - San Francisco,2025-06-02,1.0,,Layoff Permanent,ca_2024_25.pdf
CA,Kaiser Foundation Hospitals - Vallejo,2025-06-02,1.0,,Layoff Permanent,ca_2024_25.pdf
CA,Accelerate360 Distribution LLC,2025-06-02,66.0,,Closure Permanent,ca_2024_25.pdf
CA,Inland Empire Job Corps Center,2025-06-02,134.0,,Closure Permanent,ca_2024_25.pdf
CA,Prothena Biosciences Inc,2025-06-02,91.0,,Layoff Permanent,ca_2024_25.pdf
CA,Mission Linen Supply,2025-06-03,82.0,,Layoff Permanent,ca_2024_25.pdf
CA,Management & Training Corporation - Los Angeles Job Corps,2025-06-04,226.0,,Closure Permanent,ca_2024_25.pdf
CA,"Swat Fame, Inc.",2025-06-04,201.0,,Closure Permanent,ca_2024_25.pdf
CA,Harpoon Henry's Seafood Restaurant,2025-06-04,159.0,,Layoff Permanent,ca_2024_25.pdf
CA,Management & Training Corporation - San Diego Job Corps,2025-06-04,199.0,,Closure Permanent,ca_2024_25.pdf
CA,"Michaels Stores Procurement, Inc.",2025-06-04,229.0,,Closure Permanent,ca_2024_25.pdf
CA,"Sapango Inc., dba Tre Posti",2025-06-05,130.0,,Closure Permanent,ca_2024_25.pdf
CA,"Loreto R. Sicam Jr, DMD, Inc.",2025-06-06,6.0,,Closure Temporary,ca_2024_25.pdf
CA,Blue Diamond Growers,2025-06-09,632.0,,Closure Permanent,ca_2024_25.pdf
CA,Kaiser Foundation Hospitals,2025-06-09,1.0,,Layoff Permanent,ca_2024_25.pdf
CA,Kaiser Foundation Hospitals,2025-06-09,5.0,,Layoff Permanent,ca_2024_25.pdf
CA,"Frito-Lay, Inc.",2025-06-09,432.0,,Layoff Permanent,ca_2024_25.pdf
CA,Boston Scientific Corporation,2025-06-10,23.0,,Layoff Permanent,ca_2024_25.pdf
CA,"Career Systems Development Corporation - San Jose Job
Corps Center",2025-06-10,133.0,,Closure Permanent,ca_2024_25.pdf
CA,Corteva Agriscience,2025-06-10,11.0,,Layoff Permanent,ca_2024_25.pdf
CA,Del Frisco's Double Eagle Steakhouse,2025-06-10,60.0,,Closure Permanent,ca_2024_25.pdf
CA,Renesas Electronics Corporation - San Jose Campus,2025-06-10,17.0,,Layoff Permanent,ca_2024_25.pdf
CA,Renesas Electronics Corporation - Milpitas Campus,2025-06-10,39.0,,Layoff Permanent,ca_2024_25.pdf
CA,Crothall Healthcare - Lakewood Regional Medical Center,2025-06-10,39.0,,Layoff Permanent,ca_2024_25.pdf
CA,Morrison Healthcare - Lakewood Regional Medical Center,2025-06-10,40.0,,Layoff Permanent,ca_2024_25.pdf
CA,Morrison Healthcare - Placentia Linda Hospital,2025-06-10,21.0,,Layoff Permanent,ca_2024_25.pdf
CA,Crothall Healthcare - Los Alamitos Medical Center,2025-06-10,41.0,,Layoff Permanent,ca_2024_25.pdf
CA,Morrison Healthcare - Los Alamitos Medical Center,2025-06-10,32.0,,Layoff Permanent,ca_2024_25.pdf
CA,"Gilead Sciences, Inc.",2025-06-11,36.0,,Layoff Permanent,ca_2024_25.pdf
CA,Robert Kaufman Co.,2025-06-13,1.0,,Closure Permanent,ca_2024_25.pdf
CA,"CRST Expedited, Inc. dba CRST The Transportation Solution,
Inc.",2025-06-16,115.0,,Closure Permanent,ca_2024_25.pdf
CA,"MemorialCare Long Beach Medical Center and Miller
Children's and Women's Hospital",2025-06-16,58.0,,Layoff Permanent,ca_2024_25.pdf
CA,"CRST Expedited, Inc. dba CRST The Transportation Solution,
Inc.",2025-06-16,104.0,,Layoff Permanent,ca_2024_25.pdf
CA,"CRST Expedited, Inc. dba CRST The Transportation Solution,
Inc.",2025-06-16,4.0,,Layoff Permanent,ca_2024_25.pdf
CA,"Planned Parenthood Mar Monte, Inc.",2025-06-16,10.0,,Layoff Permanent,ca_2024_25.pdf
CA,Kaiser Foundation Hospitals,2025-06-16,3.0,,Layoff Permanent,ca_2024_25.pdf
CA,Kaiser Foundation Hospitals,2025-06-16,3.0,,Layoff Permanent,ca_2024_25.pdf
CA,Kaiser Foundation Hospitals,2025-06-16,3.0,,Layoff Permanent,ca_2024_25.pdf
CA,Kaiser Foundation Hospitals (74 N),2025-06-16,1.0,,Layoff Permanent,ca_2024_25.pdf
CA,Kaiser Foundation Hospitals,2025-06-16,1.0,,Layoff Permanent,ca_2024_25.pdf
CA,Safeway Inc.,2025-06-16,3.0,,Closure Permanent,ca_2024_25.pdf
CA,LPL Financial LLC,2025-06-17,70.0,,Layoff Permanent,ca_2024_25.pdf
CA,Paramount Global -1575 Gower,2025-06-17,41.0,,Layoff Permanent,ca_2024_25.pdf
CA,Paramount Global - 5555 Melrose,2025-06-17,47.0,,Layoff Permanent,ca_2024_25.pdf
CA,"McDonald's Restaurants of California, Inc.",2025-06-18,87.0,,Layoff Temporary,ca_2024_25.pdf
CA,"Scout Distribution, LLC - City of Industry",2025-06-18,87.0,,Layoff Permanent,ca_2024_25.pdf
CA,"Scout Distribution, LLC - San Diego",2025-06-18,5.0,,Layoff Permanent,ca_2024_25.pdf
CA,Intel Corporation - Robert Noyce Building,2025-06-18,76.0,,Layoff Permanent,ca_2024_25.pdf
CA,Intel Corporation - SC-9,2025-06-18,2.0,,Layoff Permanent,ca_2024_25.pdf
CA,Intel Corporation - SC-11,2025-06-18,3.0,,Layoff Permanent,ca_2024_25.pdf
CA,Intel Corporation - SC-12,2025-06-18,26.0,,Layoff Permanent,ca_2024_25.pdf
CA,Five Guys Operations,2025-06-20,17.0,,Closure Permanent,ca_2024_25.pdf
CA,Oxford Social Club,2025-06-20,26.0,,Closure Permanent,ca_2024_25.pdf
CA,"Prospect Medical Systems, LLC",2025-06-20,125.0,,Layoff Permanent,ca_2024_25.pdf
CA,Mucci Tehachapi Inc.,2025-06-23,21.0,,Closure Permanent,ca_2024_25.pdf
CA,Ball Horticultural Company,2025-06-24,33.0,,Closure Permanent,ca_2024_25.pdf
CA,Pacific Premier Bank,2025-06-24,78.0,,Layoff Permanent,ca_2024_25.pdf
CA,The Trevor Project,2025-06-25,12.0,,Layoff Permanent,ca_2024_25.pdf
CA,Joe's Crab Shack,2025-06-25,61.0,,Closure Permanent,ca_2024_25.pdf
CA,Cushman & Wakefield (222),2025-06-25,10.0,,Layoff Permanent,ca_2024_25.pdf
CA,Cushman & Wakefield (543),2025-06-25,1.0,,Layoff Permanent,ca_2024_25.pdf
CA,Cushman & Wakefield,2025-06-25,6.0,,Layoff Permanent,ca_2024_25.pdf
CA,Cushman & Wakefield (401),2025-06-25,1.0,,Layoff Permanent,ca_2024_25.pdf
CA,Cushman & Wakefield (455),2025-06-25,2.0,,Layoff Permanent,ca_2024_25.pdf
CA,Cushman & Wakefield (1000),2025-06-25,12.0,,Layoff Permanent,ca_2024_25.pdf
CA,Cushman & Wakefield (845),2025-06-25,49.0,,Layoff Permanent,ca_2024_25.pdf
CA,Richland Ace Hardware,2025-06-25,10.0,,Closure Permanent,ca_2024_25.pdf
CA,Intel Corporation - Robert Noyce,2025-06-25,57.0,,Layoff Permanent,ca_2024_25.pdf
CA,Intel Corporation - SC-1 3065 Bowers,2025-06-25,1.0,,Layoff Permanent,ca_2024_25.pdf
CA,Intel Corporation - SC-2,2025-06-25,1.0,,Layoff Permanent,ca_2024_25.pdf
CA,Intel Corporation - SC-9,2025-06-25,4.0,,Layoff Permanent,ca_2024_25.pdf
CA,Intel Corporation - SC-11,2025-06-25,2.0,,Layoff Permanent,ca_2024_25.pdf
CA,Intel Corporation,2025-06-25,45.0,,Layoff Permanent,ca_2024_25.pdf
CA,Intel Corporation,2025-06-25,54.0,,Layoff Permanent,ca_2024_25.pdf
CA,"Van Law Food Products, Inc.",2025-06-26,89.0,,Layoff Permanent,ca_2024_25.pdf
CA,"Beachbody, LLC",2025-06-26,70.0,,Layoff Permanent,ca_2024_25.pdf
CA,"genentech, Inc.",2025-06-26,141.0,,Layoff Permanent,ca_2025_26.xlsx
CA,Pier 15 Logistics LLC Amazon Delivery Station - HLA1,2025-06-27,50.0,,Closure Permanent,ca_2024_25.pdf
CA,Pocino Foods Company,2025-06-27,124.0,,Closure Permanent,ca_2025_26.xlsx
CA,Bicycle Transit Systems,2025-06-30,65.0,,Layoff Permanent,ca_2024_25.pdf
CA,Araca Ink LLC,2025-06-30,64.0,,Layoff Permanent,ca_2024_25.pdf
CA,"Supernal, LLC - 401",2025-06-30,27.0,,Layoff Permanent,ca_2024_25.pdf
CA,"Supernal, LLC - 1062",2025-06-30,1.0,,Layoff Permanent,ca_2024_25.pdf
CA,"Supernal, LLC - 15555",2025-06-30,20.0,,Layoff Permanent,ca_2024_25.pdf
CA,"Supernal, LLC - 117",2025-06-30,5.0,,Layoff Permanent,ca_2024_25.pdf
CA,Marketing.com,2025-06-30,72.0,,Closure Permanent,ca_2024_25.pdf
CA,Ford Design Studio,2025-06-30,263.0,,Closure Permanent,ca_2025_26.xlsx
CA,Sharp HealthCare - 8695,2025-06-30,244.0,,Layoff Permanent,ca_2025_26.xlsx
CA,Sharp HealthCare - 751,2025-06-30,34.0,,Layoff Permanent,ca_2025_26.xlsx
CA,Sharp HealthCare - 250,2025-06-30,1.0,,Layoff Permanent,ca_2025_26.xlsx
CA,Sharp HealthCare - 5555,2025-06-30,40.0,,Layoff Permanent,ca_2025_26.xlsx
CA,Sharp HealthCare - 7901,2025-06-30,62.0,,Layoff Permanent,ca_2025_26.xlsx
CA,Sharp HealthCare - 5651,2025-06-30,13.0,,Layoff Permanent,ca_2025_26.xlsx
CA,Republic National Distributing Company,2025-07-01,104.0,,Closure Permanent,ca_2025_26.xlsx
CA,Santa Fe Springs Swap Meet,2025-07-01,109.0,,Layoff Not known at this time,ca_2025_26.xlsx
CA,"Young's Market Company, LLC dba Republic National Distributing Company",2025-07-01,176.0,,Closure Permanent,ca_2025_26.xlsx
CA,Republic National Distributing Company (14352),2025-07-01,79.0,,Closure Permanent,ca_2025_26.xlsx
CA,Republic National Distributing Company (14402),2025-07-01,561.0,,Closure Permanent,ca_2025_26.xlsx
CA,"Republic National Distributing Company, LLC",2025-07-01,238.0,,Closure Permanent,ca_2025_26.xlsx
CA,Republic National Distributing Company,2025-07-01,226.0,,Closure Permanent,ca_2025_26.xlsx
CA,"Young's Market Company, LLC dba Republic National Distributing Company",2025-07-01,80.0,,Closure Permanent,ca_2025_26.xlsx
CA,Republic National Distributing Company,2025-07-01,156.0,,Closure Permanent,ca_2025_26.xlsx
CA,"Young's Market Company, LLC dba Republic National Distributing Company",2025-07-01,136.0,,Closure Permanent,ca_2025_26.xlsx
CA,Coastal Trading Ventures,2025-07-02,74.0,,Layoff Permanent,ca_2025_26.xlsx
CA,Activision Blizzard,2025-07-02,73.0,,Layoff Permanent,ca_2025_26.xlsx
CA,"Cruise, LLC - 640 Cesar Chavez",2025-07-03,2.0,,Layoff Permanent,ca_2025_26.xlsx
CA,"Cruise, LLC - 1201 Bryant",2025-07-03,85.0,,Layoff Permanent,ca_2025_26.xlsx
CA,"Cruise, LLC - 840 W",2025-07-03,14.0,,Layoff Permanent,ca_2025_26.xlsx
CA,Paramount Global (1575),2025-07-03,48.0,,Layoff Permanent,ca_2025_26.xlsx
CA,Paramount Global (5555),2025-07-03,61.0,,Layoff Permanent,ca_2025_26.xlsx
CA,(3909) San Diego LGBT Community Center,2025-07-03,60.0,,Layoff Permanent,ca_2025_26.xlsx
CA,(1640) San Diego LGBT Community Center,2025-07-03,7.0,,Layoff Permanent,ca_2025_26.xlsx
CA,(1045) San Diego LGBT Community Center,2025-07-03,6.0,,Layoff Permanent,ca_2025_26.xlsx
CA,(3636) San Diego LGBT Community Center,2025-07-03,20.0,,Layoff Permanent,ca_2025_26.xlsx
CA,(3878) San Diego LGBT Community Center,2025-07-03,3.0,,Layoff Permanent,ca_2025_26.xlsx
CA,(514) San Diego LGBT Community Center,2025-07-03,2.0,,Layoff Permanent,ca_2025_26.xlsx
CA,(1807) San Diego LGBT Community Center,2025-07-03,5.0,,Layoff Permanent,ca_2025_26.xlsx
CA,(3851) San Diego LGBT Community Center,2025-07-03,1.0,,Layoff Permanent,ca_2025_26.xlsx
CA,(1180) San Diego LGBT Community Center,2025-07-03,3.0,,Layoff Permanent,ca_2025_26.xlsx
CA,(3045) San Diego LGBT Community Center,2025-07-03,1.0,,Layoff Permanent,ca_2025_26.xlsx
CA,(134) San Diego LGBT Community Center,2025-07-03,1.0,,Layoff Permanent,ca_2025_26.xlsx
CA,(520) San Diego LGBT Community Center,2025-07-03,1.0,,Layoff Permanent,ca_2025_26.xlsx
CA,(460) San Diego LGBT Community Center,2025-07-03,1.0,,Layoff Permanent,ca_2025_26.xlsx
CA,(131) San Diego LGBT Community Center,2025-07-03,1.0,,Layoff Permanent,ca_2025_26.xlsx
CA,Intel Corporation (Robert Noyce Building),2025-07-07,184.0,,Layoff Permanent,ca_2025_26.xlsx
CA,Intel Corporation (SC-1),2025-07-07,1.0,,Layoff Permanent,ca_2025_26.xlsx
CA,Intel Corporation (SC-2),2025-07-07,1.0,,Layoff Permanent,ca_2025_26.xlsx
CA,Intel Corporation (SC-9),2025-07-07,37.0,,Layoff Permanent,ca_2025_26.xlsx
CA,Intel Corporation (SC-11),2025-07-07,8.0,,Layoff Permanent,ca_2025_26.xlsx
CA,Intel Corporation (SC-12),2025-07-07,179.0,,Layoff Permanent,ca_2025_26.xlsx
CA,Intel Corporation,2025-07-07,174.0,,Layoff Permanent,ca_2025_26.xlsx
CA,Kaiser Foundation Hospitals,2025-07-07,2.0,,Layoff Permanent,ca_2025_26.xlsx
CA,Kaiser Foundation Hospitals,2025-07-07,1.0,,Layoff Permanent,ca_2025_26.xlsx
CA,Kaiser Foundation Hospitals,2025-07-07,1.0,,Layoff Permanent,ca_2025_26.xlsx
CA,"McDonald&rsquo;s Restaurants of California, Inc.",2025-07-08,87.0,,Closure Temporary,ca_2025_26.xlsx
CA,T. Marzetti,2025-07-08,77.0,,Closure Permanent,ca_2025_26.xlsx
CA,Best Buy Health,2025-07-08,161.0,,Closure Permanent,ca_2025_26.xlsx
CA,University of Southern California,2025-07-08,55.0,,Layoff Permanent,ca_2025_26.xlsx
CA,Levy,2025-07-09,276.0,,Closure Permanent,ca_2025_26.xlsx
CA,"Pacira BioSciences, Inc.",2025-07-09,71.0,,Layoff Permanent,ca_2025_26.xlsx
CA,"Planned Parenthood Mar Monte, Inc.",2025-07-09,17.0,,Layoff Permanent,ca_2025_26.xlsx
CA,"GSC Logistics, Inc.",2025-07-10,25.0,,Layoff Permanent,ca_2025_26.xlsx
CA,"GSC National Transportation, Inc",2025-07-10,38.0,,Layoff Permanent,ca_2025_26.xlsx
CA,Quixote Studio Services (1011),2025-07-10,8.0,,Layoff Permanent,ca_2025_26.xlsx
CA,Quixote Studio Services (10252),2025-07-10,11.0,,Layoff Permanent,ca_2025_26.xlsx
CA,Quixote Studio Services (12137),2025-07-10,1.0,,Layoff Permanent,ca_2025_26.xlsx
CA,Quixote Studio Services (10262),2025-07-10,2.0,,Layoff Permanent,ca_2025_26.xlsx
CA,Quixote Studio Services (11473),2025-07-10,37.0,,Layoff Permanent,ca_2025_26.xlsx
CA,Quixote Studio Services (14002),2025-07-10,7.0,,Layoff Permanent,ca_2025_26.xlsx
CA,Quixote Studio Services (13334),2025-07-10,16.0,,Layoff Permanent,ca_2025_26.xlsx
CA,Intel Corporation,2025-07-10,170.0,,Layoff Permanent,ca_2025_26.xlsx
CA,Intel Corporation (Robert Noyce),2025-07-10,203.0,,Layoff Permanent,ca_2025_26.xlsx
CA,Intel Corporation (SC-1),2025-07-10,4.0,,Layoff Permanent,ca_2025_26.xlsx
CA,Intel Corporation (SC-2),2025-07-10,43.0,,Layoff Permanent,ca_2025_26.xlsx
CA,Intel Corporation (SC-9),2025-07-10,16.0,,Layoff Permanent,ca_2025_26.xlsx
CA,Intel Corporation (SC-11),2025-07-10,5.0,,Layoff Permanent,ca_2025_26.xlsx
CA,Intel Corporation (SC-12),2025-07-10,55.0,,Layoff Permanent,ca_2025_26.xlsx
CA,"SenDx Medical, Inc.",2025-07-10,119.0,,Closure Permanent,ca_2025_26.xlsx
CA,"GSC Solutions, Inc.",2025-07-10,32.0,,Layoff Permanent,ca_2025_26.xlsx
CA,Quanex Homeshield LLC,2025-07-11,15.0,,Closure Permanent,ca_2025_26.xlsx
CA,"LMB Mortgage Services, Inc. dba LowerMyBills.com",2025-07-11,38.0,,Layoff Permanent,ca_2025_26.xlsx
CA,Blue Shield of California - Oakland,2025-07-14,70.0,,Layoff Permanent,ca_2025_26.xlsx
CA,"Blue Shield of California - Town Center, Building C",2025-07-14,6.0,,Layoff Permanent,ca_2025_26.xlsx
CA,"Blue shield of California - Town Center, Building B",2025-07-14,32.0,,Layoff Permanent,ca_2025_26.xlsx
CA,Blue Shield of California - Long Beach,2025-07-14,11.0,,Layoff Permanent,ca_2025_26.xlsx
CA,Blue Shield of California - Woodland Hills,2025-07-14,10.0,,Layoff Permanent,ca_2025_26.xlsx
CA,Blue Shield of California - Rancho Cordova,2025-07-14,3.0,,Layoff Permanent,ca_2025_26.xlsx
CA,Blue Shield of California - San Diego,2025-07-14,2.0,,Layoff Permanent,ca_2025_26.xlsx
CA,Blue Shield of California - Lodi,2025-07-14,2.0,,Layoff Permanent,ca_2025_26.xlsx
CA,Blue Shield of California - Redding,2025-07-14,2.0,,Layoff Permanent,ca_2025_26.xlsx
CA,Kaiser Foundation Hospitals - Pleasanton,2025-07-14,2.0,,Layoff Permanent,ca_2025_26.xlsx
CA,Kaiser Foundation Hospitals - Pasadena,2025-07-14,3.0,,Layoff Permanent,ca_2025_26.xlsx
CA,Levi Strauss & Co.,2025-07-14,44.0,,Layoff Permanent,ca_2025_26.xlsx
CA,"Gatan, Inc.",2025-07-15,96.0,,Closure Temporary,ca_2025_26.xlsx
CA,Corteva Agriscience,2025-07-15,4.0,,Layoff Permanent,ca_2025_26.xlsx
CA,Paramount Global,2025-07-15,1.0,,Layoff Permanent,ca_2025_26.xlsx
CA,International Paper Company,2025-07-15,71.0,,Closure Permanent,ca_2025_26.xlsx
CA,KIRA Government Services,2025-07-15,11.0,,Layoff Permanent,ca_2025_26.xlsx
CA,Mental Health Association of San Francisco,2025-07-16,200.0,,Layoff Permanent,ca_2025_26.xlsx
CA,"Genentech, Inc.",2025-07-16,87.0,,Layoff Permanent,ca_2025_26.xlsx
CA,Leah's Pantry,2025-07-16,40.0,,Layoff Permanent,ca_2025_26.xlsx
CA,Leah's Pantry,2025-07-16,40.0,,Layoff Permanent,ca_2025_26.xlsx
CA,E. & J. Gallo Winery,2025-07-17,47.0,,Closure Permanent,ca_2025_26.xlsx
CA,Clark Pacific,2025-07-17,65.0,,Layoff Permanent,ca_2025_26.xlsx
CA,"Oheck, LLC",2025-07-17,174.0,,Closure Permanent,ca_2025_26.xlsx
CA,"Primal Pet Foods, Inc. - Chadbourne",2025-07-17,7.0,,Closure Permanent,ca_2025_26.xlsx
CA,"Primal Pet Foods, Inc.",2025-07-17,10.0,,Closure Permanent,ca_2025_26.xlsx
CA,"Primal Pet Foods, Inc. - Watt",2025-07-17,130.0,,Closure Permanent,ca_2025_26.xlsx
CA,Gee Heavy Machinery,2025-07-18,7.0,,Layoff Permanent,ca_2025_26.xlsx
CA,"Primo Brands, Inc.",2025-07-18,3.0,,Layoff Permanent,ca_2025_26.xlsx
CA,Gee Heavy Machinery,2025-07-18,9.0,,Closure Permanent,ca_2025_26.xlsx
CA,"Primo Brands, Inc.",2025-07-18,3.0,,Layoff Permanent,ca_2025_26.xlsx
CA,"Primo Brands, Inc.",2025-07-18,1.0,,Layoff Permanent,ca_2025_26.xlsx
CA,"L3Harris Technologies, Inc.",2025-07-18,149.0,,Closure Permanent,ca_2025_26.xlsx
CA,"Primo Brands, Inc.",2025-07-18,3.0,,Layoff Permanent,ca_2025_26.xlsx
CA,"Primo Brands, Inc.",2025-07-18,1.0,,Layoff Permanent,ca_2025_26.xlsx
CA,Gee Heavy Machinery,2025-07-18,7.0,,Closure Permanent,ca_2025_26.xlsx
CA,"Primo Brands, Inc.",2025-07-18,4.0,,Layoff Permanent,ca_2025_26.xlsx
CA,AMD Direct Inc.,2025-07-18,7.0,,Closure Permanent,ca_2025_26.xlsx
CA,"Primo Brands, Inc.",2025-07-18,4.0,,Layoff Permanent,ca_2025_26.xlsx
CA,"Primo Brands, Inc.",2025-07-18,4.0,,Layoff Permanent,ca_2025_26.xlsx
CA,"Primo Brands, Inc.",2025-07-18,1.0,,Layoff Permanent,ca_2025_26.xlsx
CA,"Primo Brands, Inc.",2025-07-18,1.0,,Layoff Permanent,ca_2025_26.xlsx
CA,Gee Heavy Machinery,2025-07-18,34.0,,Layoff Permanent,ca_2025_26.xlsx
CA,"Primo Brands, Inc.",2025-07-18,4.0,,Layoff Permanent,ca_2025_26.xlsx
CA,"Primo Brands, Inc.",2025-07-18,1.0,,Layoff Permanent,ca_2025_26.xlsx
CA,"Primo Brands, Inc.",2025-07-18,3.0,,Layoff Permanent,ca_2025_26.xlsx
CA,"Primo Brands, Inc.",2025-07-18,1.0,,Layoff Permanent,ca_2025_26.xlsx
CA,"Primo Brands, Inc.",2025-07-18,1.0,,Layoff Permanent,ca_2025_26.xlsx
CA,"Primo Brands, Inc.",2025-07-18,3.0,,Layoff Permanent,ca_2025_26.xlsx
CA,Ventura Coastal,2025-07-18,70.0,,Layoff Temporary,ca_2025_26.xlsx
CA,SSP America,2025-07-21,116.0,,Layoff Permanent,ca_2025_26.xlsx
CA,Kaiser Foundation Hospitals,2025-07-21,3.0,,Layoff Permanent,ca_2025_26.xlsx
CA,Kaiser Foundation Hospitals,2025-07-21,1.0,,Layoff Permanent,ca_2025_26.xlsx
CA,Lazy Dog,2025-07-21,89.0,,Closure Permanent,ca_2025_26.xlsx
CA,Williamson Morgan & Associates LLC,2025-07-21,22.0,,Layoff Not known at this time,ca_2025_26.xlsx
CA,"US Foods, Inc.",2025-07-22,48.0,,Closure Permanent,ca_2025_26.xlsx
CA,International Flavors & Fragrances,2025-07-22,36.0,,Closure Permanent,ca_2025_26.xlsx
CA,Block By Block-CA,2025-07-24,82.0,,Layoff Permanent,ca_2025_26.xlsx
CA,"Planned Parenthood Mar Monte, Inc.",2025-07-24,4.0,,Layoff Permanent,ca_2025_26.xlsx
CA,Planned Parenthood Mar Monte,2025-07-24,2.0,,Layoff Permanent,ca_2025_26.xlsx
CA,Planned Parenthood Mar Monte,2025-07-24,11.0,,Layoff Permanent,ca_2025_26.xlsx
CA,Planned Parenthood Mar Monte,2025-07-24,2.0,,Layoff Permanent,ca_2025_26.xlsx
CA,"Planned Parenthood Mar Monte, Inc.",2025-07-24,3.0,,Layoff Permanent,ca_2025_26.xlsx
CA,"Planned Parenthood Mar Monte, Inc.",2025-07-24,2.0,,Layoff Permanent,ca_2025_26.xlsx
CA,"Planned Parenthood Mar Monte, Inc.",2025-07-24,10.0,,Layoff Permanent,ca_2025_26.xlsx
CA,"Planned Parenthood Mar Monte, Inc.",2025-07-24,1.0,,Layoff Permanent,ca_2025_26.xlsx
CA,"Planned Parenthood Mar Monte, Inc.",2025-07-24,3.0,,Layoff Permanent,ca_2025_26.xlsx
CA,"Planned Parenthood Mar Monte, Inc.",2025-07-24,13.0,,Layoff Permanent,ca_2025_26.xlsx
CA,"Planned Parenthood Mar Monte, Inc.",2025-07-24,17.0,,Layoff Permanent,ca_2025_26.xlsx
CA,Planned Parenthood Mar Monte,2025-07-24,3.0,,Layoff Permanent,ca_2025_26.xlsx
CA,"Planned Parenthood Mar Monte, Inc.",2025-07-24,9.0,,Layoff Permanent,ca_2025_26.xlsx
CA,"Planned Parenthood Mar Monte, Inc. - 29",2025-07-24,1.0,,Layoff Permanent,ca_2025_26.xlsx
CA,"Planned Parenthood Mar Monte, Inc. 5440",2025-07-24,12.0,,Layoff Permanent,ca_2025_26.xlsx
CA,"Planned Parenthood Mar Monte, Inc. - 3131",2025-07-24,1.0,,Layoff Permanent,ca_2025_26.xlsx
CA,"Planned Parenthood Mar Monte,  Inc. - 1694",2025-07-24,1.0,,Layoff Permanent,ca_2025_26.xlsx
CA,"Planned Parenthood Mar Monte, Inc. - 1691",2025-07-24,1.0,,Layoff Permanent,ca_2025_26.xlsx
CA,Crane Food Services,2025-07-25,85.0,,Layoff Temporary,ca_2025_26.xlsx
CA,"Decra Roofing Systems, Inc.",2025-07-28,57.0,,Closure Permanent,ca_2025_26.xlsx
CA,"CRST Lincoln Sales, Inc. dba CRST Equipment Solutions, Inc.",2025-07-28,10.0,,Layoff Permanent,ca_2025_26.xlsx
CA,"Spiral Binding, LLC",2025-07-28,135.0,,Closure Permanent,ca_2025_26.xlsx
CA,Kaiser Foundation Hospitals,2025-07-28,6.0,,Layoff Permanent,ca_2025_26.xlsx
CA,Kaiser Foundation Hospitals,2025-07-28,4.0,,Layoff Permanent,ca_2025_26.xlsx
CA,Kaiser Foundation Hospitals (393),2025-07-28,1.0,,Layoff Permanent,ca_2025_26.xlsx
CA,Kaiser Foundation Hospitals (74),2025-07-28,1.0,,Layoff Permanent,ca_2025_26.xlsx
CA,Kaiser Foundation Hospitals (99),2025-07-28,3.0,,Layoff Permanent,ca_2025_26.xlsx
CA,Kaiser Foundation Hospitals,2025-07-28,1.0,,Layoff Permanent,ca_2025_26.xlsx
CA,"CRST Expedited, Inc. dba CRST The Transportation Solution",2025-07-28,7.0,,Layoff Permanent,ca_2025_26.xlsx
CA,"Decra Roofing Systems, Inc.",2025-07-28,4.0,,Closure Permanent,ca_2025_26.xlsx
CA,Coastal Trading Ventures,2025-07-29,27.0,,Closure Permanent,ca_2025_26.xlsx
CA,Thermo Fisher Scientific (5823),2025-07-29,52.0,,Layoff Permanent,ca_2025_26.xlsx
CA,Thermo Fisher Scientific (5781),2025-07-29,33.0,,Layoff Permanent,ca_2025_26.xlsx
CA,Galleher LLC,2025-07-29,2.0,,Closure Permanent,ca_2025_26.xlsx
CA,Galleher LLC,2025-07-29,2.0,,Closure Permanent,ca_2025_26.xlsx
CA,"Warner Bros. Discovery, Inc. (100)",2025-07-30,11.0,,Layoff Permanent,ca_2025_26.xlsx
CA,"Warner Bros. Discovery, Inc. (200)",2025-07-30,38.0,,Layoff Permanent,ca_2025_26.xlsx
CA,"Warner Bros. Discovery, Inc. (4000)",2025-07-30,3.0,,Layoff Permanent,ca_2025_26.xlsx
CA,Recology Vallejo,2025-07-30,25.0,,Layoff Permanent,ca_2025_26.xlsx
CA,Greif Packaging LLC,2025-07-31,43.0,,Closure Permanent,ca_2025_26.xlsx
CA,Children's Specialists of San Diego,2025-07-31,55.0,,Layoff Permanent,ca_2025_26.xlsx
CA,Stanford University,2025-07-31,363.0,,Layoff Permanent,ca_2025_26.xlsx
CA,"Wildbrine, LLC",2025-07-31,4.0,,Closure Permanent,ca_2025_26.xlsx
CA,"Poseida Therapeutics, Inc.",2025-07-31,52.0,,Layoff Permanent,ca_2025_26.xlsx
CA,"Southwest Key Programs, Inc. - Casa Pleasant Hill",2025-07-31,47.0,,Layoff Permanent,ca_2025_26.xlsx
CA,"Southwest Key Programs, Inc. - Casa San Diego",2025-07-31,116.0,,Layoff Permanent,ca_2025_26.xlsx
CA,Adventist Health White Memorial,2025-07-31,28.0,,Layoff Permanent,ca_2025_26.xlsx
CA,Host International Inc.,2025-08-01,70.0,,Layoff Temporary,ca_2025_26.xlsx
CA,"Azoteas Mex LA, LLC",2025-08-01,48.0,,Closure Permanent,ca_2025_26.xlsx
CA,"SIE Orange County Kitchen, LLC",2025-08-01,64.0,,Layoff Permanent,ca_2025_26.xlsx
CA,"Horizon Hobby, LLC",2025-08-01,19.0,,Closure Permanent,ca_2025_26.xlsx
CA,"Zeco Systems, Inc (DBA Shell Recharge Solutions)",2025-08-04,4.0,,Closure Permanent,ca_2025_26.xlsx
CA,University of Southern California Keck Hospital,2025-08-04,45.0,,Layoff Permanent,ca_2025_26.xlsx
CA,University of Southern California Norris Cancer Hospital,2025-08-04,10.0,,Layoff Permanent,ca_2025_26.xlsx
CA,University of Southern California Soto II,2025-08-04,26.0,,Layoff Permanent,ca_2025_26.xlsx
CA,University of Southern California HC1,2025-08-04,2.0,,Layoff Permanent,ca_2025_26.xlsx
CA,University of Southern California HC2,2025-08-04,1.0,,Layoff Permanent,ca_2025_26.xlsx
CA,University of Southern California HC3,2025-08-04,1.0,,Layoff Permanent,ca_2025_26.xlsx
CA,University of Southern California (HC4),2025-08-04,2.0,,Layoff Permanent,ca_2025_26.xlsx
CA,University of Southern California DTLA Clinic,2025-08-04,1.0,,Layoff Permanent,ca_2025_26.xlsx
CA,University of Southern California,2025-08-04,1.0,,Layoff Permanent,ca_2025_26.xlsx
CA,Marathon Staffing Solutions Inc,2025-08-05,9.0,,Layoff Permanent,ca_2025_26.xlsx
CA,Marathon Staff Solutions Inc. - W. Sacramento,2025-08-05,62.0,,Layoff Permanent,ca_2025_26.xlsx
CA,"Southwest Key Programs, Inc.",2025-08-06,3.0,,Closure Permanent,ca_2025_26.xlsx
CA,"Gilead Sciences, Inc.",2025-08-06,5.0,,Layoff Permanent,ca_2025_26.xlsx
CA,"Southwest Key Programs, Inc.",2025-08-06,5.0,,Closure Permanent,ca_2025_26.xlsx
CA,"Jabil, Inc.",2025-08-06,21.0,,Closure Permanent,ca_2025_26.xlsx
CA,Altera Corporation,2025-08-07,82.0,,Layoff Permanent,ca_2025_26.xlsx
CA,"TriLink Biotechnologies, LLC (10770)",2025-08-08,69.0,,Layoff Permanent,ca_2025_26.xlsx
CA,"TriLink Biotechnologies, LLC (5717)",2025-08-08,5.0,,Layoff Permanent,ca_2025_26.xlsx
CA,"TriLink Biotechnologies, LLC (10240)",2025-08-08,5.0,,Layoff Permanent,ca_2025_26.xlsx
CA,"TriLink Biotechnologies, LLC (10247)",2025-08-08,11.0,,Layoff Permanent,ca_2025_26.xlsx
CA,Diamond Baseball Holdings,2025-08-08,7.0,,Layoff Permanent,ca_2025_26.xlsx
CA,Adventist Health Sonora,2025-08-08,1.0,,Layoff Permanent,ca_2025_26.xlsx
CA,Buck Mason,2025-08-12,2.0,,Closure Permanent,ca_2025_26.xlsx
CA,Block,2025-08-12,5.0,,Layoff Permanent,ca_2025_26.xlsx
CA,"Oracle America, Inc.",2025-08-13,45.0,,Layoff Permanent,ca_2025_26.xlsx
CA,"Oracle America, Inc.",2025-08-13,143.0,,Layoff Permanent,ca_2025_26.xlsx
CA,"Bausch Health US, LLC",2025-08-13,49.0,,Closure Permanent,ca_2025_26.xlsx
CA,"Oracle America, Inc.",2025-08-13,101.0,,Layoff Permanent,ca_2025_26.xlsx
CA,"Cisco Systems, Inc.",2025-08-13,157.0,,Layoff Permanent,ca_2025_26.xlsx
CA,"Cisco Systems, Inc.",2025-08-13,64.0,,Layoff Permanent,ca_2025_26.xlsx
CA,Sella Restaurant Holdings LP,2025-08-13,72.0,,Closure Permanent,ca_2025_26.xlsx
CA,"Delaware North Companies Travel Hospitality Services, Inc.",2025-08-14,92.0,,Layoff Permanent,ca_2025_26.xlsx
CA,University of Southern California,2025-08-14,54.0,,Layoff Permanent,ca_2025_26.xlsx
CA,Warner Music Inc.,2025-08-14,56.0,,Layoff Permanent,ca_2025_26.xlsx
CA,Adventist Health Simi Valley,2025-08-14,2.0,,Layoff Permanent,ca_2025_26.xlsx
CA,"Anaheim Arena Management, LLC",2025-08-14,91.0,,Layoff Permanent,ca_2025_26.xlsx
CA,Pactiv LLC,2025-08-14,127.0,,Closure Permanent,ca_2025_26.xlsx
CA,Silgan Containers,2025-08-14,78.0,,Layoff Temporary,ca_2025_26.xlsx
CA,The Vons Companies Inc.,2025-08-15,54.0,,Closure Temporary,ca_2025_26.xlsx
CA,Adventist Health White Memorial & Montebello,2025-08-15,54.0,,Layoff Permanent,ca_2025_26.xlsx
CA,Adventist Health Glendale,2025-08-15,58.0,,Layoff Permanent,ca_2025_26.xlsx
CA,Adventist Health 1,2025-08-15,296.0,,Layoff Permanent,ca_2025_26.xlsx
CA,Adventist Health Simi Valley,2025-08-15,1.0,,Layoff Permanent,ca_2025_26.xlsx
CA,"Zeco Systems, Inc.",2025-08-18,114.0,,Layoff Permanent,ca_2025_26.xlsx
CA,Penney OpCo LLC,2025-08-18,76.0,,Closure Permanent,ca_2025_26.xlsx
CA,Kaiser Foundation Hospitals,2025-08-18,2.0,,Layoff Permanent,ca_2025_26.xlsx
CA,Kaiser Foundation Hospitals,2025-08-18,8.0,,Layoff Permanent,ca_2025_26.xlsx
CA,Kaiser Foundation Hospitals,2025-08-18,1.0,,Layoff Permanent,ca_2025_26.xlsx
CA,Kaiser Foundation Hospitals,2025-08-18,42.0,,Layoff Permanent,ca_2025_26.xlsx
CA,Kaiser Foundation Hospitals (1830),2025-08-18,2.0,,Layoff Permanent,ca_2025_26.xlsx
CA,Kaiser Foundation Hospitals (1850),2025-08-18,2.0,,Layoff Permanent,ca_2025_26.xlsx
CA,"Zeco Systems, Inc. dba Shell EV Chargin",2025-08-18,,Los Angeles,Large Layoff - 10 or more workers,warn_or.json
CA,Corteva Agriscience LLC,2025-08-19,10.0,,Layoff Permanent,ca_2025_26.xlsx
CA,LCP Lake Tahoe EMP,2025-08-19,110.0,,Closure Permanent,ca_2025_26.xlsx
CA,Regional Center of the East Bay,2025-08-19,108.0,,Layoff Permanent,ca_2025_26.xlsx
CA,"Farmers Group, Inc.",2025-08-19,62.0,,Layoff Permanent,ca_2025_26.xlsx
CA,"Farmers Group, Inc.",2025-08-19,1.0,,Layoff Permanent,ca_2025_26.xlsx
CA,Silgan Containers,2025-08-19,72.0,,Layoff Temporary,ca_2025_26.xlsx
CA,Town Hospice & Palliative Care LLC dba Suncrest Hospice Inland Empire,2025-08-20,23.0,,Closure Permanent,ca_2025_26.xlsx
CA,Northrop Grumman,2025-08-20,78.0,,Closure Permanent,ca_2025_26.xlsx
CA,Freedom Designs Inc.,2025-08-21,70.0,,Closure Permanent,ca_2025_26.xlsx
CA,"Intuitive Surgical, Inc.",2025-08-21,331.0,,Layoff Permanent,ca_2025_26.xlsx
CA,University of Southern California,2025-08-22,144.0,,Layoff Permanent,ca_2025_26.xlsx
CA,Glenn Medical Center,2025-08-22,225.0,,Closure Permanent,ca_2025_26.xlsx
CA,"CooperVision, Inc.",2025-08-22,6.0,,Closure Permanent,ca_2025_26.xlsx
CA,Chevron,2025-08-22,68.0,,Layoff Permanent,ca_2025_26.xlsx
CA,Chevron,2025-08-22,52.0,,Layoff Permanent,ca_2025_26.xlsx
CA,Kaiser Foundation Hospitals,2025-08-25,3.0,,Layoff Permanent,ca_2025_26.xlsx
CA,Kaiser Foundation Hospitals,2025-08-25,2.0,,Layoff Permanent,ca_2025_26.xlsx
CA,Kaiser Foundation Hospitals (1830),2025-08-25,1.0,,Layoff Permanent,ca_2025_26.xlsx
CA,Kaiser Foundation Hospitals (1850),2025-08-25,2.0,,Layoff Permanent,ca_2025_26.xlsx
CA,Enloe Health,2025-08-25,78.0,,Closure Permanent,ca_2025_26.xlsx
CA,Intel Corporation (Robert Noyce),2025-08-25,46.0,,Layoff Permanent,ca_2025_26.xlsx
CA,Intel Corporation (SC-9),2025-08-25,2.0,,Layoff Permanent,ca_2025_26.xlsx
CA,Intel Corporation (SC-12),2025-08-25,50.0,,Layoff Permanent,ca_2025_26.xlsx
CA,Intel Corporation,2025-08-25,83.0,,Layoff Permanent,ca_2025_26.xlsx
CA,Vistar Green Rabbit 2237,2025-08-25,92.0,,Closure Permanent,ca_2025_26.xlsx
CA,Vistar Green Rabbit,2025-08-25,15.0,,Closure Permanent,ca_2025_26.xlsx
CA,Silgan Containers,2025-08-25,180.0,,Layoff Temporary,ca_2025_26.xlsx
CA,"Exelixis, Inc.",2025-08-26,71.0,,Layoff Permanent,ca_2025_26.xlsx
CA,"Dandelion Payments, Inc.",2025-08-26,64.0,,Layoff Permanent,ca_2025_26.xlsx
CA,Berco Redwood Inc.,2025-08-26,13.0,,Closure Temporary,ca_2025_26.xlsx
CA,Web To Door Corporation,2025-08-26,67.0,,Layoff Permanent,ca_2025_26.xlsx
CA,Web To Door Corporation,2025-08-26,63.0,,Layoff Permanent,ca_2025_26.xlsx
CA,Web To Door Corporation,2025-08-26,62.0,,Layoff Permanent,ca_2025_26.xlsx
CA,"GXO Logistics Supply Chain, Inc.",2025-08-26,32.0,,Closure Permanent,ca_2025_26.xlsx
CA,Children's Hospital Los Angeles,2025-08-27,439.0,,Layoff Permanent,ca_2025_26.xlsx
CA,JPMorgan Chase,2025-08-27,99.0,,Layoff Permanent,ca_2025_26.xlsx
CA,Norman's Nursery,2025-08-27,71.0,,Layoff Permanent,ca_2025_26.xlsx
CA,"DexCom, Inc.",2025-08-27,319.0,,Layoff Permanent,ca_2025_26.xlsx
CA,Fellers LLC,2025-08-27,2.0,,Closure Permanent,ca_2025_26.xlsx
CA,Adventist Health Glendale,2025-08-27,25.0,,Layoff Permanent,ca_2025_26.xlsx
CA,Foundation for California Community Colleges,2025-08-28,174.0,,Layoff Permanent,ca_2025_26.xlsx
CA,Adventist Health Lodi Memorial,2025-08-28,17.0,,Layoff Permanent,ca_2025_26.xlsx
CA,"Natron Energy, Inc.",2025-08-28,58.0,,Closure Permanent,ca_2025_26.xlsx
CA,"Downtown Streets, Inc.",2025-08-29,5.0,,Closure Permanent,ca_2025_26.xlsx
CA,"Downtown Streets, Inc.",2025-08-29,4.0,,Closure Not known at this time,ca_2025_26.xlsx
CA,"Downtown Streets, Inc.",2025-08-29,4.0,,Closure Permanent,ca_2025_26.xlsx
CA,"Downtown Streets, Inc.",2025-08-29,3.0,,Closure Permanent,ca_2025_26.xlsx
CA,"Downtown Streets, Inc.",2025-08-29,3.0,,Closure Permanent,ca_2025_26.xlsx
CA,"Downtown Streets, Inc.",2025-08-29,3.0,,Closure Not known at this time,ca_2025_26.xlsx
CA,"Downtown Streets, Inc.",2025-08-29,25.0,,Closure Not known at this time,ca_2025_26.xlsx
CA,"Downtown Streets, Inc.",2025-08-29,9.0,,Closure Not known at this time,ca_2025_26.xlsx
CA,"Downtown Streets, Inc.",2025-08-29,9.0,,Closure Not known at this time,ca_2025_26.xlsx
CA,"Downtown Streets, Inc.",2025-08-29,2.0,,Closure Permanent,ca_2025_26.xlsx
CA,"Downtown Streets, Inc.",2025-08-29,17.0,,Closure Permanent,ca_2025_26.xlsx
CA,"Downtown Streets, Inc.",2025-08-29,3.0,,Closure Permanent,ca_2025_26.xlsx
CA,"Downtown Streets, Inc.",2025-08-29,8.0,,Closure Permanent,ca_2025_26.xlsx
CA,"Downtown Streets, Inc.",2025-08-29,16.0,,Closure Not known at this time,ca_2025_26.xlsx
CA,"Exelixis, Inc.",2025-08-29,74.0,,Layoff Permanent,ca_2025_26.xlsx
CA,Epic Lightning Fast Service LLC,2025-09-01,116.0,,Closure Permanent,ca_2025_26.xlsx
CA,"Oracle America, Inc.",2025-09-02,36.0,,Layoff Permanent,ca_2025_26.xlsx
CA,"Oracle America, Inc.",2025-09-02,187.0,,Layoff Permanent,ca_2025_26.xlsx
CA,"Oracle America, Inc.",2025-09-02,31.0,,Layoff Permanent,ca_2025_26.xlsx
CA,"Juni Learning, Inc.",2025-09-02,121.0,,Closure Permanent,ca_2025_26.xlsx
CA,"Salesforce, Inc.",2025-09-02,262.0,,Layoff Permanent,ca_2025_26.xlsx
CA,G2 Secure Staff,2025-09-02,103.0,,Layoff Permanent,ca_2025_26.xlsx
CA,"Thermal Structures, Inc.",2025-09-02,447.0,,Closure Temporary,ca_2025_26.xlsx
CA,Sandpiper,2025-09-03,25.0,,Closure Permanent,ca_2025_26.xlsx
CA,Six Flags Entertainment Corporation,2025-09-03,184.0,,Layoff Permanent,ca_2025_26.xlsx
CA,Woodward West,2025-09-03,24.0,,Closure Permanent,ca_2025_26.xlsx
CA,21st Amendment Brewery Cafe,2025-09-03,58.0,,Closure Permanent,ca_2025_26.xlsx
CA,21st Amendment Brewery Cafe,2025-09-03,18.0,,Closure Permanent,ca_2025_26.xlsx
CA,Essendant,2025-09-04,146.0,,Layoff Permanent,ca_2025_26.xlsx
CA,"The Brigantine, Inc.",2025-09-04,64.0,,Closure Permanent,ca_2025_26.xlsx
CA,"NeueHouse, Inc. (6121)",2025-09-04,108.0,,Closure Permanent,ca_2025_26.xlsx
CA,"NeueHouse, Inc. (73)",2025-09-04,29.0,,Closure Permanent,ca_2025_26.xlsx
CA,"NeueHouse, Inc. (304)",2025-09-04,2.0,,Closure Permanent,ca_2025_26.xlsx
CA,Walmart,2025-09-04,87.0,,Closure Permanent,ca_2025_26.xlsx
CA,Walmart,2025-09-04,106.0,,Closure Permanent,ca_2025_26.xlsx
CA,Raytheon,2025-09-05,4.0,,Layoff Permanent,ca_2025_26.xlsx
CA,"rPlanet Earth Los Angeles, LLC",2025-09-05,178.0,,Closure Permanent,ca_2025_26.xlsx
CA,Kaiser Foundation Hospitals-Pleasanton,2025-09-08,14.0,,Layoff Permanent,ca_2025_26.xlsx
CA,Kaiser Foundation Hospitals-Antioch,2025-09-08,1.0,,Layoff Permanent,ca_2025_26.xlsx
CA,Kaiser Foundation Hospitals - Walnut Creek,2025-09-08,1.0,,Layoff Permanent,ca_2025_26.xlsx
CA,Kaiser Foundation Hospitals - 99 S. Pasadena,2025-09-08,1.0,,Layoff Permanent,ca_2025_26.xlsx
CA,Kaiser Foundation Hospitals - 74 N. Pasadena,2025-09-08,2.0,,Layoff Permanent,ca_2025_26.xlsx
CA,"Revol Greens CA, LLC",2025-09-09,42.0,,Closure Permanent,ca_2025_26.xlsx
CA,Family YMCA of the Desert,2025-09-09,110.0,,Layoff Temporary,ca_2025_26.xlsx
CA,"CRC ED Treatment LLC, Montecatini, Inc. (2524)",2025-09-09,79.0,,Closure Permanent,ca_2025_26.xlsx
CA,"CRC ED Treatment LLC, Montecatini, Inc. (6183)",2025-09-09,5.0,,Closure Permanent,ca_2025_26.xlsx
CA,"CRC ED Treatment LLC, Montecatini, Inc. (Remote)",2025-09-09,3.0,,Closure Permanent,ca_2025_26.xlsx
CA,University of Southern California,2025-09-11,137.0,,Layoff Permanent,ca_2025_26.xlsx
CA,Agile Physical Therapy (Sutter Health Dublin Physical & Hand Therapy),2025-09-12,7.0,,Layoff Permanent,ca_2025_26.xlsx
CA,Agile Physical Therapy (Sutter Health Fremont Physical Therapy & Hand Therapy),2025-09-12,24.0,,Layoff Permanent,ca_2025_26.xlsx
CA,Agile Physical Therapy (Sutter Health San Carlos Physical Therapy & Hand Therapy),2025-09-12,19.0,,Layoff Permanent,ca_2025_26.xlsx
CA,Agile Physical Therapy (Sutter Health Sunnyvale Physical Therapy 1085),2025-09-12,23.0,,Layoff Permanent,ca_2025_26.xlsx
CA,Agile Physical Therapy (Sutter Health Sunnyvale Center 401 Physical Therapy),2025-09-12,16.0,,Layoff Permanent,ca_2025_26.xlsx
CA,Agile Physical Therapy (Sutter Health Sunnyvale Center (301) Physical Therapy),2025-09-12,4.0,,Layoff Permanent,ca_2025_26.xlsx
CA,Agile Physical Therapy (Sutter Health Mountain View Center),2025-09-12,1.0,,Layoff Permanent,ca_2025_26.xlsx
CA,Agile Physical Therapy (Sutter Health Palo Alto Physical Therapy & Hand Therapy),2025-09-12,30.0,,Layoff Permanent,ca_2025_26.xlsx
CA,University of Southern California (Health Sciences Campus),2025-09-14,151.0,,Layoff Permanent,ca_2025_26.xlsx
CA,University of Southern California (HC2),2025-09-14,1.0,,Layoff Permanent,ca_2025_26.xlsx
CA,University of Southern California (Keck),2025-09-14,4.0,,Layoff Permanent,ca_2025_26.xlsx
CA,University of Southern California (Norris),2025-09-14,1.0,,Layoff Permanent,ca_2025_26.xlsx
CA,University of Southern California (Soto II),2025-09-14,1.0,,Layoff Permanent,ca_2025_26.xlsx
CA,Kaiser Foundation Hospitals,2025-09-15,5.0,,Layoff Permanent,ca_2025_26.xlsx
CA,"Carbon, Inc.",2025-09-15,78.0,,Layoff Permanent,ca_2025_26.xlsx
CA,San Bruno CityNet Services,2025-09-15,13.0,,Closure Permanent,ca_2025_26.xlsx
CA,"G&C Staffing, LLC (&quot;Gold Flora&quot;)",2025-09-16,27.0,,Closure Permanent,ca_2025_26.xlsx
CA,Foundation for California Community Colleges,2025-09-16,113.0,,Layoff Permanent,ca_2025_26.xlsx
CA,"Arsenal Biosciences, Inc.",2025-09-16,100.0,,Layoff Permanent,ca_2025_26.xlsx
CA,Azure Acres Treatment Center 1160,2025-09-16,1.0,,Closure Permanent,ca_2025_26.xlsx
CA,Azure Acres Treatment Center - 2641,2025-09-16,3.0,,Closure Permanent,ca_2025_26.xlsx
CA,Azure Acres Treatment Center - 2264,2025-09-16,61.0,,Closure Permanent,ca_2025_26.xlsx
CA,Azure Acres Treatment Center - 7064,2025-09-16,8.0,,Closure Permanent,ca_2025_26.xlsx
CA,Azure Acres Treatment Center - 5665,2025-09-16,1.0,,Closure Permanent,ca_2025_26.xlsx
CA,Azure Acres Treatment Center - 11740,2025-09-16,5.0,,Closure Permanent,ca_2025_26.xlsx
CA,"IPG DXTRA Entertainment, Inc. d/b/a Rogers & Cowan PMK (&quot;Company&quot;)",2025-09-17,108.0,,Layoff Permanent,ca_2025_26.xlsx
CA,"Avelo Airlines, Inc.",2025-09-17,38.0,,Closure Permanent,ca_2025_26.xlsx
CA,"MMCI Acquisition, LLC dba Mortech Manufacturing Company",2025-09-22,46.0,,Closure Permanent,ca_2025_26.xlsx
CA,"Point Quest, Inc.",2025-09-23,66.0,,Layoff Permanent,ca_2025_26.xlsx
CA,"Point Quest, Inc.",2025-09-23,100.0,,Layoff Permanent,ca_2025_26.xlsx
CA,Dreyer's Grand Ice Cream,2025-09-23,188.0,,Layoff Temporary,ca_2025_26.xlsx
CA,Dreyer's Grand Ice Cream,2025-09-23,726.0,,Layoff Temporary,ca_2025_26.xlsx
CA,"Boardwalk Property Services, LLC",2025-09-23,66.0,,Layoff Temporary,ca_2025_26.xlsx
CA,"Randstad Inhouse Services, LLC",2025-09-24,214.0,,Closure Temporary,ca_2025_26.xlsx
CA,"Valyria, LLC",2025-09-24,25.0,,Closure Permanent,ca_2025_26.xlsx
CA,"Randstad Inhouse Services, LLC",2025-09-24,110.0,,Closure Temporary,ca_2025_26.xlsx
CA,Palo Verde Healthcare District,2025-09-24,94.0,,Closure Permanent,ca_2025_26.xlsx
CA,"Eclipse Advantage, LLC",2025-09-24,58.0,,Layoff Permanent,ca_2025_26.xlsx
CA,Jabil Inc.,2025-09-24,393.0,,Closure Temporary,ca_2025_26.xlsx
CA,Canyon Ranch Woodside,2025-09-24,56.0,,Closure Permanent,ca_2025_26.xlsx
CA,City of Hope,2025-09-25,56.0,,Layoff Permanent,ca_2025_26.xlsx
CA,City of Hope,2025-09-25,140.0,,Layoff Permanent,ca_2025_26.xlsx
CA,"Avelo Airlines, Inc.",2025-09-26,11.0,,Closure Permanent,ca_2025_26.xlsx
CA,Warner Music Inc.,2025-09-26,6.0,,Layoff Permanent,ca_2025_26.xlsx
CA,"GEP Administrative Services, LLC dba Entertainment Partners",2025-09-26,61.0,,Layoff Permanent,ca_2025_26.xlsx
CA,University of Southern California,2025-09-29,55.0,,Layoff Permanent,ca_2025_26.xlsx
CA,GSK plc.,2025-09-29,8.0,,Layoff Permanent,ca_2025_26.xlsx
CA,"Sutro Biopharma, Inc.",2025-09-29,45.0,,Layoff Permanent,ca_2025_26.xlsx
CA,"Sutro Biopharma, Inc.",2025-09-29,8.0,,Layoff Permanent,ca_2025_26.xlsx
CA,"Sutro Biopharma, Inc.",2025-09-29,1.0,,Layoff Permanent,ca_2025_26.xlsx
CA,Google - 1265,2025-09-29,9.0,,Layoff Permanent,ca_2025_26.xlsx
CA,Google -1225,2025-09-29,1.0,,Layoff Permanent,ca_2025_26.xlsx
CA,Google - 242,2025-09-29,20.0,,Layoff Permanent,ca_2025_26.xlsx
CA,Google - 244,2025-09-29,1.0,,Layoff Permanent,ca_2025_26.xlsx
CA,Google - 1175,2025-09-29,1.0,,Layoff Permanent,ca_2025_26.xlsx
CA,Google - 1190,2025-09-29,8.0,,Layoff Permanent,ca_2025_26.xlsx
CA,Google -1160,2025-09-29,4.0,,Layoff Permanent,ca_2025_26.xlsx
CA,Google - 1195,2025-09-29,4.0,,Layoff Permanent,ca_2025_26.xlsx
CA,Google - 237,2025-09-29,2.0,,Layoff Permanent,ca_2025_26.xlsx
CA,North State Public Radio (NSPR),2025-09-30,12.0,,Layoff Permanent,ca_2025_26.xlsx
CA,Bicycle Transit Systems,2025-09-30,65.0,,Layoff Permanent,ca_2025_26.xlsx
CA,Caligreen Laboratory,2025-09-30,22.0,,Layoff Permanent,ca_2025_26.xlsx
CA,"FPI Management, Inc. (800)",2025-09-30,50.0,,Layoff Permanent,ca_2025_26.xlsx
CA,"FPI Management, Inc. (1110)",2025-09-30,39.0,,Layoff Permanent,ca_2025_26.xlsx
CA,"FPI Management, Inc. (Remote)",2025-09-30,16.0,,Layoff Permanent,ca_2025_26.xlsx
CA,Cruise LLC,2025-09-30,12.0,,Layoff Permanent,ca_2025_26.xlsx
CA,"Monroe Operations, LLC dba Newport Academy",2025-09-30,28.0,,Closure Permanent,ca_2025_26.xlsx
CA,"Monroe Operations, LLC dba Newport Academy",2025-09-30,27.0,,Closure Permanent,ca_2025_26.xlsx
CA,North State Public Radio (NSPR),2025-09-30,12.0,,Layoff Permanent,ca_2025_26.xlsx
CA,Perikinetics Inc.,2025-09-30,2.0,,Closure Permanent,ca_2025_26.xlsx
CA,Celestica Precision Machining Ltd,2025-10-01,72.0,,Closure Permanent,ca_2025_26.xlsx
CA,"Oracle America, Inc.",2025-10-01,1.0,,Layoff Permanent,ca_2025_26.xlsx
CA,"Oracle America, Inc.",2025-10-01,4.0,,Layoff Permanent,ca_2025_26.xlsx
CA,Dart Container Corporation,2025-10-01,171.0,,Closure Permanent,ca_2025_26.xlsx
CA,Indian Health Center of Santa Clara Valley,2025-10-01,21.0,,Closure Permanent,ca_2025_26.xlsx
CA,RGNext,2025-10-01,400.0,,Layoff Permanent,ca_2025_26.xlsx
CA,Amazon,2025-10-02,149.0,,Closure Permanent,ca_2025_26.xlsx
CA,Advanced Pressure Technology,2025-10-02,237.0,,Closure Permanent,ca_2025_26.xlsx
CA,Amazon,2025-10-02,107.0,,Closure Permanent,ca_2025_26.xlsx
CA,Amazon,2025-10-02,126.0,,Closure Permanent,ca_2025_26.xlsx
CA,Amazon,2025-10-02,173.0,,Closure Permanent,ca_2025_26.xlsx
CA,Manna Beverages MBV-CA LLC - 1226,2025-10-03,245.0,,Closure Permanent,ca_2025_26.xlsx
CA,Manna Beverages MBV-CA LLC 6725,2025-10-03,15.0,,Closure Permanent,ca_2025_26.xlsx
CA,Manna Beverages MBV-CA LLC - 2150,2025-10-03,25.0,,Closure Permanent,ca_2025_26.xlsx
CA,Manna Beverages MBV-CA LLC 2286,2025-10-03,237.0,,Closure Permanent,ca_2025_26.xlsx
CA,Manna Beverages MBV-CA LLC 3600,2025-10-03,98.0,,Closure Permanent,ca_2025_26.xlsx
CA,Manna Beverages MBV-CA LLC 3685,2025-10-03,18.0,,Closure Permanent,ca_2025_26.xlsx
CA,University of Southern California,2025-10-03,21.0,,Layoff Permanent,ca_2025_26.xlsx
CA,ZOLL Medical Corporation,2025-10-03,96.0,,Closure Permanent,ca_2025_26.xlsx
CA,Paramount Global (1575),2025-10-03,65.0,,Layoff Permanent,ca_2025_26.xlsx
CA,Paramount Global (5555),2025-10-03,49.0,,Layoff Permanent,ca_2025_26.xlsx
CA,"SAP America, Inc.",2025-10-06,82.0,,Layoff Permanent,ca_2025_26.xlsx
CA,Kaiser Foundation Hospitals (One),2025-10-06,6.0,,Layoff Permanent,ca_2025_26.xlsx
CA,Kaiser Foundation Hospitals (3600),2025-10-06,74.0,,Layoff Permanent,ca_2025_26.xlsx
CA,Kaiser Foundation Hospitals (4460),2025-10-06,43.0,,Layoff Permanent,ca_2025_26.xlsx
CA,Kaiser Foundation Hospitals (2500),2025-10-06,40.0,,Layoff Permanent,ca_2025_26.xlsx
CA,Kaiser Foundation Hospitals (501),2025-10-06,1.0,,Layoff Permanent,ca_2025_26.xlsx
CA,Kaiser Foundation Hospitals (4841),2025-10-06,1.0,,Layoff Permanent,ca_2025_26.xlsx
CA,Kaiser Foundation Hospitals (12254),2025-10-06,2.0,,Layoff Permanent,ca_2025_26.xlsx
CA,Kaiser Foundation Hospitals (9521),2025-10-06,1.0,,Layoff Permanent,ca_2025_26.xlsx
CA,Kaiser Foundation Hospitals (99),2025-10-06,7.0,,Layoff Permanent,ca_2025_26.xlsx
CA,Kaiser Foundation Hospitals (393),2025-10-06,1.0,,Layoff Permanent,ca_2025_26.xlsx
CA,Kaiser Foundation Hospitals (74),2025-10-06,15.0,,Layoff Permanent,ca_2025_26.xlsx
CA,Kaiser Foundation Hospitals (75),2025-10-06,1.0,,Layoff Permanent,ca_2025_26.xlsx
CA,Kaiser Foundation Hospitals (1830),2025-10-06,2.0,,Layoff Permanent,ca_2025_26.xlsx
CA,Kaiser Foundation Hospitals (1850),2025-10-06,1.0,,Layoff Permanent,ca_2025_26.xlsx
CA,Kaiser Foundation Hospitals (8954),2025-10-06,1.0,,Layoff Permanent,ca_2025_26.xlsx
CA,Kaiser Foundation Hospitals (1100),2025-10-06,20.0,,Layoff Permanent,ca_2025_26.xlsx
CA,"The Academy of Magical Arts, Inc.",2025-10-07,174.0,,Layoff Permanent,ca_2025_26.xlsx
CA,"Polymer Technology Systems, Inc.",2025-10-07,56.0,,Closure Permanent,ca_2025_26.xlsx
CA,Ballast Point Brewing Company - Miramar Location,2025-10-08,29.0,,Closure Permanent,ca_2025_26.xlsx
CA,Ballast Point Brewing Company - Little Italy Location,2025-10-08,8.0,,Closure Permanent,ca_2025_26.xlsx
CA,"CRST Lincoln Sales, Inc. dba CRST Equipment Solutions, Inc.",2025-10-08,21.0,,Closure Permanent,ca_2025_26.xlsx
CA,GUESS?,2025-10-08,100.0,,Layoff Not known at this time,ca_2025_26.xlsx
CA,GAF Energy LLC,2025-10-09,138.0,,Closure Permanent,ca_2025_26.xlsx
CA,RTX (2012),2025-10-10,1.0,,Layoff Permanent,ca_2025_26.xlsx
CA,RTX (2000),2025-10-10,1.0,,Layoff Permanent,ca_2025_26.xlsx
CA,Lucile Salter Packard Children's Hospital,2025-10-10,87.0,,Layoff Permanent,ca_2025_26.xlsx
CA,"Magnesium Alloy Products Co., Inc.",2025-10-10,61.0,,Closure Permanent,ca_2025_26.xlsx
CA,Hilton San Diego Bayfront,2025-10-12,394.0,,Layoff Temporary,ca_2025_26.xlsx
CA,Blue shield of California 601,2025-10-13,31.0,,Layoff Permanent,ca_2025_26.xlsx
CA,Blue Shield of California Building C,2025-10-13,18.0,,Layoff Permanent,ca_2025_26.xlsx
CA,"Blue Shield of California, Building B",2025-10-13,24.0,,Layoff Permanent,ca_2025_26.xlsx
CA,Blue Shield of California 3840,2025-10-13,26.0,,Layoff Permanent,ca_2025_26.xlsx
CA,Blue Shield of California 6300,2025-10-13,17.0,,Layoff Permanent,ca_2025_26.xlsx
CA,Blue Shield of California 3300,2025-10-13,13.0,,Layoff Permanent,ca_2025_26.xlsx
CA,Blue Shield of California 3131,2025-10-13,4.0,,Layoff Permanent,ca_2025_26.xlsx
CA,Blue Shield of California 3021,2025-10-13,6.0,,Layoff Permanent,ca_2025_26.xlsx
CA,Blue Shield of California 4700,2025-10-13,11.0,,Layoff Permanent,ca_2025_26.xlsx
CA,"Planned Parenthood/Orange and San Bernardino Counties, Inc. 801",2025-10-13,25.0,,Layoff Permanent,ca_2025_26.xlsx
CA,"Planned Parenthood/Orange and San Bernardino Counties, Inc. 303",2025-10-13,4.0,,Layoff Permanent,ca_2025_26.xlsx
CA,"Planned Parenthood/Orange and San Bernardino Counties, Inc. 1520",2025-10-13,6.0,,Layoff Permanent,ca_2025_26.xlsx
CA,"Planned Parenthood/Orange and San Bernardino Counties, Inc. 26137",2025-10-13,7.0,,Layoff Permanent,ca_2025_26.xlsx
CA,"Planned Parenthood/Orange and San Bernardino Counties, Inc. 700",2025-10-13,7.0,,Layoff Permanent,ca_2025_26.xlsx
CA,"Planned Parenthood/Orange and San Bernardino Counties, Inc.  1421",2025-10-13,8.0,,Layoff Permanent,ca_2025_26.xlsx
CA,"Planned Parenthood/Orange and San Bernardino Counties, Inc. 14372",2025-10-13,6.0,,Layoff Permanent,ca_2025_26.xlsx
CA,"Planned Parenthood/Orange and San Bernardino Counties, Inc.  325",2025-10-13,6.0,,Layoff Permanent,ca_2025_26.xlsx
CA,Planned Parenthood/Orange and San Bernardino Inc. 1873,2025-10-13,5.0,,Layoff Permanent,ca_2025_26.xlsx
CA,"Planned Parenthood/Orange and San Bernardino Counties, Inc. 918",2025-10-13,7.0,,Layoff Permanent,ca_2025_26.xlsx
CA,Omnicare,2025-10-13,64.0,,Closure Permanent,ca_2025_26.xlsx
CA,Georg Fischer Signet LLC,2025-10-13,100.0,,Layoff Temporary,ca_2025_26.xlsx
CA,Kaiser Foundation Hospitals,2025-10-13,3.0,,Layoff Permanent,ca_2025_26.xlsx
CA,Kaiser Foundation Hospitals,2025-10-13,2.0,,Layoff Permanent,ca_2025_26.xlsx
CA,Kaiser Foundation Hospitals,2025-10-13,2.0,,Layoff Permanent,ca_2025_26.xlsx
CA,Kaiser Foundation Hospitals,2025-10-13,2.0,,Layoff Permanent,ca_2025_26.xlsx
CA,Kaiser Foundation Hospitals,2025-10-13,1.0,,Layoff Permanent,ca_2025_26.xlsx
CA,Kaiser Foundation Hospitals,2025-10-13,1.0,,Layoff Permanent,ca_2025_26.xlsx
CA,Warner Music Inc. (777),2025-10-14,32.0,,Layoff Permanent,ca_2025_26.xlsx
CA,Warner Music Inc. (11261),2025-10-14,3.0,,Layoff Permanent,ca_2025_26.xlsx
CA,Jet Propulsion Laboratory (California Institute of Technology),2025-10-14,543.0,,Layoff Permanent,ca_2025_26.xlsx
CA,"National Distribution Centers, LLC (NDC)",2025-10-14,45.0,,Closure Permanent,ca_2025_26.xlsx
CA,Stryder Corp. dba Handshake,2025-10-15,96.0,,Layoff Permanent,ca_2025_26.xlsx
CA,"BILL Operations, LLC",2025-10-15,84.0,,Layoff Permanent,ca_2025_26.xlsx
CA,Raytheon,2025-10-15,2.0,,Layoff Permanent,ca_2025_26.xlsx
CA,"Nitto Avecia Pharma Services, Inc.",2025-10-15,24.0,,Closure Permanent,ca_2025_26.xlsx
CA,"Bumble Bee Foods, LLC",2025-10-16,56.0,,Layoff Permanent,ca_2025_26.xlsx
CA,RTX,2025-10-16,1.0,,Layoff Permanent,ca_2025_26.xlsx
CA,California College of ASU,2025-10-16,75.0,,Closure Permanent,ca_2025_26.xlsx
CA,"Marshalls of CA, LLC",2025-10-17,62.0,,Closure Permanent,ca_2025_26.xlsx
CA,"Marshalls of CA, LLC",2025-10-17,64.0,,Closure Permanent,ca_2025_26.xlsx
CA,University of Southern California,2025-10-17,2.0,,Layoff Permanent,ca_2025_26.xlsx
CA,"Judco Manufacturing, Inc.",2025-10-17,53.0,,Closure Permanent,ca_2025_26.xlsx
CA,The University Corporation at Monterey Bay,2025-10-17,134.0,,Layoff Not known at this time,ca_2025_26.xlsx
CA,"ReCircle Solutions, Inc. (Oroville Flexible Grocery Bags LLC and Oroville Flexible Packaging LLC)",2025-10-17,24.0,,Layoff Permanent,ca_2025_26.xlsx
CA,Broadcom Inc.,2025-10-17,247.0,,Layoff Permanent,ca_2025_26.xlsx
CA,"Centene Management Company, LLC",2025-10-20,5.0,,Closure Permanent,ca_2025_26.xlsx
CA,Kinetics Equipment Solutions Group,2025-10-20,23.0,,Closure Permanent,ca_2025_26.xlsx
CA,"L3Harris Technologies, Inc.",2025-10-20,32.0,,Closure Permanent,ca_2025_26.xlsx
CA,Ojai Valley Inn,2025-10-20,773.0,,Closure Temporary,ca_2025_26.xlsx
CA,Corteva Agriscience LLC,2025-10-21,3.0,,Layoff Permanent,ca_2025_26.xlsx
CA,Anthony International,2025-10-21,398.0,,Closure Permanent,ca_2025_26.xlsx
CA,RAND Corporation,2025-10-21,73.0,,Layoff Permanent,ca_2025_26.xlsx
CA,Alector LLC,2025-10-21,75.0,,Layoff Permanent,ca_2025_26.xlsx
CA,"Science of Skincare, LLC (3333 N San Fernando Blvd)",2025-10-22,37.0,,Layoff Permanent,ca_2025_26.xlsx
CA,"Science of Skincare, LLC (7525 N Lockheed Dr)",2025-10-22,26.0,,Layoff Permanent,ca_2025_26.xlsx
CA,"Meta Platforms, Inc. (1 Hacker Way)",2025-10-22,22.0,,Layoff Permanent,ca_2025_26.xlsx
CA,"Meta Platforms, Inc. (1 Meta Way)",2025-10-22,261.0,,Layoff Permanent,ca_2025_26.xlsx
CA,"Meta Platforms, Inc. (180 Jefferson Drive)",2025-10-22,1.0,,Layoff Permanent,ca_2025_26.xlsx
CA,"Meta Platforms, Inc. (190 Jefferson Drive)",2025-10-22,21.0,,Layoff Permanent,ca_2025_26.xlsx
CA,"Meta Platforms, Inc. (305 Constitution Drive)",2025-10-22,3.0,,Layoff Permanent,ca_2025_26.xlsx
CA,"New Punch Bowl Sacramento, LLC",2025-10-22,83.0,,Closure Permanent,ca_2025_26.xlsx
CA,Leprino Foods Company,2025-10-23,268.0,,Layoff Permanent,ca_2025_26.xlsx
CA,"Hydro Extrusion USA, LLC",2025-10-23,128.0,,Closure Temporary,ca_2025_26.xlsx
CA,"Applied Materials, Inc. (3050 Bowers Ave)",2025-10-23,38.0,,Layoff Permanent,ca_2025_26.xlsx
CA,"Applied Materials, Inc. (3100 Bowers Ave)",2025-10-23,21.0,,Layoff Permanent,ca_2025_26.xlsx
CA,"Applied Materials, Inc. (3101 Scott Blvd)",2025-10-23,20.0,,Layoff Permanent,ca_2025_26.xlsx
CA,"Applied Materials, Inc. (3225 Oakmead Village Dr)",2025-10-23,16.0,,Layoff Permanent,ca_2025_26.xlsx
CA,"Applied Materials, Inc. (3320 Scott Blvd)",2025-10-23,36.0,,Layoff Permanent,ca_2025_26.xlsx
CA,"Applied Materials, Inc. (3325 Scott Blvd)",2025-10-23,52.0,,Layoff Permanent,ca_2025_26.xlsx
CA,"Applied Materials, Inc. (3330 Scott Blvd)",2025-10-23,6.0,,Layoff Permanent,ca_2025_26.xlsx
CA,"Applied Materials, Inc. (3333 Scott Blvd)",2025-10-23,73.0,,Layoff Permanent,ca_2025_26.xlsx
CA,"Applied Materials, Inc. (1140 E Arques Ave)",2025-10-23,26.0,,Layoff Permanent,ca_2025_26.xlsx
CA,"Applied Materials, Inc. (545 Oakmead Pkwy)",2025-10-23,7.0,,Layoff Permanent,ca_2025_26.xlsx
CA,"Applied Materials, Inc. (557 E. California Ave)",2025-10-23,4.0,,Layoff Permanent,ca_2025_26.xlsx
CA,"Applied Materials, Inc. (930 E. Arques Ave)",2025-10-23,1.0,,Layoff Permanent,ca_2025_26.xlsx
CA,"Applied Materials, Inc. (974 E. Arques Ave)",2025-10-23,41.0,,Layoff Permanent,ca_2025_26.xlsx
CA,"Applied Materials, Inc. (978 E. Arques Ave)",2025-10-23,7.0,,Layoff Permanent,ca_2025_26.xlsx
CA,"Applied Materials, Inc. (Remote)",2025-10-23,15.0,,Layoff Permanent,ca_2025_26.xlsx
CA,"San Diego Imaging - Chula Vista, LLC",2025-10-23,63.0,,Layoff Permanent,ca_2025_26.xlsx
CA,San Diego Imaging - Kearny Mesa,2025-10-23,32.0,,Layoff Permanent,ca_2025_26.xlsx
CA,"Dairyland Produce, LLC",2025-10-23,22.0,,Layoff Permanent,ca_2025_26.xlsx
CA,"Dairyland Produce, LLC",2025-10-23,21.0,,Closure Permanent,ca_2025_26.xlsx
CA,"Peabody Engineering & Supply, Inc.",2025-10-24,19.0,,Closure Permanent,ca_2025_26.xlsx
CA,"Genentech, Inc.",2025-10-24,118.0,,Layoff Permanent,ca_2025_26.xlsx
CA,"National Distribution Centers, LLC (NDC)",2025-10-24,17.0,,Layoff Not known at this time,ca_2025_26.xlsx
CA,Wellpath,2025-10-27,72.0,,Layoff Permanent,ca_2025_26.xlsx
CA,"Communications Test Design, Inc. (CTDI)",2025-10-27,64.0,,Layoff Permanent,ca_2025_26.xlsx
CA,"Communications Test Design, Inc. (CTDI)",2025-10-27,15.0,,Layoff Permanent,ca_2025_26.xlsx
CA,University of Southern California,2025-10-27,259.0,,Layoff Permanent,ca_2025_26.xlsx
CA,WIS International,2025-10-27,10.0,,Layoff Permanent,ca_2025_26.xlsx
CA,"Retail Service WIS Corporation, DBA WIS International",2025-10-27,10.0,,Layoff Permanent,ca_2025_26.xlsx
CA,Disneyland Resort,2025-10-28,72.0,,Layoff Permanent,ca_2025_26.xlsx
CA,TAO Group Hospitality,2025-10-28,8.0,,Layoff Permanent,ca_2025_26.xlsx
CA,LAVO Los Angeles,2025-10-28,100.0,,Closure Permanent,ca_2025_26.xlsx
CA,Fleur Room,2025-10-28,26.0,,Closure Permanent,ca_2025_26.xlsx
CA,Louis Vuitton USA Inc.,2025-10-28,9.0,,Closure Permanent,ca_2025_26.xlsx
CA,Amazon LAX22,2025-10-28,65.0,,Layoff Permanent,ca_2025_26.xlsx
CA,Amazon LAX18,2025-10-28,7.0,,Layoff Permanent,ca_2025_26.xlsx
CA,Amazon LAX21,2025-10-28,43.0,,Layoff Permanent,ca_2025_26.xlsx
CA,Amazon LAX 35,2025-10-28,37.0,,Layoff Permanent,ca_2025_26.xlsx
CA,Amazon LAX10,2025-10-28,62.0,,Layoff Permanent,ca_2025_26.xlsx
CA,Amazon LAX16,2025-10-28,3.0,,Layoff Permanent,ca_2025_26.xlsx
CA,Amazon LAX78,2025-10-28,65.0,,Layoff Permanent,ca_2025_26.xlsx
CA,Amazon (SJC10),2025-10-28,138.0,,Layoff Permanent,ca_2025_26.xlsx
CA,Amazon (SJC11),2025-10-28,28.0,,Layoff Permanent,ca_2025_26.xlsx
CA,Amazon (SJC13),2025-10-28,33.0,,Layoff Permanent,ca_2025_26.xlsx
CA,Amazon (SJC14),2025-10-28,80.0,,Layoff Permanent,ca_2025_26.xlsx
CA,Amazon (SJC31),2025-10-28,27.0,,Layoff Permanent,ca_2025_26.xlsx
CA,Amazon (SJC32),2025-10-28,85.0,,Layoff Permanent,ca_2025_26.xlsx
CA,Amazon SFO12,2025-10-28,18.0,,Layoff Permanent,ca_2025_26.xlsx
CA,Amazon SFO22,2025-10-28,69.0,,Layoff Permanent,ca_2025_26.xlsx
CA,Amazon SFO24,2025-10-28,75.0,,Layoff Permanent,ca_2025_26.xlsx
CA,Amazon SFO36,2025-10-28,12.0,,Layoff Permanent,ca_2025_26.xlsx
CA,Amazon SFO39,2025-10-28,2.0,,Layoff Permanent,ca_2025_26.xlsx
CA,Amazon SJC25,2025-10-28,8.0,,Layoff Permanent,ca_2025_26.xlsx
CA,Amazon SJC38,2025-10-28,50.0,,Layoff Permanent,ca_2025_26.xlsx
CA,Amazon SJC44,2025-10-28,18.0,,Layoff Permanent,ca_2025_26.xlsx
CA,Amazon SNA11,2025-10-28,178.0,,Layoff Permanent,ca_2025_26.xlsx
CA,Amazon SNA12,2025-10-28,17.0,,Layoff Permanent,ca_2025_26.xlsx
CA,Amazon SNA16,2025-10-28,64.0,,Layoff Permanent,ca_2025_26.xlsx
CA,Amazon SNA17,2025-10-28,12.0,,Layoff Permanent,ca_2025_26.xlsx
CA,Amazon SNA18,2025-10-28,1.0,,Layoff Permanent,ca_2025_26.xlsx
CA,Amazon SNA19,2025-10-28,16.0,,Layoff Permanent,ca_2025_26.xlsx
CA,Amazon SNA3,2025-10-28,45.0,,Layoff Permanent,ca_2025_26.xlsx
CA,Amazon (SAN 13),2025-10-28,24.0,,Layoff Permanent,ca_2025_26.xlsx
CA,Amazon (SAN 15),2025-10-28,50.0,,Layoff Permanent,ca_2025_26.xlsx
CA,Amazon (SAN 17),2025-10-28,61.0,,Layoff Permanent,ca_2025_26.xlsx
CA,Amazon (SAN 18),2025-10-28,3.0,,Layoff Permanent,ca_2025_26.xlsx
CA,Amazon (SAN 21),2025-10-28,5.0,,Layoff Permanent,ca_2025_26.xlsx
CA,Amazon (SAN 3),2025-10-28,1.0,,Layoff Permanent,ca_2025_26.xlsx
CA,Amazon (SAN 5),2025-10-28,1.0,,Layoff Permanent,ca_2025_26.xlsx
CA,Amazon (ONM212),2025-10-28,3.0,,Layoff Permanent,ca_2025_26.xlsx
CA,Amazon (ONM213),2025-10-28,1.0,,Layoff Permanent,ca_2025_26.xlsx
CA,Amazon (SFO13),2025-10-28,41.0,,Layoff Permanent,ca_2025_26.xlsx
CA,Amazon (SFO19),2025-10-28,18.0,,Layoff Permanent,ca_2025_26.xlsx
CA,Amazon (SFO28),2025-10-28,71.0,,Layoff Permanent,ca_2025_26.xlsx
CA,Amazon (SFO38),2025-10-28,3.0,,Layoff Permanent,ca_2025_26.xlsx
CA,"NBCUniversal (Bldgs. 1280, 1320, 1360, and 4250)",2025-10-28,32.0,,Layoff Permanent,ca_2025_26.xlsx
CA,NBCUniversal (Bldgs. 1126 and 1440),2025-10-28,101.0,,Layoff Permanent,ca_2025_26.xlsx
CA,NBCUniversal (Bldg. 2375),2025-10-28,4.0,,Layoff Permanent,ca_2025_26.xlsx
CA,Twelve Benefit Corporation (614 Bancroft Way Suite H),2025-10-29,52.0,,Layoff Permanent,ca_2025_26.xlsx
CA,Twelve Benefit Corporation (1135 Atlantic Ave),2025-10-29,24.0,,Layoff Permanent,ca_2025_26.xlsx
CA,Smurfit WestRock,2025-10-29,141.0,,Closure Permanent,ca_2025_26.xlsx
CA,Cepheid B1,2025-10-29,15.0,,Layoff Permanent,ca_2025_26.xlsx
CA,Cepheid B3,2025-10-29,1.0,,Layoff Permanent,ca_2025_26.xlsx
CA,Cepheid B5,2025-10-29,4.0,,Layoff Permanent,ca_2025_26.xlsx
CA,Cepheid B6,2025-10-29,1.0,,Layoff Permanent,ca_2025_26.xlsx
CA,Cepheid B7,2025-10-29,1.0,,Layoff Permanent,ca_2025_26.xlsx
CA,Cepheid B7+,2025-10-29,9.0,,Layoff Permanent,ca_2025_26.xlsx
CA,Cepheid B8,2025-10-29,2.0,,Layoff Permanent,ca_2025_26.xlsx
CA,Cepheid B4,2025-10-29,2.0,,Layoff Permanent,ca_2025_26.xlsx
CA,Coca-Cola Company,2025-10-29,45.0,,Closure Permanent,ca_2025_26.xlsx
CA,Warner Music Inc.,2025-10-30,2.0,,Layoff Permanent,ca_2025_26.xlsx
CA,Educational Testing Service (ETS),2025-10-30,757.0,,Layoff Permanent,ca_2025_26.xlsx
CA,Hewlett Packard Enterprise Company (HPE),2025-10-30,52.0,,Layoff Permanent,ca_2025_26.xlsx
CA,Eastside Management Company,2025-10-30,59.0,,Closure Permanent,ca_2025_26.xlsx
CA,"Transdev Services, Inc.",2025-10-30,77.0,,Closure Permanent,ca_2025_26.xlsx
CA,SEMSA/Riggs Ambulance Service,2025-10-31,181.0,,Closure Permanent,ca_2025_26.xlsx
CA,"Hitachi Vantara, LLC",2025-10-31,129.0,,Layoff Permanent,ca_2025_26.xlsx
CA,J & J Snack Foods,2025-10-31,129.0,,Closure Permanent,ca_2025_26.xlsx
CA,"Fresno Economic Opportunities Commission (1101 E. Annandale, 101)",2025-10-31,6.0,,Layoff Temporary,ca_2025_26.xlsx
CA,Fresno Economic Opportunities Commission (112 - 4th St.),2025-10-31,7.0,,Layoff Temporary,ca_2025_26.xlsx
CA,Fresno Economic Opportunities Commission (115 W. Belmont Ave),2025-10-31,3.0,,Layoff Temporary,ca_2025_26.xlsx
CA,Fresno Economic Opportunities Commission (1189 Martin St),2025-10-31,2.0,,Layoff Temporary,ca_2025_26.xlsx
CA,Fresno Economic Opportunities Commission (1189 Martin St),2025-10-31,33.0,,Layoff Temporary,ca_2025_26.xlsx
CA,Fresno Economic Opportunities Commission (1240 E. Washington),2025-10-31,14.0,,Layoff Temporary,ca_2025_26.xlsx
CA,Fresno Economic Opportunities Commission (1325 Stillman St.),2025-10-31,4.0,,Layoff Temporary,ca_2025_26.xlsx
CA,Fresno Economic Opportunities Commission (1350 E. Annadale),2025-10-31,7.0,,Layoff Temporary,ca_2025_26.xlsx
CA,Fresno Economic Opportunities Commission (13660 E. Manning Ave),2025-10-31,7.0,,Layoff Temporary,ca_2025_26.xlsx
CA,Fresno Economic Opportunities Commission (1420 Second St.),2025-10-31,4.0,,Layoff Temporary,ca_2025_26.xlsx
CA,Fresno Economic Opportunities Commission (1441 Divisadero),2025-10-31,17.0,,Layoff Temporary,ca_2025_26.xlsx
CA,Fresno Economic Opportunities Commission (1504 N. Webser),2025-10-31,9.0,,Layoff Temporary,ca_2025_26.xlsx
CA,Fresno Economic Opportunities Commission (1620 W. Fairmont),2025-10-31,19.0,,Layoff Temporary,ca_2025_26.xlsx
CA,Fresno Economic Opportunities Commission (16641 Palmer St.),2025-10-31,10.0,,Layoff Temporary,ca_2025_26.xlsx
CA,Fresno Economic Opportunities Commission (1701 Alton St.),2025-10-31,9.0,,Layoff Temporary,ca_2025_26.xlsx
CA,Fresno Economic Opportunities Commission (1920 Mariposa Street),2025-10-31,263.0,,Layoff Temporary,ca_2025_26.xlsx
CA,Fresno Economic Opportunities Commission (2063 S. Cedar Ave),2025-10-31,8.0,,Layoff Temporary,ca_2025_26.xlsx
CA,Fresno Economic Opportunities Commission (2117 W. McKinley Ave),2025-10-31,8.0,,Layoff Temporary,ca_2025_26.xlsx
CA,Fresno Economic Opportunities Commission (2121 N. Van Ness Ave),2025-10-31,9.0,,Layoff Temporary,ca_2025_26.xlsx
CA,Fresno Economic Opportunities Commission (2420 W. Clemenceau Ave),2025-10-31,5.0,,Layoff Temporary,ca_2025_26.xlsx
CA,Fresno Economic Opportunities Commission (2529 Willow Ave),2025-10-31,5.0,,Layoff Temporary,ca_2025_26.xlsx
CA,Fresno Economic Opportunities Commission (2751 Fig Street),2025-10-31,7.0,,Layoff Temporary,ca_2025_26.xlsx
CA,Fresno Economic Opportunities Commission (295 W. Tuft St),2025-10-31,9.0,,Layoff Temporary,ca_2025_26.xlsx
CA,Fresno Economic Opportunities Commission (3037 S. Orchid Ave),2025-10-31,12.0,,Layoff Temporary,ca_2025_26.xlsx
CA,Fresno Economic Opportunities Commission (3110 W. Nielsen),2025-10-31,4.0,,Layoff Temporary,ca_2025_26.xlsx
CA,Fresno Economic Opportunities Commission (3257 E. Shields Ave),2025-10-31,12.0,,Layoff Temporary,ca_2025_26.xlsx
CA,Fresno Economic Opportunities Commission (388 S. Brawley Ave),2025-10-31,8.0,,Layoff Temporary,ca_2025_26.xlsx
CA,Fresno Economic Opportunities Commission (4156 E. Dakota Ave),2025-10-31,28.0,,Layoff Temporary,ca_2025_26.xlsx
CA,"Fresno Economic Opportunities Commission (4273 W. Richert, Ave, 107)",2025-10-31,15.0,,Layoff Temporary,ca_2025_26.xlsx
CA,Fresno Economic Opportunities Commission (4856 E. Cesar Chavez Blvd),2025-10-31,15.0,,Layoff Temporary,ca_2025_26.xlsx
CA,Fresno Economic Opportunities Commission (4995 E. Balch Ave),2025-10-31,18.0,,Layoff Temporary,ca_2025_26.xlsx
CA,Fresno Economic Opportunities Commission (510 Barstow Ave),2025-10-31,4.0,,Layoff Temporary,ca_2025_26.xlsx
CA,Fresno Economic Opportunities Commission (5104 N. West),2025-10-31,11.0,,Layoff Temporary,ca_2025_26.xlsx
CA,Fresno Economic Opportunities Commission (5244 E. Pine Ave),2025-10-31,5.0,,Layoff Temporary,ca_2025_26.xlsx
CA,Fresno Economic Opportunities Commission (5550 N. Fresno St),2025-10-31,8.0,,Layoff Temporary,ca_2025_26.xlsx
CA,Fresno Economic Opportunities Commission (710 N. Hughes Ave),2025-10-31,8.0,,Layoff Temporary,ca_2025_26.xlsx
CA,Fresno Economic Opportunities Commission (7171 N. Sugarpine Ave),2025-10-31,4.0,,Layoff Temporary,ca_2025_26.xlsx
CA,Fresno Economic Opportunities Commission (719 S. Madera Ave),2025-10-31,4.0,,Layoff Temporary,ca_2025_26.xlsx
CA,Fresno Economic Opportunities Commission (745 N. First St),2025-10-31,4.0,,Layoff Temporary,ca_2025_26.xlsx
CA,Fresno Economic Opportunities Commission (788 W. Shaw Ave),2025-10-31,10.0,,Layoff Temporary,ca_2025_26.xlsx
CA,Fresno Economic Opportunities Commission (8535 S 9th Street),2025-10-31,4.0,,Layoff Temporary,ca_2025_26.xlsx
CA,"Becton, Dickinson and Company (BD) (3750 Torrey View Court)",2025-10-31,59.0,,Layoff Permanent,ca_2025_26.xlsx
CA,"Becton, Dickinson and Company (BD) (10020 Pacific Mesa Boulevard)",2025-10-31,7.0,,Layoff Permanent,ca_2025_26.xlsx
CA,Infineon,2025-10-31,15.0,,Layoff Permanent,ca_2025_26.xlsx
CA,Infineon,2025-10-31,1.0,,Layoff Permanent,ca_2025_26.xlsx
CA,Infineon,2025-10-31,7.0,,Layoff Permanent,ca_2025_26.xlsx
CA,Infineon,2025-10-31,3.0,,Layoff Permanent,ca_2025_26.xlsx
CA,Infineon,2025-10-31,46.0,,Layoff Permanent,ca_2025_26.xlsx
CA,Ceryx Management LLC (Blackstone),2025-10-31,39.0,,Layoff Permanent,ca_2025_26.xlsx
CA,Ceryx Management LLC (Sepulveda),2025-10-31,4.0,,Layoff Permanent,ca_2025_26.xlsx
CA,Ceryx Management LLC (Vermont),2025-10-31,8.0,,Layoff Permanent,ca_2025_26.xlsx
CA,Ceryx Management LLC (Figueroa),2025-10-31,8.0,,Layoff Permanent,ca_2025_26.xlsx
CA,Ceryx Management LLC (Hoover),2025-10-31,3.0,,Layoff Permanent,ca_2025_26.xlsx
CA,Ceryx Management LLC (Western),2025-10-31,13.0,,Layoff Permanent,ca_2025_26.xlsx
CA,Ceryx Management LLC (7226 S. Figueroa),2025-10-31,12.0,,Layoff Permanent,ca_2025_26.xlsx
CA,Ceryx Management LLC (7310 S. Figueroa),2025-10-31,9.0,,Layoff Permanent,ca_2025_26.xlsx
CA,Ceryx Management LLC (801 W 70th),2025-10-31,9.0,,Layoff Permanent,ca_2025_26.xlsx
CA,Ceryx Management LLC (7617 S. Figueroa),2025-10-31,5.0,,Layoff Permanent,ca_2025_26.xlsx
CA,Ceryx Management LLC (1540 S St. Andrews),2025-10-31,18.0,,Layoff Permanent,ca_2025_26.xlsx
CA,Ceryx Management LLC (7111 S Hoover),2025-10-31,1.0,,Layoff Permanent,ca_2025_26.xlsx
CA,Ceryx Management LLC (1904 E 113th),2025-10-31,1.0,,Layoff Permanent,ca_2025_26.xlsx
CA,Ceryx Management LLC (8320 S. Figueroa),2025-10-31,1.0,,Layoff Permanent,ca_2025_26.xlsx
CA,Ceryx Management LLC (9519 S. Figueroa),2025-10-31,1.0,,Layoff Permanent,ca_2025_26.xlsx
CA,CommUnify - Chestnut Office,2025-11-03,11.0,,Layoff Permanent,ca_2025_26.xlsx
CA,CommUnify - Filmore Center,2025-11-03,4.0,,Layoff Permanent,ca_2025_26.xlsx
CA,CommUnify - I Center,2025-11-03,6.0,,Layoff Permanent,ca_2025_26.xlsx
CA,CommUnify - Maple Center,2025-11-03,3.0,,Layoff Permanent,ca_2025_26.xlsx
CA,CommUnify - Oak Valley Center,2025-11-03,1.0,,Layoff Permanent,ca_2025_26.xlsx
CA,CommUnify - Adam Center,2025-11-03,4.0,,Layoff Permanent,ca_2025_26.xlsx
CA,CommUnify - Alvin Center,2025-11-03,6.0,,Layoff Permanent,ca_2025_26.xlsx
CA,CommUnify - Chapel Office,2025-11-03,13.0,,Layoff Permanent,ca_2025_26.xlsx
CA,CommUnify - JC Washington Center,2025-11-03,3.0,,Layoff Permanent,ca_2025_26.xlsx
CA,CommUnify - Little Village Center,2025-11-03,8.0,,Layoff Permanent,ca_2025_26.xlsx
CA,CommUnify - Los Adobes Center,2025-11-03,1.0,,Layoff Permanent,ca_2025_26.xlsx
CA,CommUnify - Los Padres Center,2025-11-03,4.0,,Layoff Permanent,ca_2025_26.xlsx
CA,CommUnify - Meridian Center,2025-11-03,2.0,,Layoff Permanent,ca_2025_26.xlsx
CA,CommUnify - Sierra Madre Center,2025-11-03,5.0,,Layoff Permanent,ca_2025_26.xlsx
CA,CommUnify - Westgate Center,2025-11-03,7.0,,Layoff Permanent,ca_2025_26.xlsx
CA,CommUnify - Cuyama Center,2025-11-03,2.0,,Layoff Permanent,ca_2025_26.xlsx
CA,CommUnify - Jardin de Suenos,2025-11-03,6.0,,Layoff Permanent,ca_2025_26.xlsx
CA,CommUnify - Maggie Espinoza Center,2025-11-03,5.0,,Layoff Permanent,ca_2025_26.xlsx
CA,CommUnify - Betty Sanchez Center,2025-11-03,1.0,,Layoff Permanent,ca_2025_26.xlsx
CA,CommUnify - Coronel Center,2025-11-03,1.0,,Layoff Permanent,ca_2025_26.xlsx
CA,CommUnify - South County HS Office,2025-11-03,1.0,,Layoff Permanent,ca_2025_26.xlsx
CA,CommUnify - South County HS Office,2025-11-03,1.0,,Layoff Permanent,ca_2025_26.xlsx
CA,CommUnify - Goleta Center,2025-11-03,2.0,,Layoff Permanent,ca_2025_26.xlsx
CA,DJI Services LLC,2025-11-03,61.0,,Layoff Permanent,ca_2025_26.xlsx
CA,DJI Services LLC,2025-11-03,37.0,,Layoff Permanent,ca_2025_26.xlsx
CA,"AFC Cable Systems, Inc.",2025-11-04,54.0,,Layoff Permanent,ca_2025_26.xlsx
CA,International Business Machines Corporation,2025-11-04,75.0,,Layoff Permanent,ca_2025_26.xlsx
CA,Blue Plate Oysterette LLC,2025-11-04,45.0,,Closure Permanent,ca_2025_26.xlsx
CA,Safeway,2025-11-05,76.0,,Closure Permanent,ca_2025_26.xlsx
CA,University of Southern California,2025-11-05,5.0,,Layoff Permanent,ca_2025_26.xlsx
CA,Consolidated Hospitality Supplies,2025-11-05,22.0,,Closure Permanent,ca_2025_26.xlsx
CA,Mojave Food Corporation,2025-11-05,86.0,,Closure Permanent,ca_2025_26.xlsx
CA,"Illumina, Inc. Worldwide Headquarters",2025-11-05,4.0,,Layoff Permanent,ca_2025_26.xlsx
CA,Clari Inc.,2025-11-06,96.0,,Layoff Permanent,ca_2025_26.xlsx
CA,"Illumina, Inc.",2025-11-06,28.0,,Layoff Permanent,ca_2025_26.xlsx
CA,Five Guys Operations Broadstone Marketplace,2025-11-07,16.0,,Closure Permanent,ca_2025_26.xlsx
CA,Paramount Skydance Corporation (Gower),2025-11-07,81.0,,Layoff Permanent,ca_2025_26.xlsx
CA,Paramount Skydance Corporation (Melrose),2025-11-07,116.0,,Layoff Permanent,ca_2025_26.xlsx
CA,"The French Gourmet, Inc.",2025-11-07,102.0,,Closure Permanent,ca_2025_26.xlsx
CA,AbbVie,2025-11-10,48.0,,Closure Permanent,ca_2025_26.xlsx
CA,AbbVie,2025-11-10,9.0,,Closure Permanent,ca_2025_26.xlsx
CA,AbbVie,2025-11-10,2.0,,Closure Permanent,ca_2025_26.xlsx
CA,"Synopsys, Inc.",2025-11-12,172.0,,Layoff Permanent,ca_2025_26.xlsx
CA,"Synopsys, Inc.",2025-11-12,1.0,,Layoff Permanent,ca_2025_26.xlsx
CA,"Synopsys, Inc.",2025-11-12,1.0,,Layoff Permanent,ca_2025_26.xlsx
CA,"Synopsys, Inc.",2025-11-12,1.0,,Layoff Permanent,ca_2025_26.xlsx
CA,"Gilead Sciences, Inc.",2025-11-12,17.0,,Layoff Permanent,ca_2025_26.xlsx
CA,"Couchbase, Inc.",2025-11-13,48.0,,Layoff Permanent,ca_2025_26.xlsx
CA,"Mattel, Inc.",2025-11-13,89.0,,Layoff Permanent,ca_2025_26.xlsx
CA,"Lakeshore Learning Materials, LLC (2161)",2025-11-13,69.0,,Closure Permanent,ca_2025_26.xlsx
CA,"Lakeshore Learning Materials, LLC (2649)",2025-11-13,48.0,,Closure Permanent,ca_2025_26.xlsx
CA,"Illumina, Inc. Worldwide Headquarters",2025-11-13,8.0,,Layoff Permanent,ca_2025_26.xlsx
CA,SLO Brewing Co. LLC,2025-11-13,61.0,,Layoff Permanent,ca_2025_26.xlsx
CA,International Paper,2025-11-14,128.0,,Closure Permanent,ca_2025_26.xlsx
CA,Middlebury Institute of International Studies at Monterey,2025-11-14,123.0,,Closure Permanent,ca_2025_26.xlsx
CA,"Braga Fresh Foods, LLC",2025-11-14,260.0,,Closure Permanent,ca_2025_26.xlsx
CA,"Mettler-Toledo Rainin, LLC",2025-11-16,89.0,,Layoff Permanent,ca_2025_26.xlsx
CA,"HRL Laboratories, Malibu Campus",2025-11-17,34.0,,Layoff Permanent,ca_2025_26.xlsx
CA,"HRL Laboratories, Lost Hills Campus",2025-11-17,4.0,,Layoff Permanent,ca_2025_26.xlsx
CA,HRL Laboratories (Remote Employees),2025-11-17,7.0,,Layoff Permanent,ca_2025_26.xlsx
CA,"HRL Laboratories, Camarillo Campus",2025-11-17,3.0,,Layoff Permanent,ca_2025_26.xlsx
CA,"HRL Laboratories, Westlake Campus",2025-11-17,10.0,,Layoff Permanent,ca_2025_26.xlsx
CA,"Nationstar Mortgage, LLC d/b/a Mr. Cooper",2025-11-17,88.0,,Layoff Permanent,ca_2025_26.xlsx
CA,Corteva Agriscience LLC,2025-11-18,4.0,,Layoff Permanent,ca_2025_26.xlsx
CA,"R.C. Packing, LLC",2025-11-18,161.0,,Closure Permanent,ca_2025_26.xlsx
CA,Blue Shield of California (Woodland Hills),2025-11-18,1.0,,Layoff Permanent,ca_2025_26.xlsx
CA,Blue Shield of California (Rancho Cordova),2025-11-18,5.0,,Layoff Permanent,ca_2025_26.xlsx
CA,Blue Shield of California (San Diego),2025-11-18,1.0,,Layoff Permanent,ca_2025_26.xlsx
CA,"McDonald&rsquo;s Restaurants of California, Inc.",2025-11-19,80.0,,Closure Temporary,ca_2025_26.xlsx
CA,Lumileds LLC,2025-11-19,60.0,,Layoff Permanent,ca_2025_26.xlsx
CA,"Zimeno, Inc. dba Monarch Tractor (Lawrence)",2025-11-19,89.0,,Layoff Not known at this time,ca_2025_26.xlsx
CA,"Zimeno, Inc. dba Monarch Tractor",2025-11-19,8.0,,Layoff Not known at this time,ca_2025_26.xlsx
CA,Building Materials Manufacturing LLC (a/k/a GAF),2025-11-20,69.0,,Closure Permanent,ca_2025_26.xlsx
CA,"CRST Expedited, Inc.",2025-11-20,12.0,,Closure Permanent,ca_2025_26.xlsx
CA,Galleher LLC,2025-11-20,86.0,,Closure Permanent,ca_2025_26.xlsx
CA,Henkel Corporation,2025-11-20,13.0,,Closure Permanent,ca_2025_26.xlsx
CA,Verizon,2025-11-20,54.0,,Layoff Permanent,ca_2025_26.xlsx
CA,University of Southern California,2025-11-20,60.0,,Layoff Permanent,ca_2025_26.xlsx
CA,Verizon,2025-11-20,139.0,,Layoff Permanent,ca_2025_26.xlsx
CA,"Illumina, Inc.",2025-11-20,7.0,,Layoff Permanent,ca_2025_26.xlsx
CA,Henkel Corporation,2025-11-20,7.0,,Closure Permanent,ca_2025_26.xlsx
CA,"Van Law Food Products, Inc.",2025-11-21,50.0,,Layoff Permanent,ca_2025_26.xlsx
CA,Panasonic Well LLC,2025-11-24,46.0,,Layoff Permanent,ca_2025_26.xlsx
CA,"Shake Shack Enterprises, LLC",2025-11-25,26.0,,Closure Permanent,ca_2025_26.xlsx
CA,Palo Verde Hospital,2025-11-25,99.0,,Layoff Permanent,ca_2025_26.xlsx
CA,Waldorf Astoria Employer LLC dba Waldorf Astoria Beverly Hills,2025-12-01,57.0,,Layoff Temporary,ca_2025_26.xlsx
CA,"Ovations FanFare, L.P. dba OVG Hospitality",2025-12-01,90.0,,Layoff Permanent,ca_2025_26.xlsx
CA,Cell Margue Corporation,2025-12-01,68.0,,Closure Permanent,ca_2025_26.xlsx
CA,Terzo Enterprises Incorporated,2025-12-01,58.0,,Closure Permanent,ca_2025_26.xlsx
CA,"Ample Joy ABA Consulting Services, LLC",2025-12-01,100.0,,Layoff Permanent,ca_2025_26.xlsx
CA,Shell Recharge Solutions,2025-12-02,2.0,,Closure Permanent,ca_2025_26.xlsx
CA,FreshRealm,2025-12-02,53.0,,Closure Permanent,ca_2025_26.xlsx
CA,Roseburg Forest Product Co Weed Veneer,2025-12-03,147.0,,Closure Permanent,ca_2025_26.xlsx
CA,"CRST Expedited, Inc. dba CRST The Transportation Solution",2025-12-03,4.0,,Layoff Permanent,ca_2025_26.xlsx
CA,"CRST Expedited, Inc. dba CRST The Transportation Solution, Inc.",2025-12-03,1.0,,Layoff Permanent,ca_2025_26.xlsx
CA,Swift Beef Company,2025-12-03,374.0,,Closure Permanent,ca_2025_26.xlsx
CA,Intel Corporation (Robert Noyce Building),2025-12-03,45.0,,Layoff Permanent,ca_2025_26.xlsx
CA,Intel Corporation (SC-1),2025-12-03,1.0,,Layoff Permanent,ca_2025_26.xlsx
CA,Intel Corporation (SC-2),2025-12-03,2.0,,Layoff Permanent,ca_2025_26.xlsx
CA,Intel Corporation (SC-9),2025-12-03,1.0,,Layoff Permanent,ca_2025_26.xlsx
CA,Intel Corporation (SC-12),2025-12-03,10.0,,Layoff Permanent,ca_2025_26.xlsx
CA,"Illumina, Inc.",2025-12-04,3.0,,Layoff Permanent,ca_2025_26.xlsx
CA,"G&C Staffing, LLC (Gold Flora)",2025-12-05,12.0,,Closure Permanent,ca_2025_26.xlsx
CA,"G&C Staffing, LLC (Gold Flora) (1695 S 7th Street)",2025-12-05,36.0,,Closure Permanent,ca_2025_26.xlsx
CA,"G&C Staffing, LLC (Gold Flora) (1190 Coleman Avenue)",2025-12-05,6.0,,Closure Permanent,ca_2025_26.xlsx
CA,"Jabil, Inc.",2025-12-08,21.0,,Closure Permanent,ca_2025_26.xlsx
CA,"Nationstar Mortgage, LLC dba Mr. Cooper",2025-12-08,14.0,,Layoff Permanent,ca_2025_26.xlsx
CA,Bluewater Grill,2025-12-08,47.0,,Closure Permanent,ca_2025_26.xlsx
CA,Wells Fargo,2025-12-09,114.0,,Layoff Permanent,ca_2025_26.xlsx
CA,AARP,2025-12-09,18.0,,Closure Permanent,ca_2025_26.xlsx
CA,"bioMerieux, Inc.",2025-12-09,121.0,,Closure Permanent,ca_2025_26.xlsx
CA,Blue Diamond Growers,2025-12-10,1.0,,Closure Permanent,ca_2025_26.xlsx
CA,Zebra Technologies Corporation,2025-12-11,75.0,,Closure Permanent,ca_2025_26.xlsx
CA,"Illumina, Inc.",2025-12-11,7.0,,Layoff Permanent,ca_2025_26.xlsx
CA,"Anheuser-Busch Commercial Strategy, LLC",2025-12-11,238.0,,Closure Permanent,ca_2025_26.xlsx
CA,"Primo Brands, Inc.",2025-12-15,2.0,,Layoff Permanent,ca_2025_26.xlsx
CA,"Primo Brands, Inc.",2025-12-15,1.0,,Layoff Permanent,ca_2025_26.xlsx
CA,Raytheon,2025-12-15,1.0,,Layoff Permanent,ca_2025_26.xlsx
CA,"Primo Brands, Inc.",2025-12-15,1.0,,Layoff Permanent,ca_2025_26.xlsx
CA,Leprino Foods Company,2025-12-15,100.0,,Closure Permanent,ca_2025_26.xlsx
CA,Warner Music Inc.,2025-12-17,5.0,,Layoff Permanent,ca_2025_26.xlsx
CA,"Illumina, Inc.",2025-12-22,1.0,,Layoff Permanent,ca_2025_26.xlsx
CA,Collins Pine Company,2025-12-23,79.0,,Layoff Temporary,ca_2025_26.xlsx
CA,Fullstack Modular LLC,2025-12-24,200.0,,Layoff Not known at this time,ca_2025_26.xlsx
CA,"Bonduelle Americas dba Ready Pac Foods, Inc.",2025-12-29,62.0,,Layoff Permanent,ca_2025_26.xlsx
CA,"Mare Island Dry Dock, LLC",2025-12-30,84.0,,Closure Permanent,ca_2025_26.xlsx
FL,BayFirst Financial,2022-09-23,58.0,St. Petersburg,Large Layoff - 10 or more workers,warn_or.json
GA,UPS,2025-03-28,244.0,Atlanta,Temporary Layoff,warn_or.json
IL,"Natural Fiber Welding, Inc.",2024-12-10,90.0,Peoria,Reduction,warn_or.json
OR,GP Downs LLC dba The Flying Lark,2022-01-07,226.0,Grants Pass,Permanent closure,warn_or.json
OR,GP Downs LLC dba The Flying Lark,2022-01-07,43.0,Grants Pass,Permanent closure,warn_or.json
OR,Boyd Corporation,2022-01-17,40.0,Portland,Permanent closure,warn_or.json
OR,Peloton,2022-02-08,54.0,Portland,Permanent closure,warn_or.json
OR,"Dr. Martens Airway USA, LLC - Anchor Pa",2022-05-18,31.0,Portland,Permanent closure,warn_or.json
OR,"Dr. Martens Airway USA, LLC - Anchor Pa",2022-05-18,40.0,Portland,Permanent closure,warn_or.json
OR,RR Donnelley,2022-07-13,97.0,Medford,Permanent closure,warn_or.json
OR,"Columbia Steel Casting Co., Inc.",2022-08-22,225.0,Portland,Permanent closure,warn_or.json
OR,DENNIS Uniform,2022-08-30,71.0,Portland,Large Layoff - 10 or more workers,warn_or.json
OR,"Tegra, DBA Latitudes LLC",2022-09-08,48.0,Portland,Permanent closure,warn_or.json
OR,"Beauty Systems Group, LLC, DBA CosmoPro",2022-10-11,60.0,Clackamas,Large Layoff - 10 or more workers,warn_or.json
OR,"Laird Superfood, Inc",2022-10-12,46.0,Sisters,Large Layoff - 10 or more workers,warn_or.json
OR,BOISE CASCADE ELGIN PLYWOOD MILL,2022-12-14,,ELGIN,Large Layoff - 10 or more workers,warn_or.json
OR,Railcar Manufacturing Operations,2023-01-20,101.0,Portland,Large Layoff - 10 or more workers,warn_or.json
OR,Walmart Store #2552,2023-02-22,379.0,Portland,Permanent closure,warn_or.json
OR,Walmart Store #5899,2023-02-22,201.0,Portland,Permanent closure,warn_or.json
OR,Client Facility,2023-03-13,150.0,Beaverton,Permanent closure,warn_or.json
OR,Blount Fine Foods,2023-03-13,198.0,Portland,Permanent closure,warn_or.json
OR,"David's Bridal, Store # 216, Eugene",2023-04-14,1.0,Eugene,Permanent closure,warn_or.json
OR,"David's Bridal, Store # 160, Beaverton",2023-04-14,1.0,Beaverton,Permanent closure,warn_or.json
OR,"David's Bridal, Store # 200, Clackamas",2023-04-14,1.0,Happy Valley,Permanent closure,warn_or.json
OR,"David's Bridal, Store # 292 Salem",2023-04-14,1.0,Keizer,Permanent closure,warn_or.json
OR,"David's Bridal, Store # 263 Medford",2023-04-14,1.0,Medford,Permanent closure,warn_or.json
OR,Cascades Tissue Group - Scappoose Conve,2023-04-25,88.0,Scappoose,Permanent closure,warn_or.json
OR,"Makita U.S.A., Inc.",2023-04-28,6.0,Portland,Permanent closure,warn_or.json
OR,Cascades Tissue Group - St Helens Paper,2023-05-09,45.0,St. Helens,Large Layoff - 10 or more workers,warn_or.json
OR,Aimbridge Employee Service Corp AKA Val,2023-06-06,62.0,Eugene,Large Layoff - 10 or more workers,warn_or.json
OR,Marquis Spas,2023-06-08,115.0,Independence,Permanent closure,warn_or.json
OR,Owens-Brockway Glass Container Inc.,2023-06-13,81.0,Portland,Reduction,warn_or.json
OR,"Jacksonville, Remote Employee Location",2023-06-14,1.0,Jacksonville,Large Layoff - 10 or more workers,warn_or.json
OR,"PBS West, LLC",2023-07-07,50.0,Corvallis,Large Layoff - 10 or more workers,warn_or.json
OR,Medford Plant,2023-07-28,18.0,Medford,Permanent closure,warn_or.json
OR,Medford Plant,2023-07-28,56.0,Medford,Permanent closure,warn_or.json
OR,Roseburg-509,2023-07-30,72.0,Roseburg,Permanent closure,warn_or.json
OR,Eugene-506,2023-07-30,15.0,Eugene,Permanent closure,warn_or.json
OR,DC-25 Portland Distribution Center,2023-07-31,23.0,Portland,Large Layoff - 10 or more workers,warn_or.json
OR,DC-25 Portland Distribution Center,2023-07-31,78.0,Portland,Large Layoff - 10 or more workers,warn_or.json
OR,Cascades Tissue Group - St Helens Paper,2023-08-10,72.0,St. Helens,Permanent closure,warn_or.json
OR,BOISE CASCADE ELGIN PLYWOOD MILL,2023-08-16,1.0,ELGIN,Other,warn_or.json
OR,Walker Rd - Hillsboro,2023-08-22,2.0,Hillsboro,Reduction,warn_or.json
OR,Walker Rd - Hillsboro,2023-08-22,2.0,Hillsboro,Reduction,warn_or.json
OR,Bennett St. - Hillsboro,2023-08-22,3.0,Hillsboro,Reduction,warn_or.json
OR,Walker Rd - Hillsboro,2023-08-22,62.0,Hillsboro,Large Layoff - 10 or more workers,warn_or.json
OR,Bennett St. - Hillsboro,2023-08-22,2.0,Hillsboro,Reduction,warn_or.json
OR,Walker Rd - Hillsboro,2023-08-22,3.0,Hillsboro,Reduction,warn_or.json
OR,Walker Rd - Hillsboro,2023-08-22,1.0,Hillsboro,Reduction,warn_or.json
OR,Walker Rd - Hillsboro,2023-08-22,1.0,Hillsboro,Reduction,warn_or.json
OR,Bennett St. - Hillsboro,2023-08-22,71.0,Hillsboro,Large Layoff - 10 or more workers,warn_or.json
OR,Walker Rd - Hillsboro,2023-08-22,158.0,Hillsboro,Large Layoff - 10 or more workers,warn_or.json
OR,"American Nursery Services, Inc.",2023-09-05,25.0,Newberg,Permanent closure,warn_or.json
OR,T3281 Store,2023-09-26,40.0,Portland,Permanent closure,warn_or.json
OR,T3358 Store,2023-09-26,56.0,Portland,Permanent closure,warn_or.json
OR,T3381 Store,2023-09-26,62.0,Portland,Permanent closure,warn_or.json
OR,Grace,2023-10-01,23.0,Albany,Permanent closure,warn_or.json
OR,Grace,2023-10-01,11.0,Albany,Permanent closure,warn_or.json
OR,Grace,2023-10-01,61.0,Albany,Permanent closure,warn_or.json
OR,Wilsonville Distribution Center,2023-10-18,136.0,Wilsonville,Permanent closure,warn_or.json
OR,Peace Health,2023-10-19,463.0,Eugene,Permanent closure,warn_or.json
OR,Yelloh - Salem,2023-10-25,7.0,Salem,Permanent closure,warn_or.json
OR,Yelloh - Tualitin,2023-10-25,11.0,Tualitin,Permanent closure,warn_or.json
OR,Yelloh -  Central Point,2023-10-25,6.0,Central Point,Permanent closure,warn_or.json
OR,Yelloh - Eugene,2023-10-25,8.0,Eugen,Permanent closure,warn_or.json
OR,Portland - Site,2023-12-01,62.0,Portland,Permanent closure,warn_or.json
OR,Oregon - Remote Employees,2024-01-11,4.0,,Reduction,warn_or.json
OR,Remote Workers - Oregon,2024-01-30,46.0,,Large Layoff - 10 or more workers,warn_or.json
OR,RNDC - Bend Location,2024-01-30,4.0,Bend,Permanent closure,warn_or.json
OR,RNDC - Medford Location #1,2024-01-30,1.0,Medford,Permanent closure,warn_or.json
OR,RNDC - Eugene Location,2024-01-30,3.0,Eugene,Permanent closure,warn_or.json
OR,RNDC - Portland Location,2024-01-30,67.0,Portland,Permanent closure,warn_or.json
OR,RNDC - Medford Location #2,2024-01-30,3.0,Medford,Permanent closure,warn_or.json
OR,Portland Day Sort,2024-02-13,350.0,Portland,Large Layoff - 10 or more workers,warn_or.json
OR,Philomath Division - Industrial Way Mil,2024-02-15,58.0,Philomath,Large Layoff - 10 or more workers,warn_or.json
OR,Interfor U.S. Inc,2024-02-15,42.0,Philomath,Large Layoff - 10 or more workers,warn_or.json
OR,Wieden + Kennedy,2024-02-23,87.0,Portland,Reduction,warn_or.json
OR,Adventist Health of Tillamook,2024-03-07,22.0,Tillamook,Reduction,warn_or.json
OR,"Bornstein Seafoods, Inc - Newport Facil",2024-03-22,50.0,Newport,Permanent closure,warn_or.json
OR,"NIKE, Inc.",2024-04-19,740.0,Beaverton,Reduction,warn_or.json
OR,Portland Manufacturing Site,2024-04-22,75.0,Portland,Large Layoff - 10 or more workers,warn_or.json
OR,Multnomah University,2024-05-07,88.0,Portland,Large Layoff - 10 or more workers,warn_or.json
OR,Lignetics,2024-05-10,5.0,Cascade Locks,Reduction,warn_or.json
OR,Lignetics,2024-05-10,1.0,Cascade Locks,Reduction,warn_or.json
OR,Lignetics,2024-05-10,2.0,Cascade Locks,Reduction,warn_or.json
OR,"Campbell Soup Supply Company, LLC",2024-05-28,200.0,Tualatin,Large Layoff - 10 or more workers,warn_or.json
OR,"Campbell Soup Supply Company, LLC",2024-05-28,10.0,Tualatin,Large Layoff - 10 or more workers,warn_or.json
OR,"Campbell Soup Supply Company, LLC",2024-05-28,120.0,Tualatin,Large Layoff - 10 or more workers,warn_or.json
OR,Oregon - Remote Employees,2024-05-29,37.0,Portland,Large Layoff - 10 or more workers,warn_or.json
OR,OHSU,2024-06-07,142.0,Portland,Large Layoff - 10 or more workers,warn_or.json
OR,OHSU,2024-07-01,297.0,Portland,Large Layoff - 10 or more workers,warn_or.json
OR,Hazelnut Growers of Oregon,2024-07-02,4.0,Aurora,Permanent closure,warn_or.json
OR,Hazelnut Growers of Oregon,2024-07-02,65.0,Aurora,Large Layoff - 10 or more workers,warn_or.json
OR,Walker Rd - Hillsboro,2024-07-23,37.0,Hillsboro,Large Layoff - 10 or more workers,warn_or.json
OR,Walker Rd - Hillsboro,2024-07-23,16.0,Hillsboro,Large Layoff - 10 or more workers,warn_or.json
OR,Walker Rd - Hillsboro,2024-07-23,1.0,Hillsboro,Reduction,warn_or.json
OR,Walker Rd - Hillsboro,2024-07-23,2.0,Hillsboro,Reduction,warn_or.json
OR,Walker Rd - Hillsboro,2024-07-23,95.0,Hillsboro,Permanent closure,warn_or.json
OR,Willamette Falls Paper Company,2024-08-06,158.0,West Linn,Large Layoff - 10 or more workers,warn_or.json
OR,Oregon - Remote Employees,2024-09-06,5.0,,Reduction,warn_or.json
OR,Hillsboro Worksite,2024-09-26,150.0,Hillsboro,Permanent closure,warn_or.json
OR,"True Value Company, L.L.C.",2024-10-15,98.0,Springfield,Permanent closure,warn_or.json
OR,Aloha Facility,2024-10-15,28.0,Aloha,Large Layoff - 10 or more workers,warn_or.json
OR,"Century Blvd., Hillsboro",2024-10-15,514.0,Hillsboro,Large Layoff - 10 or more workers,warn_or.json
OR,"Elam Young Pkwy., Hillsboro",2024-10-15,124.0,Hillsboro,Large Layoff - 10 or more workers,warn_or.json
OR,"25th Ave., Hillsboro",2024-10-15,634.0,Hillsboro,Large Layoff - 10 or more workers,warn_or.json
OR,Cornerstone Building Brands,2024-10-15,76.0,Tualatin,Permanent closure,warn_or.json
OR,Portland - Production and Maintenance P,2024-10-17,49.0,Portland,Permanent closure,warn_or.json
OR,DENNIS Uniform,2024-10-19,111.0,Portland,Large Layoff - 10 or more workers,warn_or.json
OR,"Misfits Markets, Inc.",2024-10-30,64.0,Clackamas,Permanent closure,warn_or.json
OR,Hillsboro Client Site,2024-11-05,205.0,Hillsboro,Large Layoff - 10 or more workers,warn_or.json
OR,#4184 - Portland,2024-11-14,13.0,Portland,Permanent closure,warn_or.json
OR,#4324 - Sandy,2024-11-14,16.0,Sandy,Permanent closure,warn_or.json
OR,#3573 - Gresham,2024-11-14,12.0,Gresham,Permanent closure,warn_or.json
OR,#3911 - Milwaukie,2024-11-14,14.0,Milwaukie,Permanent closure,warn_or.json
OR,#3113 - Beaverton,2024-11-14,9.0,Beaverton,Permanent closure,warn_or.json
OR,#9938 - Portland,2024-11-14,9.0,Portland,Permanent closure,warn_or.json
OR,#3574 - Gresham,2024-11-14,9.0,Gresham,Permanent closure,warn_or.json
OR,#7866 - Beaverton,2024-11-14,8.0,Beaverton,Permanent closure,warn_or.json
OR,#4181 - Portland,2024-11-14,9.0,Portland,Permanent closure,warn_or.json
OR,Distribution Center - Portland,2024-11-14,80.0,Portland,Permanent closure,warn_or.json
OR,#3612 - Hillsboro,2024-11-14,6.0,Hillsboro,Permanent closure,warn_or.json
OR,The Boeing Company - Oregon Location,2024-11-15,50.0,Portland,Reduction,warn_or.json
OR,Cabinet Door Service,2024-11-19,60.0,Salem,Large Layoff - 10 or more workers,warn_or.json
OR,Wells Fargo N.A. William Barnhart Cente,2024-12-03,500.0,Hillsboro,Permanent closure,warn_or.json
OR,Hawthorne Ave - Salem,2024-12-03,221.0,Salem,Permanent closure,warn_or.json
OR,Albertsons Store 0515,2024-12-06,87.0,Roseburg,Permanent closure,warn_or.json
OR,Remote Workers - Oregon,2024-12-10,1.0,Portland,Reduction,warn_or.json
OR,Oregon - Remote Employees,2024-12-20,1.0,,Reduction,warn_or.json
OR,Macy's - Salem Center,2025-01-09,56.0,Salem,Permanent closure,warn_or.json
OR,Portland - Site,2025-02-18,96.0,Portland,Permanent closure,warn_or.json
OR,Safeway Store 4381,2025-03-26,82.0,Baker City,Permanent closure,warn_or.json
OR,Oregon - Statewide,2025-03-26,105.0,,Large Layoff - 10 or more workers,warn_or.json
OR,"Portland, Oregon Facility",2025-04-08,72.0,Portland,Permanent closure,warn_or.json
OR,"Navajo Incorprated, Portland Facility",2025-04-16,11.0,Portland,Large Layoff - 10 or more workers,warn_or.json
OR,"Lignetics, Inc. - Cascade Locks Facilit",2025-04-21,11.0,Cascade Locks,Temporary Layoff,warn_or.json
OR,Oregon - Remote Employees,2025-04-22,16.0,Portand,Large Layoff - 10 or more workers,warn_or.json
OR,Portland Facility,2025-04-27,47.0,Portland,Large Layoff - 10 or more workers,warn_or.json
OR,Store 0505 - Portland,2025-04-30,87.0,Portland,Permanent closure,warn_or.json
OR,Chiloquin Facility,2025-05-01,128.0,Chiloquin,Permanent closure,warn_or.json
OR,"ESS Tech, Inc.",2025-05-27,195.0,Wilsonville,Permanent closure,warn_or.json
OR,Powin LLC,2025-05-29,96.0,Tualatin,Large Layoff - 10 or more workers,warn_or.json
OR,Remote Workers,2025-05-29,149.0,,Large Layoff - 10 or more workers,warn_or.json
OR,Tongue Point Job Corps Center,2025-06-04,168.0,Astoria,Large Layoff - 10 or more workers,warn_or.json
OR,PIVOT Job Corps Center Facility,2025-06-09,12.0,Portland,Permanent closure,warn_or.json
OR,Springdale Job Corps Center,2025-06-09,77.0,Troutdale,Permanent closure,warn_or.json
OR,Rogue Valley Transportation District,2025-06-23,82.0,Medford,Large Layoff - 10 or more workers,warn_or.json
OR,Prineville Facility,2025-06-24,52.0,Prineville,Permanent closure,warn_or.json
OR,Prineville Facility,2025-06-24,51.0,Prineville,Permanent closure,warn_or.json
OR,Prineville Facility,2025-06-24,81.0,Prineville,Permanent closure,warn_or.json
OR,Pilot Rock Sawmill,2025-07-01,62.0,Pilot Rock,Permanent closure,warn_or.json
OR,"Elam Young Pkwy., Hillsboro",2025-07-07,174.0,Hillsboro,Reduction,warn_or.json
OR,Aloha Facility,2025-07-07,194.0,Aloha,Reduction,warn_or.json
OR,"Century Blvd., Hillsboro",2025-07-07,1544.0,Hillsboro,Reduction,warn_or.json
OR,"25th Ave., Hillsboro",2025-07-07,597.0,Hillsboro,Reduction,warn_or.json
OR,"Outside Van, LLC",2025-07-08,56.0,Portland,Permanent closure,warn_or.json
OR,Oregon Mutual,2025-07-11,10.0,McMinnville,Reduction,warn_or.json
OR,Oregon - Remote Employees,2025-07-11,32.0,,Reduction,warn_or.json
OR,Store #128,2025-07-16,249.0,Portland,Permanent closure,warn_or.json
OR,Portland - Production Facility,2025-07-29,90.0,Portland,Large Layoff - 10 or more workers,warn_or.json
OR,Oregon - Remote Employees,2025-08-12,23.0,,Large Layoff - 10 or more workers,warn_or.json
OR,Remote Workers - Oregon,2025-08-20,9.0,,Permanent closure,warn_or.json
OR,Remote Workers,2025-08-20,16.0,,Permanent closure,warn_or.json
OR,Nike World Headquarters,2025-09-15,69.0,Beaverton,Large Layoff - 10 or more workers,warn_or.json
OR,Hillsboro Facility,2025-09-16,128.0,Hillsboro,Large Layoff - 10 or more workers,warn_or.json
OR,Oregon - Remote Employees,2025-09-16,1.0,,Small Layoff  1 – 10 workers,warn_or.json
OR,Pacific Source,2025-09-17,56.0,Springfield,Large Layoff - 10 or more workers,warn_or.json
OR,Dillard Hardwood Plywood Facility,2025-09-25,7.0,Dillard,Permanent closure,warn_or.json
OR,Dillard Hardwood Plywood Facility,2025-09-25,100.0,Dillard,Large Layoff - 10 or more workers,warn_or.json
OR,Wells Fargo Center - Portland,2025-09-30,50.0,Portland,Large Layoff - 10 or more workers,warn_or.json
OR,Oregon - Remote Employees,2025-10-03,1.0,,Small Layoff  1 – 10 workers,warn_or.json
OR,"Bags, A Metropolis Company - Portland",2025-10-13,157.0,Portland,Large Layoff - 10 or more workers,warn_or.json
OR,Pacific Source - Bend,2025-10-24,52.0,Bend,Reduction,warn_or.json
OR,Pacific Source - Medford,2025-10-24,1.0,Medford,Reduction,warn_or.json
OR,Pacific Source - Portland,2025-10-24,38.0,Portland,Reduction,warn_or.json
OR,Pacific Source,2025-10-24,153.0,Springfield,Large Layoff - 10 or more workers,warn_or.json
OR,Pacific Source - Salem,2025-10-24,21.0,Salem,Reduction,warn_or.json
OR,Wells Fargo and Company - 5th Ave. Port,2025-10-28,34.0,Portland,Large Layoff - 10 or more workers,warn_or.json
OR,Wells Fargo and Company - Hawthorne Ave,2025-10-28,147.0,Salem,Large Layoff - 10 or more workers,warn_or.json
OR,Wells Fargo and Company - Walker Rd. Hi,2025-10-28,2.0,Hillsboro,Reduction,warn_or.json
OR,Wells Fargo and Company - Walker Rd. Hi,2025-10-28,263.0,Hillsboro,Permanent closure,warn_or.json
OR,Aloha Facility,2025-11-13,41.0,Aloha,Large Layoff - 10 or more workers,warn_or.json
OR,"Century Blvd., Hillsboro",2025-11-13,510.0,Hillsboro,Large Layoff - 10 or more workers,warn_or.json
OR,"25th Ave., Hillsboro",2025-11-13,76.0,Hillsboro,Large Layoff - 10 or more workers,warn_or.json
OR,"Elam Young Pkwy., Hillsboro",2025-11-13,42.0,Hillsboro,Large Layoff - 10 or more workers,warn_or.json
OR,Oregon - Remote Employees,2025-11-20,1.0,,Reduction,warn_or.json
OR,Nordstrom Portland Rack,2025-12-01,37.0,Portland,Permanent closure,warn_or.json
OR,Vibra Specialty Hospital of Portland,2025-12-01,310.0,Portland,Permanent closure,warn_or.json
OR,Wells Fargo and Company - 5th Ave. Port,2025-12-09,3.0,Portland,Reduction,warn_or.json
OR,"Solgen Power, LLC dba Purelight Power",2025-12-23,71.0,Medford,Permanent closure,warn_or.json
OR,Administrative Office,2025-12-23,13.0,Medford,Permanent closure,warn_or.json
OR,Oregon - Remote Employees,2025-12-23,25.0,,Permanent closure,warn_or.json
OR,Vacuum Technique LLC,2025-12-29,78.0,Clackamas,Permanent closure,warn_or.json
TX,"Stearns Lending, LLC - Corporate Dr.",2022-01-06,348.0,Lewisville,,warn_tx.json
TX,Dynamic Foods,2022-01-24,80.0,Lubbock,,warn_tx.json
TX,Amentum,2022-01-28,178.0,New Boston,,warn_tx.json
TX,"Cognosante, LLC",2022-02-15,84.0,McAllen,,warn_tx.json
TX,Management & Training Corp. - MTC Medical LLC  (Giles W. Dalby Correctional Facility),2022-03-01,206.0,Post,,warn_tx.json
TX,Sev1Tech,2022-03-07,62.0,Fort Hood,,warn_tx.json
TX,"Master Brand Home Products, LLC",2022-03-08,109.0,Weslaco,,warn_tx.json
TX,"ABM Industries Groups, LLC - Houston 1",2022-03-15,31.0,Houston,,warn_tx.json
TX,"ABM Industries Groups, LLC - Houston 2",2022-03-15,26.0,Houston,,warn_tx.json
TX,"ABM Industries Groups, LLC - Fulbright Tower",2022-03-15,18.0,Houston,,warn_tx.json
TX,"ABM Industries Groups, LLC - Houston 4",2022-03-15,19.0,Houston,,warn_tx.json
TX,Devereux Advanced Behavioral Health,2022-03-28,122.0,Victoria,,warn_tx.json
TX,"Michaels Stores Procurement Company, Inc.",2022-04-27,202.0,Fort Worth,,warn_tx.json
TX,Dillard's - Wichita Falls,2022-05-12,81.0,Wichita Falls,,warn_tx.json
TX,"Schenker, Inc. - Kraft",2022-06-06,45.0,Fort Worth,,warn_tx.json
TX,"Schenker, Inc. - Kraft, 1006 Railhead",2022-06-06,85.0,Fort Worth,,warn_tx.json
TX,Zillow Group,2022-06-17,32.0,Coppell,,warn_tx.json
TX,The Coleman Company-Newell Brand,2022-06-23,47.0,New Braunfels,,warn_tx.json
TX,First Guaranty Mortgage Corp.,2022-06-24,428.0,Plano,,warn_tx.json
TX,ABM@Avis DFW,2022-06-28,143.0,Irving,,warn_tx.json
TX,Center for Autism and Related Disorders,2022-06-29,156.0,Plano,Permanent closure,warn_or.json
TX,KeHe Distributors Inc.-Flower Mound,2022-06-30,313.0,Flower Mound,,warn_tx.json
TX,General Information Services dba HireRight,2022-07-01,36.0,Dallas,,warn_tx.json
TX,Multi Color Corporation,2022-07-05,45.0,Dallas,,warn_tx.json
TX,"S&B Fabrication Services,Ltd.",2022-07-06,83.0,Baytown,,warn_tx.json
TX,ION Geophysical Corporation,2022-07-19,125.0,Houston,,warn_tx.json
TX,Pearl South Padre Island Hotel and Resort,2022-07-19,115.0,South Padre Is.,,warn_tx.json
TX,Food City Supermarkets,2022-07-19,90.0,El Paso,,warn_tx.json
TX,"Captel Service Specialists, LLC",2022-07-20,110.0,Arlington,,warn_tx.json
TX,Seville Farms @ Mansfield,2022-07-25,64.0,Mansfield,,warn_tx.json
TX,Seville Farms @ Tyler,2022-07-25,72.0,Winona,,warn_tx.json
TX,Seville Farms @ Los Fresnos,2022-07-25,92.0,Los Fresnos,,warn_tx.json
TX,F 45 Training Inc.,2022-07-26,78.0,Austin,,warn_tx.json
TX,Plano Enterprise Mobility Facility,2022-07-27,69.0,Plano,,warn_tx.json
TX,"GXO Logistics of Texas, LLC",2022-07-28,116.0,Fort Worth,,warn_tx.json
TX,Signify Health LLC - Dallas,2022-08-09,29.0,Dallas,,warn_tx.json
TX,Signify Health LLC - Austin,2022-08-10,9.0,Austin,,warn_tx.json
TX,Spirit Airlines,2022-08-19,134.0,Dallas,,warn_tx.json
TX,ABM Industries - 902,2022-08-23,13.0,Houston,,warn_tx.json
TX,ABM Industries - 909,2022-08-23,5.0,Houston,,warn_tx.json
TX,ABM Industries - 920,2022-08-23,9.0,Houston,,warn_tx.json
TX,ABM Industries - 915 Gessner,2022-08-23,13.0,Houston,,warn_tx.json
TX,ABM Industries - 1120,2022-08-23,9.0,Houston,,warn_tx.json
TX,ABM Industries - 1140,2022-08-23,8.0,Houston,,warn_tx.json
TX,Southern Star Express LLC - Fort Worth,2022-08-24,39.0,Fort Worth,,warn_tx.json
TX,"Southern Star Express, LLC (DDF8)",2022-08-24,55.0,Arlington,,warn_tx.json
TX,"Merit Medical Systems, Inc.",2022-08-25,117.0,Houston,,warn_tx.json
TX,ASARCO Amarillo Refinery,2022-08-29,57.0,Amarillo,,warn_tx.json
TX,Home Point Financial Corporation,2022-08-31,526.0,Dallas,,warn_tx.json
TX,"S&B Fabrication Services,Ltd.",2022-09-09,53.0,Baytown,,warn_tx.json
TX,Sealed Air Corporation,2022-09-13,49.0,Carrollton,,warn_tx.json
TX,Rubbermaid Commercial Products LLc,2022-09-14,64.0,El Paso,,warn_tx.json
TX,Sodexo - CHI Saint Luke's McNair,2022-09-19,15.0,Houston,,warn_tx.json
TX,Sodexo - CHI St Luke's Baylor Medical Center,2022-09-19,99.0,Houston,,warn_tx.json
TX,The James Skinner Company,2022-09-22,179.0,Paris,,warn_tx.json
TX,Quarter North Energy LLC,2022-10-01,43.0,Houston,,warn_tx.json
TX,Valley International Cold Storage LLC,2022-10-04,64.0,Harlingen,,warn_tx.json
TX,"Rev.com, Inc",2022-10-07,85.0,Austin,,warn_tx.json
TX,Hill Defense and Federal Solutions,2022-10-11,134.0,San Antonio,,warn_tx.json
TX,"GXO Logistics of Texas, LLC (Lancaster)",2022-10-13,206.0,Lancaster,,warn_tx.json
TX,"GXO Logistics of Texas, LLC (Dallas)",2022-10-13,56.0,Dallas,,warn_tx.json
TX,"Westex Security Services, Inc.",2022-10-14,7.0,Houston,,warn_tx.json
TX,DXP Enterprises,2022-10-14,4.0,Houston,,warn_tx.json
TX,HJH Houston 1,2022-10-14,1.0,Houston,,warn_tx.json
TX,Jacob Engineering,2022-10-14,3.0,Houston,,warn_tx.json
TX,"Sutton Court Homeowner's Association, Inc.",2022-10-14,2.0,Houston,,warn_tx.json
TX,Third Coast Terminals,2022-10-14,3.0,Pearland,,warn_tx.json
TX,Center Point Towers,2022-10-14,204.0,Houston,,warn_tx.json
TX,Center Point Platinum,2022-10-14,5.0,Houston,,warn_tx.json
TX,Center Point Harrisburg Service Center,2022-10-14,5.0,Houston,,warn_tx.json
TX,Center Point South Houston Center Complex,2022-10-14,6.0,Houston,,warn_tx.json
TX,Centerpoint Addicks Operation Center,2022-10-14,10.0,Houston,,warn_tx.json
TX,Center Point Energy Control Data Center,2022-10-14,10.0,Houston,,warn_tx.json
TX,"Argo AI, LLC. (Austin Congress)",2022-10-27,10.0,Austin,,warn_tx.json
TX,"Argo AI, LLC. (Austin 7th Street)",2022-10-27,68.0,Austin,,warn_tx.json
TX,iBio CDMO,2022-10-31,50.0,Bryan,,warn_tx.json
TX,"COSMAX NBT USA, INC #1",2022-11-11,36.0,Garland,,warn_tx.json
TX,Hallmark Financial Services,2022-11-11,83.0,Dallas,,warn_tx.json
TX,Catalent Cell Therapy,2022-11-15,77.0,Webster,,warn_tx.json
TX,"Bedding Acquisition, LLC",2022-11-16,95.0,Grand Prairie,,warn_tx.json
TX,"Meta Platforms, Inc. (West 3rd)",2022-11-16,154.0,Austin,,warn_tx.json
TX,"Meta Platforms, Inc, (Alterra Pkwy.)",2022-11-16,7.0,Austin,,warn_tx.json
TX,"Meta Platforms, Inc. (Mcallen Pass)",2022-11-16,11.0,Austin,,warn_tx.json
TX,"Meta Platforms, Inc.(W,6th)",2022-11-16,50.0,Austin,,warn_tx.json
TX,Home Point Financial Corporation,2022-11-18,49.0,Dallas,,warn_tx.json
TX,American General Life Insurance Company,2022-12-02,461.0,Amarillo,,warn_tx.json
TX,HII Mission Technologies,2022-12-21,68.0,San Antonio,,warn_tx.json
TX,Information Technology Coalition Inc. (Irving),2023-01-05,370.0,Irving,,warn_tx.json
TX,"Monitronics International, Inc. dba Brinks Home",2023-01-06,20.0,Dallas,,warn_tx.json
TX,Southwest Key Programs-Casa Blanca,2023-01-09,85.0,San Antonio,,warn_tx.json
TX,TUSimple,2023-01-10,76.0,Dallas,,warn_tx.json
TX,Ryder Inc.,2023-01-11,801.0,Austin,,warn_tx.json
TX,"RateGenius Loan Services, Inc.",2023-01-12,139.0,Austin,,warn_tx.json
TX,The Pictsweet Company,2023-01-16,77.0,San Antonio,,warn_tx.json
TX,Genpact LLC,2023-01-19,964.0,Richardson,,warn_tx.json
TX,Sumitomo Electric Wiring Systems,2023-01-20,110.0,El Paso,,warn_tx.json
TX,State Farm at City Line Building 1-4,2023-01-24,125.0,Richardson,,warn_tx.json
TX,Service Experts,2023-01-25,76.0,Richardson,,warn_tx.json
TX,Bed Bath and Beyond (Lewisville),2023-01-25,374.0,Lewisville,,warn_tx.json
TX,"ABM Texas General Services, Inc",2023-01-27,255.0,Austin,,warn_tx.json
TX,"Transde,v Inc,",2023-01-31,83.0,Lancaster,,warn_tx.json
TX,"Bedding Acquisition, LLC",2023-01-31,74.0,Grand Prairie,,warn_tx.json
TX,Owens-Brockway Glass Container Inc.,2023-01-31,90.0,Waco,,warn_tx.json
TX,Georgia Pacific Gypsum,2023-02-02,158.0,Quanah,,warn_tx.json
TX,"PTW Energy Services, Inc.",2023-02-02,9.0,Midland,,warn_tx.json
TX,Eddy Foods,2023-02-02,140.0,Yoakum,,warn_tx.json
TX,"Misfits Market Technologies, INC (Fullfillment Center)",2023-02-07,121.0,Fort Worth,,warn_tx.json
TX,"Skorpios Technologies, Inc.",2023-02-07,60.0,Austin,,warn_tx.json
TX,Packaging Corporation of America (Woodway),2023-02-07,65.0,Woodway,,warn_tx.json
TX,Owens Corning Amarillo Facility,2023-02-07,200.0,Amarillo,,warn_tx.json
TX,Walmart Store #7310,2023-02-08,92.0,Katy,,warn_tx.json
TX,St. Mark's Medical Center,2023-02-15,64.0,La Grange,,warn_tx.json
TX,Deer Park Nursing and Rehab Center LLC,2023-02-16,40.0,Deer Park,,warn_tx.json
TX,TaskUs (San Antonio),2023-02-16,186.0,San Antonio,,warn_tx.json
TX,"Wix.com, Inc.",2023-02-21,100.0,Austin,,warn_tx.json
TX,Boston Scientific Corporation,2023-02-23,120.0,Houston,,warn_tx.json
TX,Interceramic Corporate Office and Distribution Center,2023-02-27,118.0,Carrollton,,warn_tx.json
TX,Interceramic Houston Showroom (Clay Road),2023-02-27,35.0,Houston,,warn_tx.json
TX,Interceramic Houston-Spring Showroom,2023-02-27,7.0,Spring,,warn_tx.json
TX,Interceramic Plano Showroom,2023-02-27,4.0,Plano,,warn_tx.json
TX,Interceramic San Antonio Showroom,2023-02-27,19.0,San Antonio,,warn_tx.json
TX,SNL Distribution Services Corporation,2023-02-27,60.0,Denton,,warn_tx.json
TX,"TuSimple, Inc. (Fort Worth)",2023-02-27,10.0,Fort Worth,,warn_tx.json
TX,"TuSimple, Inc. (Hutchins)",2023-02-27,10.0,Hutchins,,warn_tx.json
TX,Interceramic Austin Showroom,2023-02-28,17.0,Austin,,warn_tx.json
TX,Interceramic Fort Worth Showroom,2023-02-28,12.0,Fort Worth,,warn_tx.json
TX,Interceramic Manufacturing Facility,2023-02-28,161.0,Garland,,warn_tx.json
TX,Interceramic Tile & Stone Gallery,2023-02-28,15.0,Dallas,,warn_tx.json
TX,EP Lamination,2023-03-02,53.0,El Paso,,warn_tx.json
TX,"Southwest General Hospital, LP",2023-03-03,827.0,San Antonio,,warn_tx.json
TX,"Security Specialists, Inc (Austin)",2023-03-08,240.0,Austin,,warn_tx.json
TX,Trellis Company,2023-03-14,105.0,Round Rock,,warn_tx.json
TX,Ibase Operations Corporation,2023-03-15,81.0,Austin,,warn_tx.json
TX,"Penske Logistics, LLC-Keller",2023-03-20,152.0,Keller,,warn_tx.json
TX,"Saten, Inc.",2023-03-22,54.0,Fort Worth,,warn_tx.json
TX,Walmart #1258,2023-03-31,1047.0,Fort Worth,,warn_tx.json
TX,Ibex Global Solutions (San Antonio),2023-04-03,227.0,San Antonio,,warn_tx.json
TX,"Molecular Templates, Inc. (MTEM)",2023-04-04,84.0,Austin,,warn_tx.json
TX,Aramark Campus LLC Trininty University (San Antonio),2023-04-05,120.0,San Antonio,,warn_tx.json
TX,Chalk Mountain Services of Texas LLC,2023-04-05,98.0,Kermit,,warn_tx.json
TX,Hunter Douglas Fabrication Company (Custom Brands Group),2023-04-05,100.0,McKinney,,warn_tx.json
TX,nan,2023-04-06,12.0,El Paso,,warn_tx.json
TX,"Packers Sanitation Services- Cactus, Texas",2023-04-18,113.0,Cactus,,warn_tx.json
TX,"HCS Renewable Energy, LLC",2023-04-19,62.0,El Campo,,warn_tx.json
TX,Walmart #4795 Grapevine,2023-04-20,133.0,Grapevine,,warn_tx.json
TX,Stanley Black & Decker-Fort Worth,2023-04-25,175.0,Fort Worth,,warn_tx.json
TX,DHL Supply Chain - Missouri City,2023-05-03,123.0,Missouri City,,warn_tx.json
TX,DHL Supply Chain - Sugar Land,2023-05-03,29.0,Sugar Land,,warn_tx.json
TX,"Makita U.S.A., Inc. Distribution Center",2023-05-03,4.0,Wilmer,,warn_tx.json
TX,"Makita U.S.A., Inc. Factory Service Center",2023-05-03,7.0,Houston,,warn_tx.json
TX,Aventi Technologies,2023-05-08,272.0,Carrollton,,warn_tx.json
TX,"Bedding Acquisition, LLC (Grand Prairie Plant)",2023-05-10,23.0,Grand Prairie,,warn_tx.json
TX,"GXO Logistics of Texas, LLC (Fort Worth) Comcast Facility",2023-05-10,105.0,Fort Worth,,warn_tx.json
TX,Village Farms,2023-05-10,27.0,Monahans,,warn_tx.json
TX,ABM Industries at the University of Texas San Antonio,2023-05-15,86.0,San Antonio,,warn_tx.json
TX,USAA - (San Antonio) Fredericksburg Rd.,2023-05-16,235.0,San Antonio,,warn_tx.json
TX,Accenture LLP (Austin),2023-05-16,549.0,Austin,,warn_tx.json
TX,Durham School Services-Brenham,2023-05-16,81.0,Brenham,,warn_tx.json
TX,[24]7.ai,2023-05-17,69.0,Dallas,,warn_tx.json
TX,Wipro,2023-05-18,64.0,Austin,,warn_tx.json
TX,Central Garden & Pet (Manufacturing),2023-05-22,80.0,Athens,,warn_tx.json
TX,Scribe Media LLC,2023-05-25,90.0,Austin,,warn_tx.json
TX,"Diversified Technical Services, INC. (San Antonio)",2023-05-30,137.0,San Antonio,,warn_tx.json
TX,Attala Steele Industries (Hilsboro Plant),2023-06-01,126.0,Hillsboro,,warn_tx.json
TX,Chartwells (Midland ISD),2023-06-07,74.0,Midland,,warn_tx.json
TX,Federal Express Corporation (Temple),2023-06-08,58.0,Temple,,warn_tx.json
TX,Nucor (Longview),2023-06-14,173.0,Longview,,warn_tx.json
TX,Accenture Austin),2023-06-15,218.0,Austin,,warn_tx.json
TX,"Neilsen and Bainbridge, LLC",2023-06-15,116.0,Austin,,warn_tx.json
TX,Southeast Service Corporation (Bastrop Independent School District),2023-06-15,91.0,Bastrop,,warn_tx.json
TX,Cognizant Technology Solutions,2023-06-23,56.0,Austin,,warn_tx.json
TX,"Packers Sanitation Services, Inc. (PSSI) Center, Texas",2023-06-27,93.0,Center,,warn_tx.json
TX,Management & Training Corporation (Cleveland TX),2023-06-27,107.0,Cleveland,,warn_tx.json
TX,"Federal Heath Sign Company, LLC",2023-06-27,47.0,Euless,,warn_tx.json
TX,Management & Training Corporation (MTC) - Diboll,2023-06-27,101.0,Diboll,,warn_tx.json
TX,AAC Holding Corporation,2023-06-29,188.0,Dallas,,warn_tx.json
TX,Management Training Corporation (Sanders Estes Unit),2023-06-29,120.0,Venus,,warn_tx.json
TX,"Aramark Campus, LLC at New Braunfels ISD",2023-06-29,59.0,New Braunfels,,warn_tx.json
TX,S&B Industry Inc.,2023-07-05,115.0,Fort Worth,,warn_tx.json
TX,"David's Bridal, LLC (Frisco)",2023-07-17,53.0,Frisco,,warn_tx.json
TX,"David's Bridal, LLC (Arlington)",2023-07-17,27.0,Arlington,,warn_tx.json
TX,"David's Bridal, LLC (Friendswood)",2023-07-17,35.0,Friendswood,,warn_tx.json
TX,"David's Bridal, LLC (610 & San Felipe Shop Center)",2023-07-17,39.0,Houston,,warn_tx.json
TX,"David's Bridal, LLC (San Antonio)",2023-07-17,38.0,San Antonio,,warn_tx.json
TX,"David's Bridal, LLC (Houston North The Woodlands)",2023-07-17,41.0,Woodlands,,warn_tx.json
TX,"David's Bridal, LLC (Hurst)",2023-07-17,25.0,Hurst,,warn_tx.json
TX,"David's Bridal, LLC (North Dallas)",2023-07-17,33.0,Dallas,,warn_tx.json
TX,"David's Bridal, LLC (Mesquite)",2023-07-17,27.0,Mesquite,,warn_tx.json
TX,"David's Bridal, LLC (Beaumont)",2023-07-17,21.0,Beaumont,,warn_tx.json
TX,"David's Bridal, LLC (Lewisville)",2023-07-17,28.0,Lewisville,,warn_tx.json
TX,"David's Bridal, LLC (Tyler)",2023-07-17,31.0,Tyler,,warn_tx.json
TX,"David's Bridal, LLC (McAllen)",2023-07-17,31.0,McAllen,,warn_tx.json
TX,"David's Bridal, LLC (Sugar Land)",2023-07-17,38.0,Sugar Land,,warn_tx.json
TX,"David's Bridal, LLC (North Austin)",2023-07-17,43.0,Austin,,warn_tx.json
TX,"David's Bridal, LLC (Waco)",2023-07-17,30.0,Waco,,warn_tx.json
TX,"David's Bridal, LLC (Corpus Christie)",2023-07-17,21.0,Corpus Christi,,warn_tx.json
TX,"David's Bridal, LLC (Fort Worth)",2023-07-17,29.0,Fort Worth,,warn_tx.json
TX,"David's Bridal, LLC (Abilene)",2023-07-17,19.0,Abilene,,warn_tx.json
TX,"David's Bridal, LLC (San Antonio Bexar County)",2023-07-17,25.0,San Antonio,,warn_tx.json
TX,"David's Bridal, LLC (College Station)",2023-07-17,14.0,College Station,,warn_tx.json
TX,"David's Bridal, LLC (El Paso)",2023-07-17,26.0,El Paso,,warn_tx.json
TX,"David's Bridal, LLC (Austin South)",2023-07-17,26.0,Austin,,warn_tx.json
TX,"David's Bridal, LLC (Lubbock)",2023-07-17,31.0,Lubbock,,warn_tx.json
TX,Ventra Health,2023-07-19,64.0,Fort Worth,,warn_tx.json
TX,Vibra Hospital of Desoto,2023-07-27,76.0,DeSoto,,warn_tx.json
TX,Yellow Freight (Dallas),2023-08-01,530.0,Dallas,,warn_tx.json
TX,"Ericsson, Inc.",2023-08-01,64.0,Plano,,warn_tx.json
TX,FedEx Supply Chain Logistics & Electronics (Ft. Worth),2023-08-02,280.0,Fort Worth,,warn_tx.json
TX,Regal Rexnord,2023-08-03,78.0,Mission,,warn_tx.json
TX,Compass Group,2023-08-03,153.0,Sugar Land,,warn_tx.json
TX,Yellow Freight (Abilene),2023-08-03,4.0,Abilene,,warn_tx.json
TX,Yellow Freight (Fort Worth},2023-08-03,84.0,Fort Worth,,warn_tx.json
TX,Yellow Freight (El Paso),2023-08-03,45.0,El Paso,,warn_tx.json
TX,Yellow Freight (Sherman),2023-08-03,25.0,Sherman,,warn_tx.json
TX,Yellow Freight (Waco),2023-08-03,17.0,Waco,,warn_tx.json
TX,"PSW Real Estate, LLC",2023-08-04,87.0,Austin,,warn_tx.json
TX,Honeywell Intelligrated,2023-08-08,80.0,Arlington,,warn_tx.json
TX,"Babylon, Inc",2023-08-08,94.0,Austin,,warn_tx.json
TX,TATA Consultancy Services,2023-08-08,85.0,Austin,,warn_tx.json
TX,"Wayforth, LLC (Cedar Park)",2023-08-17,10.0,Cedar Park,,warn_tx.json
TX,"Wayforth, LLC (Grapevine)",2023-08-17,15.0,Grapevine,,warn_tx.json
TX,"Wayforth, LLC (Houston)",2023-08-17,16.0,Houston,,warn_tx.json
TX,"S&B Plant Services, LTD. (Deer Park)",2023-08-18,163.0,Deer Park,,warn_tx.json
TX,"S&B Plant Services, LTD (Pasadena)",2023-08-18,32.0,Pasadena,,warn_tx.json
TX,"S&B Plant Service, LTD (La Porte)",2023-08-18,3.0,La Porte,,warn_tx.json
TX,"Appfolio, Inc.",2023-08-18,38.0,Richardson,,warn_tx.json
TX,Harland Clarke Corp,2023-08-23,130.0,Grapevine,,warn_tx.json
TX,CVS Health (Richardson),2023-08-23,167.0,Richardson,,warn_tx.json
TX,VSPOne Dallas,2023-08-24,15.0,Lewisville,,warn_tx.json
TX,Carling Technologies,2023-08-25,83.0,Brownsville,,warn_tx.json
TX,Freedom Graphic Systems Inc.,2023-08-29,59.0,Grand Prairie,,warn_tx.json
TX,Holiday Inn Club Vacations-Pantego,2023-08-29,56.0,Pantego,,warn_tx.json
TX,"GXO Logistics of Texas Supply Chain, Inc",2023-08-31,92.0,Wilmer,,warn_tx.json
TX,ED Tucker Powersports,2023-09-07,165.0,Ft. Worth,,warn_tx.json
TX,Watts Regulators Co.,2023-09-08,31.0,San Antonio,,warn_tx.json
TX,Raytheon Technologies,2023-09-12,27.0,Dallas,,warn_tx.json
TX,Aramark @Trinity Mother Frances Hospital,2023-09-18,163.0,Tyler,,warn_tx.json
TX,Aramark Christus Children's Hospital,2023-09-18,71.0,San Antonio,,warn_tx.json
TX,Aramark Christus Santa Rosa Westover Hills,2023-09-18,73.0,San Antonio,,warn_tx.json
TX,Aramark Christus Hospital St.Elizabeth,2023-09-18,87.0,Beaumont,,warn_tx.json
TX,Aramark Christus St. Michael HospitL,2023-09-18,87.0,Texarkana,,warn_tx.json
TX,Aramark Christus Spohn Shoreline,2023-09-18,116.0,Corpus Christi,,warn_tx.json
TX,Aramark @ Christus Good Shepard Medical Center,2023-09-18,97.0,Longview,,warn_tx.json
TX,Off Lease LLC,2023-09-19,103.0,Katy,,warn_tx.json
TX,Compass United,2023-09-19,104.0,San Antonio,,warn_tx.json
TX,Owens-Brockway Glass Container Inc.,2023-09-21,300.0,Waco,,warn_tx.json
TX,Stitch Fix,2023-10-02,558.0,Dallas,,warn_tx.json
TX,Parker Hannifan-HVAC Division,2023-10-04,76.0,Mesquite,,warn_tx.json
TX,Invista-Nylon Chemicals Americas,2023-10-06,239.0,Orange,,warn_tx.json
TX,"Reata Pharmaceuticals, Inc.(Legacy)",2023-10-09,113.0,Plano,,warn_tx.json
TX,L3Harris Technologies,2023-10-09,268.0,Rockwall,,warn_tx.json
TX,Fluor Enterprises-M&G Jumbo Project,2023-10-09,66.0,Corpus Ch,,warn_tx.json
TX,American Medical Response (Fort Worth#2),2023-10-09,156.0,Fort Worth,,warn_tx.json
TX,Raytheon Technologies,2023-10-09,38.0,Dallas,,warn_tx.json
TX,"Mittera Group, Inc.",2023-10-10,136.0,Carrollton,,warn_tx.json
TX,Accenture LLP (Austin),2023-10-10,351.0,Austin,,warn_tx.json
TX,LegalZoom.com,2023-10-12,122.0,Austin,,warn_tx.json
TX,Southwestern Health Resources,2023-10-18,288.0,Farmers Branch,,warn_tx.json
TX,"GulfMark Energy, Inc.(Chico)",2023-10-19,6.0,Chico,,warn_tx.json
TX,"GulfMark Energy, Inc.(Electra)",2023-10-19,18.0,Electra,,warn_tx.json
TX,"GulfMark Energy, Inc. (Bowie)",2023-10-19,15.0,Bowie,,warn_tx.json
TX,"GulfMark Energy, Inc.",2023-10-19,7.0,Gainesville,,warn_tx.json
TX,XTO Energy Inc. (Franklin),2023-10-20,15.0,Franklin,,warn_tx.json
TX,XTO Energy Inc. (Jewett),2023-10-20,18.0,Jewett,,warn_tx.json
TX,XTO Energy Inc. (Donie),2023-10-20,20.0,Donie,,warn_tx.json
TX,"Ericsson, Inc.",2023-10-23,6.0,Plano,,warn_tx.json
TX,XTO Energy Inc. (Tyler),2023-10-23,1.0,Tyler,,warn_tx.json
TX,XTO Energy Inc. (Jewett #2),2023-10-23,9.0,Jewett,,warn_tx.json
TX,XTO Energy Inc. (Teague #2),2023-10-23,11.0,Teague,,warn_tx.json
TX,XTO Energy Inc. (Donie #2),2023-10-23,46.0,Donie,,warn_tx.json
TX,MV-Transportation Austin (North Yard),2023-10-25,400.0,Austin,,warn_tx.json
TX,MV- Transportation Austin (South Yard),2023-10-25,778.0,Austin,,warn_tx.json
TX,Cygnus Home Service LLC. (Abilene),2023-10-26,5.0,Abilene,,warn_tx.json
TX,Cygnus Home Service LLC (Alvin),2023-10-26,6.0,Alvin,,warn_tx.json
TX,Cygnus Home Service LLC. (Conroe),2023-10-26,9.0,Conroe,,warn_tx.json
TX,Cygnus Home Service LLC. (Houston),2023-10-26,13.0,Houston,,warn_tx.json
TX,Cygnus Home Services LLC. (Lubbock),2023-10-26,8.0,Lubbock,,warn_tx.json
TX,Cygnus Home Services LLC. (Mt. Pleasant),2023-10-26,10.0,Mt Pleasant,,warn_tx.json
TX,Cygnus Home Services LLC. (Nacogdoches),2023-10-26,8.0,Nacogdoches,,warn_tx.json
TX,Cygnus Home Services LLC. (Odessa),2023-10-26,8.0,Odessa,,warn_tx.json
TX,Cygnus Home Services LLC. (Pampa),2023-10-26,7.0,Pampa,,warn_tx.json
TX,Cygnus Home Services LLC. (Round Rock),2023-10-26,11.0,Round Rock,,warn_tx.json
TX,Cygnus Home Services LLC. (San Angelo),2023-10-26,5.0,San Angelo,,warn_tx.json
TX,Cygnus Home Services LLC. (Schertz),2023-10-26,6.0,Schertz,,warn_tx.json
TX,Cygnus Home Services LLC. (Sherman),2023-10-26,7.0,Sherman,,warn_tx.json
TX,Cygnus Home Services LLC. (Waco),2023-10-26,6.0,Waco,,warn_tx.json
TX,PVA Downtown,2023-10-31,20.0,San Antonio,,warn_tx.json
TX,PVA Medical Center,2023-10-31,10.0,San Antonio,,warn_tx.json
TX,Builders FirstSource (Grandview),2023-10-31,76.0,Grandview,,warn_tx.json
TX,Walmart #1258,2023-11-06,363.0,Fort Worth,,warn_tx.json
TX,Raytheon Technologies,2023-11-06,34.0,Dallas,,warn_tx.json
TX,CVS Health (Irving),2023-11-08,2.0,Irving,,warn_tx.json
TX,Whole Food Market (Midtown Houston),2023-11-08,110.0,Houston,,warn_tx.json
TX,CVS Health (Richardson),2023-11-08,2.0,Richardson,,warn_tx.json
TX,CMA CGM (America) LLC,2023-11-08,64.0,Dallas,,warn_tx.json
TX,10 Roads Express LLC.,2023-11-08,66.0,Fort Worth,,warn_tx.json
TX,Hyliion Inc,2023-11-10,150.0,Cedar Park,,warn_tx.json
TX,ADT Solar (Dallas),2023-11-13,53.0,Dallas,,warn_tx.json
TX,Bandier Texas LLC.,2023-11-27,9.0,Dallas,,warn_tx.json
TX,Covenant Aviation Security(George Bush Airport),2023-11-27,64.0,Houston,,warn_tx.json
TX,Covenant Aviation Security (Hobby Airport),2023-11-27,39.0,Houston,,warn_tx.json
TX,Cognizant Technology Solutions (Riata),2023-11-27,65.0,Austin,,warn_tx.json
TX,Bandier Texas LLC.,2023-11-27,9.0,Dallas,,warn_tx.json
TX,Vmware Inc. River Place),2023-12-01,577.0,Austin,,warn_tx.json
TX,Granite Peak Fabrication,2023-12-04,89.0,Midland,,warn_tx.json
TX,DHL Supply Chain - Sugar Land,2023-12-04,10.0,Sugar Land,,warn_tx.json
TX,DHL Supply Chain - Missouri City,2023-12-04,50.0,Missouri City,,warn_tx.json
TX,"Matheson Flight Extenders, Inc.",2023-12-04,92.0,Grapevine,,warn_tx.json
TX,Masonite Coorporation,2023-12-07,75.0,Greenville,,warn_tx.json
TX,The International Paper Company Sabine Railroad,2023-12-11,12.0,Orange,,warn_tx.json
TX,Custom Ink,2023-12-18,256.0,Flower Mound,,warn_tx.json
TX,Randalls #2490,2024-01-04,76.0,Austin,,warn_tx.json
TX,Genpact US Services LLC,2024-01-05,365.0,Richardson,,warn_tx.json
TX,Technica Corporation,2024-01-05,60.0,San Antonio,,warn_tx.json
TX,Masonite Corporation (Greenville),2024-01-08,75.0,Greenville,,warn_tx.json
TX,"Packers Sanitation Services, Inc. (PSSI) Friona",2024-01-08,103.0,Friona,,warn_tx.json
TX,"ABM Industries, Inc. Flowers Baking Company",2024-01-09,176.0,San Antonio,,warn_tx.json
TX,Tom Thumb Store #3854,2024-01-09,71.0,Grapevine,,warn_tx.json
TX,GDI Services - Coppell,2024-01-12,44.0,Coppell,,warn_tx.json
TX,GDI Services Dallas,2024-01-12,44.0,Dallas,,warn_tx.json
TX,Unity Technologies-Austin,2024-01-12,92.0,Austin,,warn_tx.json
TX,"WWL Vehicle Services Americas, Inc.",2024-01-16,63.0,Houston,,warn_tx.json
TX,Jumbo Beverages,2024-01-17,109.0,Grapevine,,warn_tx.json
TX,Versum Materials US LLC,2024-01-18,51.0,Austin,,warn_tx.json
TX,HMS Host-DFW Airport,2024-01-19,334.0,Grapevine,,warn_tx.json
TX,Horton Automatics,2024-01-22,63.0,Corpus Christi,,warn_tx.json
TX,Vroom-Sam Houston Parkway,2024-01-23,178.0,Houston,,warn_tx.json
TX,"Panera, LLC Fresh Dough Facility",2024-01-24,84.0,Houston,,warn_tx.json
TX,Longwood Elastomers,2024-01-24,52.0,Brenham,,warn_tx.json
TX,Hollingsworth LLC,2024-01-25,153.0,Fort Worth,,warn_tx.json
TX,Vroom-Meadows Place #2,2024-01-25,54.0,Stafford,,warn_tx.json
TX,Vroom-Stafford,2024-01-25,283.0,Stafford,,warn_tx.json
TX,American Airlines-SRO,2024-01-30,321.0,Ft. Worth,,warn_tx.json
TX,"Mattison Pathology, LLP dba Avero Diagnotics",2024-02-01,103.0,Irving,,warn_tx.json
TX,Shearer's Foods LLC,2024-02-02,176.0,Lubbock,,warn_tx.json
TX,"WFS Express, Inc. Kelley Field",2024-02-12,65.0,San Antonio,,warn_tx.json
TX,NexTier Completion Solutions Inc. - San Angelo II,2024-02-15,104.0,San Angelo,,warn_tx.json
TX,"Kasasa, LTD",2024-02-22,59.0,Austin,,warn_tx.json
TX,Rio Grande Valley Sugar Growers 2024,2024-02-22,435.0,Santa Rosa,,warn_tx.json
TX,Oldcastle Infrastructure,2024-02-23,64.0,Kennedale,,warn_tx.json
TX,Daifuku Services America Corp.,2024-02-26,38.0,Carrollton,,warn_tx.json
TX,Frontpoint LLC. (Primary Home Health Care),2024-02-26,53.0,Arlington,,warn_tx.json
TX,Expedia Group Inc. (Austin),2024-02-27,64.0,Austin,,warn_tx.json
TX,"Ironhorse Funding, LLC.",2024-02-29,9.0,Irving,,warn_tx.json
TX,Denbury Inc,2024-02-29,111.0,Plano,,warn_tx.json
TX,"Gulf Stevedoring Services, LLC",2024-03-04,29.0,Galveston,,warn_tx.json
TX,Phoenix Assurance,2024-03-06,25.0,Fort Worth,,warn_tx.json
TX,Artic Slope Mission Services',2024-03-06,70.0,El Paso,,warn_tx.json
TX,"Tramontina USA, Inc.",2024-03-08,62.0,Sugar Land,,warn_tx.json
TX,"Rooster Teeth Production, LLC",2024-03-11,133.0,Austin,,warn_tx.json
TX,Signify North America Corporation - Genlyte Thomas LLC,2024-03-14,109.0,San Marcos,,warn_tx.json
TX,Stanley Black and Decker,2024-03-14,127.0,Mission,,warn_tx.json
TX,Kroger Fulfillment Network LLC-Austin,2024-03-26,52.0,Austin,,warn_tx.json
TX,Kroger Fulfillment Network LLC-San Antonio,2024-03-27,73.0,San Antonio,,warn_tx.json
TX,Davies UC LLC,2024-03-28,3.0,Austin,,warn_tx.json
TX,"Nosco, Inc.",2024-04-03,51.0,Carrollton,,warn_tx.json
TX,"Rooster Teeth Productions, LLC II",2024-04-04,6.0,Austin,,warn_tx.json
TX,Kohler Co.,2024-04-16,93.0,Brownwood,,warn_tx.json
TX,Joyson Safety Systems,2024-04-17,108.0,San Antonio,,warn_tx.json
TX,Tesla,2024-04-23,2688.0,Austin,,warn_tx.json
TX,Expedia Group Inc. (Austin),2024-04-23,84.0,Austin,,warn_tx.json
TX,"Soil Organic, Inc.",2024-04-25,61.0,Rice,,warn_tx.json
TX,"Arnold Transportation Services, Inc",2024-04-30,157.0,Grand Prairie,,warn_tx.json
TX,Denbury Inc.,2024-05-02,3.0,Plano,,warn_tx.json
TX,Baylor Scott & White Institute for Rehabilitation-Home Health,2024-05-02,81.0,Flower Mound,,warn_tx.json
TX,Select Specialty Hospital Longview-Select Medical Corporation,2024-05-02,94.0,Longview,,warn_tx.json
TX,TATA Consultancy Services Limited 2024,2024-05-02,94.0,Irving,,warn_tx.json
TX,"Careismatic Brands, Inc.",2024-05-02,202.0,Dallas,,warn_tx.json
TX,Aramark Baylor (2100 River Street),2024-05-02,64.0,Waco,,warn_tx.json
TX,Aramark Baylor(1919 S.First Street),2024-05-02,691.0,Waco,,warn_tx.json
TX,GoldStar Transit(Robinson Independent School District),2024-05-02,500.0,Robinson,,warn_tx.json
TX,TATA Consultancy Services Limited 2024(Austin),2024-05-02,21.0,Austin,,warn_tx.json
TX,E4D Technologies,2024-05-02,67.0,Richardson,,warn_tx.json
TX,Westlake Royal Building Products,2024-05-02,260.0,Carrollton,,warn_tx.json
TX,Allied Universal Security Services (Wadsworth),2024-05-03,173.0,Wadsworth,,warn_tx.json
TX,"Arkane Studios, LLC.",2024-05-07,96.0,Austin,,warn_tx.json
TX,"Rarefied Atmosphere, Inc",2024-05-14,106.0,Austin,,warn_tx.json
TX,GoldStar Transit (Waco ISD),2024-05-15,94.0,Waco,,warn_tx.json
TX,VSPOne Dallas,2024-05-17,14.0,Lewisville,,warn_tx.json
TX,Walmart (Munger Blvd.),2024-05-20,1266.0,Dallas,,warn_tx.json
TX,Walmart (Carrollton),2024-05-21,206.0,Carrollton,,warn_tx.json
TX,Unleashed Brands (Towson),2024-05-23,48.0,Bedford,,warn_tx.json
TX,Dallas Morning News North Plant,2024-05-30,85.0,Plano,,warn_tx.json
TX,Southwest Airlines  (Terminal Rd),2024-05-31,97.0,Houston,,warn_tx.json
TX,"Zachry Industrial, Inc. (Sabine Pass)",2024-06-03,4072.0,Sabine Pass,,warn_tx.json
TX,"Zachry Industrial, Inc.(Orange)",2024-06-03,16.0,Orange,,warn_tx.json
TX,"Zachry Industrial, Inc.(Beaumont)",2024-06-03,15.0,Beaumont,,warn_tx.json
TX,"Zachry Industrial, Inc. (Baytown)",2024-06-03,307.0,Baytown,,warn_tx.json
TX,99 Cents Only Store LLC. (Conroe),2024-06-03,20.0,Conroe,,warn_tx.json
TX,99 Cents Only Store LLC (El Paso),2024-06-03,20.0,El Paso,,warn_tx.json
TX,99 Cents Only Store LLC (Katy),2024-06-03,20.0,Katy,,warn_tx.json
TX,Kaiser Aluminum - Sherman,2024-06-04,75.0,Sherman,,warn_tx.json
TX,99 Cents Only Store LLC (Waco),2024-06-04,20.0,Waco,,warn_tx.json
TX,99 Cents Only Stores - Houston - 4,2024-06-04,20.0,Houston,,warn_tx.json
TX,99 Cents Only Stores - San Antonio,2024-06-04,20.0,San Antonio,,warn_tx.json
TX,99 Cents Only Store LLC (Pasadena),2024-06-04,20.0,Pasadena,,warn_tx.json
TX,99 Cents Only Store LLC (Mcallen),2024-06-04,20.0,McAllen,,warn_tx.json
TX,99 Cents Only Store LLC (Rosenberg),2024-06-04,20.0,Rosenberg,,warn_tx.json
TX,99 Cents Only Store LLC (Walzem),2024-06-04,20.0,San Antonio,,warn_tx.json
TX,99 Cents Only Store LLC (Katy#2),2024-06-04,20.0,Katy,,warn_tx.json
TX,"Intrepid U.S.A., Inc.",2024-06-10,102.0,Dallas,,warn_tx.json
TX,Hunter Douglas Fabrication Company (Custom Brands Group) Updated,2024-06-11,53.0,McKinney,,warn_tx.json
TX,Coach USA (Kerrvile Bus Company),2024-06-12,50.0,San Antonio,,warn_tx.json
TX,Target Hospitality (Dilley South Texas Family Residential Center),2024-06-13,95.0,Dilley,,warn_tx.json
TX,Charter Communications (Austin),2024-06-14,230.0,Austin,,warn_tx.json
TX,CoreCivic (South Texas Family Residential Center),2024-06-14,433.0,Dilley,,warn_tx.json
TX,Compass Group / Fresh & Ready Foods,2024-06-17,65.0,Dallas,,warn_tx.json
TX,HII Mission Technologies (HII Defense and Federal Solutions),2024-06-20,57.0,San Antonio,,warn_tx.json
TX,"Ardagh Glass Packaging, Inc.",2024-06-24,220.0,Houston,,warn_tx.json
TX,Southeast Service Corporation Services For Education,2024-06-25,95.0,Kingsville,,warn_tx.json
TX,New Options Sports,2024-06-27,45.0,Farmers Branch,,warn_tx.json
TX,"Zachry Industrial, Inc. (Baytown) Updated",2024-06-30,28.0,Baytown,,warn_tx.json
TX,"Zachry Industrial, Inc. (Sabine Pass) Updated",2024-06-30,33.0,Sabine Pass,,warn_tx.json
TX,"Zachry Industrial, Inc. (Orange) Updated",2024-06-30,32.0,Orange,,warn_tx.json
TX,"Zachry Industrial, Inc. (Beaumont) Updated",2024-06-30,33.0,Beaumont,,warn_tx.json
TX,"ISS Action, Inc.",2024-07-03,197.0,Harlingen,,warn_tx.json
TX,ShipBob Inc. (Grapevine),2024-07-05,48.0,Grapevine,,warn_tx.json
TX,ShipBob Inc. (Dallas Hub),2024-07-05,3.0,Dallas,,warn_tx.json
TX,DHL Supply Chain (Carrollton),2024-07-17,104.0,Carrollton,,warn_tx.json
TX,"RXO Last Mile, Inc. (Greens Parkway)",2024-07-17,27.0,Houston,,warn_tx.json
TX,Vectrus Systems Corporation(V2X) Sheppard Air Force Base,2024-07-17,123.0,Wichita Falls,,warn_tx.json
TX,Master WoodCraft Cabinetry (Marshall),2024-07-18,298.0,Marshall,,warn_tx.json
TX,Master WoodCraft Cabinetry (Jefferson),2024-07-18,76.0,Jefferson,,warn_tx.json
TX,Golden Pass LNG Export Terminal (Sunbelt Rentals),2024-07-18,277.0,Port Arthur,,warn_tx.json
TX,"STG International, Inc.",2024-07-18,107.0,Dilley,,warn_tx.json
TX,Pitney Bowes Inc.(Austin),2024-07-23,12.0,Austin,,warn_tx.json
TX,Pitney Bowes Inc.(Irving),2024-07-23,2.0,Irving,,warn_tx.json
TX,"GEODIS Logistics, LLC (Casestack)",2024-07-25,76.0,Grand Prairie,,warn_tx.json
TX,Quality Custom Distribution,2024-07-25,57.0,Schertz,,warn_tx.json
TX,"BIMBO Bakeries USA, Inc.",2024-07-26,138.0,San Antonio,,warn_tx.json
TX,Holiday Inn Club Vacations Incorporated,2024-07-26,54.0,Galveston,,warn_tx.json
TX,SunPower Corporation (Waterford),2024-07-29,6.0,Austin,,warn_tx.json
TX,Exxon Mobile (Las Colinas Office),2024-08-01,39.0,Irving,,warn_tx.json
TX,Exxon Mobil (Big Lake),2024-08-01,2.0,Big Lake,,warn_tx.json
TX,Exxon Mobil (Midland #1),2024-08-05,1.0,Midland,,warn_tx.json
TX,Exxon Mobil (Midland #2),2024-08-05,7.0,Midland,,warn_tx.json
TX,Exxon Mobil (Midland #3),2024-08-05,10.0,Midland,,warn_tx.json
TX,MII Technologies (AOUSC),2024-08-06,57.0,San Antonio,,warn_tx.json
TX,Conn's Appliances (Beaumont Site),2024-08-07,32.0,Beaumont,,warn_tx.json
TX,Conn's Appliances (Woodlands Site),2024-08-07,183.0,Beaumont,,warn_tx.json
TX,Conn's Appliances (San Antonio),2024-08-07,36.0,San Antonio,,warn_tx.json
TX,"Fleco Industries, LLC",2024-08-07,174.0,Carrollton,,warn_tx.json
TX,The Gunter Hotel San Antonio,2024-08-07,75.0,San Antonio,,warn_tx.json
TX,Seton Medical Center,2024-08-08,15.0,Austin,,warn_tx.json
TX,Seton Medical Center Hays,2024-08-08,16.0,Kyle,,warn_tx.json
TX,Seton Highland Lakes Hospital,2024-08-08,15.0,Burnet,,warn_tx.json
TX,Seton Northwest Hospital,2024-08-08,16.0,Austin,,warn_tx.json
TX,Seton Medical Center Williams,2024-08-08,15.0,Round Rock,,warn_tx.json
TX,Seton Southwest Medical Center,2024-08-08,15.0,Austin,,warn_tx.json
TX,Texas Children's Hosptal (Texas Medical Center),2024-08-08,997.0,Houston,,warn_tx.json
TX,ABM Texas (TCC Northeast),2024-08-08,23.0,Hurst,,warn_tx.json
TX,ABM Texas (TCC Northwest),2024-08-08,23.0,Fort Worth,,warn_tx.json
TX,ABM Texas (TCC South),2024-08-08,23.0,Fort Worth,,warn_tx.json
TX,ABM Texas (TCC Southeast),2024-08-08,23.0,Arlington,,warn_tx.json
TX,ABM Texas (TCC Trinity),2024-08-08,23.0,Fort Worth,,warn_tx.json
TX,"Arbor E & T, LLC Equus Workforce Solutions San Marcos Office",2024-08-12,17.0,San Marcos,,warn_tx.json
TX,"Arbor E & T, LLC Equus Workforce Solutions Lockhart Office",2024-08-12,3.0,Lockhart,,warn_tx.json
TX,"Arbor E & T, LLC Equus Workforce Solutions Bastrop Office",2024-08-12,8.0,Bastrop,,warn_tx.json
TX,"Arbor E & T, LLC Equus Workforce Solutions Giddings Office",2024-08-12,3.0,Giddings,,warn_tx.json
TX,"Arbor E & T, LLC Equus Workforce Solutions La Grange Office",2024-08-12,1.0,La Grange,,warn_tx.json
TX,"Arbor E&T, LLC Equus Workforce Solutions Round Rock",2024-08-12,26.0,Round Rock,,warn_tx.json
TX,"Arbor E & T, LLC Equus Workforce Solutions Burnet",2024-08-12,6.0,Burnet,,warn_tx.json
TX,"Arbor E & T, LLC Equus Workforce Solutions Llano Satellite Office",2024-08-12,1.0,Llano,,warn_tx.json
TX,"Arbor E & T, LLC Equus Workforce Solutions Johnson City Satellite Office",2024-08-12,1.0,Johnson City,,warn_tx.json
TX,"Arbor E & T, LLC Equus Workforce Solutions Bartlett Satellite Office",2024-08-12,1.0,Bartlett,,warn_tx.json
TX,"Arbor E & T, LLC Equus Workforce Solutions Taylor Satellite Office",2024-08-12,1.0,Taylor,,warn_tx.json
TX,"INVISTA (Orange) Nylon Chemicals Americas, LLC",2024-08-12,75.0,Orange,,warn_tx.json
TX,Landshark Bar & Grill,2024-08-12,18.0,San Antonio,,warn_tx.json
TX,Conn's HomePlus (Grand Prairie),2024-08-14,16.0,Grand Prairie,,warn_tx.json
TX,VSPOne Dallas (VSP Optical Group),2024-08-21,69.0,Lewisville,,warn_tx.json
TX,Callaway Golf Interactive Inc,2024-08-27,28.0,Austin,,warn_tx.json
TX,Signify North America Corporation-Genlyte Thomas LLC (Updated),2024-08-28,109.0,San Marcos,,warn_tx.json
TX,"HCL America, Inc. (HCL Tech)",2024-08-30,43.0,Frisco,,warn_tx.json
TX,Steward Health Care System,2024-09-04,43.0,Texarkana,,warn_tx.json
TX,"Basler Plastics, LLC",2024-09-04,41.0,San Marcos,,warn_tx.json
TX,"Steward Medical Group, Inc.",2024-09-06,40.0,Richardson,,warn_tx.json
TX,Management & Training Corp. - MTC Medical LLC  (Giles W. Dalby Facility),2024-09-10,218.0,Post,,warn_tx.json
TX,Southwestern Health Resources,2024-09-11,129.0,Farmers Branch,,warn_tx.json
TX,Southwest Key Program (Casa Trail House),2024-09-12,666.0,El Paso,,warn_tx.json
TX,Compass Group / Fresh & Ready Foods,2024-09-13,,Dallas,,warn_tx.json
TX,Laboratory Corporation of America Holdings,2024-09-16,132.0,Houston,,warn_tx.json
TX,Expedia Group Inc. (Austin),2024-09-19,57.0,Austin,,warn_tx.json
TX,Cygnus Home Services LLC. (San Antonio) Yelloh,2024-09-23,11.0,San Antonio,,warn_tx.json
TX,Cygnus Home Services LLC. (Lewisville) Yelloh,2024-09-23,25.0,Lewisville,,warn_tx.json
TX,"Jabil, Inc.",2024-10-10,136.0,Richardson,,warn_tx.json
TX,International Paper Company San Antonio,2024-10-10,89.0,San Antonio,,warn_tx.json
TX,Intel Corporation,2024-10-16,251.0,Austin,,warn_tx.json
TX,"National Fire & Safety, Inc",2024-10-16,99.0,Dallas,,warn_tx.json
TX,MP2 Energy LLC (Shell Energy),2024-10-16,103.0,Houston,,warn_tx.json
TX,DENNIS Uniform,2024-10-22,139.0,Fort Worth,,warn_tx.json
TX,Wolfspeed,2024-10-23,73.0,Farmers Branch,,warn_tx.json
TX,"True Value Company, L.L.C.",2024-10-23,107.0,Corsicana,,warn_tx.json
TX,Sodexo (Alcon Labs),2024-10-24,70.0,Fort Worth,,warn_tx.json
TX,DHL Supply Chain (Missouri City 2024),2024-10-29,43.0,Missouri City,,warn_tx.json
TX,DHL Supply Chain (Sugar Land 2024),2024-10-29,10.0,Sugar Land,,warn_tx.json
TX,Marathon Oil Corporation,2024-10-29,500.0,Houston,,warn_tx.json
TX,Alcom LLC,2024-10-30,83.0,Waco,,warn_tx.json
TX,"WIT Services Co., LLC",2024-11-05,15.0,Stephenville,,warn_tx.json
TX,"Paragon Industries, Inc.",2024-11-05,70.0,Stephenville,,warn_tx.json
TX,Exxon Mobile (Las Colinas Office),2024-11-12,376.0,Irving,,warn_tx.json
TX,Kuehne + Nagel (KN),2024-11-12,68.0,Lewisville,,warn_tx.json
TX,Exxon Mobil (Midland #1),2024-11-12,9.0,Midland,,warn_tx.json
TX,Exxon Mobil (Midland #3),2024-11-12,9.0,Midland,,warn_tx.json
TX,Advanced Auto Parts# 7776 (Plano),2024-11-18,12.0,Plano,,warn_tx.json
TX,Advanced Auto Parts #7912 (Plano),2024-11-18,10.0,Plano,,warn_tx.json
TX,Advanced Auto Parts# 7734 (Burleson),2024-11-18,1.0,Burleson,,warn_tx.json
TX,Advanced Auto Parts (Grand Prairie),2024-11-19,10.0,Grand Prairie,,warn_tx.json
TX,Advanced Auto Parts (Forest Hill),2024-11-19,9.0,Forest Hill,,warn_tx.json
TX,Advanced Auto Parts (Mccart Ave.),2024-11-19,9.0,Fort Worth,,warn_tx.json
TX,Advanced Auto Parts (Josey Ln),2024-11-19,10.0,Dallas,,warn_tx.json
TX,Advanced Auto Parts (Camp Bowie),2024-11-19,11.0,Fort Worth,,warn_tx.json
TX,Advanced Auto Parts (Carroll Avenue),2024-11-19,8.0,Dallas,,warn_tx.json
TX,Advanced Auto Parts #6855 (Pearland),2024-11-19,10.0,Pearland,,warn_tx.json
TX,Advanced Auto Parts (Garland),2024-11-19,10.0,Garland,,warn_tx.json
TX,Advanced Auto Parts # 8054 (Cypress),2024-11-19,12.0,Cypress,,warn_tx.json
TX,Advanced Auto Parts # 8169 (Houston),2024-11-19,8.0,Houston,,warn_tx.json
TX,Advanced Auto Parts # 7993 (Conroe),2024-11-19,6.0,Conroe,,warn_tx.json
TX,Advanced Auto Parts # 8046 (Spring),2024-11-19,11.0,Spring,,warn_tx.json
TX,Advanced Auto Parts # 8489 (Houston II),2024-11-19,7.0,Houston,,warn_tx.json
TX,"SDH Service East, LLC",2024-11-25,166.0,San Antonio,,warn_tx.json
TX,Exxon Mobil Corporation (Big Lake) #1,2024-11-25,1.0,Big Lake,,warn_tx.json
TX,Exxon Mobil Corporation (Big Lake) #2,2024-11-25,2.0,Big Lake,,warn_tx.json
TX,TTEC Government Solutions,2024-12-04,650.0,Austin,,warn_tx.json
TX,"Get Fresh Produce, LLC",2024-12-11,44.0,Houston,,warn_tx.json
TX,United Language Group,2024-12-11,60.0,San Antonio,,warn_tx.json
TX,DallasNews Corporation,2024-12-11,75.0,Plano,,warn_tx.json
TX,Stealth Monitoring,2024-12-18,29.0,Addison,,warn_tx.json
TX,"Tenneco, Inc.",2024-12-27,140.0,El Paso,,warn_tx.json
TX,"ICON Technology, Inc.",2025-01-07,114.0,Austin,,warn_tx.json
TX,Commanche Peak Nuclear Power Plant,2025-01-08,86.0,Glen Rose,,warn_tx.json
TX,Crothall Healthcare-Houston,2025-01-08,69.0,Houston,,warn_tx.json
TX,"Scentsy, Inc.",2025-01-09,94.0,Coppell,,warn_tx.json
TX,RR Donnelley,2025-01-14,88.0,Nacogdoches,,warn_tx.json
TX,"COSMAX NBT USA, INC #1",2025-01-14,80.0,Garland,,warn_tx.json
TX,Macy's - Houston (Almeda),2025-01-15,72.0,Houston,,warn_tx.json
TX,"Chalk Mountain Services of Texas of Texas, LLC (Pleasanton)",2025-01-21,1.0,Pleasanton,,warn_tx.json
TX,"Construction Specialties Platforn Holdings, LLC",2025-01-27,89.0,Denton,,warn_tx.json
TX,S & B Engineers and Constructors (Eastman),2025-01-29,43.0,Longview,,warn_tx.json
TX,Allied Aviation-Southlake,2025-01-29,362.0,Southlake,,warn_tx.json
TX,Manpower Group (Irving),2025-01-29,173.0,Irving,,warn_tx.json
TX,One TouchPoint,2025-01-30,43.0,Austin,,warn_tx.json
TX,Syzygy Plasmonics,2025-02-05,58.0,Houston,,warn_tx.json
TX,Syzygy Plasmonics (Kirby),2025-02-05,10.0,Houston,,warn_tx.json
TX,"LX Pantos America, Inc.",2025-02-05,131.0,Fort Worth,,warn_tx.json
TX,Pathlight Property Management (OPVHHJV LLC),2025-02-05,192.0,Plano,,warn_tx.json
TX,Hll Mission Technologies(Administrative Office of the US Courts (AOUSC),2025-02-05,56.0,San Antonio,,warn_tx.json
TX,Catholic Charities Archdiocese Of Galveston-Houston (Louisiana Street),2025-02-10,11.0,Houston,,warn_tx.json
TX,Catholic Charities Archdiocese Of Galveston-Houston (Smith Street),2025-02-10,43.0,Houston,,warn_tx.json
TX,Catholic Charities Archdiocese Of Galveston-Houston (Bering Drive),2025-02-10,58.0,Houston,,warn_tx.json
TX,Catholic Charities Archdiocese Of Galveston-Houston (San Felipe),2025-02-10,8.0,Houston,,warn_tx.json
TX,Animal Supply Co. LLC,2025-02-11,145.0,Grand Prairie,,warn_tx.json
TX,Catholic Charities of Dallas (Refuge Resettlement Program),2025-02-11,63.0,Dallas,,warn_tx.json
TX,Propio Language Services,2025-02-11,40.0,San Antonio,,warn_tx.json
TX,Raices,2025-02-18,61.0,San Antonio,,warn_tx.json
TX,Southwest - Dallas Lovefield Airport,2025-02-19,626.0,Dallas,,warn_tx.json
TX,Neiman Marcus-One Marcus Square,2025-02-19,1.0,Dallas,,warn_tx.json
TX,Christus Health Santa Rosa Medical Center,2025-02-24,479.0,San Antonio,,warn_tx.json
TX,L3Harris Technologies (JAVA MAN Program),2025-02-24,179.0,Rockwall,,warn_tx.json
TX,Houston Refining LP (2025),2025-02-25,345.0,Houston,,warn_tx.json
TX,MVM,2025-02-26,247.0,El Paso,,warn_tx.json
TX,"MVM, Inc. (McAllen)",2025-02-26,132.0,McAllen,,warn_tx.json
TX,JELD -WEN -Coppell,2025-03-03,56.0,Coppell,,warn_tx.json
TX,"LUKE Holdings, Inc.(Laredo)",2025-03-03,73.0,Laredo,,warn_tx.json
TX,"LUKE Holdings, Inc. (El Paso)",2025-03-03,227.0,El Paso,,warn_tx.json
TX,Pure Safety Group Inc. DBA Guardian Fall,2025-03-05,59.0,Houston,,warn_tx.json
TX,"LUKE Holdings, Inc. (Del Rio)",2025-03-05,36.0,Del Rio,,warn_tx.json
TX,"LUKE Holdings, Inc. (Donna)",2025-03-05,201.0,Donna,,warn_tx.json
TX,"LUKE Holdings, Inc (Eagle Pass)",2025-03-05,129.0,Eagle Pass,,warn_tx.json
TX,Ryder -Hutchins,2025-03-06,110.0,Hutchins,,warn_tx.json
TX,"Hatco, Inc",2025-03-06,68.0,Longview,,warn_tx.json
TX,"Catholic Charities, Diocese of Fort Worth, INC",2025-03-10,169.0,Fort Worth,,warn_tx.json
TX,Interfaith Ministries Of Greater Houston (Refugee Services Program),2025-03-11,101.0,Houston,,warn_tx.json
TX,"De La Paz Cleaning and Rental Services, LLC (North Eagle Pass)",2025-03-11,60.0,Eagle Pass,,warn_tx.json
TX,"De La Paz Cleaning and Rental Services, LLC (Donna)",2025-03-11,125.0,Donna,,warn_tx.json
TX,"Centerra (Constellis, LLC)",2025-03-11,23.0,McAllen,,warn_tx.json
TX,Grocery Delivery E Services USA DBA Hello Fresh (Tarrant),2025-03-12,273.0,Grand Prairie,,warn_tx.json
TX,Constellis LLC (Laredo Border Station),2025-03-12,121.0,Laredo,,warn_tx.json
TX,Constellis LLC (Laredo #2),2025-03-12,30.0,Laredo,,warn_tx.json
TX,Chewy Inc. Fullfillment Center,2025-03-12,674.0,Dallas,,warn_tx.json
TX,"De La Paz Cleaning and Rental Services, LLC (Laredo)",2025-03-12,142.0,Laredo,,warn_tx.json
TX,Country Pure Foods,2025-03-12,60.0,Houston,,warn_tx.json
TX,"C&S Family of Companies (GSC Wholesale, LLC)",2025-03-17,21.0,Houston,,warn_tx.json
TX,"Church World Service, Inc.",2025-03-18,63.0,Houston,,warn_tx.json
TX,"BH Security, LLC DBA Brinks Home",2025-03-19,61.0,Dallas,,warn_tx.json
TX,VF's Dickies Headquarters,2025-03-26,125.0,Fort Worth,,warn_tx.json
TX,American Bar Association (ProBAR),2025-03-26,191.0,Harlingen,,warn_tx.json
TX,Waco Family Medicine (Meyer Center),2025-03-26,52.0,Waco,,warn_tx.json
TX,SouthState Bank,2025-03-26,141.0,McKinney,,warn_tx.json
TX,Durhan School Services-Wichita Falls,2025-03-26,1.0,Wichita Falls,,warn_tx.json
TX,Waco Family Medicine (Bell's Hill),2025-03-26,52.0,Waco,,warn_tx.json
TX,Waco Familly Medicine (MCC),2025-03-26,52.0,Waco,,warn_tx.json
TX,Southeast Service Corporation Services for Education (Georgetown ISD),2025-04-02,60.0,Georgetown,,warn_tx.json
TX,Envision Physician Services LLC,2025-04-02,120.0,San Antonio,,warn_tx.json
TX,Denali,2025-04-02,28.0,Plano,,warn_tx.json
TX,Catholic Charities Archdiocese Of Galveston-Houston (Cabrini CFLA)San Felipe,2025-04-08,36.0,Houston,,warn_tx.json
TX,Catholic Charities Archdiocese Of Galveston-Houston (Cabrini CFLA)Louisiana Street,2025-04-08,6.0,Houston,,warn_tx.json
TX,Catholic Charities Archdiocese Of Galveston-Houston (Cabrini CFLA)Collins Road,2025-04-08,2.0,Richmond,,warn_tx.json
TX,Catholic Charities Archdiocese Of Galveston-Houston (Cabrini CFLA)South Loop West,2025-04-08,1.0,Houston,,warn_tx.json
TX,US Cellular Corporation,2025-04-08,1.0,Wichita Falls,,warn_tx.json
TX,"Movate, Inc.",2025-04-08,51.0,Temple,,warn_tx.json
TX,Raices (April 2025),2025-04-08,159.0,San Antonio,,warn_tx.json
TX,MedStar Mobile Healthcare,2025-04-16,589.0,Fort Worth,,warn_tx.json
TX,Virtex Enterprises LP,2025-04-16,84.0,Austin,,warn_tx.json
TX,"Graphic Solutions, Inc. (Spring Valley)",2025-04-23,64.0,Dallas,,warn_tx.json
TX,"Graphic Solutions, Inc (Welch Rd)",2025-04-23,2.0,Dallas,,warn_tx.json
TX,Graphic Solutuions Inc. (Farmers Branch),2025-04-23,5.0,Farmers Branch,,warn_tx.json
TX,PULAU Corporation,2025-04-30,64.0,Killeen,,warn_tx.json
TX,Texas Central School Bus (Purnell),2025-04-30,174.0,Lewisville,,warn_tx.json
TX,Texas Central School Bus (Mill),2025-04-30,131.0,Lewisville,,warn_tx.json
TX,Texas Central School Bus (Cougar Alley),2025-04-30,155.0,The Colony,,warn_tx.json
TX,Chick-Fil-A (N. Collins St. Plant),2025-05-01,10.0,Arlington,,warn_tx.json
TX,Smurfikt Westrock Facility (ForneyTexas),2025-05-06,200.0,Forney,,warn_tx.json
TX,Tom Thumb Store #3579,2025-05-06,75.0,Allen,,warn_tx.json
TX,TRIGO (Tesla),2025-05-07,50.0,Austin,,warn_tx.json
TX,Museum of Ice Cream,2025-05-08,38.0,Austin,,warn_tx.json
TX,WSS (Foot Locker),2025-05-08,57.0,Houston,,warn_tx.json
TX,International Paper Company(Edinburg),2025-05-14,63.0,Edinburg,,warn_tx.json
TX,International Paper Company (Edinburg W. Chapin),2025-05-14,64.0,Edinburg,,warn_tx.json
TX,International Paper Company (McAllen),2025-05-14,5.0,McAllen,,warn_tx.json
TX,Atria Wealth Solutions,2025-05-14,55.0,Houston,,warn_tx.json
TX,Chevron (Deauville Blvd),2025-05-16,185.0,Midland,,warn_tx.json
TX,Chevron (S. County Rd.),2025-05-16,1.0,Midland,,warn_tx.json
TX,Chevron (N. FM 1788),2025-05-16,14.0,Midland,,warn_tx.json
TX,FedEx Supply Chain Logistics & Electronics (Ft. Worth),2025-05-20,305.0,Fort Worth,,warn_tx.json
TX,Child Care Associates,2025-05-21,93.0,Ft. Worth,,warn_tx.json
TX,Child Care Associates (Tucker),2025-05-21,7.0,Arlington,,warn_tx.json
TX,Child Care Associates (Linda Kay),2025-05-21,15.0,Hurst,,warn_tx.json
TX,Child Care Associates (Mansfield),2025-05-21,15.0,Mansfield,,warn_tx.json
TX,Child Care Associates (Carson),2025-05-21,14.0,Fort Worth,,warn_tx.json
TX,Child Care Associates (Meachum),2025-05-21,15.0,Fort Worth,,warn_tx.json
TX,Child Care Associates (Reagan),2025-05-21,14.0,Fort Worth,,warn_tx.json
TX,Child Care Associates (Rosedale V),2025-05-21,16.0,Fort Worth,,warn_tx.json
TX,Child Care Associates (Diamond Road),2025-05-21,13.0,Fort Worth,,warn_tx.json
TX,Child Care Associates (Morris Foundation),2025-05-21,17.0,Fort Worth,,warn_tx.json
TX,Child Care Associates(North Fort Worth),2025-05-21,16.0,Fort Worth,,warn_tx.json
TX,Child Care Associates (Blanche),2025-05-21,17.0,Fort Worth,,warn_tx.json
TX,Child Care Associates (Arlington 2),2025-05-21,22.0,Arlington,,warn_tx.json
TX,Child Care Associates (JA Hargrave),2025-05-21,19.0,Fort Worth,,warn_tx.json
TX,Child Care Associates (Everman),2025-05-21,9.0,Fort Worth,,warn_tx.json
TX,Sodexo (International Leadership TX),2025-05-21,165.0,Irving,,warn_tx.json
TX,F&S Produce West LLC,2025-05-21,225.0,Houston,,warn_tx.json
TX,LACROIX,2025-05-27,7.0,El Paso,,warn_tx.json
TX,Texana Center (Building A) Airport Service Center,2025-05-28,27.0,Rosenberg,,warn_tx.json
TX,Texana Center (Building B) Airport Service Center,2025-05-28,25.0,Rosenberg,,warn_tx.json
TX,Texana Center El Campo Learning Center,2025-05-28,9.0,El Campo,,warn_tx.json
TX,Texana Center Glenn Lakes Group Home,2025-05-28,7.0,Missouri City,,warn_tx.json
TX,Texana Center North Street Group Home,2025-05-28,7.0,Rosenberg,,warn_tx.json
TX,Texana Center Aqua Vista Group,2025-05-28,4.0,Rosenberg,,warn_tx.json
TX,Texana Center Russeff Filed  Home,2025-05-28,5.0,Rosenberg,,warn_tx.json
TX,Texana Center Dovecoft Group Home,2025-05-28,6.0,Rosenberg,,warn_tx.json
TX,Texana Center Camden Landing Group Home,2025-05-28,5.0,Rosenberg,,warn_tx.json
TX,Texana Center Sunset Group Home,2025-05-28,8.0,Wharton,,warn_tx.json
TX,Texana Center Willowbend Group Home,2025-05-28,6.0,Wharton,,warn_tx.json
TX,Texana Center University Group Home,2025-05-28,5.0,Wharton,,warn_tx.json
TX,Texana Center Maude Group Home,2025-05-28,4.0,Wharton,,warn_tx.json
TX,Sunnova Energy Corporation,2025-06-03,,Houston,,warn_tx.json
TX,JC Penney (Allaince Supply Chain),2025-06-03,296.0,Haslet,,warn_tx.json
TX,XiFin,2025-06-04,87.0,Austin,,warn_tx.json
TX,Eckerd Connects (David Carrasco Job Corps),2025-06-04,77.0,El Paso,,warn_tx.json
TX,Tom Thumb Store #3645 Plano,2025-06-11,75.0,Plano,,warn_tx.json
TX,Randalls Store #1041,2025-06-11,102.0,Houston,,warn_tx.json
TX,Movate Inc. (The Genesis Project),2025-06-11,26.0,Temple,,warn_tx.json
TX,Lockheed Martin Corp. -Fort Bliss ATMP,2025-06-17,17.0,Fort Bliss,,warn_tx.json
TX,"Encino Energy, LLC",2025-06-18,121.0,Houston,,warn_tx.json
TX,Tyson Foods (Fort Worth Distribution Center),2025-06-18,275.0,Fort Worth,,warn_tx.json
TX,"Khoros, LLC.",2025-06-18,116.0,Austin,,warn_tx.json
TX,Management & Training Corp. (Billy Moore Correctional Center),2025-06-20,109.0,Overton,,warn_tx.json
TX,Management & Training Corp. (Bradshaw State Jail),2025-06-20,172.0,Henderson,,warn_tx.json
TX,"Compass Group, Inc.d.b.a.Chartwells (Lancaster ISD)",2025-06-24,83.0,Lancaster,,warn_tx.json
TX,Management & Training Corporation (Willacy County State Jail),2025-06-24,166.0,Raymondville,,warn_tx.json
TX,Management & Training Corporation (Lindsey State Jail),2025-06-24,117.0,Jacksboro,,warn_tx.json
TX,Management & Training Corporation (Kyle Correctional Center),2025-06-24,98.0,Kyle,,warn_tx.json
TX,Management & Training Corporation (Gregory S. Coleman Unit),2025-06-24,135.0,Lockhart,,warn_tx.json
TX,Management & Training Corporation (Bridgeport Correctional Facility),2025-06-24,103.0,Bridgeport,,warn_tx.json
TX,International Business Machines-Coppell,2025-07-02,59.0,Coppell,,warn_tx.json
TX,Fed Ex Corporation (Garland),2025-07-02,81.0,Garland,,warn_tx.json
TX,Santa Maria Hostel,2025-07-02,41.0,Houston,,warn_tx.json
TX,FedEx Corporation (Plano),2025-07-02,50.0,Plano,,warn_tx.json
TX,Memorial Herman Health System Skilled Nursing Facility,2025-07-02,83.0,Houston,,warn_tx.json
TX,TT Electronics Facility IRC (Plano),2025-07-02,75.0,Plano,,warn_tx.json
TX,"Movate, Inc. (AT&T Project)",2025-07-08,71.0,Temple,,warn_tx.json
TX,"GI Alliance Management, LLC",2025-07-09,25.0,Southlake,,warn_tx.json
TX,Intel Corporation,2025-07-09,110.0,Austin,,warn_tx.json
TX,Management & Training Corporation (Dominguez State Jail),2025-07-09,8.0,San Antonio,,warn_tx.json
TX,Management & Training Corporation (Gist State Jail),2025-07-09,6.0,Beaumont,,warn_tx.json
TX,Management & Training Corporation (Hutchins State Jail),2025-07-09,8.0,Dallas,,warn_tx.json
TX,Management & Training Corporation (Lychner State Jail),2025-07-09,17.0,Humble,,warn_tx.json
TX,Management & Training Corporation (Plane State Jail),2025-07-09,8.0,Dayton,,warn_tx.json
TX,Management & Training Corporation (Travis County State Jail),2025-07-09,4.0,Austin,,warn_tx.json
TX,"Sodexo, Inc.and Affiliates (Texas Southern University)",2025-07-10,81.0,Houston,,warn_tx.json
TX,International Paper Company(N. Closner Blvd.),2025-07-10,66.0,Edinburg,,warn_tx.json
TX,International Paper Company(W. Chaplin),2025-07-10,66.0,Edinburg,,warn_tx.json
TX,International Paper Company(N. 26th),2025-07-10,5.0,Edinburg,,warn_tx.json
TX,"AMERICA, INC., d/b/a LIXIL",2025-07-16,65.0,Grand Prairie,,warn_tx.json
TX,SM Cargo,2025-07-21,194.0,Houston,,warn_tx.json
TX,Chevron Corporation (HESS Corporation),2025-07-21,575.0,Houston,,warn_tx.json
TX,Peraton Balloon Operations (NASA),2025-07-23,81.0,Palestine,,warn_tx.json
TX,Trinity Rail-Trinity Tank Car-Jordan Valley,2025-07-30,170.0,Longview,,warn_tx.json
TX,"Equus Workforce Solutions Arlington (Arbor E&T, LLC)",2025-07-30,4.0,Arlington,,warn_tx.json
TX,"Equus Workforce Solutions Denton (Arbor E&T, LLC)",2025-07-30,27.0,Denton,,warn_tx.json
TX,"Equus Workforce Solutions Greenville (Arbor E&T, LLC)",2025-07-30,9.0,Greenville,,warn_tx.json
TX,"Equus Workforce Solutions McKinney (Arbor E&T, LLC)",2025-07-30,15.0,McKinney,,warn_tx.json
TX,"Equus Workforce Solutions Stephenville (Arbor E&T, LLC)",2025-07-30,2.0,Stephenville,,warn_tx.json
TX,"Equus Workforce Solutions Terrell  (Arbor E&T, LLC)",2025-07-30,8.0,Terrell,,warn_tx.json
TX,"Equus Workforce Solutions Weatherford (Arbor E&T, LLC)",2025-07-30,16.0,Weatherford,,warn_tx.json
TX,"Equus Workforce Solutions-Camp Wisdom (Arbor E&T, LLC)",2025-07-31,1.0,Dallas,,warn_tx.json
TX,"Equus Workforce Solutions-N.Tenth St. (Arbor E&T, LLC)",2025-07-31,10.0,Garland,,warn_tx.json
TX,"Equus Workforce Solutions-Highway 161. (Arbor E&T, LLC)",2025-07-31,71.0,Grand Prairie,,warn_tx.json
TX,"Equus Workforce Solutions-Greenville Ave. (Arbor E&T, LLC)",2025-07-31,10.0,Dallas,,warn_tx.json
TX,"Equus Workforce Solutions-Irving Blvd. (Arbor E&T, LLC)",2025-07-31,13.0,Irving,,warn_tx.json
TX,"Equus Workforce Solutions-Alpha Rd.(Arbor E&T, LLC)",2025-07-31,17.0,Dallas,,warn_tx.json
TX,"Equus Workforce Solutions-Malcolm X Blvd.(Arbor E&T, LLC)",2025-07-31,16.0,Dallas,,warn_tx.json
TX,"Equus Workforce Solutions-Buckner Blvd.(Arbor E&T, LLC)",2025-07-31,16.0,Dallas,,warn_tx.json
TX,"Turner Industries (Paris, Texas September 2025)",2025-07-31,211.0,Paris,,warn_tx.json
TX,Planned Parenthood Gulf Coast (Prevention Park Facility),2025-07-31,114.0,Houston,,warn_tx.json
TX,"Southwest Key Programs, Inc. (Casa Houston Reliant)",2025-07-31,211.0,Houston,,warn_tx.json
TX,"Southwest Key Programs, Inc. (Houston HQ)",2025-07-31,11.0,Houston,,warn_tx.json
TX,"Southwest Key Programs, Inc. (Casa Quetzal)",2025-07-31,309.0,Houston,,warn_tx.json
TX,"Southwest Key Programs, Inc. (Casa Sunzal)",2025-07-31,223.0,Houston,,warn_tx.json
TX,"Southwest Key Programs, Inc. (Casa Oasis)",2025-07-31,128.0,McAllen,,warn_tx.json
TX,"Southwest Key Programs, Inc. (Casa Sueno)",2025-07-31,93.0,Weslaco,,warn_tx.json
TX,"Southwest Key Programs, Inc. (Casa Montezuma)",2025-07-31,238.0,Channelview,,warn_tx.json
TX,"Equus Workforce Solutions Houston Opertions- Acres Home (Arbor E&T, LLC)",2025-08-01,12.0,Houston,,warn_tx.json
TX,"Equus Workforce Solutions Houston Opertions- Pearland (Arbor E&T, LLC)",2025-08-01,13.0,Pearland,,warn_tx.json
TX,"Equus Workforce Solutions Houston Opertions- Westheimer Rd. (Arbor E&T, LLC)",2025-08-01,28.0,Houston,,warn_tx.json
TX,UPS (Dallas Facility),2025-08-06,62.0,Dallas,,warn_tx.json
TX,"Solarcycle, Inc.",2025-08-06,70.0,Odessa,,warn_tx.json
TX,"Southwest Key Programs, Inc. (SWK National Headquarters)",2025-08-06,45.0,Austin,,warn_tx.json
TX,"Southwest Key Programs, Inc. La Esperanza)",2025-08-06,4.0,Brownsville,,warn_tx.json
TX,"Southwest Key Programs, Inc.(Casa Nueva Esperanza)",2025-08-06,9.0,Brownsville,,warn_tx.json
TX,"Southwest Key Programs, Inc.(South Texas HQ)",2025-08-06,13.0,Brownsville,,warn_tx.json
TX,"Southwest Key Programs, Inc. (Casa Franklin)",2025-08-06,1.0,El Paso,,warn_tx.json
TX,"Southwest Key Programs, Inc. (Casa Norma Linda)",2025-08-06,3.0,Los Fresnos,,warn_tx.json
TX,"Southwest Key Programs, Inc. (Casa Rio Grande)",2025-08-06,3.0,San Benito,,warn_tx.json
TX,"Southwest Key Programs, Inc. (Casa Canutillo)",2025-08-06,3.0,Canutillo,,warn_tx.json
TX,"CarOffer, LLC",2025-08-13,101.0,Addison,,warn_tx.json
TX,"Promises Behavioral Health, LLC",2025-08-18,58.0,Wimberley,,warn_tx.json
TX,"Tech Werks, LLC (San Antonio)",2025-08-20,87.0,San Antonio,,warn_tx.json
TX,MPW Services,2025-08-27,82.0,Austin,,warn_tx.json
TX,"Condair Operations, LLC",2025-09-03,51.0,Center,,warn_tx.json
TX,"Essendant Management Services, LLC",2025-09-04,92.0,Houston,,warn_tx.json
TX,CyraCom International Inc.,2025-09-04,327.0,Houston,,warn_tx.json
TX,"Hill & Smith, Inc.",2025-09-10,46.0,Garland,,warn_tx.json
TX,Accelore Group-Amazon Logistics (DDA9- Fort Worth),2025-09-17,107.0,Fort Worth,,warn_tx.json
TX,Accelore Group-Amazon Logistics (DDF2-Balch Springs),2025-09-17,107.0,Mesquite,,warn_tx.json
TX,Sunny Glen Children's Home,2025-09-18,424.0,Raymondville,,warn_tx.json
TX,Cottonwood Creek Healthcare Community,2025-09-24,70.0,Richardson,,warn_tx.json
TX,Spirit Airlines (IAH),2025-09-24,173.0,Houston,,warn_tx.json
TX,"Kira Aerospace, LLC. (NBOC)",2025-09-25,6.0,Palestine,,warn_tx.json
TX,Spirit Airlines (W PGL Warehouse),2025-09-25,51.0,Irving,,warn_tx.json
TX,Texas Instruments  (DFAB),2025-09-29,163.0,Dallas,,warn_tx.json
TX,"DTSV, Inc. (ITC Federal)",2025-09-30,169.0,Irving,,warn_tx.json
TX,"Seatrium AmFELS, Inc.",2025-09-30,91.0,Brownsville,,warn_tx.json
TX,Urban Alchemy (Arch Shelter),2025-09-30,55.0,Austin,,warn_tx.json
TX,Holiday Inn Club Vacations Incorporated-The Villages Resort,2025-09-30,82.0,Flint,,warn_tx.json
TX,Urban Alchemy (8th Street Shelter),2025-09-30,54.0,Austin,,warn_tx.json
TX,Memorial Hermann Health System Senior Living Facility,2025-10-01,26.0,Houston,,warn_tx.json
TX,Yang Ming (America) Corporation,2025-10-01,118.0,Houston,,warn_tx.json
TX,J & J Maintenance,2025-10-02,279.0,San Antonio,,warn_tx.json
TX,Southwest Key Programs-Casa Canutillo,2025-10-02,2.0,Canutillo,,warn_tx.json
TX,Southwest Key Programs-Casita Del Valle,2025-10-02,5.0,Clint,,warn_tx.json
TX,Southwest Key Programs-Casa Houston Reliant,2025-10-02,1.0,Houston,,warn_tx.json
TX,Southwest Key Programs-Casa Montezuma,2025-10-02,1.0,Channelview,,warn_tx.json
TX,Southwest Key Programs-Casa Norma Linda,2025-10-02,3.0,Los Fresnos,,warn_tx.json
TX,Southwest Key Programs-Casa Nueva Esperanza,2025-10-02,8.0,Brownsville,,warn_tx.json
TX,Southwest Key Programs-Casa Rio Grande,2025-10-02,3.0,San Benito,,warn_tx.json
TX,Southwest Key Programs-National Headquarters (Austin),2025-10-02,3.0,Austin,,warn_tx.json
TX,Southwest Key Programs-STX Regional Headquarters,2025-10-02,12.0,Brownsville,,warn_tx.json
TX,Southwest Key Programs-Houston Headquarters,2025-10-02,10.0,Houston,,warn_tx.json
TX,"Meadow Burke, LLC d/b/a Leviat",2025-10-08,75.0,Fort Worth,,warn_tx.json
TX,"Lion Elastomers Orange, LLC (Orange Plant)",2025-10-08,113.0,Orange,,warn_tx.json
TX,Creative Testing Solutions,2025-10-09,91.0,Austin,,warn_tx.json
TX,"M & M Manufacturing, Inc.",2025-10-13,75.0,Houston,,warn_tx.json
TX,Texas Instruments - Sherman,2025-10-15,19.0,Sherman,,warn_tx.json
TX,Eden Green Technology,2025-10-15,102.0,Cleburne,,warn_tx.json
TX,"Flagstone Foods, LLC (El Paso Plant)",2025-10-22,225.0,El Paso,,warn_tx.json
TX,Job1 USA (San Antonio),2025-10-23,18.0,San Antonio,,warn_tx.json
TX,Job1 USA (Houston),2025-10-23,13.0,Houston,,warn_tx.json
TX,Job1 USA (Arlington),2025-10-28,31.0,Arlington,,warn_tx.json
TX,Job1 USA (Fort Worth),2025-10-28,25.0,Fort Worth,,warn_tx.json
TX,Job1 USA (Haslet),2025-10-28,25.0,Haslet,,warn_tx.json
TX,"Congo, LLC",2025-10-28,155.0,Lewisville,,warn_tx.json
TX,Tekni-Plex (Dallas Facility),2025-10-29,64.0,Dallas,,warn_tx.json
TX,"Colonial Savings, F.A.",2025-10-29,130.0,Fort Worth,,warn_tx.json
TX,Wells Fargo & Co. (Lubbock),2025-10-29,225.0,Lubbock,,warn_tx.json
TX,"Cherokee Nation System Solutions, L.L.C.",2025-10-29,87.0,Austin,,warn_tx.json
TX,"Firebird Bulk Carriers, Inc. (Carrizo Springs)",2025-10-30,31.0,Carrizo Springs,,warn_tx.json
TX,"Firebird Bulk Carriers, Inc. (Bryan)",2025-10-30,10.0,Bryan,,warn_tx.json
TX,Pure Hothouse Foods LLC,2025-10-30,80.0,San Antonio,,warn_tx.json
TX,"Firebird Bulk Carriers, Inc.(Dilley)",2025-10-31,6.0,Dilley,,warn_tx.json
TX,"Firebird Bulk Carriers, Inc (Dayton)",2025-10-31,2.0,Dayton,,warn_tx.json
TX,"Natura PCR, LLC",2025-10-31,88.0,Waller,,warn_tx.json
TX,"Firebird Bulk Carriers, Inc. (Victoria)",2025-11-04,3.0,Victoria,,warn_tx.json
TX,"Firebird Bulk Carriers, Inc. (George West)",2025-11-04,21.0,George West,,warn_tx.json
TX,"Firebird Bulk Carriers, Inc.(Tarzan)",2025-11-04,1.0,Tarzan,,warn_tx.json
TX,Apogee Architectural Metals,2025-11-05,58.0,Mesquite,,warn_tx.json
TX,AI Fleet,2025-11-06,56.0,Austin,,warn_tx.json
TX,"Dillard's Inc.(Dillard's Texas Central, LLC)",2025-11-08,93.0,Plano,,warn_tx.json
TX,DLH Solutions (Dallas CMOP),2025-11-12,298.0,Lancaster,,warn_tx.json
TX,Dometic Corporation,2025-11-14,54.0,Grand Prairie,,warn_tx.json
TX,"Couchbase, Inc.",2025-11-17,11.0,Austin,,warn_tx.json
TX,Wood Group USA Inc.,2025-11-18,180.0,Freeport,,warn_tx.json
TX,United Supermarkets,2025-11-19,126.0,Lubbock,,warn_tx.json
TX,Huntington National Bank,2025-11-21,63.0,Dallas,,warn_tx.json
TX,"FedEx Supply Chain Logistics & Electrronics, Inc. (Coppell)",2025-11-25,856.0,Coppell,,warn_tx.json
TX,"Tyson Foods, Inc. (Amarillo B-Shift Operations",2025-11-26,1761.0,Amarillo,,warn_tx.json
TX,Yang Ming (America) Corporation Updated,2025-12-02,105.0,Houston,,warn_tx.json
TX,The Sheraton Arlington Hotel (Urbana Varro Hospitality Management),2025-12-02,110.0,Arlington,,warn_tx.json
TX,"CRST Expedited, Inc. d/b/a CRST The Transportation Solution, Inc.",2025-12-03,1.0,Mansfield,,warn_tx.json
TX,Grand Lux Café LLC,2025-12-03,83.0,Houston,,warn_tx.json
TX,LeeMAH Electronics. Inc.,2025-12-10,84.0,Richardson,,warn_tx.json
TX,S&S Activewear,2025-12-10,146.0,Irving,,warn_tx.json
TX,ABM Texas General Services (SMU),2025-12-22,211.0,Dallas,,warn_tx.json
TX,"Telvista, Inc.",2025-12-26,110.0,Dallas,,warn_tx.json
TX,FedEx Corporation Facility (Ft. Worth),2025-12-29,89.0,Ft. Worth,,warn_tx.json
VA,Centerra,2023-08-10,52.0,Herndon,Permanent closure,warn_or.json
WI,"Lost Boys Interactive, LLC",2024-01-11,121.0,Madison,Large Layoff - 10 or more workers,warn_or.json
WI,"Lost Boys Interactive, LLC",2024-09-06,134.0,Madison,Large Layoff - 10 or more workers,warn_or.json
