notice_date,company_raw,county,n_employees,layoff_type,city,source,state
2022-06-15,Amgen,Alameda County,2.0,Closure Permanent,,ca_2022_23.pdf,CA
2022-06-24,"Assembled Financial Technology, LLC",Los Angeles County,13.0,Closure Permanent,,ca_2022_23.pdf,CA
2022-06-23,Cue Health Inc.,San Diego County,9.0,Layoff Permanent,,ca_2022_23.pdf,CA
2022-06-23,Cue Health Inc.,San Diego County,123.0,Layoff Permanent,,ca_2022_23.pdf,CA
2022-06-23,Cue Health,San Diego County,37.0,Layoff Permanent,,ca_2022_23.pdf,CA
2022-06-15,PAE Shared Services LLC dba Amentum,Los Angeles County,37.0,Layoff Permanent,,ca_2022_23.pdf,CA
2022-06-27,"DailyLook, Inc.",Los Angeles County,80.0,Layoff Permanent,,ca_2022_23.pdf,CA
2022-06-29,"Tesla, Inc.",San Mateo County,229.0,Closure Permanent,,ca_2022_23.pdf,CA
2022-07-01,"ABM Industry Groups, LLC dba Meta",San Mateo County,368.0,Layoff Permanent,,ca_2022_23.pdf,CA
2022-06-27,AppLovin Corporation,Santa Clara County,62.0,Layoff Permanent,,ca_2022_23.pdf,CA
2022-06-15,PAE Shared Services LLC dba Amentum,San Diego County,25.0,Layoff Permanent,,ca_2022_23.pdf,CA
2022-06-15,PAE Shared Services LLC dba Amentum,San Diego County,68.0,Layoff Permanent,,ca_2022_23.pdf,CA
2022-06-29,"Heron Therapeutics, Inc.",San Diego County,77.0,Layoff Permanent,,ca_2022_23.pdf,CA
2022-06-27,"Tesla, Inc.",Alameda County,20.0,Layoff Permanent,,ca_2022_23.pdf,CA
2022-06-27,"Tesla, Inc.",Alameda County,5.0,Layoff Permanent,,ca_2022_23.pdf,CA
2022-06-27,"Tesla, Inc.",Alameda County,2.0,Layoff Permanent,,ca_2022_23.pdf,CA
2022-06-27,"Tesla, Inc.",Alameda County,1.0,Layoff Permanent,,ca_2022_23.pdf,CA
2022-06-27,"Tesla, Inc.",Alameda County,41.0,Layoff Permanent,,ca_2022_23.pdf,CA
2022-07-01,"JSL Transport, LLC",Kern County,4.0,Closure Permanent,,ca_2022_23.pdf,CA
2022-06-20,"R.A. Phillips Industries, Inc.",Los Angeles County,211.0,Layoff Permanent,,ca_2022_23.pdf,CA
2022-07-01,"JSL Transport, LLC",Los Angeles County,10.0,Closure Permanent,,ca_2022_23.pdf,CA
2022-07-01,"JSL Transport, LLC",Los Angeles County,1.0,Closure Permanent,,ca_2022_23.pdf,CA
2022-06-30,PACT Pharma,San Mateo County,94.0,Layoff Permanent,,ca_2022_23.pdf,CA
2022-07-01,"JSL Transport, LLC",Orange County,9.0,Closure Permanent,,ca_2022_23.pdf,CA
2022-07-01,"JSL Transport, LLC",Orange County,6.0,Closure Permanent,,ca_2022_23.pdf,CA
2022-07-01,"JSL Transport, LLC",Sacramento County,18.0,Closure Permanent,,ca_2022_23.pdf,CA
2022-07-01,"JSL Transport, LLC",Los Angeles County,76.0,Closure Permanent,,ca_2022_23.pdf,CA
2022-07-01,"JSL Transport, LLC",Los Angeles County,1.0,Closure Permanent,,ca_2022_23.pdf,CA
2022-07-01,"JSL Transport, LLC",Stanislaus County,27.0,Closure Permanent,,ca_2022_23.pdf,CA
2022-07-01,"JSL Transport, LLC",Los Angeles County,2.0,Closure Permanent,,ca_2022_23.pdf,CA
2022-07-05,First Student,Los Angeles County,54.0,Layoff Permanent,,ca_2022_23.pdf,CA
2022-07-01,First Student,Los Angeles County,105.0,Layoff Permanent,,ca_2022_23.pdf,CA
2022-07-01,First Student,Los Angeles County,71.0,Layoff Permanent,,ca_2022_23.pdf,CA
2022-07-06,Maxar Space LLC,Santa Clara County,125.0,Layoff Permanent,,ca_2022_23.pdf,CA
2022-07-11,Scotts Temecula Operations LLC,Riverside County,55.0,Layoff Permanent,,ca_2022_23.pdf,CA
2022-07-01,First Student,Los Angeles County,176.0,Layoff Permanent,,ca_2022_23.pdf,CA
2022-07-07,Texana Bank,Orange County,58.0,Layoff Permanent,,ca_2022_23.pdf,CA
2022-07-07,"Voxpro Group, LLC",Sacramento County,180.0,Layoff Permanent,,ca_2022_23.pdf,CA
2022-07-07,"Anheuser-Busch, LLC",Alameda County,142.0,Closure Permanent,,ca_2022_23.pdf,CA
2022-07-11,Performance Team,San Bernardino County,153.0,Closure Permanent,,ca_2022_23.pdf,CA
2022-07-12,"ADP, Inc.",Alameda County,12.0,Layoff Permanent,,ca_2022_23.pdf,CA
2022-07-07,"Adverum Biotechnologies, Inc.",San Mateo County,27.0,Layoff Permanent,,ca_2022_23.pdf,CA
2022-07-07,"Adverum Biotechnologies, Inc.",San Mateo County,51.0,Layoff Permanent,,ca_2022_23.pdf,CA
2022-07-13,Life Cycle Engineering,San Diego County,69.0,Layoff Permanent,,ca_2022_23.pdf,CA
2022-07-12,"Freshly, Inc.",Los Angeles County,104.0,Closure Permanent,,ca_2022_23.pdf,CA
2022-05-11,"The Permanente Federation dba Permanente
Advantage LLC",San Diego County,19.0,Layoff Permanent,,ca_2022_23.pdf,CA
2022-06-01,B&H Flowers,Santa Barbara County,80.0,Closure Permanent,,ca_2022_23.pdf,CA
2022-07-11,North Bay Health,Solano County,99.0,Layoff Permanent,,ca_2022_23.pdf,CA
2022-07-11,North Bay Health,Solano County,60.0,Layoff Permanent,,ca_2022_23.pdf,CA
2022-07-11,North Bay Health,Solano County,4.0,Layoff Permanent,,ca_2022_23.pdf,CA
2022-07-11,North Bay Health,Solano County,26.0,Layoff Permanent,,ca_2022_23.pdf,CA
2022-05-19,Pennymac,Ventura County,30.0,Layoff Permanent,,ca_2022_23.pdf,CA
2022-05-19,Pennymac,Ventura County,2.0,Layoff Permanent,,ca_2022_23.pdf,CA
2022-07-13,CytomX Therapeutics Inc.,San Mateo County,66.0,"Layoff Not known at
this time",,ca_2022_23.pdf,CA
2022-07-20,Data Aire Inc.,Orange County,85.0,Closure Permanent,,ca_2022_23.pdf,CA
2022-07-14,Urbn Leaf dba Uprooted Inc.,San Diego County,58.0,Layoff Permanent,,ca_2022_23.pdf,CA
2022-07-13,"Tonal Systems, Inc.",San Francisco County,80.0,Layoff Permanent,,ca_2022_23.pdf,CA
2022-07-20,Restoration Hardware Inc.,San Joaquin County,55.0,Layoff Permanent,,ca_2022_23.pdf,CA
2022-07-14,OnePointOne Inc.,Santa Clara County,14.0,Closure Permanent,,ca_2022_23.pdf,CA
2022-07-15,Gardena Honda,Los Angeles County,90.0,Closure Permanent,,ca_2022_23.pdf,CA
2022-07-19,"Amy&rsquo;s Kitchen, Inc.",Santa Clara County,331.0,Closure Permanent,,ca_2022_23.pdf,CA
2022-07-22,Adventist Health,Placer County,52.0,Layoff Permanent,,ca_2022_23.pdf,CA
2022-07-25,Schneider Electric,Orange County,9.0,Layoff Permanent,,ca_2022_23.pdf,CA
2022-07-21,"Rise Baking Company dba Brill, Inc.",San Bernardino County,78.0,Layoff Permanent,,ca_2022_23.pdf,CA
2022-07-18,Invitae Corporation,Orange County,48.0,Layoff Permanent,,ca_2022_23.pdf,CA
2022-07-18,"Imperfect Foods, Inc.",San Francisco County,50.0,Layoff Permanent,,ca_2022_23.pdf,CA
2022-07-18,Invitae Corporation,San Francisco County,736.0,Layoff Permanent,,ca_2022_23.pdf,CA
2022-07-26,Zymergen Inc.,Alameda County,74.0,Layoff Permanent,,ca_2022_23.pdf,CA
2022-07-20,"RingCentral, Inc.",San Mateo County,25.0,Layoff Permanent,,ca_2022_23.pdf,CA
2022-07-20,"RingCentral, Inc.",San Mateo County,25.0,Layoff Permanent,,ca_2022_23.pdf,CA
2022-07-28,Owens Corning,Santa Clara County,225.0,Closure Permanent,,ca_2022_23.pdf,CA
2022-07-27,Inland SoCal United Way,Riverside County,136.0,Layoff Permanent,,ca_2022_23.pdf,CA
2022-08-01,Bayview Hunters Point,San Francisco County,82.0,Closure Permanent,,ca_2022_23.pdf,CA
2022-08-01,Alza Corporation,Solano County,28.0,Layoff Permanent,,ca_2022_23.pdf,CA
2022-08-01,Talis Biomedical Corporation,San Mateo County,57.0,Layoff Permanent,,ca_2022_23.pdf,CA
2022-07-25,"Brinker International Payroll Company, L.P.",Los Angeles County,133.0,Closure Permanent,,ca_2022_23.pdf,CA
2022-08-02,"Robinhood Markets, Inc.",San Mateo County,146.0,Layoff Permanent,,ca_2022_23.pdf,CA
2022-07-28,"Plaza Palace, Inc. dba Palace Food Depot",Tulare County,68.0,Closure Permanent,,ca_2022_23.pdf,CA
2022-07-27,"Rivian Automotive, LLC",Santa Clara County,111.0,Layoff Permanent,,ca_2022_23.pdf,CA
2022-07-27,"Rivian Automotive, LLC",Santa Clara County,77.0,Layoff Permanent,,ca_2022_23.pdf,CA
2022-07-27,"Rivian Automotive, LLC",Santa Clara County,20.0,Layoff Permanent,,ca_2022_23.pdf,CA
2022-07-27,"Rivian Automotive, LLC",Orange County,25.0,Layoff Permanent,,ca_2022_23.pdf,CA
2022-07-27,"Rivian Automotive, LLC",Orange County,21.0,Layoff Permanent,,ca_2022_23.pdf,CA
2022-07-27,"Rivian Automotive, LLC",Orange County,86.0,Layoff Permanent,,ca_2022_23.pdf,CA
2022-07-27,"Rivian Automotive, LLC",Orange County,9.0,Layoff Permanent,,ca_2022_23.pdf,CA
2022-07-27,"Rivian Automotive, LLC",Orange County,2.0,Layoff Permanent,,ca_2022_23.pdf,CA
2022-08-01,"The Lafayette Hotel, Swim Club & Bungalows",San Diego County,73.0,Layoff Temporary,,ca_2022_23.pdf,CA
2022-08-09,"Modern Times Drinks, Inc.",Orange County,33.0,Closure Permanent,,ca_2022_23.pdf,CA
2022-08-09,"Modern Times Drinks, Inc.",San Diego County,57.0,Closure Permanent,,ca_2022_23.pdf,CA
2022-08-09,"Modern Times Drinks, Inc.",San Diego County,16.0,Closure Permanent,,ca_2022_23.pdf,CA
2022-08-09,"Modern Times Drinks, Inc.",San Diego County,3.0,Closure Permanent,,ca_2022_23.pdf,CA
2022-08-09,"Modern Times Drinks, Inc.",San Diego County,15.0,Closure Permanent,,ca_2022_23.pdf,CA
2022-08-03,Godspeed Logistics LLC,Los Angeles County,64.0,Closure Permanent,,ca_2022_23.pdf,CA
2022-08-04,"Safran Cabin Galleys US, Inc.",Orange County,100.0,Closure Permanent,,ca_2022_23.pdf,CA
2022-08-05,Hubbell Power Systems,San Bernardino County,193.0,Closure Permanent,,ca_2022_23.pdf,CA
2022-07-29,San Francisco Housing Authority,San Francisco County,15.0,Layoff Permanent,,ca_2022_23.pdf,CA
2022-07-29,San Francisco Housing Authority,San Francisco County,65.0,Layoff Permanent,,ca_2022_23.pdf,CA
2022-07-29,San Francisco Housing Authority,San Francisco County,66.0,Layoff Permanent,,ca_2022_23.pdf,CA
2022-08-08,"HCI, LLC",Riverside County,111.0,Closure Permanent,,ca_2022_23.pdf,CA
2022-08-08,"HCI, LLC",Riverside County,30.0,Closure Permanent,,ca_2022_23.pdf,CA
2022-08-08,"HCI, LLC",Riverside County,31.0,Closure Permanent,,ca_2022_23.pdf,CA
2022-08-08,"HCI, LLC",San Bernardino County,109.0,Closure Permanent,,ca_2022_23.pdf,CA
2022-08-11,Fasnap Corporation,Orange County,5.0,Closure Permanent,,ca_2022_23.pdf,CA
2022-08-01,"Wallboard Tool Co., Inc.",Los Angeles County,100.0,Closure Permanent,,ca_2022_23.pdf,CA
2022-08-08,"Tempo Automation, Inc.",San Francisco County,54.0,Layoff Permanent,,ca_2022_23.pdf,CA
2022-08-09,Shift Technologies Inc.,Los Angeles County,77.0,Layoff Permanent,,ca_2022_23.pdf,CA
2022-08-09,Shift Technologies Inc.,Alameda County,52.0,Layoff Permanent,,ca_2022_23.pdf,CA
2022-03-22,"Teva Parental Medicines, Inc.",Orange County,305.0,Closure Permanent,,ca_2022_23.pdf,CA
2022-08-09,Shift Technologies Inc.,Sacramento County,81.0,Closure Permanent,,ca_2022_23.pdf,CA
2022-08-09,Shift Technologies Inc.,San Diego County,53.0,Closure Permanent,,ca_2022_23.pdf,CA
2022-08-09,Shift Technologies Inc.,Los Angeles County,33.0,Closure Permanent,,ca_2022_23.pdf,CA
2022-08-15,Timber Products Company,Amador County,145.0,Closure Permanent,,ca_2022_23.pdf,CA
2022-08-08,Atara Biotherapeutics,San Mateo County,14.0,Layoff Permanent,,ca_2022_23.pdf,CA
2022-08-12,Malwarebytes,Santa Clara County,47.0,Layoff Permanent,,ca_2022_23.pdf,CA
2022-08-15,"Avanir Pharmaceuticals, Inc.",Orange County,16.0,Layoff Permanent,,ca_2022_23.pdf,CA
2022-08-08,Atara Biotherapeutics,Ventura County,55.0,Layoff Permanent,,ca_2022_23.pdf,CA
2022-08-08,Atara Biotherapeutics,Ventura County,8.0,Layoff Permanent,,ca_2022_23.pdf,CA
2022-08-15,Autodesk,Marin County,578.0,Closure Permanent,,ca_2022_23.pdf,CA
2022-08-03,Promenade Care Center LLC,Fresno County,111.0,Closure Permanent,,ca_2022_23.pdf,CA
2022-07-29,Silgan Containers,Stanislaus County,51.0,Layoff Temporary,,ca_2022_23.pdf,CA
2022-08-11,Silgan Containers,Stanislaus County,35.0,Layoff Temporary,,ca_2022_23.pdf,CA
2022-07-21,King&rsquo;s Fish House,San Bernardino County,74.0,Closure Temporary,,ca_2022_23.pdf,CA
2022-08-19,"PACT Pharma, Inc.",San Mateo County,51.0,Layoff Permanent,,ca_2022_23.pdf,CA
2022-08-25,Zymergen Inc.,Alameda County,80.0,Layoff Permanent,,ca_2022_23.pdf,CA
2022-08-26,"Cal-Multi, LLC",San Diego County,100.0,Layoff Permanent,,ca_2022_23.pdf,CA
2022-08-29,"Santa Teresita, Inc.",Los Angeles County,96.0,Closure Permanent,,ca_2022_23.pdf,CA
2022-08-26,"NBCUniversal Media, LLC and NBCUniversal
Production Services, LLC",Los Angeles County,37.0,Layoff Permanent,,ca_2022_23.pdf,CA
2022-08-26,Dacor,Los Angeles County,91.0,Layoff Permanent,,ca_2022_23.pdf,CA
2022-08-25,Mechanics Bank,Santa Barbara County,56.0,Closure Permanent,,ca_2022_23.pdf,CA
2022-08-31,"Snap, Inc. wholly owned subsidiary of PSA Risk
Management Services Inc.",Los Angeles County,401.0,Layoff Permanent,,ca_2022_23.pdf,CA
2022-08-31,Infineon Technologies Americas Corp.,Riverside County,375.0,Closure Permanent,,ca_2022_23.pdf,CA
2022-08-31,"Snap Inc., subsidiary of PSA Risk Management
Services",Santa Clara County,44.0,Layoff Permanent,,ca_2022_23.pdf,CA
2022-09-01,Elwyn California,Orange County,51.0,Layoff Permanent,,ca_2022_23.pdf,CA
2022-08-31,"Snap, Inc. wholly owned subsidiary of PSA Risk
Management Services Inc.",San Francisco County,40.0,Layoff Permanent,,ca_2022_23.pdf,CA
2022-09-01,Bakersfield Physical Therapy Clinic,Kern County,9.0,Closure Permanent,,ca_2022_23.pdf,CA
2022-09-01,USRA at AFRC,Los Angeles County,17.0,Layoff Permanent,,ca_2022_23.pdf,CA
2022-09-01,USRA at AFRC,Los Angeles County,5.0,Layoff Permanent,,ca_2022_23.pdf,CA
2022-09-03,"Reali, Inc.",San Mateo County,132.0,Closure Permanent,,ca_2022_23.pdf,CA
2022-09-01,"ABM Industry Groups, LLC",San Bernardino County,66.0,Layoff Permanent,,ca_2022_23.pdf,CA
2022-08-31,"GoodRx, Inc.",Los Angeles County,69.0,Layoff Permanent,,ca_2022_23.pdf,CA
2022-09-08,"Triple B Corporation at Jardines Farming and
Harvesting Operations",San Benito County,48.0,Closure Permanent,,ca_2022_23.pdf,CA
2022-09-06,Syncreon,Los Angeles County,33.0,Closure Permanent,,ca_2022_23.pdf,CA
2022-08-05,"Eko Devices, Inc.",Alameda County,5.0,Closure Permanent,,ca_2022_23.pdf,CA
2022-09-07,Sierra Monitor Corporation,Santa Clara County,26.0,Closure Permanent,,ca_2022_23.pdf,CA
2022-09-06,Fresh Ideas Flower Company,Stanislaus County,13.0,Layoff Permanent,,ca_2022_23.pdf,CA
2022-09-08,Temple-Culberson Enterprises LLC,Los Angeles County,50.0,Closure Permanent,,ca_2022_23.pdf,CA
2022-08-18,"Clairemont Healthcare & Wellness Centre, LLC dba
Abby Gardens Healthcare Center",San Diego County,104.0,Closure Permanent,,ca_2022_23.pdf,CA
2022-09-09,USRA at ARC,Santa Clara County,1.0,Layoff Permanent,,ca_2022_23.pdf,CA
2022-09-09,USRA at ARC,Santa Clara County,2.0,Layoff Permanent,,ca_2022_23.pdf,CA
2022-09-09,USRA at ARC,Santa Clara County,2.0,Layoff Permanent,,ca_2022_23.pdf,CA
2022-09-09,USRA at ARC,Santa Clara County,5.0,Layoff Permanent,,ca_2022_23.pdf,CA
2022-09-09,USRA at ARC,Santa Clara County,2.0,Layoff Permanent,,ca_2022_23.pdf,CA
2022-09-09,USRA at ARC,Santa Clara County,1.0,Layoff Permanent,,ca_2022_23.pdf,CA
2022-09-09,USRA at ARC,Santa Clara County,4.0,Layoff Permanent,,ca_2022_23.pdf,CA
2022-09-09,USRA at ARC,Santa Clara County,4.0,Layoff Permanent,,ca_2022_23.pdf,CA
2022-09-09,USRA at ARC,Santa Clara County,3.0,Layoff Permanent,,ca_2022_23.pdf,CA
2022-09-09,USRA at ARC,Santa Clara County,8.0,Layoff Permanent,,ca_2022_23.pdf,CA
2022-09-09,USRA at ARC,Santa Clara County,1.0,Layoff Permanent,,ca_2022_23.pdf,CA
2022-09-09,USRA at ARC,Santa Clara County,2.0,Layoff Permanent,,ca_2022_23.pdf,CA
2022-09-09,USRA at ARC,Santa Clara County,1.0,Layoff Permanent,,ca_2022_23.pdf,CA
2022-09-09,USRA at ARC,Santa Clara County,3.0,Layoff Permanent,,ca_2022_23.pdf,CA
2022-09-09,USRA at ARC,Santa Clara County,1.0,Layoff Permanent,,ca_2022_23.pdf,CA
2022-09-09,USRA at ARC,Santa Clara County,1.0,Layoff Permanent,,ca_2022_23.pdf,CA
2022-09-07,Bristol-Myers Squibb,San Diego County,92.0,Closure Permanent,,ca_2022_23.pdf,CA
2022-09-07,Bristol-Myers Squibb,San Diego County,169.0,Closure Permanent,,ca_2022_23.pdf,CA
2022-09-13,AbbVie Inc.,Orange County,99.0,Layoff Permanent,,ca_2022_23.pdf,CA
2022-09-13,Mouser Electronics,San Diego County,10.0,Closure Permanent,,ca_2022_23.pdf,CA
2022-09-13,"Marriott Resorts Hospitality Corporation and Marriott
Ownership Resorts, Inc.",San Francisco County,69.0,Layoff Temporary,,ca_2022_23.pdf,CA
2022-09-06,Bakersfield Heart Hospital,Kern County,115.0,Layoff Permanent,,ca_2022_23.pdf,CA
2022-09-02,"Curative, Inc.",Los Angeles County,109.0,Closure Permanent,,ca_2022_23.pdf,CA
2022-09-14,"Brentwood Originals, Inc.",Los Angeles County,113.0,Closure Permanent,,ca_2022_23.pdf,CA
2022-09-14,Musco Family Olive Co.,Glenn County,13.0,Layoff Temporary,,ca_2022_23.pdf,CA
2022-09-14,"Genapsys, Inc.",San Mateo County,1.0,Closure Permanent,,ca_2022_23.pdf,CA
2022-09-07,Hobie Cat Co.,San Diego County,137.0,Layoff Permanent,,ca_2022_23.pdf,CA
2022-09-08,"Transamerican Auto Parts (TAP) Manufacturing LLC
and TAP Worldwide LLC",San Diego County,73.0,Closure Permanent,,ca_2022_23.pdf,CA
2022-09-14,Twilio,San Francisco County,108.0,Layoff Permanent,,ca_2022_23.pdf,CA
2022-09-08,"Direct Delivery Service, Inc.",Contra Costa County,49.0,Closure Permanent,,ca_2022_23.pdf,CA
2022-09-08,"Direct Delivery Service, Inc.",Sacramento County,49.0,Closure Permanent,,ca_2022_23.pdf,CA
2022-09-08,"Direct Delivery Service, Inc.",San Joaquin County,41.0,Closure Permanent,,ca_2022_23.pdf,CA
2022-09-16,"G&C Staffing, LLC",Santa Clara County,66.0,Layoff Permanent,,ca_2022_23.pdf,CA
2022-09-19,"Granular, Inc. wholly owned subsidiary of Corteva, Inc.",San Francisco County,57.0,Closure Permanent,,ca_2022_23.pdf,CA
2022-09-19,Onsemi,Santa Clara County,88.0,Closure Permanent,,ca_2022_23.pdf,CA
2022-09-20,Nordstrom,Los Angeles County,79.0,Closure Permanent,,ca_2022_23.pdf,CA
2022-09-19,"Tremor International, LTD",San Mateo County,49.0,Layoff Permanent,,ca_2022_23.pdf,CA
2022-09-20,"Gap, Inc.",San Francisco County,104.0,Layoff Permanent,,ca_2022_23.pdf,CA
2022-09-20,"Gap, Inc.",San Francisco County,7.0,Layoff Permanent,,ca_2022_23.pdf,CA
2022-09-22,Schneider Electric,Fresno County,15.0,Closure Permanent,,ca_2022_23.pdf,CA
2022-09-21,Kitty Hawk Corporation Location 1,Santa Clara County,18.0,Closure Permanent,,ca_2022_23.pdf,CA
2022-09-21,Kitty Hawk Corporation Location 2,Santa Clara County,69.0,Closure Permanent,,ca_2022_23.pdf,CA
2022-09-21,Kitty Hawk Corporation Location 3,Santa Clara County,11.0,Closure Permanent,,ca_2022_23.pdf,CA
2022-09-21,Kitty Hawk Corporation Location 4,Santa Clara County,2.0,Closure Permanent,,ca_2022_23.pdf,CA
2022-09-23,Summit Funding Inc.,Sacramento County,72.0,Layoff Permanent,,ca_2022_23.pdf,CA
2022-09-26,"WeDriveU, Inc.",Alameda County,51.0,Layoff Permanent,,ca_2022_23.pdf,CA
2022-09-26,"Nutrition Corp, Inc. dba Fresh &lsquo;N Lean",Orange County,353.0,Layoff Permanent,,ca_2022_23.pdf,CA
2022-09-26,"WeDriveU, Inc.",San Mateo County,46.0,Layoff Permanent,,ca_2022_23.pdf,CA
2022-09-21,"Dreyer's Grand Ice Cream, Inc.",Kern County,905.0,Layoff Temporary,,ca_2022_23.pdf,CA
2022-09-26,Hallcon Corporation,San Francisco County,63.0,Layoff Permanent,,ca_2022_23.pdf,CA
2022-09-20,"Dreyer's Grand Ice Cream, Inc.",Tulare County,308.0,Layoff Temporary,,ca_2022_23.pdf,CA
2022-09-14,"NBCUniversal Media, LLC and NBC West, LLC",Los Angeles County,10.0,Layoff Permanent,,ca_2022_23.pdf,CA
2022-09-28,"Lucas Oil Products, Inc. with subsidiaries of Mav'rick
Entertainment Network, Inc.",Riverside County,93.0,Closure Permanent,,ca_2022_23.pdf,CA
2022-09-16,Amentum,San Diego County,70.0,Layoff Permanent,,ca_2022_23.pdf,CA
2022-09-29,Albertson's Santa Fe Springs Pharmacy,Los Angeles County,21.0,Closure Permanent,,ca_2022_23.pdf,CA
2022-09-30,Airgas,Los Angeles County,28.0,Closure Permanent,,ca_2022_23.pdf,CA
2022-08-04,"Oracle America, Inc.",San Mateo County,201.0,Layoff Permanent,,ca_2022_23.pdf,CA
2022-09-29,Skinny Labs Inc. dba SPIN,San Francisco County,49.0,Layoff Permanent,,ca_2022_23.pdf,CA
2022-09-30,"Alforex Seeds, LLC wholly owned subsidiary of Corteva,
Inc.",Yolo County,7.0,Layoff Permanent,,ca_2022_23.pdf,CA
2022-10-03,"Buca Restaurants 2, Inc. dba Buca di Beppo Italian
Restaurant",San Diego County,44.0,Closure Permanent,,ca_2022_23.pdf,CA
2022-10-07,The Honest Kitchen,Los Angeles County,6.0,Closure Permanent,,ca_2022_23.pdf,CA
2022-10-06,BioMarin Pharmaceutical Inc.,Marin County,62.0,Layoff Permanent,,ca_2022_23.pdf,CA
2022-10-06,BioMarin Pharmaceutical Inc.,Marin County,32.0,Layoff Permanent,,ca_2022_23.pdf,CA
2022-10-10,"Grocery Delivery E-Services USA, Inc. dba HelloFresh",Contra Costa County,611.0,Closure Permanent,,ca_2022_23.pdf,CA
2022-10-06,King's Fish House,San Bernardino County,94.0,Closure Temporary,,ca_2022_23.pdf,CA
2022-10-11,Clear Capital,Placer County,108.0,Layoff Permanent,,ca_2022_23.pdf,CA
2022-10-11,"Keeco, LLC",San Bernardino County,168.0,Closure Permanent,,ca_2022_23.pdf,CA
2022-10-14,"Colonial Savings, F.A.",Orange County,27.0,Closure Permanent,,ca_2022_23.pdf,CA
2022-10-14,"Colonial Savings, F.A.",Orange County,27.0,Closure Permanent,,ca_2022_23.pdf,CA
2022-10-18,"Astreya Partners, LLC at Meta Platforms Inc. facility",Alameda County,144.0,Layoff Permanent,,ca_2022_23.pdf,CA
2022-10-10,"Acuity Brands Lighting, Inc. dba Sunoptics",Sacramento County,98.0,Closure Permanent,,ca_2022_23.pdf,CA
2022-10-17,Egomotion Corp. dba Zeus Living,San Francisco County,31.0,Layoff Permanent,,ca_2022_23.pdf,CA
2022-10-17,CS DPS Holdings G4 Facility,Los Angeles County,103.0,Closure Permanent,,ca_2022_23.pdf,CA
2022-10-20,"Starry, Inc.",Los Angeles County,56.0,Layoff Permanent,,ca_2022_23.pdf,CA
2022-10-20,Jabil Inc.,Orange County,73.0,Closure Temporary,,ca_2022_23.pdf,CA
2022-10-20,Jabil Inc.,Santa Clara County,484.0,Closure Temporary,,ca_2022_23.pdf,CA
2022-10-18,Zymergen Inc.,Alameda County,110.0,Layoff Permanent,,ca_2022_23.pdf,CA
2022-10-20,Ademco Inc.,San Diego County,127.0,Layoff Temporary,,ca_2022_23.pdf,CA
2022-10-24,"Jabil, Inc.",Alameda County,549.0,Closure Temporary,,ca_2022_23.pdf,CA
2022-10-24,"Jabil, Inc.",Alameda County,123.0,Closure Temporary,,ca_2022_23.pdf,CA
2022-10-25,FormFactor,Alameda County,52.0,Layoff Permanent,,ca_2022_23.pdf,CA
2022-10-24,Zekelman Industries dba Western Tube,Los Angeles County,170.0,Closure Permanent,,ca_2022_23.pdf,CA
2022-10-24,"Avanir Pharmaceuticals, Inc.",Orange County,109.0,Layoff Permanent,,ca_2022_23.pdf,CA
2022-10-23,UTC Restaurant Ventures LLC dba Great Maple,San Diego County,61.0,Closure Permanent,,ca_2022_23.pdf,CA
2022-10-21,Jabil Inc.,San Joaquin County,83.0,Closure Temporary,,ca_2022_23.pdf,CA
2022-10-24,Jabil Inc.,Solano County,51.0,Closure Temporary,,ca_2022_23.pdf,CA
2022-10-25,Pennymac,Los Angeles County,20.0,Layoff Permanent,,ca_2022_23.pdf,CA
2022-10-25,Pennymac,Placer County,1.0,Layoff Permanent,,ca_2022_23.pdf,CA
2022-09-30,"CareFusion Resources, LLC, a subsidiary of Becton,
Dickinson and Company",San Diego County,26.0,Layoff Permanent,,ca_2022_23.pdf,CA
2022-09-30,"CareFusion Resources, LLC, a subsidiary of Becton,
Dickinson and Company",San Diego County,58.0,Layoff Permanent,,ca_2022_23.pdf,CA
2022-10-25,"Roth Staffing Companies, L.P. dba Ultimate Staffing
Services at FormFactor, Inc.",Alameda County,164.0,Layoff Permanent,,ca_2022_23.pdf,CA
2022-10-05,"TAP Manufacturing LLC and TAP Worldwide LLC dba 4
Wheel Parts",Los Angeles County,293.0,Layoff Permanent,,ca_2022_23.pdf,CA
2022-10-25,Pennymac,Ventura County,12.0,Layoff Permanent,,ca_2022_23.pdf,CA
2022-10-25,Pennymac,Ventura County,27.0,Layoff Permanent,,ca_2022_23.pdf,CA
2022-10-25,Pennymac,Ventura County,10.0,Layoff Permanent,,ca_2022_23.pdf,CA
2022-10-25,Terre du Soleil dba Auberge du Soleil,Napa County,206.0,Closure Temporary,,ca_2022_23.pdf,CA
2022-09-30,"Demetrix, Inc.",Alameda County,4.0,Layoff Permanent,,ca_2022_23.pdf,CA
2022-10-28,Selman Breitman LLP,Los Angeles County,81.0,Closure Permanent,,ca_2022_23.pdf,CA
2022-10-27,Scotts Temecula Operations LLC,Riverside County,15.0,Layoff Permanent,,ca_2022_23.pdf,CA
2022-10-26,"Mindbody, Inc.",San Luis Obispo County,94.0,Layoff Permanent,,ca_2022_23.pdf,CA
2022-08-16,Cepheid,Alameda County,632.0,Closure Permanent,,ca_2022_23.pdf,CA
2022-08-16,Cepheid,Alameda County,36.0,Closure Permanent,,ca_2022_23.pdf,CA
2022-08-16,Cepheid,Santa Clara County,250.0,Layoff Permanent,,ca_2022_23.pdf,CA
2022-08-16,Cepheid,Santa Clara County,1.0,Layoff Permanent,,ca_2022_23.pdf,CA
2022-08-16,Cepheid,Santa Clara County,1.0,Layoff Permanent,,ca_2022_23.pdf,CA
2022-08-16,Cepheid,Santa Clara County,1.0,Layoff Permanent,,ca_2022_23.pdf,CA
2022-08-16,Cepheid,Santa Clara County,1.0,Layoff Permanent,,ca_2022_23.pdf,CA
2022-08-16,Cepheid,Santa Clara County,1.0,Layoff Permanent,,ca_2022_23.pdf,CA
2022-08-16,Cepheid,Santa Clara County,1.0,Layoff Permanent,,ca_2022_23.pdf,CA
2022-08-16,Cepheid,Santa Clara County,1.0,Layoff Permanent,,ca_2022_23.pdf,CA
2022-08-16,Cepheid,San Joaquin County,20.0,Layoff Permanent,,ca_2022_23.pdf,CA
2022-08-16,Cepheid,San Joaquin County,1.0,Layoff Permanent,,ca_2022_23.pdf,CA
2022-08-16,Cepheid,San Joaquin County,1.0,Layoff Permanent,,ca_2022_23.pdf,CA
2022-08-16,Cepheid,San Joaquin County,1.0,Layoff Permanent,,ca_2022_23.pdf,CA
2022-10-28,"Lucira Health, Inc.",Alameda County,41.0,Layoff Permanent,,ca_2022_23.pdf,CA
2022-10-28,"Lucira Health, Inc.",Alameda County,4.0,Layoff Permanent,,ca_2022_23.pdf,CA
2022-10-28,American Advisors Group,Orange County,204.0,Layoff Permanent,,ca_2022_23.pdf,CA
2022-10-28,"Lucira Health, Inc.",San Diego County,5.0,Layoff Permanent,,ca_2022_23.pdf,CA
2022-10-31,"Legoland California, LLC dba Legoland California Resort",San Diego County,558.0,Layoff Permanent,,ca_2022_23.pdf,CA
2022-10-31,Chinese Community Health Care Association,San Francisco County,68.0,Layoff Permanent,,ca_2022_23.pdf,CA
2022-10-28,"Lucira Health, Inc.",Santa Clara County,5.0,Layoff Permanent,,ca_2022_23.pdf,CA
2022-10-27,"Great America Trans, Inc.",Los Angeles County,9.0,Closure Permanent,,ca_2022_23.pdf,CA
2022-11-01,Pak &lsquo;N Save Foods,Madera County,80.0,Closure Permanent,,ca_2022_23.pdf,CA
2022-11-02,"American Airlines, Inc.",San Francisco County,417.0,Closure Permanent,,ca_2022_23.pdf,CA
2022-10-28,First Financial Credit Union,Orange County,3.0,Closure Permanent,,ca_2022_23.pdf,CA
2022-10-28,First Financial Credit Union,San Diego County,2.0,Closure Permanent,,ca_2022_23.pdf,CA
2022-11-01,"StubHub, Inc.",San Francisco County,9.0,Closure Permanent,,ca_2022_23.pdf,CA
2022-10-28,First Financial Credit Union,Los Angeles County,2.0,Closure Permanent,,ca_2022_23.pdf,CA
2022-10-31,"DZConneX, a subsidiary of Yoh for Curative at Berkeley
Adult School",Alameda County,5.0,Layoff Permanent,,ca_2022_23.pdf,CA
2022-10-28,"Viridos, Inc.",Imperial County,36.0,Layoff Permanent,,ca_2022_23.pdf,CA
2022-10-31,DZConneX at Dodger Stadium Drive Thru,Los Angeles County,4.0,Layoff Permanent,,ca_2022_23.pdf,CA
2022-10-31,DZConneX at Eagle Rock Library,Los Angeles County,2.0,Layoff Permanent,,ca_2022_23.pdf,CA
2022-10-31,DZConneX at Eagle Rock Recreation Center,Los Angeles County,1.0,Layoff Permanent,,ca_2022_23.pdf,CA
2022-10-31,DZConneX at Hansen Dam Drive-Thru,Los Angeles County,2.0,Layoff Permanent,,ca_2022_23.pdf,CA
2022-10-31,DZConneX at Highland Park Adult Senior Citizen Center,Los Angeles County,1.0,Layoff Permanent,,ca_2022_23.pdf,CA
2022-10-31,DZConneX at Kedren Community Health Center,Los Angeles County,3.0,Layoff Permanent,,ca_2022_23.pdf,CA
2022-10-31,DZConneX at Pico Union Project,Los Angeles County,1.0,Layoff Permanent,,ca_2022_23.pdf,CA
2022-10-31,DZConneX at York Boulevard Park,Los Angeles County,3.0,Layoff Permanent,,ca_2022_23.pdf,CA
2022-10-31,DZConneX at University of the West,Los Angeles County,1.0,Layoff Permanent,,ca_2022_23.pdf,CA
2022-10-31,DZConneX at CA-Commissary 290,Los Angeles County,1.0,Layoff Permanent,,ca_2022_23.pdf,CA
2022-10-31,DZConneX at Cudahy Plaza Kiosk,Los Angeles County,1.0,Layoff Permanent,,ca_2022_23.pdf,CA
2022-10-31,"DZConneX at El Monte Testing Van-El Monte Aquatics
Center",Los Angeles County,1.0,Layoff Permanent,,ca_2022_23.pdf,CA
2022-10-31,DZConneX at Huntington Park Kiosk-Salt Lake Park,Los Angeles County,1.0,Layoff Permanent,,ca_2022_23.pdf,CA
2022-10-31,DZConneX at Montebello Plaza Kiosk,Los Angeles County,2.0,Layoff Permanent,,ca_2022_23.pdf,CA
2022-10-31,DZConneX at Pacoima Center Kiosk(Food 4 Less Sign),Los Angeles County,1.0,Layoff Permanent,,ca_2022_23.pdf,CA
2022-10-31,DZConneX at Puente Hills Town Center,Los Angeles County,3.0,Layoff Permanent,,ca_2022_23.pdf,CA
2022-10-26,Wes Lasher Inc. dba Elk Grove Acura,Sacramento County,59.0,Closure Permanent,,ca_2022_23.pdf,CA
2022-10-26,Elk Grove Auto Group Inc. dba Elk Grove Subaru,Sacramento County,61.0,Closure Permanent,,ca_2022_23.pdf,CA
2022-10-26,Elk Grove Auto Group Inc. dba Elk Grove Dodge,Sacramento County,229.0,Closure Permanent,,ca_2022_23.pdf,CA
2022-10-26,Elk Grove Auto Group Inc. dba Elk Grove Volkswagen,Sacramento County,32.0,Closure Permanent,,ca_2022_23.pdf,CA
2022-10-26,Elk Grove Auto Group Inc. dba Elk Grove Audi,Sacramento County,33.0,Closure Permanent,,ca_2022_23.pdf,CA
2022-10-28,Viridos Inc.,San Diego County,101.0,Layoff Permanent,,ca_2022_23.pdf,CA
2022-11-04,"Twitter, Inc.",Los Angeles County,93.0,Layoff Permanent,,ca_2022_23.pdf,CA
2022-10-25,Pennymac,Los Angeles County,10.0,Layoff Permanent,,ca_2022_23.pdf,CA
2022-11-04,"Twitter, Inc.",San Francisco County,784.0,Layoff Permanent,,ca_2022_23.pdf,CA
2022-11-04,"Twitter, Inc.",Santa Clara County,106.0,Layoff Permanent,,ca_2022_23.pdf,CA
2022-11-02,PayPal,Santa Clara County,59.0,Layoff Permanent,,ca_2022_23.pdf,CA
2022-10-31,DZConneX at City of Palo Alto Kiosk,Santa Clara County,1.0,Layoff Permanent,,ca_2022_23.pdf,CA
2022-10-31,DZConneX at Daly City-Serramonte Blvd.,Santa Clara County,5.0,Layoff Permanent,,ca_2022_23.pdf,CA
2022-10-31,DZConneX at Hillview Middle School,Santa Clara County,1.0,Layoff Permanent,,ca_2022_23.pdf,CA
2022-11-02,Marshalls Store 113,Orange County,64.0,Closure Permanent,,ca_2022_23.pdf,CA
2022-10-31,DZConneX at Bordwell Park Trailer,Riverside County,3.0,Layoff Permanent,,ca_2022_23.pdf,CA
2022-10-31,"DZConneX at City of Riverside Van: Arlington Heights
Sports Park",Riverside County,1.0,Layoff Permanent,,ca_2022_23.pdf,CA
2022-10-31,DZConneX at La Sierra Park Trailer,Riverside County,4.0,Layoff Permanent,,ca_2022_23.pdf,CA
2022-10-31,DZConneX at Norco College Kiosk,Riverside County,1.0,Layoff Permanent,,ca_2022_23.pdf,CA
2022-10-31,DZConneX at The Outlets at Lake Elsinore Testing,Riverside County,1.0,Layoff Permanent,,ca_2022_23.pdf,CA
2022-10-31,DZConneX at Liberty Towers Church,Sacramento County,1.0,Layoff Permanent,,ca_2022_23.pdf,CA
2022-10-31,DZConneX at St. Vincent de Paul Thrift Store,Sacramento County,1.0,Layoff Permanent,,ca_2022_23.pdf,CA
2022-11-02,"TGH Employees LLC dba TAO Group, Herringbone La
Jolla",San Diego County,57.0,Closure Permanent,,ca_2022_23.pdf,CA
2022-10-31,"DZConneX, a subsidiary of Yoh for Curative at
Parkmerced Kiosk",San Francisco County,2.0,Layoff Permanent,,ca_2022_23.pdf,CA
2022-11-02,Chime Financial Inc.,San Francisco County,152.0,Layoff Permanent,,ca_2022_23.pdf,CA
2022-10-31,"DZConneX, a subsidiary of Yoh for Curative at Vallejo
Corners Kiosk",Solano County,1.0,Layoff Permanent,,ca_2022_23.pdf,CA
2022-10-31,DZConneX at Coddington Mall Kiosk,Sonoma County,1.0,Layoff Permanent,,ca_2022_23.pdf,CA
2022-10-31,DZConneX at Rohnert Park Communicaty Center Kiosk,Sonoma County,1.0,Layoff Permanent,,ca_2022_23.pdf,CA
2022-10-31,DZConneX at Oxnard School District Office,Ventura County,1.0,Layoff Permanent,,ca_2022_23.pdf,CA
2022-10-31,DZConneX at Santa Paula Center Kiosk,Ventura County,1.0,Layoff Permanent,,ca_2022_23.pdf,CA
2022-10-31,DZConneX at Burbank Ralph Foy Park,Los Angeles County,4.0,Layoff Permanent,,ca_2022_23.pdf,CA
2022-10-31,DZConneX at Burbank YMCA,Los Angeles County,2.0,Layoff Permanent,,ca_2022_23.pdf,CA
2022-10-31,DZConneX at Larkspur Ferry Terminal - Trailer,Marin County,3.0,Layoff Permanent,,ca_2022_23.pdf,CA
2022-10-31,DZConneX at Novato Gymnastics Center Parking Lot,Marin County,1.0,Layoff Permanent,,ca_2022_23.pdf,CA
2022-11-03,IMI Norgren LLC,Contra Costa County,29.0,Closure Permanent,,ca_2022_23.pdf,CA
2022-11-03,Schneider Electric,Fresno County,2.0,Closure Permanent,,ca_2022_23.pdf,CA
2022-11-04,"Better Holdco, Inc.",Alameda County,13.0,Closure Permanent,,ca_2022_23.pdf,CA
2022-11-04,"Better Holdco, Inc.",Orange County,33.0,Layoff Permanent,,ca_2022_23.pdf,CA
2022-11-04,Amazon,Orange County,53.0,Layoff Permanent,,ca_2022_23.pdf,CA
2022-11-03,"Lyft, Inc.",San Francisco County,227.0,Layoff Permanent,,ca_2022_23.pdf,CA
2022-11-04,"Nationstar Mortgage, LLC d/b/a Mr. Cooper",Orange County,175.0,Layoff Permanent,,ca_2022_23.pdf,CA
2022-11-07,Seagate US LLC,Alameda County,4.0,Layoff Permanent,,ca_2022_23.pdf,CA
2022-11-07,Seagate US LLC,Alameda County,80.0,Layoff Permanent,,ca_2022_23.pdf,CA
2022-11-04,Curative Inc.,Los Angeles County,57.0,Layoff Permanent,,ca_2022_23.pdf,CA
2022-11-01,Providence ExpressCare California,Los Angeles County,7.0,Closure Permanent,,ca_2022_23.pdf,CA
2022-11-01,Providence ExpressCare California,Los Angeles County,2.0,Closure Permanent,,ca_2022_23.pdf,CA
2022-11-01,Providence ExpressCare California,Los Angeles County,1.0,Closure Permanent,,ca_2022_23.pdf,CA
2022-11-01,Providence ExpressCare California,Los Angeles County,1.0,Closure Permanent,,ca_2022_23.pdf,CA
2022-11-01,Providence ExpressCare California,Los Angeles County,4.0,Closure Permanent,,ca_2022_23.pdf,CA
2022-11-01,Providence ExpressCare California,Los Angeles County,6.0,Closure Permanent,,ca_2022_23.pdf,CA
2022-10-31,Curative Inc.,Los Angeles County,47.0,Closure Permanent,,ca_2022_23.pdf,CA
2022-11-01,Providence ExpressCare California,Los Angeles County,2.0,Closure Permanent,,ca_2022_23.pdf,CA
2022-11-01,Providence ExpressCare California,Los Angeles County,2.0,Closure Permanent,,ca_2022_23.pdf,CA
2022-11-01,Providence ExpressCare California,Los Angeles County,13.0,Closure Permanent,,ca_2022_23.pdf,CA
2022-11-01,Providence ExpressCare California,Los Angeles County,2.0,Closure Permanent,,ca_2022_23.pdf,CA
2022-11-01,Providence ExpressCare California,Los Angeles County,3.0,Closure Permanent,,ca_2022_23.pdf,CA
2022-11-01,Providence ExpressCare California,Los Angeles County,4.0,Closure Permanent,,ca_2022_23.pdf,CA
2022-11-01,Providence ExpressCare California,Los Angeles County,2.0,Closure Permanent,,ca_2022_23.pdf,CA
2022-11-01,Providence ExpressCare California,Los Angeles County,3.0,Closure Permanent,,ca_2022_23.pdf,CA
2022-11-01,Providence ExpressCare California,Los Angeles County,2.0,Closure Permanent,,ca_2022_23.pdf,CA
2022-11-04,"Athas Capital Group, Inc.",Los Angeles County,23.0,Layoff Permanent,,ca_2022_23.pdf,CA
2022-11-04,"Athas Capital Group, Inc.",Los Angeles County,159.0,Layoff Permanent,,ca_2022_23.pdf,CA
2022-11-04,"Natera, Inc.",San Mateo County,58.0,Layoff Permanent,,ca_2022_23.pdf,CA
2022-11-04,"Athas Capital Group, Inc.",Orange County,29.0,Layoff Permanent,,ca_2022_23.pdf,CA
2022-11-11,"Meta Platforms, Inc.",Los Angeles County,162.0,Layoff Permanent,,ca_2022_23.pdf,CA
2022-09-22,"Smithfield Distribution, LLC",Los Angeles County,,Closure Permanent,,ca_2022_23.pdf,CA
2022-09-22,"Smithfield Distribution, LLC",Los Angeles County,121.0,Closure Permanent,,ca_2022_23.pdf,CA
2022-11-11,"Meta Platforms, Inc.",San Francisco County,362.0,Layoff Permanent,,ca_2022_23.pdf,CA
2022-11-01,Providence ExpressCare California,Orange County,2.0,Closure Permanent,,ca_2022_23.pdf,CA
2022-11-09,Western Digital,Santa Clara County,86.0,Layoff Permanent,,ca_2022_23.pdf,CA
2022-11-11,Aerotek at Flex LTD,Santa Clara County,48.0,Layoff Permanent,,ca_2022_23.pdf,CA
2022-11-01,Providence ExpressCare California,Orange County,2.0,Closure Permanent,,ca_2022_23.pdf,CA
2022-11-01,Providence ExpressCare California,Orange County,6.0,Closure Permanent,,ca_2022_23.pdf,CA
2022-11-01,Providence ExpressCare California,Orange County,3.0,Closure Permanent,,ca_2022_23.pdf,CA
2022-11-01,Providence ExpressCare California,Orange County,12.0,Closure Permanent,,ca_2022_23.pdf,CA
2022-11-01,Providence ExpressCare California,Orange County,12.0,Closure Permanent,,ca_2022_23.pdf,CA
2022-11-01,Providence ExpressCare California,Orange County,4.0,Closure Permanent,,ca_2022_23.pdf,CA
2022-11-01,Providence ExpressCare California,Orange County,10.0,Closure Permanent,,ca_2022_23.pdf,CA
2022-11-01,Providence ExpressCare California,Orange County,4.0,Closure Permanent,,ca_2022_23.pdf,CA
2022-11-01,Providence ExpressCare California,Orange County,4.0,Closure Permanent,,ca_2022_23.pdf,CA
2022-11-01,Providence ExpressCare California,Orange County,1.0,Closure Permanent,,ca_2022_23.pdf,CA
2022-11-01,Providence ExpressCare California,Orange County,5.0,Closure Permanent,,ca_2022_23.pdf,CA
2022-11-09,Western Digital,Orange County,62.0,Layoff Permanent,,ca_2022_23.pdf,CA
2022-11-14,Sodexo Inc. at PHH Hemet Valley Medical Center,Riverside County,83.0,Closure Permanent,,ca_2022_23.pdf,CA
2022-11-14,Sodexo Inc. at PHH Hemet Valley Recovery Center,Riverside County,14.0,Closure Permanent,,ca_2022_23.pdf,CA
2022-11-14,Sodexo Inc. at PHH Menifee Valley Medical Center,Riverside County,32.0,Closure Permanent,,ca_2022_23.pdf,CA
2022-11-04,Jabil Inc.,Santa Clara County,93.0,Layoff Temporary,,ca_2022_23.pdf,CA
2022-11-09,Western Digital,Santa Clara County,103.0,Layoff Permanent,,ca_2022_23.pdf,CA
2022-10-28,"GoFundMe, Inc.",Los Angeles County,27.0,Layoff Permanent,,ca_2022_23.pdf,CA
2022-11-15,Synthego Corporation,San Mateo County,105.0,Layoff Permanent,,ca_2022_23.pdf,CA
2022-10-28,"GoFundMe, Inc.",San Diego County,11.0,Layoff Permanent,,ca_2022_23.pdf,CA
2022-10-28,"GoFundMe, Inc",San Diego County,23.0,Layoff Permanent,,ca_2022_23.pdf,CA
2022-10-28,"GoFundMe, Inc.",San Francisco County,11.0,Layoff Permanent,,ca_2022_23.pdf,CA
2022-11-11,"Coursera, Inc.",Santa Clara County,77.0,Layoff Permanent,,ca_2022_23.pdf,CA
2022-11-15,"Asana, Inc.",San Francisco County,97.0,Layoff Permanent,,ca_2022_23.pdf,CA
2022-11-09,Wilhelm L.L.C.,Sonoma County,274.0,Layoff Permanent,,ca_2022_23.pdf,CA
2022-11-14,"Intercom, Inc.",San Francisco County,55.0,Layoff Permanent,,ca_2022_23.pdf,CA
2022-11-16,"Apeel Technology, Inc.",Santa Barbara County,71.0,Layoff Permanent,,ca_2022_23.pdf,CA
2022-11-16,"Apeel Technology, Inc.",Santa Barbara County,14.0,Layoff Permanent,,ca_2022_23.pdf,CA
2022-11-16,"Apeel Technology, Inc.",Santa Barbara County,11.0,Layoff Permanent,,ca_2022_23.pdf,CA
2022-11-15,Thermo Fisher Scientific,Alameda County,46.0,Layoff Permanent,,ca_2022_23.pdf,CA
2022-11-15,Thermo Fisher Scientific,San Mateo County,49.0,Layoff Permanent,,ca_2022_23.pdf,CA
2022-11-25,"Twitter, Inc.",Los Angeles County,4.0,Layoff Permanent,,ca_2022_23.pdf,CA
2022-11-25,"Twitter, Inc.",San Francisco County,10.0,Layoff Permanent,,ca_2022_23.pdf,CA
2022-11-09,"RingCentral, Inc.",San Mateo County,50.0,Layoff Permanent,,ca_2022_23.pdf,CA
2022-11-10,Flex LTD.,Santa Clara County,155.0,Layoff Permanent,,ca_2022_23.pdf,CA
2022-11-14,Blue Shield of California,Orange County,7.0,Layoff Permanent,,ca_2022_23.pdf,CA
2022-11-14,"Illumina, Inc.",Alameda County,4.0,Layoff Permanent,,ca_2022_23.pdf,CA
2022-11-14,Blue Shield of California,El Dorado County,41.0,Layoff Permanent,,ca_2022_23.pdf,CA
2022-11-14,Blue Shield of California,El Dorado County,47.0,Layoff Permanent,,ca_2022_23.pdf,CA
2022-11-14,Blue Shield of California,El Dorado County,30.0,Layoff Permanent,,ca_2022_23.pdf,CA
2022-11-14,Blue Shield of California,El Dorado County,8.0,Layoff Permanent,,ca_2022_23.pdf,CA
2022-11-14,Blue Shield of California,Los Angeles County,24.0,Layoff Permanent,,ca_2022_23.pdf,CA
2022-11-14,Blue Shield of California,Los Angeles County,27.0,Layoff Permanent,,ca_2022_23.pdf,CA
2022-11-14,Blue Shield of California,Los Angeles County,2.0,Layoff Permanent,,ca_2022_23.pdf,CA
2022-11-14,Blue Shield of California,Shasta County,16.0,Layoff Permanent,,ca_2022_23.pdf,CA
2022-11-14,"Illumina, Inc.",San Mateo County,20.0,Layoff Permanent,,ca_2022_23.pdf,CA
2022-11-18,"Nuro, Inc.",Santa Clara County,269.0,Layoff Permanent,,ca_2022_23.pdf,CA
2022-11-14,Blue Shield of California,Alameda County,62.0,Layoff Permanent,,ca_2022_23.pdf,CA
2022-11-14,Blue Shield of California,Sacramento County,24.0,Layoff Permanent,,ca_2022_23.pdf,CA
2022-11-14,Blue Shield of California,San Diego County,5.0,Layoff Permanent,,ca_2022_23.pdf,CA
2022-11-14,Blue Shield of California,San Diego County,2.0,Layoff Permanent,,ca_2022_23.pdf,CA
2022-11-14,"Illumina, Inc.",San Diego County,206.0,Layoff Permanent,,ca_2022_23.pdf,CA
2022-11-14,"Illumina, Inc.",San Diego County,1.0,Layoff Permanent,,ca_2022_23.pdf,CA
2022-11-14,Blue Shield of California,San Francisco County,1.0,Layoff Permanent,,ca_2022_23.pdf,CA
2022-11-14,Blue Shield of California,San Joaquin County,74.0,Layoff Permanent,,ca_2022_23.pdf,CA
2022-11-14,Blue Shield of California,Los Angeles County,3.0,Layoff Permanent,,ca_2022_23.pdf,CA
2022-11-09,"Astra Space, Inc.",Alameda County,63.0,Layoff Permanent,,ca_2022_23.pdf,CA
2022-11-15,Silicon Valley TMS of East Bay,Alameda County,6.0,Closure Permanent,,ca_2022_23.pdf,CA
2022-11-09,"Astra Space, Inc.",Santa Clara County,1.0,Layoff Permanent,,ca_2022_23.pdf,CA
2022-11-15,Silicon Valley TMS of Mountain View,Santa Clara County,7.0,Closure Permanent,,ca_2022_23.pdf,CA
2022-11-16,"Boardriders Wholesale, LLC",Orange County,90.0,Layoff Permanent,,ca_2022_23.pdf,CA
2022-11-16,"Boardriders Wholesale, LLC",Orange County,8.0,Layoff Permanent,,ca_2022_23.pdf,CA
2022-11-16,"Boardriders Wholesale, LLC",Riverside County,4.0,Layoff Permanent,,ca_2022_23.pdf,CA
2022-11-15,Silicon Valley TMS of San Francisco,San Francisco County,1.0,Closure Permanent,,ca_2022_23.pdf,CA
2022-11-17,"Plastiq, Inc.",San Francisco County,19.0,Layoff Permanent,,ca_2022_23.pdf,CA
2022-11-18,"JUUL Labs, Inc.",San Francisco County,113.0,Layoff Permanent,,ca_2022_23.pdf,CA
2022-11-18,"JUUL Labs, Inc.",San Francisco County,1.0,Layoff Permanent,,ca_2022_23.pdf,CA
2022-11-18,"JUUL Labs, Inc.",San Francisco County,2.0,Layoff Permanent,,ca_2022_23.pdf,CA
2022-11-15,Silicon Valley TMS of San Jose,Santa Clara County,14.0,Closure Permanent,,ca_2022_23.pdf,CA
2022-11-15,Silicon Valley TMS of Monterey Bay,Santa Cruz County,9.0,Closure Permanent,,ca_2022_23.pdf,CA
2022-11-15,Silicon Valley TMS of Corte Madera,Marin County,3.0,Closure Permanent,,ca_2022_23.pdf,CA
2022-11-11,"Meta Platforms, Inc.",Alameda County,25.0,Layoff Permanent,,ca_2022_23.pdf,CA
2022-11-11,"Meta Platforms, Inc.",Alameda County,7.0,Layoff Permanent,,ca_2022_23.pdf,CA
2022-11-11,"Meta Platforms, Inc.",Alameda County,64.0,Layoff Permanent,,ca_2022_23.pdf,CA
2022-11-11,"Meta Platforms, Inc.",Alameda County,18.0,Layoff Permanent,,ca_2022_23.pdf,CA
2022-11-11,"Meta Platforms, Inc.",Alameda County,13.0,Layoff Permanent,,ca_2022_23.pdf,CA
2022-11-11,"Meta Platforms, Inc.",Alameda County,14.0,Layoff Permanent,,ca_2022_23.pdf,CA
2022-11-11,"Meta Platforms, Inc.",Alameda County,3.0,Layoff Permanent,,ca_2022_23.pdf,CA
2022-11-11,"Meta Platforms, Inc.",San Mateo County,67.0,Layoff Permanent,,ca_2022_23.pdf,CA
2022-11-11,"Meta Platforms, Inc.",San Mateo County,32.0,Layoff Permanent,,ca_2022_23.pdf,CA
2022-11-11,"Meta Platforms, Inc.",San Mateo County,34.0,Layoff Permanent,,ca_2022_23.pdf,CA
2022-11-11,"Meta Platforms, Inc.",San Mateo County,46.0,Layoff Permanent,,ca_2022_23.pdf,CA
2022-11-11,"Meta Platforms, Inc.",San Mateo County,85.0,Layoff Permanent,,ca_2022_23.pdf,CA
2022-11-11,"Meta Platforms, Inc.",San Mateo County,32.0,Layoff Permanent,,ca_2022_23.pdf,CA
2022-11-11,"Meta Platforms, Inc.",San Mateo County,139.0,Layoff Permanent,,ca_2022_23.pdf,CA
2022-11-11,"Meta Platforms, Inc.",San Mateo County,241.0,Layoff Permanent,,ca_2022_23.pdf,CA
2022-11-11,"Meta Platforms, Inc.",San Mateo County,140.0,Layoff Permanent,,ca_2022_23.pdf,CA
2022-11-11,"Meta Platforms, Inc.",San Mateo County,142.0,Layoff Permanent,,ca_2022_23.pdf,CA
2022-11-11,"Meta Platforms, Inc.",San Mateo County,60.0,Layoff Permanent,,ca_2022_23.pdf,CA
2022-11-11,"Meta Platforms, Inc.",San Mateo County,632.0,Layoff Permanent,,ca_2022_23.pdf,CA
2022-11-11,"Meta Platforms, Inc.",San Mateo County,77.0,Layoff Permanent,,ca_2022_23.pdf,CA
2022-11-11,"Meta Platforms, Inc.",San Mateo County,94.0,Layoff Permanent,,ca_2022_23.pdf,CA
2022-11-11,"Meta Platforms, Inc.",Santa Clara County,98.0,Layoff Permanent,,ca_2022_23.pdf,CA
2022-11-11,"Meta Platforms, Inc.",Santa Clara County,139.0,Layoff Permanent,,ca_2022_23.pdf,CA
2022-11-15,Amazon,Santa Clara County,31.0,Layoff Permanent,,ca_2022_23.pdf,CA
2022-11-15,Amazon,Santa Clara County,73.0,Layoff Permanent,,ca_2022_23.pdf,CA
2022-11-15,Amazon,Santa Clara County,14.0,Layoff Permanent,,ca_2022_23.pdf,CA
2022-11-15,Amazon,Santa Clara County,55.0,Layoff Permanent,,ca_2022_23.pdf,CA
2022-11-15,Amazon,Santa Clara County,44.0,Layoff Permanent,,ca_2022_23.pdf,CA
2022-11-15,Amazon,Santa Clara County,46.0,Layoff Permanent,,ca_2022_23.pdf,CA
2022-11-21,"P.F. Automotive, LLC dba Penske Ford",San Diego County,150.0,Closure Permanent,,ca_2022_23.pdf,CA
2022-11-21,"P.L. Automotive, LLC dba Penske Lincoln",San Diego County,22.0,Closure Permanent,,ca_2022_23.pdf,CA
2022-11-28,PD Systems,Monterey County,48.0,Layoff Temporary,,ca_2022_23.pdf,CA
2022-11-29,"Brown & Toland Professional Services Organization,
Inc., wholly-owned subsidiary of Altais",Alameda County,26.0,Layoff Permanent,,ca_2022_23.pdf,CA
2022-11-28,"Reyes Coca-Cola Bottling, LLC",San Joaquin County,82.0,Layoff Permanent,,ca_2022_23.pdf,CA
2022-12-01,"Hyperloop Technologies, Inc. dba Hyperloop One",Los Angeles County,19.0,Layoff Permanent,,ca_2022_23.pdf,CA
2022-12-01,Sciolex Corporation,Orange County,461.0,Layoff Permanent,,ca_2022_23.pdf,CA
2022-11-29,Reverse Mortgage Funding LLC,Sacramento County,44.0,Layoff Permanent,,ca_2022_23.pdf,CA
2022-11-30,"CoStar Group, Inc.",San Diego County,14.0,Layoff Permanent,,ca_2022_23.pdf,CA
2022-11-29,"Zume, Inc.",Ventura County,61.0,Layoff Permanent,,ca_2022_23.pdf,CA
2022-12-01,"Age of Learning, Inc.",Los Angeles County,128.0,Layoff Permanent,,ca_2022_23.pdf,CA
2022-12-01,"Peloton Interactive, Inc.",Los Angeles County,4.0,Closure Permanent,,ca_2022_23.pdf,CA
2022-12-01,Plenty Unlimited Inc.,San Mateo County,18.0,Closure Permanent,,ca_2022_23.pdf,CA
2022-12-02,"Inscripta, Inc.",San Diego County,23.0,Closure Permanent,,ca_2022_23.pdf,CA
2022-12-01,Bed Bath & Beyond Inc.,Santa Clara County,36.0,Closure Permanent,,ca_2022_23.pdf,CA
2022-12-01,La Tortilla Factory's Ceres Depot,Stanislaus County,5.0,Closure Permanent,,ca_2022_23.pdf,CA
2022-12-01,"Peloton Interactive, Inc.",Marin County,3.0,Closure Permanent,,ca_2022_23.pdf,CA
2022-12-06,"Medical Device Business Services, Inc.",Alameda County,2.0,Layoff Permanent,,ca_2022_23.pdf,CA
2022-12-06,DePuy Synthes Products Inc.,Alameda County,9.0,Layoff Permanent,,ca_2022_23.pdf,CA
2022-12-01,BloomTech Inc. dba Bloom Institute of Technology,San Francisco County,60.0,Layoff Permanent,,ca_2022_23.pdf,CA
2022-12-02,"Happy Money, Inc.",Los Angeles County,152.0,Layoff Permanent,,ca_2022_23.pdf,CA
2022-11-30,Festo Corporation,Alameda County,1.0,Layoff Permanent,,ca_2022_23.pdf,CA
2022-11-30,Festo Corporation,Alameda County,16.0,Layoff Permanent,,ca_2022_23.pdf,CA
2022-12-09,"Omaze, Inc.",Los Angeles County,103.0,Layoff Permanent,,ca_2022_23.pdf,CA
2022-12-09,Quanergy,Santa Clara County,72.0,Layoff Permanent,,ca_2022_23.pdf,CA
2022-11-15,Thermo Fisher,San Diego County,9.0,Layoff Permanent,,ca_2022_23.pdf,CA
2022-11-15,Thermo Fisher,San Diego County,1.0,Layoff Permanent,,ca_2022_23.pdf,CA
2022-11-30,"Doordash, Inc.",Los Angeles County,75.0,Layoff Permanent,,ca_2022_23.pdf,CA
2022-12-06,"BuzzFeed Media Enterprises, Inc.",Los Angeles County,54.0,Layoff Permanent,,ca_2022_23.pdf,CA
2022-12-01,Videndum Production Solutions,Los Angeles County,14.0,Closure Permanent,,ca_2022_23.pdf,CA
2022-12-07,"Instil Bio, Inc.",Los Angeles County,89.0,Layoff Permanent,,ca_2022_23.pdf,CA
2022-11-30,"Southern California Technical Arts, Inc.",Orange County,53.0,Closure Permanent,,ca_2022_23.pdf,CA
2022-11-23,"Columbia Steel, Inc.",San Bernardino County,93.0,Closure Permanent,,ca_2022_23.pdf,CA
2022-12-07,"Borrego Energy, LLC",San Diego County,12.0,Layoff Permanent,,ca_2022_23.pdf,CA
2022-12-07,"Borrego Energy, LLC",San Diego County,1.0,Layoff Permanent,,ca_2022_23.pdf,CA
2022-12-07,"Borrego Energy, LLC",San Diego County,10.0,Layoff Permanent,,ca_2022_23.pdf,CA
2022-12-07,"Borrego Energy, LLC",San Diego County,5.0,Layoff Permanent,,ca_2022_23.pdf,CA
2022-12-07,"Borrego Energy, LLC",San Diego County,5.0,Layoff Permanent,,ca_2022_23.pdf,CA
2022-12-07,"Borrego Energy, LLC",San Diego County,1.0,Layoff Permanent,,ca_2022_23.pdf,CA
2022-12-07,"Borrego Energy, LLC",San Diego County,4.0,Layoff Permanent,,ca_2022_23.pdf,CA
2022-12-07,"Borrego Energy, LLC",San Diego County,6.0,Layoff Permanent,,ca_2022_23.pdf,CA
2022-12-07,"Borrego Energy, LLC",San Diego County,1.0,Layoff Permanent,,ca_2022_23.pdf,CA
2022-11-30,"Doordash, Inc.",San Francisco County,311.0,Layoff Permanent,,ca_2022_23.pdf,CA
2022-12-07,Plaid Inc.,San Francisco County,59.0,Layoff Permanent,,ca_2022_23.pdf,CA
2022-12-07,"Instil Bio, Inc.",Ventura County,63.0,Layoff Permanent,,ca_2022_23.pdf,CA
2022-12-12,"Pioneer Hi-Bred International, Inc. (&ldquo;Corteva
Agriscience or &ldquo;Corteva&rdquo;)",Yolo County,22.0,Closure Permanent,,ca_2022_23.pdf,CA
2022-12-12,"Pioneer Hi-Bred International, Inc. (&ldquo;Corteva
Agriscience or &ldquo;Corteva&rdquo;)",Yolo County,29.0,Closure Permanent,,ca_2022_23.pdf,CA
2022-12-14,DHL Supply Chain,Alameda County,350.0,Layoff Permanent,,ca_2022_23.pdf,CA
2022-12-14,DHL Supply Chain,Alameda County,44.0,Layoff Permanent,,ca_2022_23.pdf,CA
2022-12-07,"Borrego Energy, LLC",Alameda County,7.0,Layoff Permanent,,ca_2022_23.pdf,CA
2022-12-07,"Borrego Energy, LLC",Alameda County,1.0,Layoff Permanent,,ca_2022_23.pdf,CA
2022-12-07,"Borrego Energy, LLC",Alameda County,1.0,Layoff Permanent,,ca_2022_23.pdf,CA
2022-12-07,"Borrego Energy, LLC",Alameda County,3.0,Layoff Permanent,,ca_2022_23.pdf,CA
2022-12-07,"Borrego Energy, LLC",Alameda County,1.0,Layoff Permanent,,ca_2022_23.pdf,CA
2022-12-07,"Borrego Energy, LLC",Alameda County,5.0,Layoff Permanent,,ca_2022_23.pdf,CA
2022-12-07,"Borrego Energy, LLC",Alameda County,4.0,Layoff Permanent,,ca_2022_23.pdf,CA
2022-12-07,"Borrego Energy, LLC",Alameda County,1.0,Layoff Permanent,,ca_2022_23.pdf,CA
2022-12-07,"Borrego Energy, LLC",Alameda County,7.0,Layoff Permanent,,ca_2022_23.pdf,CA
2022-12-07,"Borrego Energy, LLC",Alameda County,5.0,Layoff Permanent,,ca_2022_23.pdf,CA
2022-11-21,"United Furniture Industries, Inc.",San Bernardino County,261.0,Layoff Permanent,,ca_2022_23.pdf,CA
2022-12-08,Formagrid Inc dba Airtable,San Francisco County,111.0,Layoff Permanent,,ca_2022_23.pdf,CA
2022-11-15,Pennymac,Los Angeles County,8.0,Layoff Permanent,,ca_2022_23.pdf,CA
2022-11-15,Pennymac,Placer County,3.0,Layoff Permanent,,ca_2022_23.pdf,CA
2022-11-15,Pennymac,Los Angeles County,19.0,Layoff Permanent,,ca_2022_23.pdf,CA
2022-11-15,Pennymac,Ventura County,1.0,Layoff Permanent,,ca_2022_23.pdf,CA
2022-12-13,Aimmune Therapeutics Inc.,San Mateo County,75.0,Layoff Permanent,,ca_2022_23.pdf,CA
2022-12-13,"OFS Brands, Inc. and Styline Logistics, Inc.",Orange County,60.0,Closure Permanent,,ca_2022_23.pdf,CA
2022-12-08,Quest HealthConnect,Orange County,7.0,Layoff Permanent,,ca_2022_23.pdf,CA
2022-11-15,Pennymac,Ventura County,1.0,Layoff Permanent,,ca_2022_23.pdf,CA
2022-12-12,Pennymac,Ventura County,1.0,Layoff Permanent,,ca_2022_23.pdf,CA
2022-11-15,Pennymac,Ventura County,2.0,Layoff Permanent,,ca_2022_23.pdf,CA
2022-11-18,Rume Heath LLC,Orange County,110.0,Layoff Permanent,,ca_2022_23.pdf,CA
2022-12-16,Yinlun TDI LLC.,San Bernardino County,34.0,Layoff Permanent,,ca_2022_23.pdf,CA
2022-12-06,Qualcomm,San Diego County,153.0,Layoff Permanent,,ca_2022_23.pdf,CA
2022-12-15,Get Heal Inc. and Heal Doctors P.C.,Los Angeles County,182.0,Closure Permanent,,ca_2022_23.pdf,CA
2022-11-18,COVID Clinic,Orange County,12.0,Layoff Permanent,,ca_2022_23.pdf,CA
2022-11-15,"Aerotek, Inc.",San Diego County,141.0,Layoff Permanent,,ca_2022_23.pdf,CA
2022-12-15,Los Angeles Laundry Inc.,Los Angeles County,108.0,Closure Permanent,,ca_2022_23.pdf,CA
2022-12-19,Phillips 66,San Luis Obispo County,45.0,Closure Permanent,,ca_2022_23.pdf,CA
2022-12-13,Crothall Healthcare,Fresno County,57.0,Layoff Permanent,,ca_2022_23.pdf,CA
2022-12-13,Crothall Healthcare,Fresno County,15.0,Layoff Permanent,,ca_2022_23.pdf,CA
2022-12-08,"Avcorp Composite Fabrication, Inc.",Los Angeles County,47.0,Closure Permanent,,ca_2022_23.pdf,CA
2022-12-21,Company 3/Method Inc.,Los Angeles County,54.0,Layoff Permanent,,ca_2022_23.pdf,CA
2022-12-14,JC Ford,Orange County,39.0,Layoff Permanent,,ca_2022_23.pdf,CA
2022-12-14,JC Ford,Orange County,9.0,Layoff Permanent,,ca_2022_23.pdf,CA
2022-12-14,JC Ford,Orange County,30.0,Layoff Permanent,,ca_2022_23.pdf,CA
2022-12-21,"TuSimple, Inc.",San Diego County,143.0,Layoff Permanent,,ca_2022_23.pdf,CA
2022-11-17,"Roku, Inc.",Santa Clara County,93.0,Layoff Permanent,,ca_2022_23.pdf,CA
2022-12-14,"Principal Lighting Group LLC dba Sloan LED, Inc.",Ventura County,35.0,Layoff Permanent,,ca_2022_23.pdf,CA
2022-12-14,Principal Lighting Group LLC dba Sloan LED Inc.,Ventura County,7.0,Layoff Permanent,,ca_2022_23.pdf,CA
2022-12-22,Schneider Electric,Fresno County,2.0,Closure Permanent,,ca_2022_23.pdf,CA
2022-12-19,Epitomics Inc. dba Abcam Milpitas,Santa Clara County,30.0,Closure Permanent,,ca_2022_23.pdf,CA
2022-12-23,"Ghost Management Group, LLC",Orange County,51.0,Layoff Permanent,,ca_2022_23.pdf,CA
2022-12-22,Reverse Mortgage Funding LLC,Sacramento County,2.0,Layoff Permanent,,ca_2022_23.pdf,CA
2022-12-16,GlobalFoundries US Inc.,Santa Clara County,50.0,Layoff Permanent,,ca_2022_23.pdf,CA
2022-12-27,Teleflex LLC and NeoTract Inc,Alameda County,73.0,Closure Permanent,,ca_2022_23.pdf,CA
2022-12-27,Teleflex LLC and NeoTract Inc,Alameda County,5.0,Closure Permanent,,ca_2022_23.pdf,CA
2022-12-28,"PHC Facilities, Inc.",Los Angeles County,68.0,Closure Permanent,,ca_2022_23.pdf,CA
2022-12-15,"Argo AI, LLC",Santa Clara County,257.0,Closure Permanent,,ca_2022_23.pdf,CA
2022-11-10,ICAN-B,Los Angeles County,3.0,Closure Permanent,,ca_2022_23.pdf,CA
2022-12-02,"Arana Therapeutics, Inc., a company within Teva
Pharmaceuticals USA, Inc.",San Mateo County,30.0,Closure Permanent,,ca_2022_23.pdf,CA
2022-12-09,"Cisco Systems, Inc.",Santa Clara County,222.0,Layoff Permanent,,ca_2022_23.pdf,CA
2022-12-09,"Cisco Systems, Inc.",San Francisco County,80.0,Layoff Permanent,,ca_2022_23.pdf,CA
2022-12-09,"Cisco Systems, Inc.",Santa Clara County,371.0,Layoff Permanent,,ca_2022_23.pdf,CA
2022-12-29,Macys,Los Angeles County,92.0,Closure Permanent,,ca_2022_23.pdf,CA
2022-12-30,Loews Hotels & Co,Los Angeles County,321.0,Closure Temporary,,ca_2022_23.pdf,CA
2023-01-04,"Salesforce, Inc.",San Francisco County,650.0,Layoff Permanent,,ca_2022_23.pdf,CA
2023-01-04,"Salesforce, Inc.",San Francisco County,1.0,Layoff Permanent,,ca_2022_23.pdf,CA
2023-01-04,"Salesforce, Inc.",San Francisco County,52.0,Layoff Permanent,,ca_2022_23.pdf,CA
2023-01-04,"Salesforce, Inc.",San Francisco County,49.0,Layoff Permanent,,ca_2022_23.pdf,CA
2022-09-07,Arris Composites,Alameda County,1.0,Layoff Permanent,,ca_2022_23.pdf,CA
2022-09-07,Arris Composites,Alameda County,1.0,Layoff Permanent,,ca_2022_23.pdf,CA
2022-09-07,Arris Composites,Alameda County,1.0,Layoff Permanent,,ca_2022_23.pdf,CA
2022-09-07,Arris Composites,Alameda County,62.0,Layoff Permanent,,ca_2022_23.pdf,CA
2023-01-06,Jabil Inc.,Alameda County,39.0,Layoff Permanent,,ca_2022_23.pdf,CA
2023-01-06,Jabil Inc.,Alameda County,166.0,Layoff Permanent,,ca_2022_23.pdf,CA
2023-01-04,Piedmont Airlines Inc. at Long Beach Airport,Los Angeles County,43.0,Closure Permanent,,ca_2022_23.pdf,CA
2023-01-03,Flagship Facility Services Inc. at Meta Platforms Inc.,San Mateo County,34.0,Layoff Permanent,,ca_2022_23.pdf,CA
2023-01-03,Flagship Facility Services Inc. at Meta Platforms Inc.,San Mateo County,22.0,Layoff Permanent,,ca_2022_23.pdf,CA
2023-01-03,Flagship Facility Services Inc. at Meta Platforms Inc.,San Mateo County,9.0,Layoff Permanent,,ca_2022_23.pdf,CA
2023-01-03,Flagship Facility Services Inc. at Meta Platforms Inc.,San Mateo County,4.0,Layoff Permanent,,ca_2022_23.pdf,CA
2023-01-03,Flagship Facility Services Inc. at Meta Platforms Inc.,San Mateo County,3.0,Layoff Permanent,,ca_2022_23.pdf,CA
2023-01-03,Flagship Facility Services Inc. at Meta Platforms Inc.,San Mateo County,8.0,Layoff Permanent,,ca_2022_23.pdf,CA
2023-01-03,Flagship Facility Services Inc. at Meta Platforms Inc.,San Mateo County,1.0,Layoff Permanent,,ca_2022_23.pdf,CA
2023-01-03,Flagship Facility Services Inc. at Meta Platforms Inc.,San Mateo County,1.0,Layoff Permanent,,ca_2022_23.pdf,CA
2023-01-03,Flagship Facility Services Inc. at Meta Platforms Inc.,San Mateo County,1.0,Layoff Permanent,,ca_2022_23.pdf,CA
2023-01-03,Flagship Facility Services Inc. at Meta Platforms Inc.,San Mateo County,16.0,Layoff Permanent,,ca_2022_23.pdf,CA
2023-01-03,Flagship Facility Services Inc. at Meta Platforms Inc.,San Mateo County,10.0,Layoff Permanent,,ca_2022_23.pdf,CA
2023-01-03,Flagship Facility Services Inc. at Meta Platforms Inc.,San Mateo County,17.0,Layoff Permanent,,ca_2022_23.pdf,CA
2022-12-28,RUME Medical Group,Orange County,46.0,Layoff Permanent,,ca_2022_23.pdf,CA
2023-01-09,Prime-Line Products,San Bernardino County,116.0,Closure Permanent,,ca_2022_23.pdf,CA
2023-01-09,Prime-Line Products,San Bernardino County,3.0,Closure Permanent,,ca_2022_23.pdf,CA
2023-01-05,Cue Health - Moda South,San Diego County,81.0,Layoff Permanent,,ca_2022_23.pdf,CA
2023-01-05,Cue Health - Moda North,San Diego County,12.0,Layoff Permanent,,ca_2022_23.pdf,CA
2023-01-05,Cue Health - Moda North II,San Diego County,8.0,Layoff Permanent,,ca_2022_23.pdf,CA
2023-01-05,Cue Health- Moda West,San Diego County,7.0,Layoff Permanent,,ca_2022_23.pdf,CA
2023-01-05,Cue Health - Nancy Ridge,San Diego County,39.0,Layoff Permanent,,ca_2022_23.pdf,CA
2023-01-05,Cue Health - Nancy Ridge II,San Diego County,10.0,Layoff Permanent,,ca_2022_23.pdf,CA
2023-01-05,Cue Health - Waples,San Diego County,161.0,Layoff Permanent,,ca_2022_23.pdf,CA
2023-01-05,Cue Health - Waples II,San Diego County,4.0,Layoff Permanent,,ca_2022_23.pdf,CA
2023-01-05,Cue Health - Vista,San Diego County,63.0,Layoff Permanent,,ca_2022_23.pdf,CA
2023-01-05,Cue Health - Vista II,San Diego County,3.0,Layoff Permanent,,ca_2022_23.pdf,CA
2023-01-05,Silvergate Bank,San Diego County,181.0,Layoff Permanent,,ca_2022_23.pdf,CA
2023-01-04,Heritage on the Marina,San Francisco County,17.0,Layoff Permanent,,ca_2022_23.pdf,CA
2023-01-05,"Stitch Fix, Inc.",San Francisco County,97.0,Layoff Permanent,,ca_2022_23.pdf,CA
2023-01-06,Carbon Health,San Francisco County,226.0,Layoff Permanent,,ca_2022_23.pdf,CA
2023-01-09,Pacific Supermarket,San Francisco County,59.0,Closure Permanent,,ca_2022_23.pdf,CA
2023-01-06,Herren Enterprises Inc. dba Doctors Ambulance Service,Orange County,59.0,Closure Permanent,,ca_2022_23.pdf,CA
2023-01-09,"Janssen Pharmaceuticals, Inc.",Solano County,1.0,Layoff Permanent,,ca_2022_23.pdf,CA
2023-01-06,Land O'Lakes Inc.,Ventura County,5.0,Closure Permanent,,ca_2022_23.pdf,CA
2023-01-09,"Aspire Bakeries LLC dba La Brea Bakery Care in
Downtown Disney",Orange County,96.0,Closure Permanent,,ca_2022_23.pdf,CA
2023-01-11,Flexport,Los Angeles County,43.0,Layoff Permanent,,ca_2022_23.pdf,CA
2023-01-09,"PreZero US Services, LLC",Riverside County,54.0,Closure Permanent,,ca_2022_23.pdf,CA
2023-01-09,"Tree Island Wire, Inc.",San Bernardino County,12.0,Closure Permanent,,ca_2022_23.pdf,CA
2023-01-09,"Tree Island Wire, Inc.",San Bernardino County,9.0,Closure Permanent,,ca_2022_23.pdf,CA
2023-01-09,"Tree Island Wire, Inc.",San Bernardino County,5.0,Closure Permanent,,ca_2022_23.pdf,CA
2023-01-09,"Tree Island Wire, Inc.",San Bernardino County,22.0,Closure Permanent,,ca_2022_23.pdf,CA
2023-01-10,"Ryder Integrated Logistics, Inc.",San Bernardino County,19.0,Closure Permanent,,ca_2022_23.pdf,CA
2023-01-09,"Orora Packaging Solutions dba Manufactured
Packaging Products",San Diego County,47.0,Closure Permanent,,ca_2022_23.pdf,CA
2023-01-09,"Scale AI, Inc.",San Francisco County,1.0,Layoff Permanent,,ca_2022_23.pdf,CA
2023-01-09,"Scale AI, Inc.",San Francisco County,54.0,Layoff Permanent,,ca_2022_23.pdf,CA
2023-01-09,"Scale AI, Inc.",San Francisco County,2.0,Layoff Permanent,,ca_2022_23.pdf,CA
2023-01-09,"Scale AI, Inc.",San Francisco County,1.0,Layoff Permanent,,ca_2022_23.pdf,CA
2023-01-09,"Scale AI, Inc.",San Francisco County,8.0,Layoff Permanent,,ca_2022_23.pdf,CA
2023-01-09,"Scale AI, Inc.",San Francisco County,2.0,Layoff Permanent,,ca_2022_23.pdf,CA
2023-01-11,Flexport,San Francisco County,121.0,Layoff Permanent,,ca_2022_23.pdf,CA
2022-12-19,Phillips 66,San Luis Obispo County,45.0,Closure Permanent,,ca_2022_23.pdf,CA
2023-01-10,"Land O&rsquo;Lakes, Inc.",Tulare County,1.0,Closure Permanent,,ca_2022_23.pdf,CA
2023-01-12,Accenture,Alameda County,1.0,Layoff Permanent,,ca_2022_23.pdf,CA
2023-01-12,Accenture,Alameda County,1.0,Layoff Permanent,,ca_2022_23.pdf,CA
2023-01-10,The Vons Companies Inc.,Los Angeles County,83.0,Closure Permanent,,ca_2022_23.pdf,CA
2023-01-11,Verily Life Sciences LLC,San Mateo County,119.0,Layoff Permanent,,ca_2022_23.pdf,CA
2023-01-11,"NH Research, LLC",Orange County,3.0,Layoff Permanent,,ca_2022_23.pdf,CA
2023-01-11,"NH Research, LLC",Orange County,4.0,Layoff Permanent,,ca_2022_23.pdf,CA
2023-01-11,"NH Research, LLC",Orange County,44.0,Layoff Permanent,,ca_2022_23.pdf,CA
2023-01-10,"Ryder Integrated Logistics, Inc.",Riverside County,14.0,Closure Permanent,,ca_2022_23.pdf,CA
2023-01-11,"Specialized Bicycle Components, Inc.",Santa Clara County,80.0,Layoff Permanent,,ca_2022_23.pdf,CA
2023-01-12,"Beachbody, LLC",Los Angeles County,80.0,Layoff Permanent,,ca_2022_23.pdf,CA
2023-01-13,The Bungalow Kitchen,Los Angeles County,86.0,Closure Permanent,,ca_2022_23.pdf,CA
2023-01-12,"LendingClub Bank, N.A",San Francisco County,68.0,Layoff Permanent,,ca_2022_23.pdf,CA
2023-01-12,"LendingClub Bank, N.A.",San Francisco County,8.0,Layoff Permanent,,ca_2022_23.pdf,CA
2023-01-12,"LendingClub Bank, N.A.",San Francisco County,4.0,Layoff Permanent,,ca_2022_23.pdf,CA
2023-01-13,"Rainberry, Inc.",San Francisco County,92.0,Closure Permanent,,ca_2022_23.pdf,CA
2023-01-17,Unity Technologies,San Francisco County,53.0,Layoff Permanent,,ca_2022_23.pdf,CA
2023-01-12,OA Logistics,Yolo County,90.0,Closure Permanent,,ca_2022_23.pdf,CA
2023-01-13,Zymergen Inc.,Alameda County,29.0,Layoff Permanent,,ca_2022_23.pdf,CA
2022-12-28,Radial,Los Angeles County,13.0,Closure Permanent,,ca_2022_23.pdf,CA
2022-12-02,Intel Corporation,Santa Clara County,201.0,Layoff Permanent,,ca_2022_23.pdf,CA
2023-01-13,Intel Corporation,Sacramento County,167.0,Layoff Permanent,,ca_2022_23.pdf,CA
2022-12-02,Intel Corporation,Sacramento County,176.0,Layoff Permanent,,ca_2022_23.pdf,CA
2023-01-11,"eShares, Inc. dba Carta, Inc.",San Francisco County,60.0,Layoff Permanent,,ca_2022_23.pdf,CA
2023-01-10,"Gallo Sales Company, Inc.",Alameda County,93.0,Closure Permanent,,ca_2022_23.pdf,CA
2023-01-17,Medallion Industries,Alameda County,9.0,Closure Permanent,,ca_2022_23.pdf,CA
2023-01-17,Medallion Industries,Alameda County,5.0,Closure Permanent,,ca_2022_23.pdf,CA
2023-01-10,"Gallo Sales Company, Inc.",Kern County,6.0,Closure Permanent,,ca_2022_23.pdf,CA
2023-01-10,"Gallo Sales Company, Inc.",Los Angeles County,151.0,Closure Permanent,,ca_2022_23.pdf,CA
2023-01-18,Aseptic Solutions USA Ventures LLC,Riverside County,211.0,Closure Permanent,,ca_2022_23.pdf,CA
2023-01-10,"Gallo Sales Company, Inc.",San Bernardino County,33.0,Closure Permanent,,ca_2022_23.pdf,CA
2023-01-10,"Gallo Sales Company, Inc.",San Diego County,24.0,Closure Permanent,,ca_2022_23.pdf,CA
2023-01-10,"Berry Global, Inc.",San Joaquin County,25.0,Closure Permanent,,ca_2022_23.pdf,CA
2023-01-10,Berry Global Inc.,San Joaquin County,8.0,Closure Permanent,,ca_2022_23.pdf,CA
2023-01-10,"Berry Global, Inc.",San Joaquin County,19.0,Closure Permanent,,ca_2022_23.pdf,CA
2023-01-10,"Gallo Sales Company, Inc.",Stanislaus County,23.0,Closure Permanent,,ca_2022_23.pdf,CA
2023-01-10,"Gallo Sales Company, Inc.",Yolo County,25.0,Closure Permanent,,ca_2022_23.pdf,CA
2023-01-04,Madera Community Hospital,Fresno County,8.0,Layoff Permanent,,ca_2022_23.pdf,CA
2023-01-18,"Packers Sanitation Services, Inc.",Los Angeles County,143.0,Closure Permanent,,ca_2022_23.pdf,CA
2023-01-19,"Proterra Operating Company, Inc.",Los Angeles County,87.0,Layoff Permanent,,ca_2022_23.pdf,CA
2023-01-18,Amazon,Los Angeles County,16.0,Layoff Permanent,,ca_2022_23.pdf,CA
2023-01-18,Amazon,Los Angeles County,39.0,Layoff Permanent,,ca_2022_23.pdf,CA
2023-01-18,Amazon,Los Angeles County,2.0,Layoff Permanent,,ca_2022_23.pdf,CA
2023-01-04,Madera Community Hospital,Madera County,687.0,Layoff Permanent,,ca_2022_23.pdf,CA
2023-01-04,Madera Community Hospital,Madera County,70.0,Layoff Permanent,,ca_2022_23.pdf,CA
2023-01-04,Madera Community Hospital,Madera County,7.0,Layoff Permanent,,ca_2022_23.pdf,CA
2023-01-17,EMCA Staff LLC/ACME Labor LLC,Merced County,46.0,Layoff Permanent,,ca_2022_23.pdf,CA
2023-01-18,Amazon,Santa Clara County,52.0,Layoff Permanent,,ca_2022_23.pdf,CA
2023-01-18,Amazon,Santa Clara County,33.0,Layoff Permanent,,ca_2022_23.pdf,CA
2023-01-18,Amazon,Santa Clara County,58.0,Layoff Permanent,,ca_2022_23.pdf,CA
2023-01-18,Amazon,Santa Clara County,7.0,Layoff Permanent,,ca_2022_23.pdf,CA
2023-01-18,Amazon,Santa Clara County,5.0,Layoff Permanent,,ca_2022_23.pdf,CA
2023-01-18,Amazon,Santa Clara County,2.0,Layoff Permanent,,ca_2022_23.pdf,CA
2023-01-20,Wayfair LLC,Santa Clara County,74.0,Layoff Permanent,,ca_2022_23.pdf,CA
2023-01-18,Amazon,Orange County,10.0,Layoff Permanent,,ca_2022_23.pdf,CA
2023-01-18,Amazon,Orange County,1.0,Layoff Permanent,,ca_2022_23.pdf,CA
2023-01-18,Amazon,Orange County,17.0,Layoff Permanent,,ca_2022_23.pdf,CA
2023-01-18,Amazon,Orange County,58.0,Layoff Permanent,,ca_2022_23.pdf,CA
2023-01-18,Amazon,San Diego County,98.0,Layoff Permanent,,ca_2022_23.pdf,CA
2023-01-18,Amazon,San Diego County,2.0,Layoff Permanent,,ca_2022_23.pdf,CA
2023-01-20,"Crest Beverage, L.L.C.",San Diego County,372.0,Closure Permanent,,ca_2022_23.pdf,CA
2023-01-18,Amazon,San Francisco County,1.0,Layoff Permanent,,ca_2022_23.pdf,CA
2023-01-18,Amazon,San Francisco County,20.0,Layoff Permanent,,ca_2022_23.pdf,CA
2023-01-18,Amazon,San Francisco County,63.0,Layoff Permanent,,ca_2022_23.pdf,CA
2023-01-18,Amazon,San Francisco County,20.0,Layoff Permanent,,ca_2022_23.pdf,CA
2023-01-18,"8x8, Inc.",Santa Clara County,61.0,Layoff Permanent,,ca_2022_23.pdf,CA
2023-01-17,EMCA Staff LLC/ACME Labor LLC,Santa Barbara County,2.0,Layoff Permanent,,ca_2022_23.pdf,CA
2023-01-20,Google LA 5,Los Angeles County,22.0,Layoff Permanent,,ca_2022_23.pdf,CA
2023-01-20,Google LA 5,Los Angeles County,6.0,Layoff Permanent,,ca_2022_23.pdf,CA
2023-01-20,Google LA 2,Los Angeles County,2.0,Layoff Permanent,,ca_2022_23.pdf,CA
2023-01-20,Google LA 3,Los Angeles County,4.0,Layoff Permanent,,ca_2022_23.pdf,CA
2023-01-20,Google LA 1,Los Angeles County,5.0,Layoff Permanent,,ca_2022_23.pdf,CA
2023-01-20,Google Playa 2,Los Angeles County,123.0,Layoff Permanent,,ca_2022_23.pdf,CA
2023-01-20,Google Playa 1,Los Angeles County,1.0,Layoff Permanent,,ca_2022_23.pdf,CA
2023-01-20,Google,San Mateo County,20.0,Layoff Permanent,,ca_2022_23.pdf,CA
2023-01-20,Google,San Mateo County,31.0,Layoff Permanent,,ca_2022_23.pdf,CA
2023-01-20,Google,San Mateo County,40.0,Layoff Permanent,,ca_2022_23.pdf,CA
2023-01-20,Google,San Mateo County,24.0,Layoff Permanent,,ca_2022_23.pdf,CA
2023-01-20,Google,Santa Clara County,50.0,Layoff Permanent,,ca_2022_23.pdf,CA
2023-01-20,Google,Santa Clara County,2.0,Layoff Permanent,,ca_2022_23.pdf,CA
2022-12-28,Bon Appetit,Santa Clara County,45.0,Layoff Permanent,,ca_2022_23.pdf,CA
2023-01-20,Google,Santa Clara County,62.0,Layoff Permanent,,ca_2022_23.pdf,CA
2023-01-20,Google,Santa Clara County,41.0,Layoff Permanent,,ca_2022_23.pdf,CA
2023-01-20,Google,Santa Clara County,30.0,Layoff Permanent,,ca_2022_23.pdf,CA
2023-01-20,Google,Santa Clara County,6.0,Layoff Permanent,,ca_2022_23.pdf,CA
2023-01-20,Google,Santa Clara County,18.0,Layoff Permanent,,ca_2022_23.pdf,CA
2023-01-20,Google,Santa Clara County,5.0,Layoff Permanent,,ca_2022_23.pdf,CA
2023-01-20,Google,Santa Clara County,17.0,Layoff Permanent,,ca_2022_23.pdf,CA
2023-01-20,Google,Orange County,32.0,Layoff Permanent,,ca_2022_23.pdf,CA
2022-12-19,Hazel Hawkins Hospital,San Benito County,432.0,Closure Permanent,,ca_2022_23.pdf,CA
2022-12-19,"Hazel Hawkins Physical Therapy & Rehabilitation
Service",San Benito County,11.0,Closure Permanent,,ca_2022_23.pdf,CA
2022-12-19,"Hazel Hawkins Community Health Center at San Juan
Bautista",San Benito County,5.0,Closure Permanent,,ca_2022_23.pdf,CA
2022-12-19,Barragan Family Diabetes Center,San Benito County,10.0,Closure Permanent,,ca_2022_23.pdf,CA
2022-12-19,Hazel Hawkins Community Health Center,San Benito County,18.0,Closure Permanent,,ca_2022_23.pdf,CA
2022-12-19,Hollister Multispecialty Center,San Benito County,8.0,Closure Permanent,,ca_2022_23.pdf,CA
2022-12-19,Hollister Orthopedic Specialty Center,San Benito County,7.0,Closure Permanent,,ca_2022_23.pdf,CA
2022-12-19,Mabel 4th Street Health Care Center,San Benito County,16.0,Closure Permanent,,ca_2022_23.pdf,CA
2022-12-19,Mabel First Street Health Care Center,San Benito County,12.0,Closure Permanent,,ca_2022_23.pdf,CA
2022-12-19,Mabel Northside Skilled Nursing Facility,San Benito County,93.0,Closure Permanent,,ca_2022_23.pdf,CA
2022-12-19,McCray Laboratory,San Benito County,2.0,Closure Permanent,,ca_2022_23.pdf,CA
2022-12-19,San Benito Home Health Care Agency,San Benito County,12.0,Closure Permanent,,ca_2022_23.pdf,CA
2022-12-19,Sunnyslope Laboratory,San Benito County,1.0,Closure Permanent,,ca_2022_23.pdf,CA
2022-12-19,William & Inez Mabel Skilled Nursing Facility,San Benito County,85.0,Closure Permanent,,ca_2022_23.pdf,CA
2023-01-11,Abzena (San Diego) Inc.,San Diego County,66.0,Layoff Permanent,,ca_2022_23.pdf,CA
2023-01-20,"Stratasys Direct, Inc.",Los Angeles County,85.0,Closure Permanent,,ca_2022_23.pdf,CA
2023-01-05,"Fate Therapeutics, Inc.",San Mateo County,21.0,Layoff Permanent,,ca_2022_23.pdf,CA
2023-01-20,Google,Santa Clara County,140.0,Layoff Permanent,,ca_2022_23.pdf,CA
2023-01-20,Google,Santa Clara County,8.0,Layoff Permanent,,ca_2022_23.pdf,CA
2023-01-20,Google,Santa Clara County,6.0,Layoff Permanent,,ca_2022_23.pdf,CA
2023-01-20,Google,Santa Clara County,3.0,Layoff Permanent,,ca_2022_23.pdf,CA
2023-01-20,Google,Santa Clara County,21.0,Layoff Permanent,,ca_2022_23.pdf,CA
2023-01-20,Google,Santa Clara County,17.0,Layoff Permanent,,ca_2022_23.pdf,CA
2023-01-20,Google,Santa Clara County,24.0,Layoff Permanent,,ca_2022_23.pdf,CA
2023-01-20,Google,Santa Clara County,19.0,Layoff Permanent,,ca_2022_23.pdf,CA
2023-01-13,Intel Corporation,Santa Clara County,42.0,Layoff Permanent,,ca_2022_23.pdf,CA
2023-01-13,Intel Corporation,Santa Clara County,9.0,Layoff Permanent,,ca_2022_23.pdf,CA
2023-01-13,Intel Corporation,Santa Clara County,101.0,Layoff Permanent,,ca_2022_23.pdf,CA
2023-01-13,Intel Corporation,Santa Clara County,25.0,Layoff Permanent,,ca_2022_23.pdf,CA
2023-01-20,Google,Santa Clara County,8.0,Layoff Permanent,,ca_2022_23.pdf,CA
2023-01-20,Google,Santa Clara County,18.0,Layoff Permanent,,ca_2022_23.pdf,CA
2023-01-20,Google,Santa Clara County,8.0,Layoff Permanent,,ca_2022_23.pdf,CA
2023-01-20,Google,Santa Clara County,20.0,Layoff Permanent,,ca_2022_23.pdf,CA
2023-01-20,Google,Santa Clara County,2.0,Layoff Permanent,,ca_2022_23.pdf,CA
2023-01-20,Google,Santa Clara County,4.0,Layoff Permanent,,ca_2022_23.pdf,CA
2023-01-20,Google,Santa Clara County,11.0,Layoff Permanent,,ca_2022_23.pdf,CA
2023-01-20,Google,Santa Clara County,31.0,Layoff Permanent,,ca_2022_23.pdf,CA
2023-01-05,"Fate Therapeutics, Inc.",San Diego County,43.0,Layoff Permanent,,ca_2022_23.pdf,CA
2023-01-05,"Fate Therapeutics, Inc.",San Diego County,34.0,Layoff Permanent,,ca_2022_23.pdf,CA
2023-01-05,"Fate Therapeutics, Inc.",San Diego County,217.0,Layoff Permanent,,ca_2022_23.pdf,CA
2023-01-16,Spartronics,Santa Clara County,74.0,Closure Permanent,,ca_2022_23.pdf,CA
2023-01-20,"Delaware North Companies Travel Hospitality Services,
Inc",San Bernardino County,96.0,Layoff Permanent,,ca_2022_23.pdf,CA
2023-01-18,"Liminex, Inc. dba GoGuardian",Los Angeles County,86.0,Layoff Permanent,,ca_2022_23.pdf,CA
2023-01-18,"Liminex, Inc. dba GoGuardian",Los Angeles County,86.0,Layoff Permanent,,ca_2022_23.pdf,CA
2023-01-16,Celestica Precision Machining,Alameda County,27.0,Layoff Permanent,,ca_2022_23.pdf,CA
2023-01-16,Celestica Precision Machining,Alameda County,13.0,Layoff Permanent,,ca_2022_23.pdf,CA
2022-12-22,Brown & Toland Physician Services Organization,Alameda County,5.0,Layoff Permanent,,ca_2022_23.pdf,CA
2022-12-22,Brown & Toland Physician Services Organization,Alameda County,5.0,Layoff Permanent,,ca_2022_23.pdf,CA
2022-12-22,Blue Shield of California,Alameda County,56.0,Layoff Permanent,,ca_2022_23.pdf,CA
2022-12-22,Brown & Toland Physician Services Organization,San Francisco County,7.0,Layoff Permanent,,ca_2022_23.pdf,CA
2022-12-22,Brown & Toland Physician Services Organization,San Francisco County,1.0,Layoff Permanent,,ca_2022_23.pdf,CA
2022-12-22,Brown & Toland Physician Services Organization,San Francisco County,3.0,Layoff Permanent,,ca_2022_23.pdf,CA
2022-12-22,Brown & Toland Physician Services Organization,San Francisco County,11.0,Layoff Permanent,,ca_2022_23.pdf,CA
2022-12-22,Brown & Toland Physician Services Organization,San Francisco County,4.0,Layoff Permanent,,ca_2022_23.pdf,CA
2023-01-16,Celestica Precision Machining,Santa Clara County,4.0,Layoff Permanent,,ca_2022_23.pdf,CA
2022-12-22,Brown & Toland Physician Services Organization,San Mateo County,9.0,Layoff Permanent,,ca_2022_23.pdf,CA
2022-12-22,Brown & Toland Physician Services Organization,Alameda County,261.0,Layoff Permanent,,ca_2022_23.pdf,CA
2022-12-22,Brown & Toland Physician Services Organization,Riverside County,18.0,Layoff Permanent,,ca_2022_23.pdf,CA
2023-01-20,Google (US-SAN-6420),San Diego County,45.0,Layoff Permanent,,ca_2022_23.pdf,CA
2023-01-20,Google (US-SAN-INN15255),San Diego County,26.0,Layoff Permanent,,ca_2022_23.pdf,CA
2023-01-20,Google (US-SAN-WBD16618),San Diego County,1.0,Layoff Permanent,,ca_2022_23.pdf,CA
2022-12-22,Brown & Toland Physician Services Organization,Stanislaus County,14.0,Layoff Permanent,,ca_2022_23.pdf,CA
2023-01-25,Heritage on the Marina,San Francisco County,26.0,Layoff Permanent,,ca_2022_23.pdf,CA
2023-01-24,ICAN-B,Ventura County,7.0,Closure Permanent,,ca_2022_23.pdf,CA
2023-01-27,"RoGar Manufacturing, Inc.",Imperial County,76.0,Layoff Permanent,,ca_2022_23.pdf,CA
2023-01-24,"Mindstrong, Inc. and Mindstrong Health Services, P.C.",San Mateo County,128.0,Closure Permanent,,ca_2022_23.pdf,CA
2023-01-01,"Adecco USA, Inc.",Santa Clara County,64.0,Layoff Permanent,,ca_2022_23.pdf,CA
2023-01-23,"Illumina, Inc.",San Diego County,1.0,Layoff Permanent,,ca_2022_23.pdf,CA
2023-01-25,"Reliant Services Group, LLC dba Reliant Funding",San Diego County,79.0,Closure Permanent,,ca_2022_23.pdf,CA
2023-01-24,Amgen,Ventura County,305.0,Layoff Permanent,,ca_2022_23.pdf,CA
2023-01-23,"National Distribution Centers, LLC",Riverside County,175.0,Closure Permanent,,ca_2022_23.pdf,CA
2023-01-31,"Dolls Kill, Inc.",San Bernardino County,156.0,Closure Permanent,,ca_2022_23.pdf,CA
2023-01-27,"Dr. Squatch, LLC",Los Angeles County,50.0,Layoff Permanent,,ca_2022_23.pdf,CA
2023-01-24,Synopsys Inc.,Santa Clara County,37.0,Layoff Permanent,,ca_2022_23.pdf,CA
2023-01-24,Synopsys Inc.,Santa Clara County,63.0,Layoff Permanent,,ca_2022_23.pdf,CA
2023-01-27,"Mission Ambulance, Inc.",Riverside County,112.0,Closure Permanent,,ca_2022_23.pdf,CA
2023-01-27,"Mission Ambulance, Inc.",Riverside County,22.0,Closure Permanent,,ca_2022_23.pdf,CA
2023-01-31,Thermo Fisher Scientific,San Diego County,32.0,Layoff Permanent,,ca_2022_23.pdf,CA
2023-01-31,Thermo Fisher Scientific,San Diego County,183.0,Layoff Permanent,,ca_2022_23.pdf,CA
2023-01-31,Thermo Fisher Scientific,San Diego County,15.0,Layoff Permanent,,ca_2022_23.pdf,CA
2023-02-02,"Pentair Water Pool and Spa, Inc.",San Bernardino County,31.0,Closure Permanent,,ca_2022_23.pdf,CA
2023-02-02,"Pentair Water Pool and Spa, Inc.",San Bernardino County,11.0,Closure Permanent,,ca_2022_23.pdf,CA
2023-02-02,"Pentair Water Pool and Spa, Inc.",San Bernardino County,62.0,Closure Permanent,,ca_2022_23.pdf,CA
2023-01-18,Microsoft,Santa Clara County,41.0,Layoff Permanent,,ca_2022_23.pdf,CA
2023-01-18,Microsoft,Santa Clara County,1.0,Layoff Permanent,,ca_2022_23.pdf,CA
2023-01-18,Microsoft,Santa Clara County,3.0,Layoff Permanent,,ca_2022_23.pdf,CA
2023-01-18,Microsoft,Santa Clara County,1.0,Layoff Permanent,,ca_2022_23.pdf,CA
2023-01-24,"Ryder Integrated Logistics, Inc.",San Bernardino County,130.0,Layoff Permanent,,ca_2022_23.pdf,CA
2023-01-31,Electronic Arts' Industrial Toys Studio,Los Angeles County,105.0,Closure Permanent,,ca_2022_23.pdf,CA
2023-01-31,American Nuts,Los Angeles County,110.0,Layoff Permanent,,ca_2022_23.pdf,CA
2023-01-31,"Healthcare Staffing Professionals, Inc.",Los Angeles County,224.0,Layoff Permanent,,ca_2022_23.pdf,CA
2023-01-31,Triple Canopy,Sacramento County,226.0,Layoff Permanent,,ca_2022_23.pdf,CA
2023-01-31,PayPal,Santa Clara County,319.0,Layoff Permanent,,ca_2022_23.pdf,CA
2023-02-09,Mediland Corp. dba Premium Windows,Los Angeles County,142.0,Closure Permanent,,ca_2022_23.pdf,CA
2023-01-31,Lam Research Corporation,Alameda County,200.0,Layoff Permanent,,ca_2022_23.pdf,CA
2023-01-31,Lam Research Corporation,Alameda County,200.0,Layoff Permanent,,ca_2022_23.pdf,CA
2023-02-09,Microsoft,Santa Clara County,7.0,Layoff Permanent,,ca_2022_23.pdf,CA
2023-02-09,Microsoft,Santa Clara County,1.0,Layoff Permanent,,ca_2022_23.pdf,CA
2023-02-09,Microsoft,Santa Clara County,1.0,Layoff Permanent,,ca_2022_23.pdf,CA
2023-02-09,Microsoft,Santa Clara County,1.0,Layoff Permanent,,ca_2022_23.pdf,CA
2023-02-09,Microsoft,Santa Clara County,2.0,Layoff Permanent,,ca_2022_23.pdf,CA
2023-02-09,Microsoft,Santa Clara County,41.0,Layoff Permanent,,ca_2022_23.pdf,CA
2023-02-09,Microsoft,Santa Clara County,9.0,Layoff Permanent,,ca_2022_23.pdf,CA
2023-02-01,Splunk Inc.,San Francisco County,101.0,Layoff Permanent,,ca_2022_23.pdf,CA
2023-02-01,ContextLogic Inc.,San Francisco County,47.0,Layoff Permanent,,ca_2022_23.pdf,CA
2023-02-01,Splunk Inc.,Santa Clara County,73.0,Layoff Permanent,,ca_2022_23.pdf,CA
2023-02-03,"Workday, Inc.",Alameda County,196.0,Layoff Permanent,,ca_2022_23.pdf,CA
2023-02-02,"FedEx Ground Package System, Inc.",Los Angeles County,149.0,Closure Permanent,,ca_2022_23.pdf,CA
2023-02-02,"NC Interactive, LLC",San Mateo County,4.0,Layoff Permanent,,ca_2022_23.pdf,CA
2023-02-02,"NC Interactive, LLC",Orange County,43.0,Layoff Permanent,,ca_2022_23.pdf,CA
2023-02-08,DJW Logistics,San Bernardino County,58.0,Closure Permanent,,ca_2022_23.pdf,CA
2023-02-05,"Seenager, Inc.",San Diego County,117.0,Closure Permanent,,ca_2022_23.pdf,CA
2023-02-01,"Autodesk, Inc.",San Francisco County,61.0,Layoff Permanent,,ca_2022_23.pdf,CA
2023-02-02,"Salesforce, Inc.",San Francisco County,247.0,Layoff Permanent,,ca_2022_23.pdf,CA
2023-02-02,"Salesforce, Inc.",San Francisco County,7.0,Layoff Permanent,,ca_2022_23.pdf,CA
2023-02-02,"Salesforce, Inc.",San Francisco County,4.0,Layoff Permanent,,ca_2022_23.pdf,CA
2023-02-03,"Plastiq, Inc.",San Francisco County,80.0,Layoff Permanent,,ca_2022_23.pdf,CA
2023-02-03,Pinterest Inc.,San Francisco County,49.0,Layoff Permanent,,ca_2022_23.pdf,CA
2023-02-03,"NetApp, Inc.",Santa Clara County,148.0,Layoff Permanent,,ca_2022_23.pdf,CA
2023-01-31,"Respawn Entertainment, LLC a subsidiary of Electronic
Arts Inc.",Los Angeles County,77.0,Layoff Permanent,,ca_2022_23.pdf,CA
2023-02-08,"Overhill Farms, Inc.",Los Angeles County,100.0,Layoff Permanent,,ca_2022_23.pdf,CA
2022-11-07,Zendesk,San Francisco County,84.0,Layoff Permanent,,ca_2022_23.pdf,CA
2023-02-07,Inglewood Sportservice Inc. at Kia Forum,Orange County,284.0,Layoff Permanent,,ca_2022_23.pdf,CA
2023-01-30,Bayer U.S. LLC,Alameda County,55.0,Layoff Permanent,,ca_2022_23.pdf,CA
2023-02-07,"Medical Device Business Services, Inc.",Alameda County,6.0,Layoff Permanent,,ca_2022_23.pdf,CA
2023-02-07,DePuy Synthes Products Inc.,Alameda County,31.0,Layoff Permanent,,ca_2022_23.pdf,CA
2023-02-09,"Patina Group Newco, LLC",Orange County,184.0,Layoff Permanent,,ca_2022_23.pdf,CA
2023-02-09,"Sutter Street Manufacturing, Inc.",Los Angeles County,364.0,Closure Permanent,,ca_2022_23.pdf,CA
2023-02-09,Pfizer Inc,San Diego County,196.0,Layoff Permanent,,ca_2022_23.pdf,CA
2023-02-08,"Affirm, Inc.",San Francisco County,155.0,Layoff Permanent,,ca_2022_23.pdf,CA
2023-02-09,"Medallia, Inc.",Alameda County,59.0,Layoff Permanent,,ca_2022_23.pdf,CA
2023-01-31,"Upstart Network, Inc.",San Mateo County,102.0,Layoff Permanent,,ca_2022_23.pdf,CA
2023-02-07,"eBay, Inc.",San Francisco County,15.0,Layoff Permanent,,ca_2022_23.pdf,CA
2023-02-13,Twilio Inc.,San Francisco County,159.0,Layoff Permanent,,ca_2022_23.pdf,CA
2023-02-07,"eBay, Inc.",Santa Clara County,169.0,Layoff Permanent,,ca_2022_23.pdf,CA
2023-02-14,"Lucira Health, Inc.",Alameda County,17.0,Layoff Permanent,,ca_2022_23.pdf,CA
2023-02-14,"Lucira Health, Inc.",Alameda County,9.0,Layoff Permanent,,ca_2022_23.pdf,CA
2023-02-14,"NUPLA LLC, a wholly-owned subsidiary of Saunders
Midwest LLC",Los Angeles County,66.0,Layoff Permanent,,ca_2022_23.pdf,CA
2023-02-13,"Wipro, LLC",Santa Clara County,114.0,Layoff Permanent,,ca_2022_23.pdf,CA
2023-02-14,Intel Corporation,Santa Clara County,49.0,Layoff Permanent,,ca_2022_23.pdf,CA
2023-02-14,Intel Corporation,Santa Clara County,1.0,Layoff Permanent,,ca_2022_23.pdf,CA
2023-02-14,Intel Corporation,Santa Clara County,1.0,Layoff Permanent,,ca_2022_23.pdf,CA
2023-02-01,"Boardriders Wholesale, LLC",Riverside County,2.0,Layoff Permanent,,ca_2022_23.pdf,CA
2023-02-13,"Sorrento Therapeutics, Inc.",San Diego County,538.0,Closure Permanent,,ca_2022_23.pdf,CA
2023-02-14,"Lucira Health, Inc.",San Diego County,36.0,Layoff Permanent,,ca_2022_23.pdf,CA
2023-02-13,"Udemy, Inc.",San Francisco County,74.0,Layoff Permanent,,ca_2022_23.pdf,CA
2023-02-13,"Velodyne Lidar, Inc.",Santa Clara County,220.0,Layoff Permanent,,ca_2022_23.pdf,CA
2023-02-14,Intel Corporation,Santa Clara County,61.0,Layoff Permanent,,ca_2022_23.pdf,CA
2023-02-15,"SAP America, Inc.",Contra Costa County,65.0,Layoff Permanent,,ca_2022_23.pdf,CA
2023-02-15,Adventist Health Systems West,Placer County,59.0,Layoff Permanent,,ca_2022_23.pdf,CA
2023-01-31,"Instil Bio, Inc.",Los Angeles County,39.0,Layoff Permanent,,ca_2022_23.pdf,CA
2023-01-31,"Instil Bio, Inc.",Los Angeles County,1.0,Layoff Permanent,,ca_2022_23.pdf,CA
2023-02-16,KDC/One,Los Angeles County,43.0,Layoff Permanent,,ca_2022_23.pdf,CA
2023-02-16,KDC/One,Los Angeles County,13.0,Layoff Permanent,,ca_2022_23.pdf,CA
2023-02-17,"Ducommun Aerostructures, Inc.",Los Angeles County,146.0,Closure Permanent,,ca_2022_23.pdf,CA
2023-02-16,"QG Printing II, LLC",Merced County,241.0,Closure Permanent,,ca_2022_23.pdf,CA
2023-02-17,Evernote Corporation,San Mateo County,65.0,Layoff Permanent,,ca_2022_23.pdf,CA
2023-02-10,"SAP America, Inc.",Santa Clara County,159.0,Layoff Permanent,,ca_2022_23.pdf,CA
2023-02-10,"GSC Logistics, Inc.",Alameda County,58.0,Layoff Permanent,,ca_2022_23.pdf,CA
2023-02-16,Providence Medical Foundation,Orange County,8.0,Closure Permanent,,ca_2022_23.pdf,CA
2023-02-14,Cornerstone Building Brands,Sacramento County,128.0,Layoff Permanent,,ca_2022_23.pdf,CA
2023-02-15,Qualcomm Incorporated,San Diego County,79.0,Layoff Permanent,,ca_2022_23.pdf,CA
2023-02-16,"Critical Ideas, Inc. dba Chipper Cash",San Francisco County,49.0,Layoff Permanent,,ca_2022_23.pdf,CA
2023-02-15,"Peer Street, Inc.",Los Angeles County,30.0,Layoff Permanent,,ca_2022_23.pdf,CA
2023-01-31,"Instil Bio, Inc.",Ventura County,42.0,Layoff Permanent,,ca_2022_23.pdf,CA
2023-02-10,BJ's Restaurants,Marin County,90.0,Closure Permanent,,ca_2022_23.pdf,CA
2023-02-15,"Wix.com, Inc.",Mendocino County,27.0,Layoff Permanent,,ca_2022_23.pdf,CA
2023-02-17,"Gino/Giuseppe, Inc. dba G&G Construction Co.",Fresno County,64.0,Closure Permanent,,ca_2022_23.pdf,CA
2023-02-17,"Gino/Giuseppe, Inc. dba G&G Construction Co.",Merced County,135.0,Closure Permanent,,ca_2022_23.pdf,CA
2023-02-20,"Futurewei Technologies, Inc.",Santa Clara County,43.0,Layoff Permanent,,ca_2022_23.pdf,CA
2023-02-13,Rume Health,Orange County,62.0,Layoff Permanent,,ca_2022_23.pdf,CA
2023-02-17,"Beyond Hello CA, LLC",Riverside County,6.0,Closure Permanent,,ca_2022_23.pdf,CA
2023-02-21,Markstein Beverage Co.,Sacramento County,503.0,Closure Permanent,,ca_2022_23.pdf,CA
2023-02-21,Pacific Western Bank,Los Angeles County,200.0,Layoff Permanent,,ca_2022_23.pdf,CA
2023-02-16,"Minted, LLC.",Alameda County,6.0,Closure Permanent,,ca_2022_23.pdf,CA
2023-02-22,Microfabrica Inc.,Los Angeles County,91.0,Layoff Permanent,,ca_2022_23.pdf,CA
2023-02-23,Collins Pine Company,Plumas County,51.0,Layoff Temporary,,ca_2022_23.pdf,CA
2023-02-14,LinkedIn Corporation,Santa Clara County,49.0,Layoff Permanent,,ca_2022_23.pdf,CA
2023-02-14,LinkedIn Corporation,Santa Clara County,3.0,Layoff Permanent,,ca_2022_23.pdf,CA
2023-02-14,LinkedIn Corporation,San Francisco County,39.0,Layoff Permanent,,ca_2022_23.pdf,CA
2023-02-21,Masonite Corporation,San Joaquin County,59.0,Closure Permanent,,ca_2022_23.pdf,CA
2023-02-24,The Capital Group Companies Inc.,Los Angeles County,78.0,Layoff Permanent,,ca_2022_23.pdf,CA
2023-02-28,"Hyperloop Technologies, Inc. dba Hyperloop One",Los Angeles County,5.0,Layoff Permanent,,ca_2022_23.pdf,CA
2023-02-10,"Impossible Foods, Inc.",San Mateo County,132.0,Layoff Permanent,,ca_2022_23.pdf,CA
2023-02-24,The Capital Group Companies Inc.,Orange County,112.0,Layoff Permanent,,ca_2022_23.pdf,CA
2023-02-23,"UserTesting, Inc.",San Francisco County,63.0,Layoff Permanent,,ca_2022_23.pdf,CA
2023-02-28,"Yanka Industries, Inc. dba MasterClass",San Francisco County,89.0,Layoff Permanent,,ca_2022_23.pdf,CA
2023-01-30,"Joslyn Sunbank Company, LLC",Santa Barbara County,76.0,Closure Permanent,,ca_2022_23.pdf,CA
2023-02-23,"AeroVironment, Inc.",Sonoma County,17.0,Layoff Permanent,,ca_2022_23.pdf,CA
2023-02-22,Ruggable LLC,Los Angeles County,24.0,Layoff Permanent,,ca_2022_23.pdf,CA
2023-02-22,Ruggable LLC,Los Angeles County,16.0,Layoff Permanent,,ca_2022_23.pdf,CA
2023-02-22,Ruggable LLC,Los Angeles County,6.0,Layoff Permanent,,ca_2022_23.pdf,CA
2023-02-22,Ruggable LLC,Los Angeles County,30.0,Layoff Permanent,,ca_2022_23.pdf,CA
2023-02-22,Ruggable LLC,Los Angeles County,1.0,Layoff Permanent,,ca_2022_23.pdf,CA
2023-02-24,Foster Dairy Farms,Stanislaus County,65.0,Closure Permanent,,ca_2022_23.pdf,CA
2023-02-01,"Rivian Automotive, LLC",Santa Clara County,150.0,Layoff Permanent,,ca_2022_23.pdf,CA
2023-02-01,"Rivian Automotive, LLC",Santa Clara County,61.0,Layoff Permanent,,ca_2022_23.pdf,CA
2023-02-01,"Rivian Automotive, LLC",Santa Clara County,29.0,Layoff Permanent,,ca_2022_23.pdf,CA
2023-02-01,"Rivian Automotive, LLC",Orange County,153.0,Layoff Permanent,,ca_2022_23.pdf,CA
2023-02-01,"Rivian Automotive, LLC",Orange County,35.0,Layoff Permanent,,ca_2022_23.pdf,CA
2023-02-01,"Rivian Automotive, LLC",Orange County,31.0,Layoff Permanent,,ca_2022_23.pdf,CA
2023-02-01,"Rivian Automotive, LLC",Orange County,8.0,Layoff Permanent,,ca_2022_23.pdf,CA
2023-02-01,"Rivian Automotive, LLC",Orange County,8.0,Layoff Permanent,,ca_2022_23.pdf,CA
2023-02-01,"Rivian Automotive, LLC",Orange County,4.0,Layoff Permanent,,ca_2022_23.pdf,CA
2023-02-15,"GEO Secure Services, LLC",San Bernardino County,112.0,Layoff Permanent,,ca_2022_23.pdf,CA
2023-02-06,"Zoom Video Communications, Inc.",Santa Clara County,199.0,Layoff Permanent,,ca_2022_23.pdf,CA
2023-02-28,"Tasteful Selections, Inc.",Kern County,54.0,Layoff Permanent,,ca_2022_23.pdf,CA
2023-02-28,"Tasteful Selections, Inc.",Kern County,1.0,Layoff Permanent,,ca_2022_23.pdf,CA
2023-02-28,"COR Restaurant Services, LLC with Chick-fil-A, Inc.",Los Angeles County,85.0,Closure Temporary,,ca_2022_23.pdf,CA
2023-02-27,American General Life Insurance Company,Los Angeles County,163.0,Layoff Permanent,,ca_2022_23.pdf,CA
2023-03-01,"Johnson & Johnson Services, Inc.",San Mateo County,1.0,Layoff Permanent,,ca_2022_23.pdf,CA
2023-03-01,"Medical Device Business Services, Inc.",San Mateo County,5.0,Layoff Permanent,,ca_2022_23.pdf,CA
2023-03-01,"Auris Health, Inc.",San Mateo County,223.0,Layoff Permanent,,ca_2022_23.pdf,CA
2023-03-01,"Auris Health, Inc.",Santa Clara County,69.0,Layoff Permanent,,ca_2022_23.pdf,CA
2023-03-01,Verb Surgical Inc.,Santa Clara County,47.0,Layoff Permanent,,ca_2022_23.pdf,CA
2023-03-01,CSATS Inc.,Santa Clara County,3.0,Layoff Permanent,,ca_2022_23.pdf,CA
2023-03-01,Ethicon Endo-Surgery Inc.,Santa Clara County,4.0,Layoff Permanent,,ca_2022_23.pdf,CA
2023-02-27,"Cerebral, Inc.",Los Angeles County,31.0,Layoff Permanent,,ca_2022_23.pdf,CA
2023-03-01,Waymo LLC,Santa Clara County,111.0,Layoff Permanent,,ca_2022_23.pdf,CA
2023-03-01,Waymo LLC,Santa Clara County,1.0,Layoff Permanent,,ca_2022_23.pdf,CA
2023-03-02,"Clif Bar & Company, LLC",Alameda County,34.0,Layoff Permanent,,ca_2022_23.pdf,CA
2023-03-02,"Ajinomoto Foods North America, Inc.",Alameda County,48.0,Layoff Permanent,,ca_2022_23.pdf,CA
2022-10-26,Finance of America,Placer County,48.0,Closure Permanent,,ca_2022_23.pdf,CA
2023-02-27,"Herbalife International of America, Inc.",Los Angeles County,1.0,Layoff Permanent,,ca_2022_23.pdf,CA
2023-03-03,"Embark Trucks, Inc.",San Francisco County,109.0,Layoff Permanent,,ca_2022_23.pdf,CA
2023-02-27,"Herbalife International of America, Inc.",Los Angeles County,7.0,Layoff Permanent,,ca_2022_23.pdf,CA
2023-02-27,"Herbalife International of America, Inc.",Los Angeles County,11.0,Layoff Permanent,,ca_2022_23.pdf,CA
2023-03-01,Graphite Bio,San Mateo County,3.0,Layoff Permanent,,ca_2022_23.pdf,CA
2023-03-01,Graphite Bio,San Mateo County,2.0,Layoff Permanent,,ca_2022_23.pdf,CA
2023-03-01,Graphite Bio,San Mateo County,14.0,Layoff Permanent,,ca_2022_23.pdf,CA
2023-03-01,Graphite Bio,San Mateo County,7.0,Layoff Permanent,,ca_2022_23.pdf,CA
2023-03-01,Graphite Bio,San Mateo County,33.0,Layoff Permanent,,ca_2022_23.pdf,CA
2023-03-03,"Coherus BioSciences, Inc.",San Mateo County,51.0,Layoff Permanent,,ca_2022_23.pdf,CA
2023-02-28,Flex LTD,Santa Clara County,10.0,Layoff Permanent,,ca_2022_23.pdf,CA
2023-03-03,KLA Corporation,Santa Clara County,72.0,Layoff Permanent,,ca_2022_23.pdf,CA
2023-02-24,Lendlease (US) Services Inc.,Santa Clara County,67.0,Layoff Permanent,,ca_2022_23.pdf,CA
2023-03-03,Boot Barn,San Bernardino County,59.0,Layoff Permanent,,ca_2022_23.pdf,CA
2023-03-07,Thermo Fisher Scientific,San Diego County,123.0,Layoff Permanent,,ca_2022_23.pdf,CA
2023-03-07,Thermo Fisher Scientific,San Diego County,12.0,Layoff Permanent,,ca_2022_23.pdf,CA
2023-03-07,Thermo Fisher Scientific,San Diego County,19.0,Layoff Permanent,,ca_2022_23.pdf,CA
2023-03-06,"AeroVironment, Inc.",Sonoma County,62.0,Layoff Permanent,,ca_2022_23.pdf,CA
2023-02-17,"Truepill, Inc.",Los Angeles County,11.0,Closure Permanent,,ca_2022_23.pdf,CA
2023-03-06,"Atlassian US, Inc.",San Francisco County,268.0,Layoff Permanent,,ca_2022_23.pdf,CA
2023-02-24,Gordon Laboratories Inc,Los Angeles County,62.0,Closure Permanent,,ca_2022_23.pdf,CA
2023-03-08,"CoStar Group, Inc.",San Diego County,62.0,Layoff Permanent,,ca_2022_23.pdf,CA
2023-03-08,Scripps Health - Corporate 1,San Diego County,2.0,Layoff Permanent,,ca_2022_23.pdf,CA
2023-03-08,Scripps Health - Corporate 3,San Diego County,2.0,Layoff Permanent,,ca_2022_23.pdf,CA
2023-03-08,Scripps Mercy Hospital,San Diego County,2.0,Layoff Permanent,,ca_2022_23.pdf,CA
2023-03-08,Scripps Memorial Hospital La Jolla,San Diego County,1.0,Layoff Permanent,,ca_2022_23.pdf,CA
2023-03-08,Scripps Health Corporate IS Office,San Diego County,63.0,Layoff Permanent,,ca_2022_23.pdf,CA
2023-03-09,"Salesforce, Inc.",San Francisco County,55.0,Layoff Permanent,,ca_2022_23.pdf,CA
2023-03-14,Coherent Corp.,Alameda County,108.0,Layoff Permanent,,ca_2022_23.pdf,CA
2023-03-01,"Medical Device Business Services, Inc.",Santa Clara County,3.0,Layoff Permanent,,ca_2022_23.pdf,CA
2023-03-13,"Herbalife International of America, Inc.",Los Angeles County,12.0,Layoff Permanent,,ca_2022_23.pdf,CA
2023-03-15,BrassCraft Manufacturing Company,Riverside County,137.0,Closure Permanent,,ca_2022_23.pdf,CA
2023-03-13,"Herbalife International of America, Inc.",Los Angeles County,40.0,Layoff Permanent,,ca_2022_23.pdf,CA
2023-03-13,"Herbalife International of America, Inc.",Los Angeles County,26.0,Layoff Permanent,,ca_2022_23.pdf,CA
2023-03-15,Cresco Labs,Fresno County,25.0,Closure Permanent,,ca_2022_23.pdf,CA
2023-03-15,Cresco Labs Corporate Headquarters,Cook County,1.0,Closure Permanent,,ca_2022_23.pdf,CA
2023-03-06,Vinci Brands LLC,Orange County,45.0,Layoff Permanent,,ca_2022_23.pdf,CA
2023-03-15,La Habra Facility,Orange County,17.0,Closure Permanent,,ca_2022_23.pdf,CA
2023-03-06,Vinci Brands LLC,Riverside County,10.0,Layoff Permanent,,ca_2022_23.pdf,CA
2023-03-15,Cresco Labs,Yolo County,44.0,Closure Permanent,,ca_2022_23.pdf,CA
2023-03-17,"Custom Control Sensors, LLC",Los Angeles County,127.0,Closure Permanent,,ca_2022_23.pdf,CA
2023-02-24,"Security Industry Specialists, Inc.",Los Angeles County,115.0,Layoff Permanent,,ca_2022_23.pdf,CA
2023-02-24,"Security Industry Specialists, Inc",Santa Clara County,416.0,Layoff Permanent,,ca_2022_23.pdf,CA
2023-02-24,"Security Industry Specialists, Inc.",Sacramento County,87.0,Layoff Permanent,,ca_2022_23.pdf,CA
2023-03-16,Amgen Inc.,Ventura County,425.0,Layoff Permanent,,ca_2022_23.pdf,CA
2023-03-17,"Natera, Inc.",San Mateo County,59.0,Layoff Permanent,,ca_2022_23.pdf,CA
2023-03-06,Microsoft,Santa Clara County,54.0,Layoff Permanent,,ca_2022_23.pdf,CA
2023-03-06,Microsoft,Santa Clara County,1.0,Layoff Permanent,,ca_2022_23.pdf,CA
2023-03-20,"Ferring Research Institute, Inc.",San Diego County,89.0,Closure Permanent,,ca_2022_23.pdf,CA
2023-03-06,Microsoft,Santa Clara County,1.0,Layoff Permanent,,ca_2022_23.pdf,CA
2023-03-22,"Glassdoor, Inc.",San Francisco County,130.0,Layoff Permanent,,ca_2022_23.pdf,CA
2023-03-13,Silvergate Bank,San Diego County,260.0,Layoff Permanent,,ca_2022_23.pdf,CA
2023-03-23,"Greenheck Fan Corporation (Unison Comfort
Technologies)",Sacramento County,25.0,Closure Permanent,,ca_2022_23.pdf,CA
2023-03-23,The Michaels Companies,San Joaquin County,160.0,Layoff Permanent,,ca_2022_23.pdf,CA
2023-03-23,"Genentech, Inc.",San Mateo County,271.0,Layoff Permanent,,ca_2022_23.pdf,CA
2023-02-21,Mattel,Santa Clara County,13.0,Layoff Permanent,,ca_2022_23.pdf,CA
2023-03-21,"Stir Foods, LLC",Riverside County,12.0,Closure Permanent,,ca_2022_23.pdf,CA
2023-03-21,"Stir Foods, LLC",Riverside County,11.0,Closure Permanent,,ca_2022_23.pdf,CA
2023-02-21,Mattel,San Bernardino County,1.0,Layoff Permanent,,ca_2022_23.pdf,CA
2023-02-21,Mattel,Los Angeles County,91.0,Layoff Permanent,,ca_2022_23.pdf,CA
2023-03-24,Nutiva,Contra Costa County,63.0,Closure Permanent,,ca_2022_23.pdf,CA
2023-03-24,"Aspiration Partners, Inc.",Los Angeles County,180.0,Layoff Permanent,,ca_2022_23.pdf,CA
2023-03-24,"Restoration Hardware, Inc.",Marin County,58.0,Layoff Permanent,,ca_2022_23.pdf,CA
2023-03-22,"Marvell Semiconductor, Inc.",Santa Clara County,96.0,Layoff Permanent,,ca_2022_23.pdf,CA
2023-03-27,Microsoft,Santa Clara County,19.0,Layoff Permanent,,ca_2022_23.pdf,CA
2023-03-27,Microsoft,Santa Clara County,1.0,Layoff Permanent,,ca_2022_23.pdf,CA
2023-03-22,"Marvell Semiconductor, Inc",Orange County,29.0,Layoff Permanent,,ca_2022_23.pdf,CA
2023-03-28,"The Hillman Group, Inc.",San Bernardino County,62.0,Closure Permanent,,ca_2022_23.pdf,CA
2023-03-28,Sharp,San Diego County,118.0,Closure Permanent,,ca_2022_23.pdf,CA
2023-03-27,Microsoft,Santa Clara County,1.0,Layoff Permanent,,ca_2022_23.pdf,CA
2023-03-22,"Marvell Semiconductor, Inc.",Ventura County,4.0,Layoff Permanent,,ca_2022_23.pdf,CA
2023-03-20,Logitech Inc.,Alameda County,52.0,Layoff Permanent,,ca_2022_23.pdf,CA
2023-03-22,Topa Insurance Group and Topa Insurance Company,Los Angeles County,87.0,Layoff Permanent,,ca_2022_23.pdf,CA
2023-03-20,Logitech Inc.,Orange County,15.0,Layoff Permanent,,ca_2022_23.pdf,CA
2023-03-20,Logitech Inc.,Ventura County,3.0,Layoff Permanent,,ca_2022_23.pdf,CA
2023-03-27,International Vitamin Corporation IVC,Riverside County,52.0,Closure Permanent,,ca_2022_23.pdf,CA
2023-03-29,Childhelp Inc.,Riverside County,110.0,Layoff Permanent,,ca_2022_23.pdf,CA
2023-03-30,"Salesforce, Inc.",San Francisco County,86.0,Layoff Permanent,,ca_2022_23.pdf,CA
2023-03-30,"Roku, Inc.",Santa Clara County,91.0,Layoff Permanent,,ca_2022_23.pdf,CA
2023-03-28,"Zume, Inc.",Ventura County,58.0,Closure Permanent,,ca_2022_23.pdf,CA
2023-03-30,Jabil Inc.,Alameda County,57.0,Layoff Permanent,,ca_2022_23.pdf,CA
2023-03-30,Schneider Electric,Fresno County,8.0,Layoff Permanent,,ca_2022_23.pdf,CA
2023-03-30,99 Cents Only Stores LLC,Los Angeles County,52.0,Layoff Permanent,,ca_2022_23.pdf,CA
2023-03-29,"Stratasys, Inc.",San Francisco County,23.0,Closure Permanent,,ca_2022_23.pdf,CA
2023-03-31,"Lucid USA, Inc.",Alameda County,133.0,Layoff Permanent,,ca_2022_23.pdf,CA
2023-03-30,Quallion LLC,Los Angeles County,115.0,Closure Permanent,,ca_2022_23.pdf,CA
2023-03-30,The Fashion Institute of Design & Merchandising (FIDM),Los Angeles County,107.0,Layoff Permanent,,ca_2022_23.pdf,CA
2023-03-30,Novipax Buyer LLC,Los Angeles County,69.0,Layoff Permanent,,ca_2022_23.pdf,CA
2023-03-31,"The Shyft Group GTB, LLC",Los Angeles County,60.0,Closure Permanent,,ca_2022_23.pdf,CA
2023-03-29,"Medtronic, Inc.",Santa Clara County,59.0,Closure Permanent,,ca_2022_23.pdf,CA
2023-03-31,Walmart,San Bernardino County,953.0,Layoff Permanent,,ca_2022_23.pdf,CA
2023-03-31,"Viasat, Inc",San Diego County,107.0,Layoff Permanent,,ca_2022_23.pdf,CA
2023-03-31,"Viasat, Inc",Santa Clara County,4.0,Layoff Permanent,,ca_2022_23.pdf,CA
2023-03-31,"Flagship Facility Services, Inc.",Alameda County,9.0,Layoff Permanent,,ca_2022_23.pdf,CA
2023-04-01,Oishii Farm Corporation,Los Angeles County,3.0,Closure Permanent,,ca_2022_23.pdf,CA
2023-03-31,"Flagship Facility Services, Inc.",San Mateo County,13.0,Layoff Permanent,,ca_2022_23.pdf,CA
2023-03-31,"Flagship Facility Services, Inc.",San Mateo County,17.0,Layoff Permanent,,ca_2022_23.pdf,CA
2023-03-31,"Flagship Facility Services, Inc.",San Mateo County,4.0,Layoff Permanent,,ca_2022_23.pdf,CA
2023-03-31,"Flagship Facility Services, Inc.",San Mateo County,3.0,Layoff Permanent,,ca_2022_23.pdf,CA
2023-03-31,"Flagship Facility Services, Inc.",San Mateo County,1.0,Layoff Permanent,,ca_2022_23.pdf,CA
2023-03-31,"Flagship Facility Services, Inc.",San Mateo County,2.0,Layoff Permanent,,ca_2022_23.pdf,CA
2023-03-31,"Flagship Facility Services, Inc.",San Mateo County,2.0,Layoff Permanent,,ca_2022_23.pdf,CA
2023-04-03,The Testing Company LLC,Los Angeles County,143.0,Closure Permanent,,ca_2022_23.pdf,CA
2023-04-04,"NGM Biopharmaceuticals, Inc.",San Mateo County,75.0,Layoff Permanent,,ca_2022_23.pdf,CA
2023-04-04,International Business Machines Corporation (IBM),Orange County,47.0,Layoff Permanent,,ca_2022_23.pdf,CA
2023-04-03,"Sober Living by the Sea, Inc.",Riverside County,39.0,Closure Permanent,,ca_2022_23.pdf,CA
2022-04-15,Superior Studio Specialties,Los Angeles County,4.0,Closure Permanent,,ca_2022_23.pdf,CA
2023-04-01,"Hollywood Palladium, a subsidiary of Live Nation
Entertainment, Inc.",Los Angeles County,509.0,Closure Temporary,,ca_2022_23.pdf,CA
2023-04-14,"Emerald Cloud Lab, Inc.",San Mateo County,30.0,Closure Permanent,,ca_2022_23.pdf,CA
2023-04-04,"Hawthorne Hydroponics LLC an affiliate of The Scotts
Company LLC",San Bernardino County,76.0,Closure Permanent,,ca_2022_23.pdf,CA
2023-04-04,"Hawthorne Hydroponics LLC an affiliate of The Scotts
Company LLC",San Bernardino County,1.0,Closure Permanent,,ca_2022_23.pdf,CA
2023-04-03,Twitch,San Francisco County,153.0,Layoff Permanent,,ca_2022_23.pdf,CA
2023-03-30,"Virgin Orbit, LLC",Kern County,58.0,Layoff Permanent,,ca_2022_23.pdf,CA
2023-03-30,"Virgin Orbit, LLC",Los Angeles County,603.0,Layoff Permanent,,ca_2022_23.pdf,CA
2023-04-07,"ITS Technologies & Logistics, LLC",Los Angeles County,110.0,Closure Permanent,,ca_2022_23.pdf,CA
2023-04-04,International Business Machines Corporation (IBM),San Francisco County,53.0,Layoff Permanent,,ca_2022_23.pdf,CA
2023-04-05,"Amplitude, Inc.",San Francisco County,83.0,Layoff Permanent,,ca_2022_23.pdf,CA
2023-04-04,First Transit,Orange County,241.0,Layoff Permanent,,ca_2022_23.pdf,CA
2023-04-05,"Printful, Inc.",Los Angeles County,56.0,Closure Permanent,,ca_2022_23.pdf,CA
2023-04-04,"Myovant Sciences, Inc.",San Mateo County,94.0,Layoff Permanent,,ca_2022_23.pdf,CA
2023-04-04,First Transit,Orange County,181.0,Layoff Permanent,,ca_2022_23.pdf,CA
2023-04-04,"General Atomics Aeronautical Systems, Inc.",San Diego County,1.0,Layoff Permanent,,ca_2022_23.pdf,CA
2023-04-04,"General Atomics Aeronautical Systems, Inc.",San Diego County,2.0,Layoff Permanent,,ca_2022_23.pdf,CA
2023-04-04,"General Atomics Aeronautical Systems, Inc.",San Diego County,6.0,Layoff Permanent,,ca_2022_23.pdf,CA
2023-04-04,"General Atomics Aeronautical Systems, Inc.",San Diego County,3.0,Layoff Permanent,,ca_2022_23.pdf,CA
2023-04-04,"General Atomics Aeronautical Systems, Inc.",San Diego County,1.0,Layoff Permanent,,ca_2022_23.pdf,CA
2023-04-04,"General Atomics Aeronautical Systems, Inc.",San Diego County,12.0,Layoff Permanent,,ca_2022_23.pdf,CA
2023-04-04,"General Atomics Aeronautical Systems, Inc.",San Diego County,117.0,Layoff Permanent,,ca_2022_23.pdf,CA
2023-04-04,"General Atomics Aeronautical Systems, Inc.",San Diego County,2.0,Layoff Permanent,,ca_2022_23.pdf,CA
2023-04-04,"General Atomics Aeronautical Systems, Inc.",San Diego County,5.0,Layoff Permanent,,ca_2022_23.pdf,CA
2023-04-04,"General Atomics Aeronautical Systems, Inc.",San Diego County,15.0,Layoff Permanent,,ca_2022_23.pdf,CA
2023-04-04,"General Atomics Aeronautical Systems, Inc.",San Diego County,2.0,Layoff Permanent,,ca_2022_23.pdf,CA
2023-04-04,"General Atomics Aeronautical Systems, Inc.",San Diego County,23.0,Layoff Permanent,,ca_2022_23.pdf,CA
2023-04-04,"General Atomics Aeronautical Systems, Inc.",San Diego County,9.0,Layoff Permanent,,ca_2022_23.pdf,CA
2023-04-04,"General Atomics Aeronautical Systems, Inc.",San Diego County,3.0,Layoff Permanent,,ca_2022_23.pdf,CA
2023-04-04,"General Atomics Aeronautical Systems, Inc.",San Diego County,1.0,Layoff Permanent,,ca_2022_23.pdf,CA
2023-04-04,"General Atomics Aeronautical Systems, Inc.",San Diego County,13.0,Layoff Permanent,,ca_2022_23.pdf,CA
2023-04-04,"General Atomics Aeronautical Systems, Inc.",San Diego County,1.0,Layoff Permanent,,ca_2022_23.pdf,CA
2023-04-04,"General Atomics Aeronautical Systems, Inc.",San Diego County,14.0,Layoff Permanent,,ca_2022_23.pdf,CA
2023-04-04,"General Atomics Aeronautical Systems, Inc.",San Diego County,144.0,Layoff Permanent,,ca_2022_23.pdf,CA
2023-04-04,"General Atomics Aeronautical Systems, Inc.",San Diego County,2.0,Layoff Permanent,,ca_2022_23.pdf,CA
2023-04-05,"Gobble Holdings, Inc",San Joaquin County,81.0,Closure Permanent,,ca_2022_23.pdf,CA
2023-04-05,Accenture,Santa Clara County,75.0,Layoff Permanent,,ca_2022_23.pdf,CA
2023-04-04,"Virgin Orbit, LLC",Kern County,6.0,Layoff Permanent,,ca_2022_23.pdf,CA
2023-04-04,"Virgin Orbit, LLC",Los Angeles County,86.0,Layoff Permanent,,ca_2022_23.pdf,CA
2023-04-07,Raytheon Technologies,Los Angeles County,175.0,Layoff Permanent,,ca_2022_23.pdf,CA
2023-04-11,Cepheid,Alameda County,46.0,Layoff Permanent,,ca_2022_23.pdf,CA
2023-04-11,Cepheid,Alameda County,222.0,Layoff Permanent,,ca_2022_23.pdf,CA
2023-04-11,Cepheid,Alameda County,6.0,Layoff Permanent,,ca_2022_23.pdf,CA
2023-04-11,Cepheid,Santa Clara County,343.0,Layoff Permanent,,ca_2022_23.pdf,CA
2023-04-11,Cepheid,Santa Clara County,1.0,Layoff Permanent,,ca_2022_23.pdf,CA
2023-04-11,Cepheid,Santa Clara County,1.0,Layoff Permanent,,ca_2022_23.pdf,CA
2023-04-11,Cepheid,Santa Clara County,1.0,Layoff Permanent,,ca_2022_23.pdf,CA
2023-04-11,Cepheid,Santa Clara County,1.0,Layoff Permanent,,ca_2022_23.pdf,CA
2023-04-11,Cepheid,Santa Clara County,1.0,Layoff Permanent,,ca_2022_23.pdf,CA
2023-04-11,Cepheid,Santa Clara County,1.0,Layoff Permanent,,ca_2022_23.pdf,CA
2023-04-11,Cepheid,Santa Clara County,1.0,Layoff Permanent,,ca_2022_23.pdf,CA
2023-04-11,Cepheid,Santa Clara County,1.0,Layoff Permanent,,ca_2022_23.pdf,CA
2023-04-10,Ademco Inc.,San Diego County,49.0,Closure Permanent,,ca_2022_23.pdf,CA
2023-04-10,Ademco Inc.,San Diego County,49.0,Closure Permanent,,ca_2022_23.pdf,CA
2023-04-10,Ademco Inc.,San Diego County,72.0,Closure Permanent,,ca_2022_23.pdf,CA
2023-04-11,Cepheid,San Joaquin County,58.0,Layoff Permanent,,ca_2022_23.pdf,CA
2023-04-11,Cepheid,San Joaquin County,1.0,Layoff Permanent,,ca_2022_23.pdf,CA
2023-04-11,Cepheid,San Joaquin County,1.0,Layoff Permanent,,ca_2022_23.pdf,CA
2023-04-11,Cepheid,San Joaquin County,1.0,Layoff Permanent,,ca_2022_23.pdf,CA
2023-04-10,"Herbalife International of America, Inc.",Los Angeles County,12.0,Layoff Permanent,,ca_2022_23.pdf,CA
2023-04-11,Thermo Fisher Scientific,San Diego County,29.0,Layoff Permanent,,ca_2022_23.pdf,CA
2023-04-11,Thermo Fisher Scientific,San Diego County,52.0,Layoff Permanent,,ca_2022_23.pdf,CA
2023-04-11,Thermo Fisher Scientific,San Diego County,137.0,Layoff Permanent,,ca_2022_23.pdf,CA
2023-04-12,Safeway,San Francisco County,65.0,Closure Permanent,,ca_2022_23.pdf,CA
2023-04-10,"Herbalife International of America, Inc.",Los Angeles County,26.0,Layoff Permanent,,ca_2022_23.pdf,CA
2023-04-10,"Herbalife International of America, Inc.",Los Angeles County,41.0,Layoff Permanent,,ca_2022_23.pdf,CA
2023-04-19,Electronic Arts Inc.,San Mateo County,65.0,Layoff Permanent,,ca_2022_23.pdf,CA
2023-04-14,Intel Corporation,Sacramento County,62.0,Layoff Permanent,,ca_2022_23.pdf,CA
2023-04-18,Wells Fargo,San Francisco County,39.0,Layoff Permanent,,ca_2022_23.pdf,CA
2023-04-18,Wells Fargo,San Francisco County,8.0,Layoff Permanent,,ca_2022_23.pdf,CA
2023-04-18,Wells Fargo,San Francisco County,2.0,Layoff Permanent,,ca_2022_23.pdf,CA
2023-04-18,Wells Fargo,San Francisco County,3.0,Layoff Permanent,,ca_2022_23.pdf,CA
2023-04-17,Nektar Therapeutics,San Francisco County,72.0,Layoff Permanent,,ca_2022_23.pdf,CA
2023-04-14,Alto Systems,Riverside County,4.0,Layoff Permanent,,ca_2022_23.pdf,CA
2023-04-26,Beverly Hospital,Los Angeles County,54.0,Closure Temporary,,ca_2022_23.pdf,CA
2023-04-26,Beverly Hospital,Los Angeles County,5.0,Closure Permanent,,ca_2022_23.pdf,CA
2023-04-26,Beverly Hospital,Los Angeles County,9.0,Closure Permanent,,ca_2022_23.pdf,CA
2023-04-20,Cedars-Sinai Medical Center,Los Angeles County,124.0,Layoff Permanent,,ca_2022_23.pdf,CA
2023-04-20,Cedars-Sinai Medical Center,Los Angeles County,1.0,Layoff Permanent,,ca_2022_23.pdf,CA
2023-04-20,Cedars-Sinai Medical Center,Los Angeles County,1.0,Layoff Permanent,,ca_2022_23.pdf,CA
2023-04-20,Cedars-Sinai Medical Center,Los Angeles County,3.0,Layoff Permanent,,ca_2022_23.pdf,CA
2023-04-20,Cedars-Sinai Medical Center,Los Angeles County,1.0,Layoff Permanent,,ca_2022_23.pdf,CA
2023-04-20,Cedars-Sinai Medical Center,Los Angeles County,1.0,Layoff Permanent,,ca_2022_23.pdf,CA
2023-04-20,Cedars-Sinai Medical Center,Los Angeles County,1.0,Layoff Permanent,,ca_2022_23.pdf,CA
2023-04-20,Cedars-Sinai Medical Center,Los Angeles County,2.0,Layoff Permanent,,ca_2022_23.pdf,CA
2023-04-20,Cedars-Sinai Medical Center,Los Angeles County,2.0,Layoff Permanent,,ca_2022_23.pdf,CA
2023-04-20,Cedars-Sinai Medical Center,Los Angeles County,1.0,Layoff Permanent,,ca_2022_23.pdf,CA
2023-04-20,Cedars-Sinai Medical Center,Los Angeles County,1.0,Layoff Permanent,,ca_2022_23.pdf,CA
2023-04-20,Cedars-Sinai Medical Center,Los Angeles County,3.0,Layoff Permanent,,ca_2022_23.pdf,CA
2023-04-20,Cedars-Sinai Medical Center,Los Angeles County,1.0,Layoff Permanent,,ca_2022_23.pdf,CA
2023-04-20,Cedars-Sinai Medical Center,Los Angeles County,1.0,Layoff Permanent,,ca_2022_23.pdf,CA
2023-04-20,Cedars-Sinai Medical Center,Los Angeles County,1.0,Layoff Permanent,,ca_2022_23.pdf,CA
2023-04-20,Cedars-Sinai Medical Center,Los Angeles County,1.0,Layoff Permanent,,ca_2022_23.pdf,CA
2023-04-24,Wetmore Tool and Engineering Company,San Bernardino County,102.0,Closure Permanent,,ca_2022_23.pdf,CA
2023-04-21,Zymergen Inc,Alameda County,27.0,Layoff Permanent,,ca_2022_23.pdf,CA
2023-04-21,"Barton Brands of California, Inc.",Los Angeles County,50.0,Closure Permanent,,ca_2022_23.pdf,CA
2023-01-09,"Cloud Software Group, Inc.",Santa Clara County,96.0,Layoff Permanent,,ca_2022_23.pdf,CA
2023-04-14,TeamOne,Riverside County,174.0,Closure Permanent,,ca_2022_23.pdf,CA
2023-04-14,Sacramento Self Help Housing,Sacramento County,168.0,Closure Permanent,,ca_2022_23.pdf,CA
2023-04-24,"Meta Platforms, Inc.",San Mateo County,44.0,Layoff Permanent,,ca_2022_23.pdf,CA
2023-04-24,"Meta Platforms, Inc.",San Mateo County,27.0,Layoff Permanent,,ca_2022_23.pdf,CA
2023-04-24,"Meta Platforms, Inc.",San Mateo County,40.0,Layoff Permanent,,ca_2022_23.pdf,CA
2023-04-24,"Meta Platforms, Inc.",San Mateo County,41.0,Layoff Permanent,,ca_2022_23.pdf,CA
2023-04-20,Accenture,Alameda County,148.0,Layoff Permanent,,ca_2022_23.pdf,CA
2023-04-25,Waste Management,Los Angeles County,78.0,Layoff Permanent,,ca_2022_23.pdf,CA
2023-04-14,Intel Corporation,Santa Clara County,57.0,Layoff Permanent,,ca_2022_23.pdf,CA
2023-04-25,"CJ Logistics America, LLC",San Bernardino County,92.0,Closure Permanent,,ca_2022_23.pdf,CA
2023-04-25,"Jenny Craig (JC) USA, Inc.",San Diego County,146.0,Closure Permanent,,ca_2022_23.pdf,CA
2023-04-25,"CJ Logistics America, LLC",San Joaquin County,48.0,Closure Permanent,,ca_2022_23.pdf,CA
2023-04-24,"Meta Platforms, Inc.",Alameda County,2.0,Layoff Permanent,,ca_2022_23.pdf,CA
2023-04-24,"Meta Platforms, Inc.",Alameda County,18.0,Layoff Permanent,,ca_2022_23.pdf,CA
2023-04-24,"Meta Platforms, Inc.",Alameda County,34.0,Layoff Permanent,,ca_2022_23.pdf,CA
2023-04-24,"Meta Platforms, Inc.",Alameda County,26.0,Layoff Permanent,,ca_2022_23.pdf,CA
2023-04-24,"Meta Platforms, Inc.",Alameda County,12.0,Layoff Permanent,,ca_2022_23.pdf,CA
2023-04-24,"Meta Platforms, Inc.",Alameda County,41.0,Layoff Permanent,,ca_2022_23.pdf,CA
2023-04-24,"Meta Platforms, Inc.",Alameda County,3.0,Layoff Permanent,,ca_2022_23.pdf,CA
2023-04-24,"Meta Platforms, Inc.",Alameda County,4.0,Layoff Permanent,,ca_2022_23.pdf,CA
2023-04-24,"Meta Platforms, Inc.",Alameda County,3.0,Layoff Permanent,,ca_2022_23.pdf,CA
2023-04-24,"Meta Platforms, Inc.",San Mateo County,3.0,Layoff Permanent,,ca_2022_23.pdf,CA
2023-04-24,"Meta Platforms, Inc.",San Mateo County,6.0,Layoff Permanent,,ca_2022_23.pdf,CA
2023-04-24,"Meta Platforms, Inc.",San Mateo County,39.0,Layoff Permanent,,ca_2022_23.pdf,CA
2023-04-24,"Meta Platforms, Inc.",San Mateo County,57.0,Layoff Permanent,,ca_2022_23.pdf,CA
2023-04-24,"Meta Platforms, Inc.",San Mateo County,70.0,Layoff Permanent,,ca_2022_23.pdf,CA
2023-04-24,"Meta Platforms, Inc.",San Mateo County,79.0,Layoff Permanent,,ca_2022_23.pdf,CA
2023-04-24,"Meta Platforms, Inc.",San Mateo County,25.0,Layoff Permanent,,ca_2022_23.pdf,CA
2023-04-24,"Meta Platforms, Inc.",San Mateo County,114.0,Layoff Permanent,,ca_2022_23.pdf,CA
2023-04-24,"Meta Platforms, Inc.",San Mateo County,91.0,Layoff Permanent,,ca_2022_23.pdf,CA
2023-04-24,"Meta Platforms, Inc.",San Mateo County,118.0,Layoff Permanent,,ca_2022_23.pdf,CA
2023-04-24,"Meta Platforms, Inc.",San Mateo County,30.0,Layoff Permanent,,ca_2022_23.pdf,CA
2023-04-24,"Meta Platforms, Inc.",San Mateo County,32.0,Layoff Permanent,,ca_2022_23.pdf,CA
2023-04-24,"Meta Platforms, Inc.",San Mateo County,15.0,Layoff Permanent,,ca_2022_23.pdf,CA
2023-04-24,"Meta Platforms, Inc.",San Mateo County,57.0,Layoff Permanent,,ca_2022_23.pdf,CA
2023-04-24,"Meta Platforms, Inc.",San Mateo County,35.0,Layoff Permanent,,ca_2022_23.pdf,CA
2023-04-24,"Meta Platforms, Inc.",San Mateo County,42.0,Layoff Permanent,,ca_2022_23.pdf,CA
2023-04-24,"Meta Platforms, Inc.",San Mateo County,53.0,Layoff Permanent,,ca_2022_23.pdf,CA
2023-04-24,"Meta Platforms, Inc.",Santa Clara County,63.0,Layoff Permanent,,ca_2022_23.pdf,CA
2023-04-24,"Meta Platforms, Inc.",Santa Clara County,17.0,Layoff Permanent,,ca_2022_23.pdf,CA
2023-04-24,"Meta Platforms, Inc.",Santa Clara County,119.0,Layoff Permanent,,ca_2022_23.pdf,CA
2023-04-24,"Meta Platforms, Inc.",San Francisco County,127.0,Layoff Permanent,,ca_2022_23.pdf,CA
2023-04-24,"Meta Platforms, Inc.",San Francisco County,19.0,Layoff Permanent,,ca_2022_23.pdf,CA
2023-04-18,Entekra LLC,Stanislaus County,111.0,Closure Permanent,,ca_2022_23.pdf,CA
2023-04-18,Entekra LLC,Stanislaus County,27.0,Closure Permanent,,ca_2022_23.pdf,CA
2023-04-24,Bed Bath & Beyond Store 0020,Los Angeles County,52.0,Closure Permanent,,ca_2022_23.pdf,CA
2023-04-26,Unical Aviation LLC,Los Angeles County,155.0,Closure Permanent,,ca_2022_23.pdf,CA
2023-04-26,"Sangamo Therapeutics, Inc.",San Mateo County,30.0,Layoff Permanent,,ca_2022_23.pdf,CA
2023-04-26,Sangamo Therapeutics,Contra Costa County,25.0,Layoff Permanent,,ca_2022_23.pdf,CA
2023-04-26,Sangamo Therapeutics Suite 130,Contra Costa County,2.0,Layoff Permanent,,ca_2022_23.pdf,CA
2023-04-24,Bed Bath & Beyond Store #0031,San Diego County,48.0,Closure Permanent,,ca_2022_23.pdf,CA
2023-04-27,"Alteryx, Inc.",Orange County,65.0,Layoff Permanent,,ca_2022_23.pdf,CA
2023-04-27,"Dropbox, Inc.",San Francisco County,182.0,Layoff Permanent,,ca_2022_23.pdf,CA
2023-04-27,"Lyft, Inc.",San Francisco County,383.0,Layoff Permanent,,ca_2022_23.pdf,CA
2023-04-26,Cal Poly Corporation,San Luis Obispo County,149.0,Layoff Permanent,,ca_2022_23.pdf,CA
2023-04-27,Cushman & Wakefield U.S. Inc.,San Mateo County,2.0,Layoff Permanent,,ca_2022_23.pdf,CA
2023-04-27,Cushman & Wakefield U.S. Inc. - Marine Way,Santa Clara County,594.0,Layoff Permanent,,ca_2022_23.pdf,CA
2023-04-27,Cushman & Wakefield U.S. Inc.,Santa Clara County,133.0,Layoff Permanent,,ca_2022_23.pdf,CA
2023-04-27,Cushman & Wakefield U.S. Inc.,Santa Clara County,1.0,Layoff Permanent,,ca_2022_23.pdf,CA
2023-04-27,Cushman & Wakefield U.S. Inc.,Santa Clara County,1.0,Layoff Permanent,,ca_2022_23.pdf,CA
2023-04-27,Cushman & Wakefield U.S. Inc. - Virtual,Santa Clara County,2.0,Layoff Permanent,,ca_2022_23.pdf,CA
2023-04-26,"Telesis Technologies, Inc.",Alameda County,3.0,Closure Permanent,,ca_2022_23.pdf,CA
2023-04-25,Alstom Mass Transit Corp.,San Diego County,50.0,Layoff Permanent,,ca_2022_23.pdf,CA
2023-04-25,Alstom Mass Transit Corp.,San Diego County,10.0,Layoff Permanent,,ca_2022_23.pdf,CA
2023-04-25,Alstom Mass Transit Corp.,San Diego County,31.0,Layoff Permanent,,ca_2022_23.pdf,CA
2023-04-27,Inova Labs (Aria),San Diego County,37.0,Closure Permanent,,ca_2022_23.pdf,CA
2023-04-28,Winzer Corporation,Los Angeles County,3.0,Closure Permanent,,ca_2022_23.pdf,CA
2023-04-27,"Urovant Sciences, Inc.",Orange County,22.0,Layoff Permanent,,ca_2022_23.pdf,CA
2023-05-01,Schneider Electric,Fresno County,43.0,Closure Permanent,,ca_2022_23.pdf,CA
2023-05-01,Rubin Postaer and Associates (RPA),Los Angeles County,62.0,Layoff Permanent,,ca_2022_23.pdf,CA
2023-05-01,"Cala Health, Inc.",San Mateo County,107.0,Layoff Permanent,,ca_2022_23.pdf,CA
2023-05-01,"Gordian Medical, Inc. dba Restorix Health",Orange County,12.0,Closure Permanent,,ca_2022_23.pdf,CA
2023-05-01,"CoStar Group, Inc.",San Diego County,4.0,Layoff Permanent,,ca_2022_23.pdf,CA
2023-04-28,Cue Health Inc.,San Diego County,95.0,Layoff Permanent,,ca_2022_23.pdf,CA
2023-04-28,Cue Health Inc.,San Diego County,10.0,Layoff Permanent,,ca_2022_23.pdf,CA
2023-04-28,Cue Health Inc.,San Diego County,9.0,Layoff Permanent,,ca_2022_23.pdf,CA
2023-04-28,Cue Health Inc.,San Diego County,4.0,Layoff Permanent,,ca_2022_23.pdf,CA
2023-04-28,Cue Health Inc.,San Diego County,8.0,Layoff Permanent,,ca_2022_23.pdf,CA
2023-04-28,Cue Health Inc.,San Diego County,6.0,Layoff Permanent,,ca_2022_23.pdf,CA
2023-04-28,Cue Health Inc.,San Diego County,62.0,Layoff Permanent,,ca_2022_23.pdf,CA
2023-04-28,Cue Health Inc.,San Diego County,133.0,Layoff Permanent,,ca_2022_23.pdf,CA
2023-04-28,Cue Health Inc.,San Diego County,2.0,Layoff Permanent,,ca_2022_23.pdf,CA
2023-05-01,"AppFolio, Inc.",Santa Barbara County,62.0,Layoff Permanent,,ca_2022_23.pdf,CA
2023-05-02,Orchid Orthopedic Solutions,Los Angeles County,76.0,Closure Permanent,,ca_2022_23.pdf,CA
2023-05-02,"Hyperloop Technologies, Inc. dba Hyperloop One",Los Angeles County,15.0,Layoff Permanent,,ca_2022_23.pdf,CA
2023-05-01,National Express dba Durham School Services,San Bernardino County,401.0,Layoff Permanent,,ca_2022_23.pdf,CA
2023-05-02,Nordstrom,San Francisco County,333.0,Closure Permanent,,ca_2022_23.pdf,CA
2023-05-02,Nordstrom,San Francisco County,46.0,Closure Permanent,,ca_2022_23.pdf,CA
2023-05-02,"Patriot Transport, Inc.",Sacramento County,7.0,Closure Permanent,,ca_2022_23.pdf,CA
2023-05-01,"Takeda Development Centers America, Inc.",San Diego County,27.0,Closure Permanent,,ca_2022_23.pdf,CA
2023-05-02,Pitney Bowes Inc.,Los Angeles County,31.0,Closure Permanent,,ca_2022_23.pdf,CA
2023-05-02,Wells Fargo,San Francisco County,8.0,Layoff Permanent,,ca_2022_23.pdf,CA
2023-05-02,Wells Fargo,San Francisco County,1.0,Layoff Permanent,,ca_2022_23.pdf,CA
2023-05-02,Wells Fargo,San Francisco County,1.0,Layoff Permanent,,ca_2022_23.pdf,CA
2023-05-02,Suncrest Nurseries,Santa Cruz County,82.0,Closure Permanent,,ca_2022_23.pdf,CA
2023-05-03,Dreyer's Grand Ice Cream,Tulare County,306.0,Layoff Temporary,,ca_2022_23.pdf,CA
2023-04-27,"Gap, Inc.",Alameda County,37.0,Layoff Permanent,,ca_2022_23.pdf,CA
2023-04-28,"Makita U.S.A., Inc",Alameda County,6.0,Closure Permanent,,ca_2022_23.pdf,CA
2023-04-27,"Gap, Inc.",Fresno County,1.0,Layoff Permanent,,ca_2022_23.pdf,CA
2023-04-27,"Gap, Inc.",Placer County,84.0,Layoff Permanent,,ca_2022_23.pdf,CA
2023-04-28,"Makita U.S.A., Inc",Los Angeles County,89.0,Layoff Permanent,,ca_2022_23.pdf,CA
2023-04-27,"Gap, Inc.",San Francisco County,569.0,Layoff Permanent,,ca_2022_23.pdf,CA
2023-04-27,"Gap, Inc.",San Francisco County,79.0,Layoff Permanent,,ca_2022_23.pdf,CA
2023-04-27,"Gap, Inc.",San Francisco County,15.0,Layoff Permanent,,ca_2022_23.pdf,CA
2023-04-28,"MV Transportation, Inc.",Marin County,31.0,Layoff Permanent,,ca_2022_23.pdf,CA
2023-05-03,Dreyer's Grand Ice Cream,Kern County,,Layoff Temporary,,ca_2022_23.pdf,CA
2023-05-03,"PUMP, LLC dba PUMP Restaurant",Los Angeles County,59.0,Closure Permanent,,ca_2022_23.pdf,CA
2023-05-12,"Nuro, Inc.",Santa Clara County,252.0,Layoff Permanent,,ca_2022_23.pdf,CA
2023-05-05,Urban Kitchen Group,San Diego County,17.0,Layoff Permanent,,ca_2022_23.pdf,CA
2023-05-11,"Johnson Matthey Medical Device Components LLC -
Phase 1",Santa Clara County,23.0,Closure Permanent,,ca_2022_23.pdf,CA
2023-05-11,"Johnson Matthey Medical Device Components LLC -
Phase 2",Santa Clara County,38.0,Closure Permanent,,ca_2022_23.pdf,CA
2023-05-11,"Johnson Matthey Medical Device Components LLC -
Phase 3",Santa Clara County,4.0,Closure Permanent,,ca_2022_23.pdf,CA
2023-05-01,Swift Beef Company,Riverside County,161.0,Layoff Permanent,,ca_2022_23.pdf,CA
2023-05-01,"Enrollease, Inc. and its affiliated entity Employee
Navigator, LLC",San Francisco County,25.0,Layoff Permanent,,ca_2022_23.pdf,CA
2023-05-12,"Zeku, Inc.",Santa Clara County,69.0,Closure Permanent,,ca_2022_23.pdf,CA
2023-05-12,"BAE Systems Inc. , San Diego Ship Repair",San Diego County,275.0,Layoff Permanent,,ca_2022_23.pdf,CA
2023-05-12,"Zeku, Inc.",San Diego County,133.0,Closure Permanent,,ca_2022_23.pdf,CA
2023-04-28,Summit Public Schools,Contra Costa County,1.0,Layoff Permanent,,ca_2022_23.pdf,CA
2023-04-28,Summit Public Schools,Contra Costa County,4.0,Layoff Permanent,,ca_2022_23.pdf,CA
2023-05-01,"Healthcare Staffing Professionals, Inc.",Los Angeles County,434.0,Layoff Permanent,,ca_2022_23.pdf,CA
2023-05-02,"Ground Services International Incorporated, dba dnata",Los Angeles County,89.0,Layoff Permanent,,ca_2022_23.pdf,CA
2023-04-28,Summit Public Schools,San Mateo County,29.0,Layoff Permanent,,ca_2022_23.pdf,CA
2023-04-28,Summit Public Schools,San Mateo County,3.0,Layoff Permanent,,ca_2022_23.pdf,CA
2023-04-28,Summit Public Schools,San Mateo County,2.0,Layoff Permanent,,ca_2022_23.pdf,CA
2023-04-28,Summit Public Schools,Santa Clara County,20.0,Layoff Permanent,,ca_2022_23.pdf,CA
2023-04-28,Summit Public Schools,Santa Clara County,20.0,Layoff Permanent,,ca_2022_23.pdf,CA
2023-05-04,Flex Ltd.,Santa Clara County,31.0,Layoff Permanent,,ca_2022_23.pdf,CA
2023-05-09,Hallcon Commuter Services,Santa Clara County,63.0,Layoff Permanent,,ca_2022_23.pdf,CA
2023-05-11,Cummins Meritor,San Diego County,36.0,Layoff Permanent,,ca_2022_23.pdf,CA
2023-05-03,Unity Technologies,San Francisco County,50.0,Layoff Permanent,,ca_2022_23.pdf,CA
2023-05-11,Coherent Corp.,Alameda County,196.0,Layoff Permanent,,ca_2022_23.pdf,CA
2023-05-15,CalPlant LLC,Glenn County,113.0,Closure Permanent,,ca_2022_23.pdf,CA
2023-05-23,"Urovant Sciences, Inc.",Orange County,1.0,Layoff Permanent,,ca_2022_23.pdf,CA
2023-05-09,BrassCraft Manufacturing Company,Riverside County,137.0,Closure Permanent,,ca_2022_23.pdf,CA
2023-05-19,"Stratasys Direct, Inc",San Diego County,95.0,Closure Permanent,,ca_2022_23.pdf,CA
2023-05-12,"Bell Sports, Inc.",Santa Cruz County,57.0,Closure Permanent,,ca_2022_23.pdf,CA
2023-04-27,"Kern Vineyards, Inc.",Kern County,125.0,Layoff Permanent,,ca_2022_23.pdf,CA
2023-05-17,The Salvation Army,Los Angeles County,91.0,Closure Permanent,,ca_2022_23.pdf,CA
2023-05-22,"Peloton Interactive, Inc.",Los Angeles County,5.0,Closure Permanent,,ca_2022_23.pdf,CA
2023-05-19,"Peet's Coffee, Inc.",Alameda County,110.0,Closure Permanent,,ca_2022_23.pdf,CA
2023-05-24,Western Digital,Orange County,81.0,Layoff Permanent,,ca_2022_23.pdf,CA
2023-05-22,"TuSimple, Inc.",San Diego County,151.0,Layoff Permanent,,ca_2022_23.pdf,CA
2023-05-22,"Herbalife International of America, Inc.",Los Angeles County,12.0,Layoff Permanent,,ca_2022_23.pdf,CA
2023-05-24,"Aspiration Partners, Inc.",Los Angeles County,26.0,Layoff Permanent,,ca_2022_23.pdf,CA
2023-05-22,"Herbalife International of America, Inc.",Los Angeles County,26.0,Layoff Permanent,,ca_2022_23.pdf,CA
2023-05-22,"Herbalife International of America, Inc.",Los Angeles County,57.0,Layoff Permanent,,ca_2022_23.pdf,CA
2023-05-25,"Hulu, LLC - 2450",Los Angeles County,5.0,Layoff Permanent,,ca_2022_23.pdf,CA
2023-05-25,"Hulu, LLC - 2450",Los Angeles County,22.0,Layoff Permanent,,ca_2022_23.pdf,CA
2023-05-25,"Hulu, LLC",Los Angeles County,29.0,Layoff Permanent,,ca_2022_23.pdf,CA
2023-05-25,"Hulu, LLC",Los Angeles County,6.0,Layoff Permanent,,ca_2022_23.pdf,CA
2023-05-25,Western Digital,Santa Clara County,211.0,Layoff Permanent,,ca_2022_23.pdf,CA
2023-05-10,"Customized Distribution Services, Inc. - Layoff 1",San Bernardino County,8.0,Closure Permanent,,ca_2022_23.pdf,CA
2023-05-10,"Customized Distribution Services, Inc. - Layoff 2",San Bernardino County,13.0,Closure Permanent,,ca_2022_23.pdf,CA
2023-05-10,"Customized Distribution Services, Inc. - Layoff 3",San Bernardino County,26.0,Closure Permanent,,ca_2022_23.pdf,CA
2023-05-10,"Customized Distribution Services, Inc. - Layoff 4",San Bernardino County,7.0,Closure Permanent,,ca_2022_23.pdf,CA
2023-05-21,Cornerstone Deliveries,San Diego County,53.0,Closure Permanent,,ca_2022_23.pdf,CA
2023-05-25,Disney Streaming Technology LLC,Los Angeles County,52.0,Layoff Permanent,,ca_2022_23.pdf,CA
2023-05-25,Disney Streaming Technology LLC,Los Angeles County,2.0,Layoff Permanent,,ca_2022_23.pdf,CA
2023-05-24,"ZP Better Together, LLC",Los Angeles County,50.0,Closure Permanent,,ca_2022_23.pdf,CA
2023-05-24,"ZP Better Together, LLC",Riverside County,3.0,Closure Permanent,,ca_2022_23.pdf,CA
2023-05-25,Thermo Fisher Scientific,San Diego County,2.0,Layoff Permanent,,ca_2022_23.pdf,CA
2023-05-25,Thermo Fisher Scientific,San Diego County,1.0,Layoff Permanent,,ca_2022_23.pdf,CA
2023-05-25,Thermo Fisher Scientific,San Diego County,6.0,Layoff Permanent,,ca_2022_23.pdf,CA
2023-05-25,Thermo Fisher Scientific,San Diego County,33.0,Layoff Permanent,,ca_2022_23.pdf,CA
2023-05-25,Thermo Fisher Scientific - 5781 Building,San Diego County,3.0,Layoff Permanent,,ca_2022_23.pdf,CA
2023-05-25,Thermo Fisher Scientific,San Diego County,8.0,Layoff Permanent,,ca_2022_23.pdf,CA
2023-05-25,Thermo Fisher Scientific - 5781 Building,San Diego County,2.0,Layoff Permanent,,ca_2022_23.pdf,CA
2023-05-25,Thermo Fisher Scientific - 5781 Building,San Diego County,32.0,Layoff Permanent,,ca_2022_23.pdf,CA
2023-05-25,Thermo Fisher Scientific,San Diego County,1.0,Layoff Permanent,,ca_2022_23.pdf,CA
2023-05-04,Twist Bioscience Corporation,San Mateo County,197.0,Layoff Permanent,,ca_2022_23.pdf,CA
2023-05-04,Twist Bioscience Corporation,San Mateo County,10.0,Layoff Permanent,,ca_2022_23.pdf,CA
2023-05-17,Qualcomm Incorporated,Santa Clara County,1.0,Layoff Permanent,,ca_2022_23.pdf,CA
2023-05-17,Qualcomm Incorporated,Santa Clara County,12.0,Layoff Permanent,,ca_2022_23.pdf,CA
2023-05-17,Qualcomm Incorporated,Santa Clara County,25.0,Layoff Permanent,,ca_2022_23.pdf,CA
2023-05-17,Qualcomm Incorporated,Santa Clara County,3.0,Layoff Permanent,,ca_2022_23.pdf,CA
2023-05-17,Qualcomm Incorporated,Santa Clara County,11.0,Layoff Permanent,,ca_2022_23.pdf,CA
2023-05-17,Qualcomm Incorporated,Santa Clara County,8.0,Layoff Permanent,,ca_2022_23.pdf,CA
2023-05-17,Qualcomm Incorporated,Santa Clara County,24.0,Layoff Permanent,,ca_2022_23.pdf,CA
2023-05-04,Twist Bioscience Corporation,San Diego County,5.0,Layoff Permanent,,ca_2022_23.pdf,CA
2023-05-17,Qualcomm Incorporated,San Diego County,26.0,Layoff Permanent,,ca_2022_23.pdf,CA
2023-05-17,Qualcomm Incorporated,San Diego County,67.0,Layoff Permanent,,ca_2022_23.pdf,CA
2023-05-17,Qualcomm Incorporated,San Diego County,14.0,Layoff Permanent,,ca_2022_23.pdf,CA
2023-05-17,Qualcomm Incorporated,San Diego County,27.0,Layoff Permanent,,ca_2022_23.pdf,CA
2023-05-17,Qualcomm Incorporated,San Diego County,37.0,Layoff Permanent,,ca_2022_23.pdf,CA
2023-05-17,Qualcomm Incorporated,San Diego County,4.0,Layoff Permanent,,ca_2022_23.pdf,CA
2023-05-17,Qualcomm Incorporated,San Diego County,14.0,Layoff Permanent,,ca_2022_23.pdf,CA
2023-05-17,Qualcomm Incorporated,San Diego County,122.0,Layoff Permanent,,ca_2022_23.pdf,CA
2023-05-17,Qualcomm Incorporated,San Diego County,23.0,Layoff Permanent,,ca_2022_23.pdf,CA
2023-05-17,Qualcomm Incorporated,San Diego County,22.0,Layoff Permanent,,ca_2022_23.pdf,CA
2023-05-17,Qualcomm Incorporated,San Diego County,5.0,Layoff Permanent,,ca_2022_23.pdf,CA
2023-05-17,Qualcomm Incorporated,San Diego County,1.0,Layoff Permanent,,ca_2022_23.pdf,CA
2023-05-17,Qualcomm Incorporated,San Diego County,37.0,Layoff Permanent,,ca_2022_23.pdf,CA
2023-05-17,Qualcomm Incorporated,San Diego County,2.0,Layoff Permanent,,ca_2022_23.pdf,CA
2023-05-17,Qualcomm Incorporated,San Diego County,4.0,Layoff Permanent,,ca_2022_23.pdf,CA
2023-05-17,Qualcomm Incorporated,San Diego County,1.0,Layoff Permanent,,ca_2022_23.pdf,CA
2023-05-17,Qualcomm Incorporated,San Diego County,1.0,Layoff Permanent,,ca_2022_23.pdf,CA
2023-05-17,Qualcomm Incorporated,San Diego County,6.0,Layoff Permanent,,ca_2022_23.pdf,CA
2023-05-17,Qualcomm Incorporated,San Diego County,1.0,Layoff Permanent,,ca_2022_23.pdf,CA
2023-05-17,Qualcomm Incorporated,San Diego County,1.0,Layoff Permanent,,ca_2022_23.pdf,CA
2023-05-26,"Gap, Inc. dba Old Navy Store #5934",San Francisco County,112.0,Closure Permanent,,ca_2022_23.pdf,CA
2023-05-26,DHL Supply Chain,San Joaquin County,253.0,Layoff Permanent,,ca_2022_23.pdf,CA
2023-06-01,Brook & Whittle,Orange County,115.0,Layoff Temporary,,ca_2022_23.pdf,CA
2023-06-01,"Alchemee, LLC",Los Angeles County,77.0,Closure Permanent,,ca_2022_23.pdf,CA
2023-05-31,DHL Supply Chain,Riverside County,43.0,Closure Permanent,,ca_2022_23.pdf,CA
2023-03-14,CEVA Logistics,San Bernardino County,19.0,Closure Permanent,,ca_2022_23.pdf,CA
2023-05-29,"Meta Platforms, Inc.",Los Angeles County,35.0,Layoff Permanent,,ca_2022_23.pdf,CA
2023-05-29,"Meta Platforms, Inc.",Los Angeles County,73.0,Layoff Permanent,,ca_2022_23.pdf,CA
2023-05-29,"Meta Platforms, Inc.",Santa Clara County,16.0,Layoff Permanent,,ca_2022_23.pdf,CA
2023-05-29,"Meta Platforms, Inc.",Santa Clara County,122.0,Layoff Permanent,,ca_2022_23.pdf,CA
2023-05-29,"Meta Platforms, Inc.",Santa Clara County,31.0,Layoff Permanent,,ca_2022_23.pdf,CA
2023-05-29,"Meta Platforms, Inc.",San Francisco County,8.0,Layoff Permanent,,ca_2022_23.pdf,CA
2023-05-29,"Meta Platforms, Inc.",San Francisco County,304.0,Layoff Permanent,,ca_2022_23.pdf,CA
2023-06-02,"Medical Device Business Services, Inc.",Alameda County,1.0,Layoff Permanent,,ca_2022_23.pdf,CA
2023-06-02,"DePuy Synthes Products, Inc.",Alameda County,11.0,Layoff Permanent,,ca_2022_23.pdf,CA
2023-06-03,"Robinhood Markets, Inc.",San Mateo County,7.0,Layoff Permanent,,ca_2022_23.pdf,CA
2023-06-06,"FedEx Freight, Inc.",San Joaquin County,96.0,Closure Permanent,,ca_2022_23.pdf,CA
2023-05-29,"Meta Platforms, Inc.",Alameda County,19.0,Layoff Permanent,,ca_2022_23.pdf,CA
2023-05-29,"Meta Platforms, Inc.",Alameda County,44.0,Layoff Permanent,,ca_2022_23.pdf,CA
2023-05-29,"Meta Platforms, Inc.",Alameda County,8.0,Layoff Permanent,,ca_2022_23.pdf,CA
2023-05-29,"Meta Platforms, Inc.",Alameda County,1.0,Layoff Permanent,,ca_2022_23.pdf,CA
2023-05-29,"Meta Platforms, Inc.",Alameda County,2.0,Layoff Permanent,,ca_2022_23.pdf,CA
2023-05-29,"Meta Platforms, Inc.",Alameda County,13.0,Layoff Permanent,,ca_2022_23.pdf,CA
2023-05-29,"Meta Platforms, Inc.",Alameda County,2.0,Layoff Permanent,,ca_2022_23.pdf,CA
2023-05-29,"Meta Platforms, Inc.",Alameda County,15.0,Layoff Permanent,,ca_2022_23.pdf,CA
2023-05-29,"Meta Platforms, Inc.",Alameda County,7.0,Layoff Permanent,,ca_2022_23.pdf,CA
2023-05-29,"Meta Platforms, Inc.",Alameda County,2.0,Layoff Permanent,,ca_2022_23.pdf,CA
2023-05-29,"Meta Platforms, Inc.",Alameda County,4.0,Layoff Permanent,,ca_2022_23.pdf,CA
2023-05-29,"Meta Platforms, Inc.",San Benito County,15.0,Layoff Permanent,,ca_2022_23.pdf,CA
2023-05-29,"Meta Platforms, Inc.",San Mateo County,47.0,Layoff Permanent,,ca_2022_23.pdf,CA
2023-05-29,"Meta Platforms, Inc.",San Mateo County,5.0,Layoff Permanent,,ca_2022_23.pdf,CA
2023-05-29,"Meta Platforms, Inc.",San Mateo County,3.0,Layoff Permanent,,ca_2022_23.pdf,CA
2023-05-29,"Meta Platforms, Inc.",San Mateo County,58.0,Layoff Permanent,,ca_2022_23.pdf,CA
2023-05-29,"Meta Platforms, Inc.",San Mateo County,8.0,Layoff Permanent,,ca_2022_23.pdf,CA
2023-05-29,"Meta Platforms, Inc.",San Mateo County,1.0,Layoff Permanent,,ca_2022_23.pdf,CA
2023-05-29,"Meta Platforms, Inc.",San Mateo County,58.0,Layoff Permanent,,ca_2022_23.pdf,CA
2023-05-29,"Meta Platforms, Inc.",San Mateo County,68.0,Layoff Permanent,,ca_2022_23.pdf,CA
2023-05-29,"Meta Platforms, Inc.",San Mateo County,40.0,Layoff Permanent,,ca_2022_23.pdf,CA
2023-05-29,"Meta Platforms, Inc.",San Mateo County,7.0,Layoff Permanent,,ca_2022_23.pdf,CA
2023-05-29,"Meta Platforms, Inc.",San Mateo County,4.0,Layoff Permanent,,ca_2022_23.pdf,CA
2023-05-29,"Meta Platforms, Inc.",San Mateo County,14.0,Layoff Permanent,,ca_2022_23.pdf,CA
2023-05-29,"Meta Platforms, Inc.",San Mateo County,89.0,Layoff Permanent,,ca_2022_23.pdf,CA
2023-05-29,"Meta Platforms, Inc.",San Mateo County,5.0,Layoff Permanent,,ca_2022_23.pdf,CA
2023-05-29,"Meta Platforms, Inc.",San Mateo County,4.0,Layoff Permanent,,ca_2022_23.pdf,CA
2023-05-29,"Meta Platforms, Inc.",San Mateo County,17.0,Layoff Permanent,,ca_2022_23.pdf,CA
2023-05-29,"Meta Platforms, Inc.",San Mateo County,40.0,Layoff Permanent,,ca_2022_23.pdf,CA
2023-05-29,"Meta Platforms, Inc.",San Mateo County,45.0,Layoff Permanent,,ca_2022_23.pdf,CA
2023-05-31,"Zendesk, Inc.",San Francisco County,64.0,Layoff Permanent,,ca_2022_23.pdf,CA
2023-06-02,Zymergen Inc.,Alameda County,3.0,Layoff Permanent,,ca_2022_23.pdf,CA
2023-06-05,"Smashbox Beauty Cosmetics, Inc.",Los Angeles County,37.0,Layoff Permanent,,ca_2022_23.pdf,CA
2023-06-05,"Too Faced Cosmetics, LLC",Orange County,22.0,Layoff Permanent,,ca_2022_23.pdf,CA
2023-05-23,"Trinity Management Services, Inc.",San Francisco County,32.0,Layoff Permanent,,ca_2022_23.pdf,CA
2023-05-23,"Trinity Management Services, Inc.",San Francisco County,1.0,Layoff Permanent,,ca_2022_23.pdf,CA
2023-05-23,"Trinity Management Services, Inc.",San Francisco County,7.0,Layoff Permanent,,ca_2022_23.pdf,CA
2023-05-23,"Trinity Management Services, Inc.",San Francisco County,1.0,Layoff Permanent,,ca_2022_23.pdf,CA
2023-05-23,"Trinity Management Services, Inc.",San Francisco County,9.0,Layoff Permanent,,ca_2022_23.pdf,CA
2023-05-23,"Trinity Management Services, Inc.",San Francisco County,7.0,Layoff Permanent,,ca_2022_23.pdf,CA
2023-05-23,"Trinity Management Services, Inc.",San Francisco County,1.0,Layoff Permanent,,ca_2022_23.pdf,CA
2023-05-23,"Trinity Management Services, Inc.",San Francisco County,5.0,Layoff Permanent,,ca_2022_23.pdf,CA
2023-05-23,"Trinity Management Services, Inc.",San Francisco County,1.0,Layoff Permanent,,ca_2022_23.pdf,CA
2023-05-23,"Trinity Management Services, Inc.",San Francisco County,1.0,Layoff Permanent,,ca_2022_23.pdf,CA
2023-05-23,"Trinity Management Services, Inc.",San Francisco County,10.0,Layoff Permanent,,ca_2022_23.pdf,CA
2023-05-23,"Trinity Management Services, Inc.",San Francisco County,6.0,Layoff Permanent,,ca_2022_23.pdf,CA
2023-05-23,"Trinity Management Services, Inc.",San Francisco County,14.0,Layoff Permanent,,ca_2022_23.pdf,CA
2023-05-23,"Trinity Management Services, Inc.",San Francisco County,6.0,Layoff Permanent,,ca_2022_23.pdf,CA
2023-05-23,"Trinity Management Services, Inc.",San Francisco County,1.0,Layoff Permanent,,ca_2022_23.pdf,CA
2023-05-23,"Trinity Management Services, Inc.",San Francisco County,6.0,Layoff Permanent,,ca_2022_23.pdf,CA
2023-05-18,Epitomics Inc. d/b/a Abcam Milpitas,Alameda County,43.0,Closure Permanent,,ca_2022_23.pdf,CA
2023-06-01,DHL Supply Chain,Riverside County,10.0,Closure Permanent,,ca_2022_23.pdf,CA
2023-05-25,Lam Research Corporation,Alameda County,6.0,Layoff Permanent,,ca_2022_23.pdf,CA
2023-05-25,Lam Research Corporation,Alameda County,155.0,Layoff Permanent,,ca_2022_23.pdf,CA
2023-04-25,"David's Bridal, LLC",Los Angeles County,38.0,Layoff Permanent,,ca_2022_23.pdf,CA
,36,0,1.0,19,,ca_2022_23.pdf,CA
,18,3,0.0,21,,ca_2022_23.pdf,CA
,24,4,0.0,26,,ca_2022_23.pdf,CA
,22,1,0.0,12,,ca_2022_23.pdf,CA
,72,1,0.0,27,,ca_2022_23.pdf,CA
,60,1,0.0,28,,ca_2022_23.pdf,CA
,88,0,0.0,37,,ca_2022_23.pdf,CA
,77,1,0.0,25,,ca_2022_23.pdf,CA
,54,0,0.0,12,,ca_2022_23.pdf,CA
,50,0,0.0,19,,ca_2022_23.pdf,CA
,44,2,0.0,30,,ca_2022_23.pdf,CA
,41,1,0.0,18,,ca_2022_23.pdf,CA
,586,14,1.0,274,,ca_2022_23.pdf,CA
2023-04-25,"David&rsquo;s Bridal, LLC",Contra Costa County,29.0,Layoff Permanent,,ca_2023_24.pdf,CA
2023-04-25,"David&rsquo;s Bridal, LLC",Fresno County,31.0,Layoff Permanent,,ca_2023_24.pdf,CA
2023-04-25,"David&rsquo;s Bridal, LLC",Placer County,47.0,Layoff Permanent,,ca_2023_24.pdf,CA
2023-04-25,"David&rsquo;s Bridal, LLC",San Diego County,29.0,Layoff Permanent,,ca_2023_24.pdf,CA
2023-04-25,"David&rsquo;s Bridal, LLC",San Diego County,35.0,Layoff Permanent,,ca_2023_24.pdf,CA
2023-04-25,"David&rsquo;s Bridal, LLC",Los Angeles County,35.0,Layoff Permanent,,ca_2023_24.pdf,CA
2023-04-25,"David&rsquo;s Bridal, LLC",Kern County,27.0,Layoff Permanent,,ca_2023_24.pdf,CA
2023-06-07,Rico Corp. dba D'Addario Woodwinds,Los Angeles County,1.0,Closure Permanent,,ca_2023_24.pdf,CA
2023-04-25,"David's Bridal, LLC",Butte County,18.0,Layoff Permanent,,ca_2023_24.pdf,CA
2023-04-25,"David's Bridal, LLC",Riverside County,27.0,Layoff Permanent,,ca_2023_24.pdf,CA
2023-04-25,"David's Bridal, LLC",Riverside County,34.0,Layoff Permanent,,ca_2023_24.pdf,CA
2023-04-25,"David's Bridal, LLC",Sacramento County,46.0,Layoff Permanent,,ca_2023_24.pdf,CA
2023-04-25,"David&rsquo;s Bridal, LLC",Santa Clara County,38.0,Layoff Permanent,,ca_2023_24.pdf,CA
2023-04-25,"David's Bridal, LLC",Stanislaus County,40.0,Layoff Permanent,,ca_2023_24.pdf,CA
2023-06-07,Nestle USA,Stanislaus County,75.0,Layoff Temporary,,ca_2023_24.pdf,CA
2023-06-07,"Sodexo, Inc. and Affiliates at Beverly Hospital",Los Angeles County,68.0,Layoff Permanent,,ca_2023_24.pdf,CA
2023-06-06,Primary Health,San Francisco County,60.0,Layoff Permanent,,ca_2023_24.pdf,CA
2023-06-07,Los Angeles Times Communications LLC,Los Angeles County,57.0,Layoff Permanent,,ca_2023_24.pdf,CA
2023-06-07,Los Angeles Times Communications LLC,Los Angeles County,15.0,Layoff Permanent,,ca_2023_24.pdf,CA
2023-06-09,HMSHost,Fresno County,69.0,Closure Permanent,,ca_2023_24.pdf,CA
2023-06-05,Microsoft,Santa Clara County,2.0,Layoff Permanent,,ca_2023_24.pdf,CA
2023-07-07,Rico Corp. dba D'Addario Woodwinds,Los Angeles County,4.0,Layoff Permanent,,ca_2023_24.pdf,CA
2023-06-12,Henry Mayo Newhall Hospital,Los Angeles County,107.0,Layoff Permanent,,ca_2023_24.pdf,CA
2023-06-07,"Sumo Logic, Inc.",San Mateo County,79.0,Layoff Permanent,,ca_2023_24.pdf,CA
2023-06-13,Monte Nido & Affiliates,Orange County,6.0,Closure Permanent,,ca_2023_24.pdf,CA
2023-06-12,La Tortilla Factory,San Diego County,5.0,Closure Permanent,,ca_2023_24.pdf,CA
2023-06-05,Intel Corporation,Santa Clara County,78.0,Layoff Permanent,,ca_2023_24.pdf,CA
2023-06-15,"Tropitone Furniture Company, Inc.",Riverside County,3.0,Closure Permanent,,ca_2023_24.pdf,CA
2023-06-15,"Tropitone Furniture Company, Inc.",Riverside County,3.0,Closure Permanent,,ca_2023_24.pdf,CA
2023-06-15,"Tropitone Furniture Company, Inc.",Riverside County,2.0,Closure Permanent,,ca_2023_24.pdf,CA
2023-06-15,SK hynix NAND Product Solutions Corp. dba Solidigm,Sacramento County,98.0,Layoff Permanent,,ca_2023_24.pdf,CA
2023-06-15,MasterBrand Cabinets LLC,San Bernardino County,90.0,Layoff Permanent,,ca_2023_24.pdf,CA
2023-06-16,Rieke LLC,Sonoma County,49.0,Closure Permanent,,ca_2023_24.pdf,CA
2023-06-16,Rieke LLC,Sonoma County,21.0,Closure Permanent,,ca_2023_24.pdf,CA
2023-06-13,"T. Hasegawa U.S.A., Inc.",Orange County,13.0,Closure Permanent,,ca_2023_24.pdf,CA
2023-06-13,Front Porch Communities and Services,San Diego County,185.0,Closure Permanent,,ca_2023_24.pdf,CA
2023-06-21,"Illumina, Inc.",Alameda County,1.0,Layoff Permanent,,ca_2023_24.pdf,CA
2023-06-29,"Robinhood Markets, Inc.",San Mateo County,23.0,Layoff Permanent,,ca_2023_24.pdf,CA
2023-06-21,"Illumina, Inc.",San Mateo County,71.0,Layoff Permanent,,ca_2023_24.pdf,CA
2023-06-19,FabFitFun Fulfillment Center,San Bernardino County,63.0,Layoff Permanent,,ca_2023_24.pdf,CA
2023-06-21,Illumina Inc. World Headquarters,San Diego County,64.0,Layoff Permanent,,ca_2023_24.pdf,CA
2023-06-21,"Illumina, Inc.",San Diego County,14.0,Layoff Permanent,,ca_2023_24.pdf,CA
2023-06-16,Jabil Inc.,San Joaquin County,53.0,Closure Temporary,,ca_2023_24.pdf,CA
2023-06-12,Boston Scientific Corporation,Alameda County,52.0,Closure Permanent,,ca_2023_24.pdf,CA
2023-05-31,"Gap, Inc.",Fresno County,2.0,Layoff Permanent,,ca_2023_24.pdf,CA
2023-06-08,Spotify USA Inc.,Los Angeles County,68.0,Layoff Permanent,,ca_2023_24.pdf,CA
2023-06-13,Amgen,San Mateo County,4.0,Closure Permanent,,ca_2023_24.pdf,CA
2023-05-31,"Gap, Inc.",San Francisco County,31.0,Layoff Permanent,,ca_2023_24.pdf,CA
2023-05-31,"Gap, Inc.",San Francisco County,1.0,Layoff Permanent,,ca_2023_24.pdf,CA
2023-06-20,"Xcite Steps, a wholly owned subsidiary of Invo Healthcare,
LLC",Placer County,96.0,Closure Permanent,,ca_2023_24.pdf,CA
2023-06-20,"Xcite Steps, a wholly owned subsidiary of Invo Healthcare,
LLC",San Diego County,99.0,Closure Permanent,,ca_2023_24.pdf,CA
2023-07-12,"Anchor Brewing Company, LLC",San Francisco County,55.0,Closure Permanent,,ca_2023_24.pdf,CA
2023-06-20,Winkontent Limited dba Monocle,Los Angeles County,3.0,Closure Permanent,,ca_2023_24.pdf,CA
2023-06-08,Prolific Logistics LLC,San Bernardino County,136.0,Closure Permanent,,ca_2023_24.pdf,CA
2023-06-21,"Anaplan, Inc.",San Francisco County,14.0,Layoff Permanent,,ca_2023_24.pdf,CA
2023-06-21,"Anaplan, Inc.",San Francisco County,1.0,Layoff Permanent,,ca_2023_24.pdf,CA
2023-06-21,"Anaplan, Inc.",San Francisco County,100.0,Layoff Permanent,,ca_2023_24.pdf,CA
2023-06-21,"Anaplan, Inc.",San Francisco County,2.0,Layoff Permanent,,ca_2023_24.pdf,CA
2023-06-21,"Anaplan, Inc.",San Francisco County,2.0,Layoff Permanent,,ca_2023_24.pdf,CA
2023-06-21,LinkedIn Corporation,Santa Clara County,102.0,Layoff Permanent,,ca_2023_24.pdf,CA
2023-06-21,LinkedIn Corporation,Santa Clara County,13.0,Layoff Permanent,,ca_2023_24.pdf,CA
2023-06-21,LinkedIn Corporation,San Francisco County,72.0,Layoff Permanent,,ca_2023_24.pdf,CA
2023-07-11,Wells Fargo,San Francisco County,32.0,Layoff Permanent,,ca_2023_24.pdf,CA
2023-07-11,Wells Fargo,San Francisco County,10.0,Layoff Permanent,,ca_2023_24.pdf,CA
2023-07-11,Wells Fargo,San Francisco County,1.0,Layoff Permanent,,ca_2023_24.pdf,CA
2023-07-11,Wells Fargo,San Francisco County,8.0,Layoff Permanent,,ca_2023_24.pdf,CA
2023-06-07,AMP Printing,Alameda County,54.0,Closure Permanent,,ca_2023_24.pdf,CA
2023-06-07,AMP Printing - Mailing Address,Alameda County,35.0,Closure Permanent,,ca_2023_24.pdf,CA
2023-05-19,Amentum at NAS Lemoore,Kings County,32.0,Layoff Permanent,,ca_2023_24.pdf,CA
2023-04-28,Cotton On La Mirada Distribution Center,Los Angeles County,88.0,Closure Permanent,,ca_2023_24.pdf,CA
2023-05-22,Amentum at NAS North Island,San Diego County,73.0,Layoff Permanent,,ca_2023_24.pdf,CA
2023-06-22,Jabil Inc.,Alameda County,85.0,Layoff Permanent,,ca_2023_24.pdf,CA
2023-06-22,Jabil Inc.,Alameda County,28.0,Layoff Permanent,,ca_2023_24.pdf,CA
2023-06-21,"Individualized ABA Services for Families dba IABAS For
Families",Alameda County,65.0,Closure Permanent,,ca_2023_24.pdf,CA
2023-06-26,"Amyris, Inc.",Alameda County,65.0,Layoff Permanent,,ca_2023_24.pdf,CA
2023-06-21,Company 3 Method Inc.,Los Angeles County,79.0,Layoff Permanent,,ca_2023_24.pdf,CA
2023-06-23,Lazy Dog Restaurant and Bar,Orange County,109.0,Closure Permanent,,ca_2023_24.pdf,CA
2023-06-28,"TTM Technologies, Inc., subsidiary of TTM Technologies North
America, LLC",Orange County,102.0,Closure Permanent,,ca_2023_24.pdf,CA
2023-06-29,"Headspace, Inc.",Los Angeles County,158.0,Layoff Permanent,,ca_2023_24.pdf,CA
2023-06-28,"Scenario-Cockram USA, Inc.",Los Angeles County,43.0,Layoff Permanent,,ca_2023_24.pdf,CA
2023-06-28,"Scenario-Cockram USA, Inc.",Los Angeles County,10.0,Layoff Permanent,,ca_2023_24.pdf,CA
2023-06-27,"Proterra Operating Company, Inc.",San Mateo County,48.0,Layoff Permanent,,ca_2023_24.pdf,CA
2023-06-28,"RSN Co., LLC dba Bally Sports San Diego",San Diego County,5.0,Closure Permanent,,ca_2023_24.pdf,CA
2023-06-29,"Ginger.io,. Inc.",San Francisco County,19.0,Layoff Permanent,,ca_2023_24.pdf,CA
2023-06-29,Active Wellness LLC,Alameda County,80.0,Layoff Permanent,,ca_2023_24.pdf,CA
2023-06-29,Comprehensive Autism Center,San Diego County,9.0,Closure Permanent,,ca_2023_24.pdf,CA
2023-06-22,Thermo Fisher Scientific,Alameda County,38.0,Layoff Permanent,,ca_2023_24.pdf,CA
2023-06-22,Thermo Fisher Scientific,San Mateo County,64.0,Layoff Permanent,,ca_2023_24.pdf,CA
2023-06-23,"Gillette Citrus, Inc.",Tulare County,93.0,Layoff Permanent,,ca_2023_24.pdf,CA
2023-06-29,Thermo Fisher Scientific,San Diego County,66.0,Layoff Permanent,,ca_2023_24.pdf,CA
2023-06-29,Thermo Fisher Scientific,San Diego County,5.0,Layoff Permanent,,ca_2023_24.pdf,CA
2023-06-29,Thermo Fisher Scientific,San Diego County,27.0,Layoff Permanent,,ca_2023_24.pdf,CA
2023-06-22,Thermo Fisher Scientific,San Diego County,6.0,Layoff Permanent,,ca_2023_24.pdf,CA
2023-06-22,Thermo Fisher Scientific,San Diego County,2.0,Layoff Permanent,,ca_2023_24.pdf,CA
2023-06-22,"Surgalign Spine Technologies, Inc.",San Diego County,99.0,Closure Permanent,,ca_2023_24.pdf,CA
2023-06-15,"Circle C Ranch, Inc.",San Joaquin County,14.0,Layoff Permanent,,ca_2023_24.pdf,CA
2023-06-29,"Tattooed Chef, Inc., wholly owned subsidiary Ittella
International, LLC",Los Angeles County,20.0,Closure Permanent,,ca_2023_24.pdf,CA
2023-06-30,G&C Staffing (The Parent Company - TPCO),Santa Clara County,54.0,Layoff Permanent,,ca_2023_24.pdf,CA
2023-06-29,Tattooed Chef - 6304,Los Angeles County,1.0,Closure Permanent,,ca_2023_24.pdf,CA
2023-06-29,Tattooed Chef - 6305,Los Angeles County,97.0,Closure Permanent,,ca_2023_24.pdf,CA
2023-06-29,Tattooed Chef - 6309,Los Angeles County,1.0,Closure Permanent,,ca_2023_24.pdf,CA
2023-06-29,Tattooed Chef - 6325,Los Angeles County,46.0,Closure Permanent,,ca_2023_24.pdf,CA
2023-06-29,Tattooed Chef - 6403,Los Angeles County,36.0,Closure Permanent,,ca_2023_24.pdf,CA
2023-06-29,Tattooed Chef - 6409,Los Angeles County,17.0,Closure Permanent,,ca_2023_24.pdf,CA
2023-06-29,Tattooed Chef - 6411,Los Angeles County,16.0,Closure Permanent,,ca_2023_24.pdf,CA
2023-06-28,"Niantic, Inc.",Los Angeles County,107.0,Closure Permanent,,ca_2023_24.pdf,CA
2023-06-28,"Niantic, Inc.",San Francisco County,57.0,Layoff Permanent,,ca_2023_24.pdf,CA
2023-07-03,Hyatt Centric,Sacramento County,111.0,Layoff Temporary,,ca_2023_24.pdf,CA
2023-07-03,"GXO Logistics Supply Chain, Inc.",San Bernardino County,61.0,Closure Permanent,,ca_2023_24.pdf,CA
2023-06-27,Valiant Integrated Services,Solano County,137.0,Layoff Permanent,,ca_2023_24.pdf,CA
2023-07-06,Crunchbase,San Francisco County,63.0,Layoff Permanent,,ca_2023_24.pdf,CA
2023-07-06,"Perfect Day, Inc.",Alameda County,75.0,Layoff Permanent,,ca_2023_24.pdf,CA
2023-07-06,"Hyperloop Technologies, Inc. dba Hyperloop One",Los Angeles County,3.0,Layoff Permanent,,ca_2023_24.pdf,CA
2023-07-09,Accesso,Los Angeles County,111.0,Layoff Permanent,,ca_2023_24.pdf,CA
2023-06-29,"NRI USA, LLC",San Bernardino County,164.0,Closure Permanent,,ca_2023_24.pdf,CA
2023-07-10,Bank of the West,Contra Costa County,203.0,Layoff Permanent,,ca_2023_24.pdf,CA
2023-07-12,Macy's Eagle Rock Plaza Store,Los Angeles County,74.0,Closure Permanent,,ca_2023_24.pdf,CA
2023-07-10,Microsoft,Santa Clara County,40.0,Layoff Permanent,,ca_2023_24.pdf,CA
2023-07-10,Bank of the West,San Francisco County,45.0,Layoff Permanent,,ca_2023_24.pdf,CA
2023-06-29,Intel Corporation,Sacramento County,89.0,Layoff Permanent,,ca_2023_24.pdf,CA
2023-06-29,Intel Corporation,Santa Clara County,51.0,Layoff Permanent,,ca_2023_24.pdf,CA
2023-07-13,"Illumina, Inc.",Alameda County,3.0,Layoff Permanent,,ca_2023_24.pdf,CA
2023-08-01,Yellow Corporation,Shasta County,48.0,Closure Permanent,,ca_2023_24.pdf,CA
2023-08-01,Yellow Corporation,Glenn County,2.0,Closure Permanent,,ca_2023_24.pdf,CA
2023-08-01,Yellow Corporation,San Mateo County,30.0,Closure Permanent,,ca_2023_24.pdf,CA
2023-07-13,"Illumina, Inc.",San Mateo County,14.0,Layoff Permanent,,ca_2023_24.pdf,CA
2023-07-14,"Alto Operations California, LLC",San Mateo County,34.0,Closure Permanent,,ca_2023_24.pdf,CA
2023-08-01,Yellow Corporation,Santa Clara County,39.0,Closure Permanent,,ca_2023_24.pdf,CA
2023-08-01,Yellow Corporation-Batavia St.,Orange County,83.0,Closure Permanent,,ca_2023_24.pdf,CA
2023-08-01,Yellow Corporation-Eckhoff,Orange County,94.0,Closure Permanent,,ca_2023_24.pdf,CA
2023-08-01,Yellow Corporation,Sacramento County,60.0,Closure Permanent,,ca_2023_24.pdf,CA
2023-08-01,Yellow Corporation,San Bernardino County,15.0,Closure Permanent,,ca_2023_24.pdf,CA
2023-08-01,Yellow Corporation,San Bernardino County,709.0,Closure Permanent,,ca_2023_24.pdf,CA
2023-08-01,Yellow Corporation,San Bernardino County,240.0,Closure Permanent,,ca_2023_24.pdf,CA
2023-07-13,"Illumina, Inc. Worldwide Headquarters",San Diego County,75.0,Layoff Permanent,,ca_2023_24.pdf,CA
2023-07-13,"Illumina, Inc.",San Diego County,76.0,Layoff Permanent,,ca_2023_24.pdf,CA
2023-08-01,Yellow Corporation,Santa Barbara County,11.0,Closure Permanent,,ca_2023_24.pdf,CA
2023-08-01,Yellow Corporation,Los Angeles County,145.0,Closure Permanent,,ca_2023_24.pdf,CA
2023-06-29,Intel Corporation,Santa Clara County,67.0,Layoff Permanent,,ca_2023_24.pdf,CA
2023-06-29,Intel Corporation,Santa Clara County,5.0,Layoff Permanent,,ca_2023_24.pdf,CA
2023-06-29,Intel Corporation,Santa Clara County,98.0,Layoff Permanent,,ca_2023_24.pdf,CA
2023-06-29,Intel Corporation,Santa Clara County,5.0,Layoff Permanent,,ca_2023_24.pdf,CA
2023-08-01,Yellow Corporation,San Diego County,58.0,Closure Permanent,,ca_2023_24.pdf,CA
2023-08-01,Yellow Corporation,San Diego County,43.0,Closure Permanent,,ca_2023_24.pdf,CA
2023-08-01,Yellow Corporation,San Diego County,2.0,Closure Permanent,,ca_2023_24.pdf,CA
2023-08-01,Yellow Corporation,San Joaquin County,257.0,Closure Permanent,,ca_2023_24.pdf,CA
2023-08-01,Yellow Corporation,Santa Clara County,1.0,Closure Permanent,,ca_2023_24.pdf,CA
2023-08-01,Yellow Corporation,Los Angeles County,120.0,Closure Permanent,,ca_2023_24.pdf,CA
2023-08-01,Yellow Corporation,Solano County,1.0,Closure Permanent,,ca_2023_24.pdf,CA
2023-08-01,Yellow Corporation,Alameda County,99.0,Closure Permanent,,ca_2023_24.pdf,CA
2023-08-01,Yellow Corporation,Fresno County,66.0,Closure Permanent,,ca_2023_24.pdf,CA
2023-08-01,Yellow Corporation,Humboldt County,4.0,Closure Permanent,,ca_2023_24.pdf,CA
2023-08-01,Yellow Corporation,Imperial County,15.0,Closure Permanent,,ca_2023_24.pdf,CA
2023-08-01,Yellow Corporation,Kern County,27.0,Closure Permanent,,ca_2023_24.pdf,CA
2023-08-01,Yellow Corporation,Los Angeles County,102.0,Closure Permanent,,ca_2023_24.pdf,CA
2023-08-01,Yellow Corporation,Los Angeles County,2.0,Closure Permanent,,ca_2023_24.pdf,CA
2023-08-01,Yellow Corporation,Los Angeles County,169.0,Closure Permanent,,ca_2023_24.pdf,CA
2023-08-01,Yellow Corporation,Los Angeles County,70.0,Closure Permanent,,ca_2023_24.pdf,CA
2023-08-01,Yellow Corporation,Los Angeles County,22.0,Closure Permanent,,ca_2023_24.pdf,CA
2023-08-01,Yellow Corporation,Monterey County,4.0,Closure Permanent,,ca_2023_24.pdf,CA
2023-08-01,Yellow Corporation,Sonoma County,29.0,Closure Permanent,,ca_2023_24.pdf,CA
2023-08-01,Yellow Corporation,Tulare County,23.0,Closure Permanent,,ca_2023_24.pdf,CA
2023-08-01,Yellow Corporation,Ventura County,23.0,Closure Permanent,,ca_2023_24.pdf,CA
2023-08-01,Yellow Corporation,Yolo County,58.0,Closure Permanent,,ca_2023_24.pdf,CA
2023-07-10,"Cardinal Glass Industries, Inc.",Los Angeles County,29.0,Closure Permanent,,ca_2023_24.pdf,CA
2023-07-12,Peloton Interactive Inc.,Riverside County,21.0,Closure Permanent,,ca_2023_24.pdf,CA
2023-07-14,"Tempo Automation Holdings, Inc.",San Francisco County,58.0,Closure Permanent,,ca_2023_24.pdf,CA
2023-08-01,"SPT Microtechnologies USA, Inc.",Santa Clara County,67.0,Closure Temporary,,ca_2023_24.pdf,CA
2023-07-17,Corteva Agriscience LLC,Contra Costa County,31.0,Layoff Permanent,,ca_2023_24.pdf,CA
2023-07-14,"Fish Market Restaurants, Inc.",Santa Clara County,49.0,Closure Permanent,,ca_2023_24.pdf,CA
2023-07-14,"Fish Market Restaurants, Inc.",Santa Clara County,85.0,Closure Permanent,,ca_2023_24.pdf,CA
2023-07-14,"Fish Market Restaurants, Inc.",Santa Clara County,6.0,Closure Permanent,,ca_2023_24.pdf,CA
2023-07-17,"FibroGen, Inc.",San Francisco County,104.0,Layoff Permanent,,ca_2023_24.pdf,CA
2023-07-19,Vionic Consumer Care Operations,Marin County,6.0,Closure Permanent,,ca_2023_24.pdf,CA
2023-07-21,Accenture,Alameda County,100.0,Closure Permanent,,ca_2023_24.pdf,CA
2023-07-21,Accenture,Alameda County,140.0,Closure Permanent,,ca_2023_24.pdf,CA
2023-07-24,"Intense Lighting, LLC",Orange County,90.0,Closure Permanent,,ca_2023_24.pdf,CA
2023-07-18,Blowfish,Los Angeles County,20.0,Closure Permanent,,ca_2023_24.pdf,CA
2023-07-19,"Charles River Laboratories, Inc.",San Mateo County,55.0,Closure Permanent,,ca_2023_24.pdf,CA
2023-07-24,"Gemological Institute of America, Inc. (GIA)",San Diego County,151.0,Layoff Permanent,,ca_2023_24.pdf,CA
2023-07-24,Petco Animal Supplies Stores,San Diego County,47.0,Layoff Permanent,,ca_2023_24.pdf,CA
2023-07-24,Petco Animal Supplies Stores,San Diego County,9.0,Layoff Permanent,,ca_2023_24.pdf,CA
2023-07-20,"Codexis, Inc.",San Mateo County,28.0,Layoff Permanent,,ca_2023_24.pdf,CA
2023-07-20,"Codexis, Inc.",San Mateo County,31.0,Layoff Permanent,,ca_2023_24.pdf,CA
2023-08-21,CSL Vifor,San Mateo County,85.0,Layoff Permanent,,ca_2023_24.pdf,CA
2023-07-20,Headway Technologies Inc.,Santa Clara County,2.0,Layoff Permanent,,ca_2023_24.pdf,CA
2023-07-20,Headway Technologies Inc.,Santa Clara County,59.0,Layoff Permanent,,ca_2023_24.pdf,CA
2023-07-20,Headway Technologies Inc.,Santa Clara County,2.0,Layoff Permanent,,ca_2023_24.pdf,CA
2023-07-20,Headway Technologies Inc.,Santa Clara County,24.0,Layoff Permanent,,ca_2023_24.pdf,CA
2023-07-20,Headway Technologies Inc.,Santa Clara County,3.0,Layoff Permanent,,ca_2023_24.pdf,CA
2023-07-26,"Langmuir Systems, LLC",San Diego County,16.0,Closure Permanent,,ca_2023_24.pdf,CA
2023-07-26,Pizza Antica Mill Valley,Marin County,43.0,Closure Permanent,,ca_2023_24.pdf,CA
2023-07-27,Alstom Mass Transit Corp.,Contra Costa County,41.0,Closure Permanent,,ca_2023_24.pdf,CA
2023-07-27,"Point Digital Finance, Inc.",Santa Clara County,61.0,Layoff Permanent,,ca_2023_24.pdf,CA
2023-07-27,SP+ Corporation at Hollywood Burbank Airport,Los Angeles County,84.0,Closure Permanent,,ca_2023_24.pdf,CA
2023-07-31,Tri-City Medical Center,San Diego County,96.0,Layoff Permanent,,ca_2023_24.pdf,CA
2023-07-28,"Herbalife International of America, Inc.",Los Angeles County,12.0,Layoff Permanent,,ca_2023_24.pdf,CA
2023-07-27,"Alchemee, LLC",Los Angeles County,12.0,Closure Permanent,,ca_2023_24.pdf,CA
2023-07-28,"Herbalife International of America, Inc.",Los Angeles County,26.0,Layoff Permanent,,ca_2023_24.pdf,CA
2023-07-28,"Herbalife International of America, Inc.",Los Angeles County,59.0,Layoff Permanent,,ca_2023_24.pdf,CA
2023-07-27,"Visalia Citrus Packing Group, Inc.",Fresno County,34.0,Closure Permanent,,ca_2023_24.pdf,CA
2023-06-30,"Dabico Airport Solutions, Inc.",Orange County,25.0,Closure Permanent,,ca_2023_24.pdf,CA
2023-07-27,"Visalia Citrus Packing Group, Inc.",Tulare County,31.0,Closure Permanent,,ca_2023_24.pdf,CA
2023-08-01,"Mercy Medical Transportation, Inc.",San Diego County,58.0,Layoff Permanent,,ca_2023_24.pdf,CA
2023-08-01,Planet Labs PBC,San Francisco County,85.0,Layoff Permanent,,ca_2023_24.pdf,CA
2023-07-21,Johns Manville,Glenn County,54.0,Closure Temporary,,ca_2023_24.pdf,CA
2023-08-01,ContextLogic Inc.,San Francisco County,152.0,Layoff Permanent,,ca_2023_24.pdf,CA
2023-08-02,Sunrun Inc.,Los Angeles County,53.0,Layoff Permanent,,ca_2023_24.pdf,CA
2023-07-17,"Cisco Systems, Inc.",Santa Clara County,123.0,Layoff Permanent,,ca_2023_24.pdf,CA
2023-07-17,"Cisco Systems, Inc.",Santa Clara County,227.0,Layoff Permanent,,ca_2023_24.pdf,CA
2023-08-04,Company 3/Method Inc,Los Angeles County,19.0,Layoff Temporary,,ca_2023_24.pdf,CA
2023-08-04,"Beyond Hello CA, LLC",San Luis Obispo County,2.0,Closure Permanent,,ca_2023_24.pdf,CA
2023-08-03,"ATI Restoration, LLC",Sonoma County,18.0,Closure Permanent,,ca_2023_24.pdf,CA
2023-08-15,"Rodan & Fields, LLC",Contra Costa County,76.0,Layoff Permanent,,ca_2023_24.pdf,CA
2023-08-07,"Illumina, Inc.",San Mateo County,1.0,Layoff Permanent,,ca_2023_24.pdf,CA
2023-08-02,Sunrun Inc.,Sacramento County,50.0,Layoff Permanent,,ca_2023_24.pdf,CA
2023-08-09,"L3 Technologies, Inc., a wholly owned subsidiary of L3Harris
Technologies",San Diego County,134.0,Closure Permanent,,ca_2023_24.pdf,CA
2023-08-11,dnata US Inflight Caterin,Los Angeles County,73.0,Layoff Permanent,,ca_2023_24.pdf,CA
2023-08-11,dnata US Inflight Catering,Los Angeles County,1.0,Layoff Permanent,,ca_2023_24.pdf,CA
2023-08-11,dnata US Inflight Caterin,Los Angeles County,2.0,Layoff Permanent,,ca_2023_24.pdf,CA
2023-08-04,"J.B. Hunt Transport, Inc.",Alameda County,127.0,Closure Permanent,,ca_2023_24.pdf,CA
2023-07-28,Ericsson Inc.,Orange County,76.0,Layoff Permanent,,ca_2023_24.pdf,CA
2023-07-28,Ericsson Inc.,Sacramento County,94.0,Layoff Permanent,,ca_2023_24.pdf,CA
2023-08-07,"Amyris, Inc.",Alameda County,62.0,Layoff Permanent,,ca_2023_24.pdf,CA
2023-08-09,"URS Midwest, Inc dba United Road Services",Kern County,4.0,Closure Permanent,,ca_2023_24.pdf,CA
2023-09-11,Joy Signal Technology,Butte County,127.0,Closure Permanent,,ca_2023_24.pdf,CA
2023-08-18,"ImmunityBio, Inc.",Los Angeles County,48.0,Layoff Permanent,,ca_2023_24.pdf,CA
2023-08-25,Morrison Healthcare at Adventist Health Bakersfield,Kern County,74.0,Layoff Permanent,,ca_2023_24.pdf,CA
2023-07-05,U.S. Bank,Alameda County,30.0,Layoff Permanent,,ca_2023_24.pdf,CA
2023-07-05,U.S. Bank,Alameda County,4.0,Layoff Permanent,,ca_2023_24.pdf,CA
2023-07-05,U.S. Bank,Alameda County,23.0,Layoff Permanent,,ca_2023_24.pdf,CA
2023-07-05,U.S. Bank (1289),San Diego County,18.0,Layoff Permanent,,ca_2023_24.pdf,CA
2023-07-05,U. S. Bank (1296),San Diego County,5.0,Layoff Permanent,,ca_2023_24.pdf,CA
2023-07-05,U.S. Bank (1289),San Diego County,5.0,Layoff Permanent,,ca_2023_24.pdf,CA
2023-07-05,U.S. Bank (1289),San Diego County,14.0,Layoff Permanent,,ca_2023_24.pdf,CA
2023-07-05,U.S. Bank (1296),San Diego County,24.0,Layoff Permanent,,ca_2023_24.pdf,CA
2023-07-05,U.S. Bank (1296),San Diego County,3.0,Layoff Permanent,,ca_2023_24.pdf,CA
2023-08-22,"Certified Freight Logistics, Inc.",San Joaquin County,4.0,Closure Permanent,,ca_2023_24.pdf,CA
2023-08-22,"Wolfspeed, Inc.",Santa Clara County,50.0,Layoff Permanent,,ca_2023_24.pdf,CA
2023-08-22,"Certified Freight Logistics, Inc.",Santa Barbara County,150.0,Closure Permanent,,ca_2023_24.pdf,CA
2023-07-27,"Universal Protection Service, LP dba Allied Universal Security
Services",San Mateo County,9.0,Layoff Permanent,,ca_2023_24.pdf,CA
2023-07-27,"Universal Protection Service, LP dba Allied Universal Security
Services",San Mateo County,13.0,Layoff Permanent,,ca_2023_24.pdf,CA
2023-07-27,"Universal Protection Service, LP dba Allied Universal Security
Services",San Mateo County,3.0,Layoff Permanent,,ca_2023_24.pdf,CA
2023-07-27,"Universal Protection Service, LP dba Allied Universal Security
Services",San Mateo County,12.0,Layoff Permanent,,ca_2023_24.pdf,CA
2023-08-03,"MV Transportation, Inc.",Los Angeles County,20.0,Layoff Permanent,,ca_2023_24.pdf,CA
2023-07-29,REACH Medical Holdings,Contra Costa County,10.0,Closure Permanent,,ca_2023_24.pdf,CA
2023-08-11,"TTM Technologies, Inc., subsidiary of TTM Technologies North
America, LLC",Santa Clara County,240.0,Closure Permanent,,ca_2023_24.pdf,CA
2023-08-14,Clari Inc.,Santa Clara County,139.0,Layoff Permanent,,ca_2023_24.pdf,CA
2023-07-29,REACH Medical Holdings,Riverside County,13.0,Closure Permanent,,ca_2023_24.pdf,CA
2023-08-22,U.S. Bank,San Diego County,34.0,Layoff Permanent,,ca_2023_24.pdf,CA
2023-08-22,U.S. Bank,San Diego County,11.0,Layoff Permanent,,ca_2023_24.pdf,CA
2023-08-22,U.S. Bank,San Diego County,1.0,Layoff Permanent,,ca_2023_24.pdf,CA
2023-08-22,U.S. Bank,San Diego County,8.0,Layoff Permanent,,ca_2023_24.pdf,CA
2023-08-23,"BlackLine Systems, Inc.",Alameda County,21.0,Layoff Permanent,,ca_2023_24.pdf,CA
2023-08-15,The Vons Companies Inc.,Los Angeles County,53.0,Closure Permanent,,ca_2023_24.pdf,CA
2023-08-23,"BlackLine Systems, Inc.",Los Angeles County,95.0,Layoff Permanent,,ca_2023_24.pdf,CA
2023-08-17,"Robinhood Markets, Inc.",San Mateo County,2.0,Layoff Permanent,,ca_2023_24.pdf,CA
2023-09-20,"Robinhood Markets, Inc.",San Mateo County,1.0,Layoff Permanent,,ca_2023_24.pdf,CA
2023-08-18,Burke Williams,Orange County,110.0,Closure Temporary,,ca_2023_24.pdf,CA
2023-08-23,"KeHE Distributors, Inc.",San Bernardino County,80.0,Layoff Permanent,,ca_2023_24.pdf,CA
2023-08-16,Natural Alternatives International,San Diego County,44.0,Closure Temporary,,ca_2023_24.pdf,CA
2023-08-16,Natural Alternatives International,San Diego County,22.0,Closure Temporary,,ca_2023_24.pdf,CA
2023-08-28,Farmers Insurance Exchange,Los Angeles County,124.0,Layoff Permanent,,ca_2023_24.pdf,CA
2023-08-28,Farmers Insurance Exchange - 6303,Los Angeles County,2.0,Layoff Permanent,,ca_2023_24.pdf,CA
2023-08-28,"Farmers Group, Inc. - 6301",Los Angeles County,64.0,Layoff Permanent,,ca_2023_24.pdf,CA
2023-08-28,"Farmers Group, Inc.",Los Angeles County,135.0,Layoff Permanent,,ca_2023_24.pdf,CA
2023-08-28,"Farmers Group, Inc. - 6301",Los Angeles County,3.0,Layoff Permanent,,ca_2023_24.pdf,CA
2023-08-28,"Farmers Group, Inc. - 6301",Los Angeles County,1.0,Layoff Permanent,,ca_2023_24.pdf,CA
2023-08-28,"Farmers Group, Inc.",Los Angeles County,1.0,Layoff Permanent,,ca_2023_24.pdf,CA
2023-08-28,"Farmers Group, Inc.",Los Angeles County,1.0,Layoff Permanent,,ca_2023_24.pdf,CA
2023-08-14,DazPak Flexible Packaging,Orange County,19.0,Closure Permanent,,ca_2023_24.pdf,CA
2023-08-28,Legacy Supply Chain Services II,Riverside County,39.0,Closure Permanent,,ca_2023_24.pdf,CA
2023-08-28,Legacy Supply Chain Services II,Riverside County,14.0,Closure Permanent,,ca_2023_24.pdf,CA
2023-08-25,Intel Corporation,Sacramento County,58.0,Layoff Permanent,,ca_2023_24.pdf,CA
2023-08-24,"Juul Labs, Inc.",San Francisco County,5.0,Layoff Permanent,,ca_2023_24.pdf,CA
2023-08-24,"Juul Labs, Inc. - 270",San Francisco County,26.0,Layoff Permanent,,ca_2023_24.pdf,CA
2023-08-24,JUUL Labs,San Francisco County,1.0,Layoff Permanent,,ca_2023_24.pdf,CA
2023-08-24,JUUL Labs - 270,San Francisco County,3.0,Layoff Permanent,,ca_2023_24.pdf,CA
2023-08-24,Juul Labs - 270,San Francisco County,5.0,Layoff Permanent,,ca_2023_24.pdf,CA
2023-08-24,JUUl Labs - 270,San Francisco County,3.0,Layoff Permanent,,ca_2023_24.pdf,CA
2023-08-24,JUUl Labs - 270,San Francisco County,1.0,Layoff Permanent,,ca_2023_24.pdf,CA
2023-08-24,JUUL Labs - 270,San Francisco County,1.0,Layoff Permanent,,ca_2023_24.pdf,CA
2023-08-24,JUUL Labs - 271,San Francisco County,12.0,Layoff Permanent,,ca_2023_24.pdf,CA
2023-08-24,JUUL Labs - 271,San Francisco County,2.0,Layoff Permanent,,ca_2023_24.pdf,CA
2023-08-24,JUUL Labs - 271,San Francisco County,1.0,Layoff Permanent,,ca_2023_24.pdf,CA
2023-08-30,Del Friscos Grille,Los Angeles County,53.0,Closure Permanent,,ca_2023_24.pdf,CA
2023-08-31,Kraft Heinz Foods Company,Orange County,60.0,Closure Permanent,,ca_2023_24.pdf,CA
2023-08-29,"Splash Cafe, Inc. dba Splash Cafe Artisan Bakery",San Luis Obispo County,29.0,Closure Permanent,,ca_2023_24.pdf,CA
2023-09-01,"PLI Holdings, Inc.",Los Angeles County,217.0,Closure Permanent,,ca_2023_24.pdf,CA
2023-08-31,Peloton Interactive Inc.,Los Angeles County,3.0,Closure Permanent,,ca_2023_24.pdf,CA
2023-08-02,"FUJIFILM Irvine Scientific, Inc.",Orange County,6.0,Layoff Permanent,,ca_2023_24.pdf,CA
2023-08-09,"Kings Garden, Inc.",Riverside County,59.0,Layoff Permanent,,ca_2023_24.pdf,CA
2023-08-09,"Kings Garden, Inc.",Riverside County,4.0,Layoff Permanent,,ca_2023_24.pdf,CA
2023-08-09,"Kings Garden, Inc.",Riverside County,3.0,Layoff Permanent,,ca_2023_24.pdf,CA
2023-08-09,"Kings Garden, Inc.",Riverside County,4.0,Layoff Permanent,,ca_2023_24.pdf,CA
2023-08-02,"FUJIFILM Irvine Scientific, Inc.",Orange County,18.0,Layoff Permanent,,ca_2023_24.pdf,CA
2023-08-02,"FUJIFILM Irvine Scientific, Inc.",Orange County,1.0,Layoff Permanent,,ca_2023_24.pdf,CA
2023-08-02,"FUJIFILM Irvine Scientific, Inc.",Orange County,7.0,Layoff Permanent,,ca_2023_24.pdf,CA
2023-08-02,"FUJIFILM Irvine Scientific, Inc.",Orange County,2.0,Layoff Permanent,,ca_2023_24.pdf,CA
2023-08-02,"FUJIFILM Irvine Scientific, Inc.",Orange County,11.0,Layoff Permanent,,ca_2023_24.pdf,CA
2023-08-02,"FUJIFILM Irvine Scientific, Inc.",Orange County,12.0,Layoff Permanent,,ca_2023_24.pdf,CA
2023-09-01,Sonoco,Tulare County,292.0,Closure Permanent,,ca_2023_24.pdf,CA
2023-09-12,Kaiser Foundation Hospitals,Alameda County,21.0,Layoff Permanent,,ca_2023_24.pdf,CA
2023-09-12,Kaiser Foundation Hospitals,Los Angeles County,8.0,Layoff Permanent,,ca_2023_24.pdf,CA
2023-09-12,Kaiser Foundation Hospitals - Pasadena,Los Angeles County,1.0,Layoff Permanent,,ca_2023_24.pdf,CA
2023-09-12,Kaiser Foundation Hospitals-Walnut,Los Angeles County,8.0,Layoff Permanent,,ca_2023_24.pdf,CA
2023-09-12,Kaiser Foundation Hospitals-Los Robles,Los Angeles County,1.0,Layoff Permanent,,ca_2023_24.pdf,CA
2023-09-01,"Boardriders Wholesale, LLC",Los Angeles County,1.0,Layoff Permanent,,ca_2023_24.pdf,CA
2023-09-12,Kaiser Foundation Hospitals - Ordway Building,Alameda County,2.0,Layoff Permanent,,ca_2023_24.pdf,CA
2023-09-12,Kaiser Foundation Hospitals,Alameda County,1.0,Layoff Permanent,,ca_2023_24.pdf,CA
2023-09-12,Kaiser Foundation Hospitals - Harrison,Alameda County,4.0,Layoff Permanent,,ca_2023_24.pdf,CA
2023-09-01,"Boardriders Wholesale, LLC",Orange County,57.0,Layoff Permanent,,ca_2023_24.pdf,CA
2023-09-01,"Boardriders Wholesale, LLC",Orange County,3.0,Layoff Permanent,,ca_2023_24.pdf,CA
2023-09-01,"Boardriders Wholesale, LLC",Orange County,12.0,Layoff Permanent,,ca_2023_24.pdf,CA
2023-09-01,"Boardriders Wholesale, LLC",Orange County,10.0,Layoff Permanent,,ca_2023_24.pdf,CA
2023-09-01,"Boardriders Wholesale, LLC",Riverside County,1.0,Layoff Permanent,,ca_2023_24.pdf,CA
2023-09-12,Kaiser Foundation Hospitals,San Bernardino County,1.0,Layoff Permanent,,ca_2023_24.pdf,CA
2023-09-08,"Coronado Brewing Company, Inc.",San Diego County,27.0,Closure Permanent,,ca_2023_24.pdf,CA
2023-09-12,Kaiser Foundation Hospitals,San Diego County,1.0,Layoff Permanent,,ca_2023_24.pdf,CA
2023-09-12,Kaiser Foundation Hospitals,Los Angeles County,1.0,Layoff Permanent,,ca_2023_24.pdf,CA
2023-08-28,California Resources Corporation,Kern County,26.0,Layoff Permanent,,ca_2023_24.pdf,CA
2023-08-28,California Resources Corporation,Kern County,1.0,Layoff Permanent,,ca_2023_24.pdf,CA
2023-08-28,California Resources Corporation,Kern County,4.0,Layoff Permanent,,ca_2023_24.pdf,CA
2023-08-28,California Resources Corporation,Kern County,1.0,Layoff Permanent,,ca_2023_24.pdf,CA
2023-08-28,California Resources Corporation,Kern County,25.0,Layoff Permanent,,ca_2023_24.pdf,CA
2023-08-28,California Resources Corporation,Kern County,2.0,Layoff Permanent,,ca_2023_24.pdf,CA
2023-08-28,California Resources Corporation,Kern County,1.0,Layoff Permanent,,ca_2023_24.pdf,CA
2023-08-28,California Resources Corporation,Kern County,1.0,Layoff Permanent,,ca_2023_24.pdf,CA
2023-09-01,Jensen Enterprises Inc. dba Jensen Precast,Sacramento County,40.0,Closure Permanent,,ca_2023_24.pdf,CA
2023-09-29,Foundation for California Community Colleges,Sacramento County,298.0,Layoff Permanent,,ca_2023_24.pdf,CA
2023-08-17,"AppFolio, Inc.",San Diego County,13.0,Layoff Permanent,,ca_2023_24.pdf,CA
2023-08-17,"AppFolio, Inc.",Santa Barbara County,98.0,Layoff Permanent,,ca_2023_24.pdf,CA
2023-09-05,"West Coast Industries, Inc.",Los Angeles County,53.0,Closure Permanent,,ca_2023_24.pdf,CA
2023-09-05,"West Coast Industries, Inc.",Los Angeles County,4.0,Closure Permanent,,ca_2023_24.pdf,CA
2023-08-07,"Astra Space Operations, LLC",Alameda County,58.0,Layoff Permanent,,ca_2023_24.pdf,CA
2023-09-06,"Newark Group, Inc.",Santa Clara County,74.0,Closure Permanent,,ca_2023_24.pdf,CA
2023-09-06,"ChargePoint, Inc.",Santa Clara County,79.0,Layoff Permanent,,ca_2023_24.pdf,CA
2023-09-06,Zymergen Inc.,Alameda County,7.0,Layoff Permanent,,ca_2023_24.pdf,CA
2023-09-11,Jabil Inc.,Alameda County,140.0,Layoff Permanent,,ca_2023_24.pdf,CA
2023-09-06,Safeway,Santa Clara County,38.0,Closure Permanent,,ca_2023_24.pdf,CA
2023-09-19,Jabil Inc.,San Joaquin County,51.0,Closure Temporary,,ca_2023_24.pdf,CA
2023-08-10,Carbon Health,Alameda County,1.0,Layoff Permanent,,ca_2023_24.pdf,CA
2023-08-10,Carbon Health,Alameda County,1.0,Layoff Permanent,,ca_2023_24.pdf,CA
2023-08-10,Carbon Health,Alameda County,5.0,Layoff Permanent,,ca_2023_24.pdf,CA
2023-08-10,Carbon Health,Alameda County,1.0,Layoff Permanent,,ca_2023_24.pdf,CA
2023-08-10,Carbon Health,Alameda County,1.0,Layoff Permanent,,ca_2023_24.pdf,CA
2023-08-10,Carbon Health,Orange County,1.0,Layoff Permanent,,ca_2023_24.pdf,CA
2023-08-10,Carbon Health,Orange County,4.0,Layoff Permanent,,ca_2023_24.pdf,CA
2023-08-10,Carbon Health,Contra Costa County,1.0,Layoff Permanent,,ca_2023_24.pdf,CA
2023-08-10,Carbon Health,Contra Costa County,1.0,Layoff Permanent,,ca_2023_24.pdf,CA
2023-08-10,Carbon Health,Contra Costa County,4.0,Layoff Permanent,,ca_2023_24.pdf,CA
2023-08-10,Carbon Health,Los Angeles County,4.0,Layoff Permanent,,ca_2023_24.pdf,CA
2023-08-10,Carbon Health,Placer County,2.0,Layoff Permanent,,ca_2023_24.pdf,CA
2023-08-10,Carbon Health,Los Angeles County,1.0,Layoff Permanent,,ca_2023_24.pdf,CA
2023-08-10,Carbon Health,Los Angeles County,2.0,Layoff Permanent,,ca_2023_24.pdf,CA
2023-08-10,Carbon Health,Los Angeles County,4.0,Layoff Permanent,,ca_2023_24.pdf,CA
2023-08-10,Carbon Health,Los Angeles County,2.0,Layoff Permanent,,ca_2023_24.pdf,CA
2023-08-10,Carbon Health,Los Angeles County,1.0,Layoff Permanent,,ca_2023_24.pdf,CA
2023-08-10,Carbon Health,Los Angeles County,3.0,Layoff Permanent,,ca_2023_24.pdf,CA
2023-08-10,Carbon Health,Los Angeles County,3.0,Layoff Permanent,,ca_2023_24.pdf,CA
2023-08-10,Carbon Health,Los Angeles County,3.0,Layoff Permanent,,ca_2023_24.pdf,CA
2023-08-10,Carbon Health,Los Angeles County,5.0,Layoff Permanent,,ca_2023_24.pdf,CA
2023-08-02,Sunrun Inc.,Fresno County,31.0,Layoff Permanent,,ca_2023_24.pdf,CA
2023-08-02,Sunrun Inc. - Angus,Fresno County,22.0,Layoff Permanent,,ca_2023_24.pdf,CA
2023-09-12,LEER Group,Yolo County,122.0,Closure Permanent,,ca_2023_24.pdf,CA
2023-09-12,LEER Group - 1242,Yolo County,27.0,Closure Permanent,,ca_2023_24.pdf,CA
2023-09-12,Sunrun Inc.,Fresno County,1.0,Layoff Permanent,,ca_2023_24.pdf,CA
2023-09-11,Noble House Home Furnishing LLC Superior HQ,Los Angeles County,100.0,Closure Permanent,,ca_2023_24.pdf,CA
2023-09-11,Noble House Home Furnishings LLC GDF Outlet,Los Angeles County,7.0,Closure Permanent,,ca_2023_24.pdf,CA
2023-09-11,Noble House Home Furnishings - 7901 Deering,Los Angeles County,9.0,Closure Permanent,,ca_2023_24.pdf,CA
2023-09-11,Noble House Home Furnishings LLC,Los Angeles County,27.0,Closure Permanent,,ca_2023_24.pdf,CA
2023-09-11,Nobel House Home Furnishings LLC,Los Angeles County,44.0,Closure Permanent,,ca_2023_24.pdf,CA
2023-09-12,Sunrun Inc.,Los Angeles County,3.0,Layoff Permanent,,ca_2023_24.pdf,CA
2023-09-12,Sunrun Inc.,Los Angeles County,24.0,Layoff Permanent,,ca_2023_24.pdf,CA
2023-08-10,Carbon Health,Los Angeles County,3.0,Layoff Permanent,,ca_2023_24.pdf,CA
2023-08-10,Carbon Health,Los Angeles County,3.0,Layoff Permanent,,ca_2023_24.pdf,CA
2023-08-10,Carbon Health,Los Angeles County,3.0,Layoff Permanent,,ca_2023_24.pdf,CA
2023-09-14,"Matheson Flight Extenders, Inc.",Los Angeles County,257.0,Closure Permanent,,ca_2023_24.pdf,CA
2023-08-10,Carbon Health,Santa Clara County,2.0,Layoff Permanent,,ca_2023_24.pdf,CA
2023-08-10,Carbon Health,Orange County,8.0,Layoff Permanent,,ca_2023_24.pdf,CA
2023-08-10,Carbon Health,Orange County,3.0,Layoff Permanent,,ca_2023_24.pdf,CA
2023-08-10,Carbon Health,Orange County,4.0,Layoff Permanent,,ca_2023_24.pdf,CA
2023-08-10,Carbon Health,Orange County,2.0,Layoff Permanent,,ca_2023_24.pdf,CA
2023-08-10,Carbon Health,Orange County,12.0,Layoff Permanent,,ca_2023_24.pdf,CA
2023-08-10,Carbon Health,Orange County,9.0,Layoff Permanent,,ca_2023_24.pdf,CA
2023-08-10,Carbon Health,Orange County,9.0,Layoff Permanent,,ca_2023_24.pdf,CA
2023-08-10,Carbon Health,Orange County,2.0,Layoff Permanent,,ca_2023_24.pdf,CA
2023-08-10,Carbon Health,Riverside County,2.0,Layoff Permanent,,ca_2023_24.pdf,CA
2023-08-10,Carbon Health,Riverside County,2.0,Layoff Permanent,,ca_2023_24.pdf,CA
2023-08-10,Carbon Health,Riverside County,2.0,Layoff Permanent,,ca_2023_24.pdf,CA
2023-08-10,Carbon Health,Riverside County,3.0,Layoff Permanent,,ca_2023_24.pdf,CA
2023-08-10,Carbon Health,Riverside County,1.0,Layoff Permanent,,ca_2023_24.pdf,CA
2023-08-10,Carbon Health,Riverside County,2.0,Layoff Permanent,,ca_2023_24.pdf,CA
2023-08-10,Carbon Health,Riverside County,1.0,Layoff Permanent,,ca_2023_24.pdf,CA
2023-08-10,Carbon Health,Sacramento County,3.0,Layoff Permanent,,ca_2023_24.pdf,CA
2023-09-11,Noble House Home Furnishings LLc,San Bernardino County,61.0,Closure Permanent,,ca_2023_24.pdf,CA
2023-08-10,Carbon Health,San Bernardino County,5.0,Layoff Permanent,,ca_2023_24.pdf,CA
2023-09-12,Sunrun Inc.,San Bernardino County,39.0,Closure Permanent,,ca_2023_24.pdf,CA
2023-08-10,Carbon Health,San Diego County,11.0,Layoff Permanent,,ca_2023_24.pdf,CA
2023-08-10,Carbon Health,San Francisco County,6.0,Layoff Permanent,,ca_2023_24.pdf,CA
2023-09-07,Divvy Homes Inc.,San Francisco County,95.0,Layoff Permanent,,ca_2023_24.pdf,CA
2023-09-12,Sunrun Inc.,San Joaquin County,31.0,Layoff Permanent,,ca_2023_24.pdf,CA
2023-08-10,Carbon Health,Santa Clara County,18.0,Layoff Permanent,,ca_2023_24.pdf,CA
2023-08-10,Carbon Health,Orange County,2.0,Layoff Permanent,,ca_2023_24.pdf,CA
2023-08-10,Carbon Health,Los Angeles County,3.0,Layoff Permanent,,ca_2023_24.pdf,CA
2023-08-10,Carbon Health,Solano County,12.0,Layoff Permanent,,ca_2023_24.pdf,CA
2023-08-10,Carbon Health,Los Angeles County,1.0,Layoff Permanent,,ca_2023_24.pdf,CA
2023-08-10,Carbon Health,Ventura County,10.0,Layoff Permanent,,ca_2023_24.pdf,CA
2023-08-10,Carbon Health,Marin County,2.0,Layoff Permanent,,ca_2023_24.pdf,CA
2023-08-10,Carbon Health,Marin County,3.0,Layoff Permanent,,ca_2023_24.pdf,CA
2023-09-14,Bamboo Group Operations LLC dba Bamboo Sushi,Santa Clara County,40.0,Closure Permanent,,ca_2023_24.pdf,CA
2023-09-14,B. Braun Medical Inc.,Orange County,70.0,Layoff Permanent,,ca_2023_24.pdf,CA
2023-09-14,Container Connection,Riverside County,64.0,Layoff Permanent,,ca_2023_24.pdf,CA
2023-09-14,Formagrid Inc. dba Airtable,San Francisco County,99.0,Layoff Permanent,,ca_2023_24.pdf,CA
2023-09-14,"Pacific Coast Sightseeing Tours & Charters, Inc.",Orange County,68.0,Layoff Permanent,,ca_2023_24.pdf,CA
2023-09-15,Federal Express Corporation,Los Angeles County,405.0,Closure Permanent,,ca_2023_24.pdf,CA
2023-09-15,Niagara Bottling LLC,Los Angeles County,111.0,Layoff Permanent,,ca_2023_24.pdf,CA
2023-09-19,Shaw Industries Group Inc. Plant WG,Los Angeles County,283.0,Closure Permanent,,ca_2023_24.pdf,CA
2023-09-14,"Phillips Tool & Die, Inc. dba Busy Bee Tooling",San Bernardino County,7.0,Closure Permanent,,ca_2023_24.pdf,CA
2023-09-16,Bloom Energy Corporation,Alameda County,34.0,Layoff Permanent,,ca_2023_24.pdf,CA
2023-09-16,Bloom Energy Corporation,Alameda County,1.0,Layoff Permanent,,ca_2023_24.pdf,CA
2023-09-13,City National Bank,Los Angeles County,34.0,Layoff Permanent,,ca_2023_24.pdf,CA
2023-09-13,City National Bank,Los Angeles County,35.0,Layoff Permanent,,ca_2023_24.pdf,CA
2023-09-13,City National Bank,Los Angeles County,2.0,Layoff Permanent,,ca_2023_24.pdf,CA
2023-09-19,"Cacique Foods, LLC",Los Angeles County,203.0,Closure Permanent,,ca_2023_24.pdf,CA
2023-09-19,"Cacique Foods, LLC",Los Angeles County,22.0,Closure Permanent,,ca_2023_24.pdf,CA
2023-09-16,Bloom Energy Corporation,Santa Clara County,12.0,Layoff Permanent,,ca_2023_24.pdf,CA
2023-09-18,Cummins Meritor,San Diego County,15.0,Layoff Permanent,,ca_2023_24.pdf,CA
2023-09-18,Cummins Meritor,San Diego County,1.0,Layoff Permanent,,ca_2023_24.pdf,CA
2023-09-21,Jabil Inc.,Alameda County,138.0,Layoff Temporary,,ca_2023_24.pdf,CA
2023-09-21,Peloton Interactive Inc.,Contra Costa County,6.0,Closure Permanent,,ca_2023_24.pdf,CA
2023-09-20,Dryer's Grand Ice Cream,Kern County,,Layoff Temporary,,ca_2023_24.pdf,CA
2023-09-20,Dryer's Grand Ice Cream,Kern County,,Layoff Temporary,,ca_2023_24.pdf,CA
2023-09-21,"Jabil, Inc.",Orange County,69.0,Layoff Temporary,,ca_2023_24.pdf,CA
2023-09-21,"Roku, Inc.",Santa Clara County,135.0,Layoff Permanent,,ca_2023_24.pdf,CA
2023-09-20,Dreyer's Grand Ice Cream,Tulare County,306.0,Layoff Temporary,,ca_2023_24.pdf,CA
2023-09-20,Dryer's Grand Ice Cream,Tulare County,306.0,Layoff Temporary,,ca_2023_24.pdf,CA
2023-09-19,BMO Bank N.A. successor in interest to Bank of the West,Contra Costa County,200.0,Layoff Permanent,,ca_2023_24.pdf,CA
2023-09-20,"Distribution Alternatives, Inc.",San Bernardino County,15.0,Closure Permanent,,ca_2023_24.pdf,CA
2023-09-19,BMO Bank N.A. successor in interest to Bank of the West,San Francisco County,28.0,Layoff Permanent,,ca_2023_24.pdf,CA
2023-09-21,Jabil Inc.,Santa Clara County,550.0,Closure Temporary,,ca_2023_24.pdf,CA
2023-09-21,Jabil Inc.,Santa Clara County,84.0,Closure Temporary,,ca_2023_24.pdf,CA
2023-09-29,"FM Restaurants HQ, LLC dba El Torito Mexican Grill",Orange County,39.0,Closure Permanent,,ca_2023_24.pdf,CA
2023-10-02,"Stir Foods, LLC",Riverside County,87.0,Closure Permanent,,ca_2023_24.pdf,CA
2023-09-26,SCAT Enterprises LLC,Los Angeles County,48.0,Closure Permanent,,ca_2023_24.pdf,CA
2023-09-13,Google,San Francisco County,41.0,Layoff Permanent,,ca_2023_24.pdf,CA
2023-09-13,Google,San Francisco County,34.0,Layoff Permanent,,ca_2023_24.pdf,CA
2023-09-25,Terre du Soleil dba Auberge du Soleil,Napa County,217.0,Layoff Temporary,,ca_2023_24.pdf,CA
2023-10-02,PhenomeX Inc.,Alameda County,46.0,Layoff Permanent,,ca_2023_24.pdf,CA
2023-10-03,Bloom Energy Corporation,Alameda County,6.0,Layoff Permanent,,ca_2023_24.pdf,CA
2023-10-03,Bloom Energy Corporation,Alameda County,1.0,Layoff Permanent,,ca_2023_24.pdf,CA
2023-09-28,Hallcon Corporation,Santa Clara County,65.0,Layoff Permanent,,ca_2023_24.pdf,CA
2023-10-03,Bloom Energy Corporation,Santa Clara County,8.0,Layoff Permanent,,ca_2023_24.pdf,CA
2023-10-03,Bloom Energy Corporation,Santa Clara County,3.0,Layoff Permanent,,ca_2023_24.pdf,CA
2023-09-28,"Kuubix Global, LLC",Riverside County,7.0,Closure Permanent,,ca_2023_24.pdf,CA
2023-09-27,Kuubix Global LLC,San Joaquin County,17.0,Closure Permanent,,ca_2023_24.pdf,CA
2023-10-03,Bloom Energy Corporation,Santa Clara County,54.0,Layoff Permanent,,ca_2023_24.pdf,CA
2023-09-27,Kuubix Global LLC,Tulare County,46.0,Closure Permanent,,ca_2023_24.pdf,CA
2023-10-04,Gilead Sciences,San Mateo County,41.0,Layoff Permanent,,ca_2023_24.pdf,CA
2023-10-04,Gilead Sciences,San Mateo County,1.0,Layoff Permanent,,ca_2023_24.pdf,CA
2023-10-03,Newell Brands Distribution LLC,San Bernardino County,48.0,Closure Permanent,,ca_2023_24.pdf,CA
2023-10-03,Zymergen Inc.,Alameda County,101.0,Layoff Permanent,,ca_2023_24.pdf,CA
2023-10-04,Amware Fulfillment LLC,Los Angeles County,83.0,Closure Permanent,,ca_2023_24.pdf,CA
2023-10-04,Amware Fulfillment LLC,Los Angeles County,1.0,Closure Permanent,,ca_2023_24.pdf,CA
2023-10-03,"Juniper Networks, Inc.",Santa Clara County,108.0,Layoff Permanent,,ca_2023_24.pdf,CA
2023-10-04,"Performance Plastics, Inc.",San Diego County,77.0,Closure Permanent,,ca_2023_24.pdf,CA
2023-08-10,"Centerra Group, LLC",Humboldt County,6.0,Layoff Permanent,,ca_2023_24.pdf,CA
2023-08-10,"Centerra Group, LLC",Los Angeles County,71.0,Layoff Permanent,,ca_2023_24.pdf,CA
2023-08-10,"Centerra Group, LLC",Los Angeles County,1.0,Layoff Permanent,,ca_2023_24.pdf,CA
2023-08-10,"Centerra Group, LLC",Los Angeles County,6.0,Layoff Permanent,,ca_2023_24.pdf,CA
2023-08-10,"Centerra Group, LLC",Alameda County,21.0,Layoff Permanent,,ca_2023_24.pdf,CA
2023-08-10,"Centerra Group, LLC",San Diego County,67.0,Layoff Permanent,,ca_2023_24.pdf,CA
2023-08-10,"Centerra Group, LLC",San Diego County,1.0,Layoff Permanent,,ca_2023_24.pdf,CA
2023-08-10,"Centerra Group, LLC",San Diego County,1.0,Layoff Permanent,,ca_2023_24.pdf,CA
2023-08-10,"Centerra Group, LLC",San Diego County,1.0,Layoff Permanent,,ca_2023_24.pdf,CA
2023-08-10,"Centerra Group, LLC",San Diego County,3.0,Layoff Permanent,,ca_2023_24.pdf,CA
2023-08-10,"Centerra Group, LLC",San Francisco County,61.0,Layoff Permanent,,ca_2023_24.pdf,CA
2023-08-10,"Centerra Group, LLC",San Francisco County,1.0,Layoff Permanent,,ca_2023_24.pdf,CA
2023-08-10,"Centerra Group, LLC",Santa Clara County,17.0,Layoff Permanent,,ca_2023_24.pdf,CA
2023-09-26,Target Corporation,Contra Costa County,106.0,Closure Permanent,,ca_2023_24.pdf,CA
2023-10-06,"Shift Technologies, Inc.",Los Angeles County,38.0,Closure Permanent,,ca_2023_24.pdf,CA
2023-10-06,"Shift Technologies, Inc.",Alameda County,40.0,Closure Permanent,,ca_2023_24.pdf,CA
2023-09-26,Target Corporation,Alameda County,69.0,Closure Permanent,,ca_2023_24.pdf,CA
2023-10-06,"Matheson Flight Extenders, Inc.",Sacramento County,124.0,Closure Permanent,,ca_2023_24.pdf,CA
2023-09-26,Target Corporation,San Francisco County,63.0,Closure Permanent,,ca_2023_24.pdf,CA
2023-08-10,"Centerra Group, LLC",Los Angeles County,10.0,Layoff Permanent,,ca_2023_24.pdf,CA
2023-08-10,"Centerra Group, LLC",Kern County,7.0,Layoff Permanent,,ca_2023_24.pdf,CA
2023-08-10,"Centerra Group, LLC",Los Angeles County,5.0,Layoff Permanent,,ca_2023_24.pdf,CA
2023-08-10,"Centerra Group, LLC",Los Angeles County,3.0,Layoff Permanent,,ca_2023_24.pdf,CA
2023-08-10,"Centerra Group, LLC",Shasta County,3.0,Layoff Permanent,,ca_2023_24.pdf,CA
2023-08-10,"Centerra Group, LLC",Riverside County,19.0,Layoff Permanent,,ca_2023_24.pdf,CA
2023-08-10,"Centerra Group, LLC",Orange County,18.0,Layoff Permanent,,ca_2023_24.pdf,CA
2023-08-10,"Centerra Group, LLC",Santa Barbara County,4.0,Layoff Permanent,,ca_2023_24.pdf,CA
2023-08-10,"Centerra Group, LLC",Stanislaus County,3.0,Layoff Permanent,,ca_2023_24.pdf,CA
2023-09-13,Southern Counties Express,Los Angeles County,43.0,Layoff Permanent,,ca_2023_24.pdf,CA
2023-10-12,Palmdale Regional Medical Center,Los Angeles County,87.0,Closure Permanent,,ca_2023_24.pdf,CA
2023-10-13,Agilent Technologies,Santa Clara County,29.0,Layoff Permanent,,ca_2023_24.pdf,CA
2023-10-13,Agilent Technologies,Santa Clara County,24.0,Layoff Permanent,,ca_2023_24.pdf,CA
2023-10-13,Agilent Technologies,San Diego County,14.0,Layoff Permanent,,ca_2023_24.pdf,CA
2023-10-13,Agilent Technologes,San Diego County,2.0,Layoff Permanent,,ca_2023_24.pdf,CA
2023-10-12,"Ajinomoto Foods North America, Inc.",San Diego County,538.0,Layoff Temporary,,ca_2023_24.pdf,CA
2023-10-12,LendingClub Bank,San Francisco County,54.0,Layoff Permanent,,ca_2023_24.pdf,CA
2023-10-12,LendingClub Bank,San Francisco County,3.0,Layoff Permanent,,ca_2023_24.pdf,CA
2023-10-12,LendingClub Bank,San Francisco County,7.0,Layoff Permanent,,ca_2023_24.pdf,CA
2023-10-12,LendingClub Bank,San Francisco County,25.0,Layoff Permanent,,ca_2023_24.pdf,CA
2023-10-12,LendingClub Bank,San Francisco County,1.0,Layoff Permanent,,ca_2023_24.pdf,CA
2023-10-12,"Liminex, Inc. dba GoGuardian",Los Angeles County,95.0,Layoff Permanent,,ca_2023_24.pdf,CA
2023-10-16,"Matheson Flight Extenders, Inc.",Alameda County,72.0,Closure Permanent,,ca_2023_24.pdf,CA
2023-09-29,"USS-UPI, LLC",Contra Costa County,474.0,Closure Permanent,,ca_2023_24.pdf,CA
2023-08-10,"Centerra Group, LLC",Fresno County,28.0,Layoff Permanent,,ca_2023_24.pdf,CA
2023-08-10,"Centerra Group, LLC",Imperial County,10.0,Layoff Permanent,,ca_2023_24.pdf,CA
2023-09-14,"Farmers Group, Inc.",Los Angeles County,20.0,Layoff Permanent,,ca_2023_24.pdf,CA
2023-09-14,"Farmers Group, Inc.",Los Angeles County,1.0,Layoff Permanent,,ca_2023_24.pdf,CA
2023-08-10,"Centerra Group, LLC",Mariposa County,2.0,Layoff Permanent,,ca_2023_24.pdf,CA
2023-10-11,"Sober Living by the Sea, Inc.",Orange County,65.0,Closure Permanent,,ca_2023_24.pdf,CA
2023-08-10,"Centerra Group, LLC",Sacramento County,33.0,Layoff Permanent,,ca_2023_24.pdf,CA
2023-10-12,"Central Admixture Pharmacy Services, Inc.",San Diego County,99.0,Closure Permanent,,ca_2023_24.pdf,CA
2023-10-13,"Flexport, Inc.",San Francisco County,134.0,Layoff Permanent,,ca_2023_24.pdf,CA
2023-10-12,"William Kreysler & Associates, Inc.",Solano County,87.0,Layoff Permanent,,ca_2023_24.pdf,CA
2023-10-05,DreamWorks Animation LLC,Los Angeles County,72.0,Layoff Permanent,,ca_2023_24.pdf,CA
2023-10-18,"Amyris, Inc.",Alameda County,112.0,Layoff Permanent,,ca_2023_24.pdf,CA
2023-10-25,"MaxLite, Inc.",Orange County,4.0,Closure Permanent,,ca_2023_24.pdf,CA
2023-10-24,First Financial Credit Union,Los Angeles County,3.0,Closure Permanent,,ca_2023_24.pdf,CA
2024-04-17,"Mexi-Grill, LLC dba Javier's Newport Beach",Orange County,239.0,Closure Temporary,,ca_2023_24.pdf,CA
2023-10-25,ResMEd Inc.,San Diego County,364.0,Layoff Permanent,,ca_2023_24.pdf,CA
2023-10-17,"Baxalta US, Inc.",Los Angeles County,14.0,Closure Permanent,,ca_2023_24.pdf,CA
2023-10-17,"Baxalta US, Inc.",Los Angeles County,1.0,Closure Permanent,,ca_2023_24.pdf,CA
2023-10-30,Capital One Financial,Orange County,49.0,Closure Permanent,,ca_2023_24.pdf,CA
2023-10-17,"Becton, Dickinson and Company",San Diego County,48.0,Layoff Permanent,,ca_2023_24.pdf,CA
2023-10-30,Sunrise Growers Inc.,Ventura County,34.0,Closure Permanent,,ca_2023_24.pdf,CA
2023-10-18,WMBE Payrolling Inc. dba TCWGlobal,Alameda County,88.0,Closure Permanent,,ca_2023_24.pdf,CA
2023-10-16,Surefox North America Inc,Santa Clara County,126.0,Layoff Permanent,,ca_2023_24.pdf,CA
2023-10-16,Surefox North America Inc,Santa Clara County,193.0,Layoff Permanent,,ca_2023_24.pdf,CA
2023-10-16,Surefox North America Inc,Santa Clara County,57.0,Layoff Permanent,,ca_2023_24.pdf,CA
2023-10-16,Surefox North America Inc,Santa Clara County,10.0,Layoff Permanent,,ca_2023_24.pdf,CA
2023-10-13,"Arden Hills Country Club, Inc",Sacramento County,33.0,Closure Permanent,,ca_2023_24.pdf,CA
2023-10-23,Kitayama Brothers Inc.,Santa Cruz County,56.0,Closure Permanent,,ca_2023_24.pdf,CA
2023-10-25,"Exabeam, Inc.",San Mateo County,94.0,Layoff Permanent,,ca_2023_24.pdf,CA
2023-10-11,Qualcomm Incorporated,Santa Clara County,189.0,Layoff Permanent,,ca_2023_24.pdf,CA
2023-10-11,Qualcomm Incorporated,Santa Clara County,1.0,Layoff Permanent,,ca_2023_24.pdf,CA
2023-10-11,Qualcomm Incorporated,Santa Clara County,1.0,Layoff Permanent,,ca_2023_24.pdf,CA
2023-10-11,Qualcomm Incorporated,Santa Clara County,1.0,Layoff Permanent,,ca_2023_24.pdf,CA
2023-10-11,Qualcomm Incorporated,Santa Clara County,1.0,Layoff Permanent,,ca_2023_24.pdf,CA
2023-10-11,Qualcomm Incorporated,Santa Clara County,1.0,Layoff Permanent,,ca_2023_24.pdf,CA
2023-10-11,Qualcomm Incorporated,San Diego County,,Layoff Permanent,,ca_2023_24.pdf,CA
2023-10-26,Fashion Institute of Design & Merchandising FIDM,Los Angeles County,322.0,Layoff Permanent,,ca_2023_24.pdf,CA
2023-10-27,Momentum for Health,Santa Clara County,84.0,Closure Permanent,,ca_2023_24.pdf,CA
2023-10-27,Momentum for Health,Santa Clara County,1.0,Closure Permanent,,ca_2023_24.pdf,CA
2023-10-27,Momentum for Health,Santa Clara County,1.0,Closure Permanent,,ca_2023_24.pdf,CA
2023-10-18,Ojai Valley Inn,Ventura County,870.0,Closure Temporary,,ca_2023_24.pdf,CA
2023-11-01,Family YMCA of the Desert at Palm Desert Aquatic Center,Riverside County,85.0,"Layoff Not known at
this time",,ca_2023_24.pdf,CA
2023-11-01,"Locanabio, Inc.",San Diego County,58.0,Closure Permanent,,ca_2023_24.pdf,CA
2023-11-01,The Hotel del Coronado,San Diego County,10.0,Layoff Temporary,,ca_2023_24.pdf,CA
2023-11-01,The Hotel del Coronado,San Diego County,82.0,Layoff Temporary,,ca_2023_24.pdf,CA
2023-11-01,The Hotel del Coronado,San Diego County,43.0,Layoff Temporary,,ca_2023_24.pdf,CA
2023-11-01,The Hotel del Coronado,San Diego County,6.0,Layoff Temporary,,ca_2023_24.pdf,CA
2023-11-01,The Hotel del Coronado,San Diego County,56.0,Layoff Temporary,,ca_2023_24.pdf,CA
2023-11-01,Miyoko's PBC,Sonoma County,33.0,Layoff Permanent,,ca_2023_24.pdf,CA
2023-10-30,"Elevance Health, Inc.",Los Angeles County,87.0,Layoff Permanent,,ca_2023_24.pdf,CA
2023-10-25,SK hynix NAND Product Solutions Corp. dba Solidigm,Sacramento County,172.0,Layoff Permanent,,ca_2023_24.pdf,CA
2023-10-30,St. John of God Health Care Services,San Bernardino County,27.0,Layoff Permanent,,ca_2023_24.pdf,CA
2023-10-11,"Alvarado Hospital, LLC dba Alvarado Hospital Medical Center",San Diego County,808.0,Layoff Permanent,,ca_2023_24.pdf,CA
2023-10-24,John Muir Health (JMH),Contra Costa County,164.0,Layoff Permanent,,ca_2023_24.pdf,CA
2023-11-03,Command Security Service LP at Google/Bayview,Santa Clara County,33.0,Layoff Permanent,,ca_2023_24.pdf,CA
2023-10-04,"Becton, Dickinson, and Company",San Diego County,38.0,Layoff Permanent,,ca_2023_24.pdf,CA
2023-10-04,"Becton, Dickinson, and Company - Pacific",San Diego County,27.0,Layoff Permanent,,ca_2023_24.pdf,CA
2023-10-04,"Becton, Dickinson, and Company",San Diego County,3.0,Layoff Permanent,,ca_2023_24.pdf,CA
2023-10-04,"Becton, Dickinson, and Company",San Diego County,1.0,Layoff Permanent,,ca_2023_24.pdf,CA
2023-10-04,"Becton, Dickinson, and Company",San Diego County,2.0,Layoff Permanent,,ca_2023_24.pdf,CA
2023-10-04,"Becton, Dickinson, and Company",San Diego County,26.0,Layoff Permanent,,ca_2023_24.pdf,CA
2023-10-04,"Becton, Dickinson, and Company",San Diego County,1.0,Layoff Permanent,,ca_2023_24.pdf,CA
2023-10-04,"Becton, Dickinson, and Company",San Diego County,1.0,Layoff Permanent,,ca_2023_24.pdf,CA
2023-10-04,"Becton, Dickinson, and Company",San Diego County,4.0,Layoff Permanent,,ca_2023_24.pdf,CA
2023-10-04,"Becton, Dickinson, and Company",San Diego County,1.0,Layoff Permanent,,ca_2023_24.pdf,CA
2023-10-04,"Becton, Dickinson, and Company",San Diego County,1.0,Layoff Permanent,,ca_2023_24.pdf,CA
2023-10-25,Nestle USA,Stanislaus County,86.0,Layoff Temporary,,ca_2023_24.pdf,CA
2023-10-09,"Cygnus Home Service, LLC dba Yelloh",Kern County,13.0,Closure Permanent,,ca_2023_24.pdf,CA
2023-10-30,Vertical Supply Group,Los Angeles County,7.0,Closure Permanent,,ca_2023_24.pdf,CA
2023-10-09,Yelloh,Butte County,7.0,Closure Permanent,,ca_2023_24.pdf,CA
2023-10-09,Yelloh,Butte County,11.0,Closure Permanent,,ca_2023_24.pdf,CA
2023-10-09,"Cygnus Home Service, LLC dba Yelloh",Riverside County,3.0,Closure Permanent,,ca_2023_24.pdf,CA
2023-10-09,"Cygnus Home Service, LLC dba Yelloh",Sacramento County,7.0,Closure Permanent,,ca_2023_24.pdf,CA
2023-10-09,"Cygnus Home Service, LLC dba Yelloh",San Joaquin County,16.0,Closure Permanent,,ca_2023_24.pdf,CA
2023-10-09,"Cygnus Home Service, LLC dba Yelloh",Sonoma County,9.0,Closure Permanent,,ca_2023_24.pdf,CA
2023-10-28,Bloom Energy Corporation,Alameda County,47.0,Layoff Permanent,,ca_2023_24.pdf,CA
2023-10-28,Bloom Energy Corporation,Alameda County,1.0,Layoff Permanent,,ca_2023_24.pdf,CA
2023-10-28,Bloom Energy Corporation,Santa Clara County,13.0,Layoff Permanent,,ca_2023_24.pdf,CA
2023-10-31,"San Diego Imaging Management, Inc.",San Diego County,52.0,Layoff Permanent,,ca_2023_24.pdf,CA
2023-11-02,Parker Hannifin Corporation,Alameda County,4.0,Closure Permanent,,ca_2023_24.pdf,CA
2023-10-30,"PWLC I, Inc.",Orange County,60.0,Layoff Permanent,,ca_2023_24.pdf,CA
2023-11-01,"Viasat, Inc.",San Diego County,228.0,Layoff Permanent,,ca_2023_24.pdf,CA
2023-11-02,Amazon,San Francisco County,57.0,Layoff Permanent,,ca_2023_24.pdf,CA
2023-11-01,"Viasat, Inc.",Santa Clara County,11.0,Layoff Permanent,,ca_2023_24.pdf,CA
2023-11-02,Amazon,Los Angeles County,114.0,Closure Permanent,,ca_2023_24.pdf,CA
2023-11-01,Informatica LLC,San Mateo County,90.0,Layoff Permanent,,ca_2023_24.pdf,CA
2023-11-01,"Sangamo Therapeutics, Inc.",San Mateo County,65.0,Closure Permanent,,ca_2023_24.pdf,CA
2023-11-01,"Sangamo Therapeutics, Inc.",San Mateo County,37.0,Layoff Permanent,,ca_2023_24.pdf,CA
2023-11-06,"FM Restaurants HQ, LLC dba El Torito Mexican Grill",Orange County,42.0,Closure Permanent,,ca_2023_24.pdf,CA
2023-11-01,"Alvarado Hospital, LLC dba Alvarado Hospital Medical Center",San Diego County,6.0,Closure Permanent,,ca_2023_24.pdf,CA
2023-10-31,"Faire Wholesale, Inc.",San Francisco County,70.0,Layoff Permanent,,ca_2023_24.pdf,CA
2023-11-01,Organic Milling - Allen Facility,Los Angeles County,7.0,Layoff Permanent,,ca_2023_24.pdf,CA
2023-11-01,Organic Milling - Acacia Facility,Los Angeles County,1.0,Layoff Permanent,,ca_2023_24.pdf,CA
2023-11-02,Daiso Distribution Center,Los Angeles County,74.0,Closure Permanent,,ca_2023_24.pdf,CA
2023-11-07,Flex LTD,Santa Clara County,31.0,Layoff Permanent,,ca_2023_24.pdf,CA
2023-11-07,"Nextdoor, Inc.",San Francisco County,99.0,Layoff Permanent,,ca_2023_24.pdf,CA
2023-11-07,"ForgeRock, Inc.",San Francisco County,4.0,Layoff Permanent,,ca_2023_24.pdf,CA
2023-11-07,"ForgeRock, Inc.",San Francisco County,73.0,Layoff Permanent,,ca_2023_24.pdf,CA
2023-11-07,"ForgeRock, Inc.",San Francisco County,3.0,Layoff Permanent,,ca_2023_24.pdf,CA
2023-11-07,"ForgeRock, Inc.",San Francisco County,3.0,Layoff Permanent,,ca_2023_24.pdf,CA
2023-11-07,"ForgeRock, Inc.",San Francisco County,1.0,Layoff Permanent,,ca_2023_24.pdf,CA
2023-11-07,"ForgeRock, Inc.",San Francisco County,1.0,Layoff Permanent,,ca_2023_24.pdf,CA
2023-11-07,"ForgeRock, Inc.",San Francisco County,2.0,Layoff Permanent,,ca_2023_24.pdf,CA
2023-11-07,"ForgeRock, Inc.",San Francisco County,1.0,Layoff Permanent,,ca_2023_24.pdf,CA
2023-11-07,"ForgeRock, Inc.",San Francisco County,1.0,Layoff Permanent,,ca_2023_24.pdf,CA
2023-11-07,"ForgeRock, Inc.",San Francisco County,2.0,Layoff Permanent,,ca_2023_24.pdf,CA
2023-11-07,"ForgeRock, Inc.",San Francisco County,6.0,Layoff Permanent,,ca_2023_24.pdf,CA
2023-11-06,"Charles Schwab & Co., Inc.",San Francisco County,155.0,Layoff Permanent,,ca_2023_24.pdf,CA
2023-11-03,"Pac-12 Enterprises, LLC",Contra Costa County,141.0,Layoff Permanent,,ca_2023_24.pdf,CA
2023-11-02,St James Infirmary,San Francisco County,71.0,Closure Permanent,,ca_2023_24.pdf,CA
2023-11-03,"Analog Devices, Inc.",Santa Clara County,109.0,Layoff Permanent,,ca_2023_24.pdf,CA
2023-11-03,"Analog Devices, Inc.",Santa Clara County,1.0,Layoff Permanent,,ca_2023_24.pdf,CA
2023-11-03,"Analog Devices, Inc.",Santa Clara County,1.0,Layoff Permanent,,ca_2023_24.pdf,CA
2023-11-06,Kaiser Foundation Hospitals,Los Angeles County,26.0,Layoff Permanent,,ca_2023_24.pdf,CA
2023-11-06,Kaiser Foundation Hospitals - Pasadena,Los Angeles County,22.0,Layoff Permanent,,ca_2023_24.pdf,CA
2023-11-06,Kaiser Foundation Hospitals - Fair Oaks,Los Angeles County,2.0,Layoff Permanent,,ca_2023_24.pdf,CA
2023-11-06,Kaiser Foundation Hospitals,Los Angeles County,1.0,Layoff Permanent,,ca_2023_24.pdf,CA
2023-11-06,Kaiser Foundation Hospitals,Los Angeles County,1.0,Layoff Permanent,,ca_2023_24.pdf,CA
2023-11-06,Kaiser Foundation Hospitals,San Mateo County,1.0,Layoff Permanent,,ca_2023_24.pdf,CA
2023-11-06,Kaiser Foundation Hospitals - Lakeside,Alameda County,4.0,Layoff Permanent,,ca_2023_24.pdf,CA
2023-11-06,Kaiser Foundation Hospitals - Harrison,Alameda County,6.0,Layoff Permanent,,ca_2023_24.pdf,CA
2023-11-06,Kaiser Foundation Hospitals - One,Alameda County,2.0,Layoff Permanent,,ca_2023_24.pdf,CA
2023-11-06,Kaiser Foundation Hospitals,Riverside County,4.0,Layoff Permanent,,ca_2023_24.pdf,CA
2023-11-03,Intel Corporation,Sacramento County,235.0,Layoff Permanent,,ca_2023_24.pdf,CA
2023-11-06,Kaiser Foundation Hospitals,Los Angeles County,1.0,Layoff Permanent,,ca_2023_24.pdf,CA
2023-11-06,Kaiser Foundation Hospitals,Los Angeles County,20.0,Layoff Permanent,,ca_2023_24.pdf,CA
2023-11-06,Kaiser Foundation Hospitals,Alameda County,41.0,Layoff Permanent,,ca_2023_24.pdf,CA
2023-11-06,Kaiser Foundation Hospitals,Contra Costa County,1.0,Layoff Temporary,,ca_2023_24.pdf,CA
2023-11-13,"Oracle America, Inc. at Adventist Health",Placer County,65.0,Layoff Permanent,,ca_2023_24.pdf,CA
2023-11-06,Rico Corp. dba D' Addario Woodwinds,Los Angeles County,26.0,Closure Permanent,,ca_2023_24.pdf,CA
2023-11-06,Kaiser Foundation Hospitals,San Bernardino County,6.0,Layoff Permanent,,ca_2023_24.pdf,CA
2023-11-06,Kaiser Foundation Hospitals - Arrow,San Bernardino County,1.0,Layoff Permanent,,ca_2023_24.pdf,CA
2023-11-08,"Global Expedited Transportation, Inc.",San Bernardino County,51.0,Closure Permanent,,ca_2023_24.pdf,CA
2023-11-06,Kaiser Foundation Hospitals - Canyon,San Diego County,8.0,Layoff Permanent,,ca_2023_24.pdf,CA
2023-11-06,Kaiser Foundation Hospitals - Mission,San Diego County,1.0,Layoff Permanent,,ca_2023_24.pdf,CA
2023-11-06,Kaiser Foundation Hospitals - Rio,San Diego County,5.0,Layoff Permanent,,ca_2023_24.pdf,CA
2023-11-08,"Acutus Medical, Inc.",San Diego County,140.0,Layoff Permanent,,ca_2023_24.pdf,CA
2023-11-08,"Acutus Medical, Inc.",San Diego County,7.0,Layoff Permanent,,ca_2023_24.pdf,CA
2023-11-01,Splunk Inc.,San Francisco County,93.0,Layoff Permanent,,ca_2023_24.pdf,CA
2023-11-01,Splunk Inc.,Santa Clara County,83.0,Layoff Permanent,,ca_2023_24.pdf,CA
2023-11-09,Accenture,Santa Clara County,87.0,Layoff Permanent,,ca_2023_24.pdf,CA
2023-11-13,The Apothecarium,Santa Cruz County,7.0,Closure Permanent,,ca_2023_24.pdf,CA
2023-11-01,Atara Biotherapeutics,Ventura County,72.0,Layoff Permanent,,ca_2023_24.pdf,CA
2023-11-01,Atara Biotherapeutics,Ventura County,1.0,Layoff Permanent,,ca_2023_24.pdf,CA
2023-11-02,Hyperloop One,Los Angeles County,1.0,Layoff Permanent,,ca_2023_24.pdf,CA
2023-11-02,Hyperloop One,Los Angeles County,1.0,Layoff Permanent,,ca_2023_24.pdf,CA
2023-11-02,Hyperloop One,Los Angeles County,1.0,Layoff Permanent,,ca_2023_24.pdf,CA
2023-11-02,Hyperloop One,Los Angeles County,1.0,Layoff Permanent,,ca_2023_24.pdf,CA
2023-11-02,Hyperloop One,Los Angeles County,1.0,Layoff Permanent,,ca_2023_24.pdf,CA
2023-11-02,Hyperloop One,Los Angeles County,1.0,Layoff Permanent,,ca_2023_24.pdf,CA
2023-11-02,Hyperloop One,Los Angeles County,1.0,Layoff Permanent,,ca_2023_24.pdf,CA
2023-11-02,Hyperloop One,Los Angeles County,1.0,Layoff Permanent,,ca_2023_24.pdf,CA
2023-11-02,Hyperloop One,Los Angeles County,1.0,Layoff Permanent,,ca_2023_24.pdf,CA
2023-11-02,Hyperloop One,Los Angeles County,1.0,Layoff Permanent,,ca_2023_24.pdf,CA
2023-11-02,Hyperloop One,Los Angeles County,1.0,Layoff Permanent,,ca_2023_24.pdf,CA
2023-11-02,Hyperloop One,Los Angeles County,3.0,Layoff Permanent,,ca_2023_24.pdf,CA
2023-11-01,"TVT Trucking, Inc. and FTU Labor Contractors",Merced County,142.0,Closure Permanent,,ca_2023_24.pdf,CA
2023-11-15,"Marvell Semiconductor, Inc.",Santa Clara County,58.0,Layoff Permanent,,ca_2023_24.pdf,CA
2023-11-15,"Marvell Semiconductor, Inc.",Orange County,7.0,Layoff Permanent,,ca_2023_24.pdf,CA
2023-11-09,"Distribution Alternatives, Inc.",San Bernardino County,23.0,Closure Permanent,,ca_2023_24.pdf,CA
2023-11-06,"AHMC San Gabriel Valley Medical Center LP dba San Gabriel
Valley Medical Center",Los Angeles County,29.0,Layoff Permanent,,ca_2023_24.pdf,CA
2023-11-06,"TriLink Biotechnologies, LLC and Maravai Intermediate
Holdings, LLC",San Diego County,85.0,Layoff Permanent,,ca_2023_24.pdf,CA
2023-11-06,"TriLink Biotechnologies, LLC and Maravai Intermediate
Holdings, LLC",San Diego County,1.0,Layoff Permanent,,ca_2023_24.pdf,CA
2023-11-06,"TriLink Biotechnologies, LLC and Maravai Intermediate
Holdings, LLC",San Diego County,1.0,Layoff Permanent,,ca_2023_24.pdf,CA
2023-11-06,"TriLink Biotechnologies, LLC and Maravai Intermediate
Holdings, LLC",San Diego County,1.0,Layoff Permanent,,ca_2023_24.pdf,CA
2023-11-08,"Virgin Galactic, LLC",Kern County,75.0,Layoff Permanent,,ca_2023_24.pdf,CA
2023-11-08,"Virgin Galactic, LLC",Kern County,1.0,Layoff Permanent,,ca_2023_24.pdf,CA
2023-11-08,"Virgin Galactic, LLC",Kern County,1.0,Layoff Permanent,,ca_2023_24.pdf,CA
2023-11-08,"Virgin Galactic, LLC",Kern County,1.0,Layoff Permanent,,ca_2023_24.pdf,CA
2023-11-03,Intel Corporation,Santa Clara County,73.0,Layoff Permanent,,ca_2023_24.pdf,CA
2023-11-03,Intel Corporation,Santa Clara County,1.0,Layoff Permanent,,ca_2023_24.pdf,CA
2023-11-03,Intel Corporation,Santa Clara County,1.0,Layoff Permanent,,ca_2023_24.pdf,CA
2023-11-03,Intel Corporation,Santa Clara County,1.0,Layoff Permanent,,ca_2023_24.pdf,CA
2023-11-09,"Agilent Technologies, Inc.",Santa Clara County,32.0,Layoff Permanent,,ca_2023_24.pdf,CA
2023-11-09,"Agilent Technologies, Inc.",San Diego County,1.0,Layoff Permanent,,ca_2023_24.pdf,CA
2023-11-09,"Agilent Technologies, Inc.",San Diego County,3.0,Layoff Permanent,,ca_2023_24.pdf,CA
2023-11-09,"Owens-Brockway Glass Container, Inc.",San Joaquin County,130.0,Layoff Temporary,,ca_2023_24.pdf,CA
2023-11-14,Talis Biomedical Corporation,San Mateo County,103.0,Closure Permanent,,ca_2023_24.pdf,CA
2023-11-13,"Fish Market Restaurants, Inc.",San Diego County,4.0,Closure Permanent,,ca_2023_24.pdf,CA
2023-11-15,"Knox Attorney Service, Inc.",Santa Clara County,85.0,Closure Permanent,,ca_2023_24.pdf,CA
2023-11-15,"NextGen Healthcare, Inc.",Orange County,56.0,Layoff Permanent,,ca_2023_24.pdf,CA
2023-11-15,"NextGen Healthcare, Inc.",Orange County,2.0,Layoff Permanent,,ca_2023_24.pdf,CA
2023-11-15,"NextGen Healthcare, Inc.",Orange County,45.0,Layoff Permanent,,ca_2023_24.pdf,CA
2023-11-15,Western Digital,Orange County,57.0,Layoff Permanent,,ca_2023_24.pdf,CA
2023-11-15,Renesas Electronics Corporation,Santa Clara County,50.0,Layoff Permanent,,ca_2023_24.pdf,CA
2023-11-15,Renesas Electronics Corporation,Santa Clara County,15.0,Layoff Permanent,,ca_2023_24.pdf,CA
2023-11-15,Thermo Fisher Scientific,Sonoma County,74.0,Layoff Permanent,,ca_2023_24.pdf,CA
2023-11-14,Sunrun Inc.,Contra Costa County,26.0,Layoff Permanent,,ca_2023_24.pdf,CA
2023-11-16,Pac-12 Conference,Contra Costa County,46.0,Layoff Permanent,,ca_2023_24.pdf,CA
2023-11-08,The Boeing Company,Los Angeles County,68.0,Layoff Permanent,,ca_2023_24.pdf,CA
2023-11-15,Western Digital,Santa Clara County,60.0,Layoff Permanent,,ca_2023_24.pdf,CA
2023-11-08,Boeing Company,Orange County,2.0,Layoff Permanent,,ca_2023_24.pdf,CA
2023-11-08,Boeing Company,Orange County,1.0,Layoff Permanent,,ca_2023_24.pdf,CA
2023-11-08,The Boeing Company,Orange County,22.0,Layoff Permanent,,ca_2023_24.pdf,CA
2023-11-08,The Boeing Company,Los Angeles County,1.0,Layoff Permanent,,ca_2023_24.pdf,CA
2023-11-15,Pennymac,Los Angeles County,18.0,Layoff Permanent,,ca_2023_24.pdf,CA
2023-11-15,Pennymac,Placer County,2.0,Layoff Permanent,,ca_2023_24.pdf,CA
2023-11-27,Blue Shield of California,Alameda County,49.0,Layoff Permanent,,ca_2023_24.pdf,CA
2023-11-27,Blue Shield of California,El Dorado County,31.0,Layoff Permanent,,ca_2023_24.pdf,CA
2023-11-27,Blue Shield of California,El Dorado County,16.0,Layoff Permanent,,ca_2023_24.pdf,CA
2023-11-27,Blue Shield of California,Los Angeles County,19.0,Layoff Permanent,,ca_2023_24.pdf,CA
2023-11-27,Blue Shield of California,Los Angeles County,13.0,Layoff Permanent,,ca_2023_24.pdf,CA
2023-11-27,Blue Shield of California,Sacramento County,16.0,Layoff Permanent,,ca_2023_24.pdf,CA
2023-11-27,Blue Shield of California,Sacramento County,4.0,Layoff Permanent,,ca_2023_24.pdf,CA
2023-11-27,Blue Shield of California,San Diego County,3.0,Layoff Permanent,,ca_2023_24.pdf,CA
2023-11-27,Blue Shield of California,San Joaquin County,13.0,Layoff Permanent,,ca_2023_24.pdf,CA
2023-11-27,Blue Shield of California,Shasta County,1.0,Layoff Permanent,,ca_2023_24.pdf,CA
2023-11-15,Pennymac,Los Angeles County,51.0,Layoff Permanent,,ca_2023_24.pdf,CA
2023-11-15,Pennymac,Ventura County,4.0,Layoff Permanent,,ca_2023_24.pdf,CA
2023-11-15,Pennymac,Ventura County,10.0,Layoff Permanent,,ca_2023_24.pdf,CA
2023-11-22,Bandier West Hollywood LLC,Los Angeles County,7.0,Layoff Permanent,,ca_2023_24.pdf,CA
2023-11-20,Lance Camper Mfg. Corp,Los Angeles County,123.0,Layoff Permanent,,ca_2023_24.pdf,CA
2023-11-21,GE United Technologies LLC,Los Angeles County,188.0,Closure Permanent,,ca_2023_24.pdf,CA
2024-01-03,EchoPark Automotive Long Beach,Los Angeles County,32.0,Closure Permanent,,ca_2023_24.pdf,CA
2023-11-21,GE United Technologies II Inc.,San Mateo County,60.0,Closure Permanent,,ca_2023_24.pdf,CA
2023-11-27,Broadcom Inc.,Santa Clara County,,Layoff Permanent,,ca_2023_24.pdf,CA
2023-11-08,Lendlease Americas Inc.,Santa Clara County,13.0,Layoff Permanent,,ca_2023_24.pdf,CA
2023-11-08,Lendlease Americas Inc.,Santa Clara County,16.0,Layoff Permanent,,ca_2023_24.pdf,CA
2023-11-08,Lendlease Americas Inc.,Santa Clara County,27.0,Layoff Permanent,,ca_2023_24.pdf,CA
2023-11-20,"Boardriders Wholesale, LLC",Orange County,2.0,Layoff Permanent,,ca_2023_24.pdf,CA
2023-11-08,Lendlease Americas Inc.,San Francisco County,1.0,Closure Permanent,,ca_2023_24.pdf,CA
2023-11-06,Kinecta Federal Credit Union,Los Angeles County,85.0,Layoff Permanent,,ca_2023_24.pdf,CA
2023-11-28,HMI,Alameda County,16.0,Closure Permanent,,ca_2023_24.pdf,CA
2023-11-20,"Herbalife International of America, Inc",Los Angeles County,12.0,Layoff Permanent,,ca_2023_24.pdf,CA
2023-11-16,Quality Fabrication Inc.,Los Angeles County,55.0,Closure Permanent,,ca_2023_24.pdf,CA
2023-11-14,Sunrun Inc.,San Diego County,15.0,Layoff Permanent,,ca_2023_24.pdf,CA
2023-11-14,Sunrun Inc.,San Diego County,10.0,Layoff Permanent,,ca_2023_24.pdf,CA
2023-11-14,Sunrun Inc.,San Diego County,37.0,Layoff Permanent,,ca_2023_24.pdf,CA
2023-11-20,"Herbalife International of America, Inc",Los Angeles County,34.0,Layoff Permanent,,ca_2023_24.pdf,CA
2023-11-20,"Herbalife International of America, Inc",Los Angeles County,63.0,Layoff Permanent,,ca_2023_24.pdf,CA
2023-11-27,"Dairy Farmers of America, Inc.",Ventura County,68.0,Closure Permanent,,ca_2023_24.pdf,CA
2023-11-29,Vans HQ,Orange County,42.0,Layoff Permanent,,ca_2023_24.pdf,CA
2023-11-27,"Block, Inc.",San Francisco County,51.0,Layoff Permanent,,ca_2023_24.pdf,CA
2023-11-28,Chart Inc.,Alameda County,8.0,Closure Permanent,,ca_2023_24.pdf,CA
2023-12-01,"Personalis, Inc.",Alameda County,62.0,Layoff Permanent,,ca_2023_24.pdf,CA
2023-11-30,"Lonza Biologics, Inc.",Alameda County,218.0,Closure Permanent,,ca_2023_24.pdf,CA
2023-11-22,Knauf Insulation Inc.,Shasta County,97.0,Layoff Temporary,,ca_2023_24.pdf,CA
2023-12-06,"Boardriders Wholesale, LLC",Orange County,9.0,Layoff Permanent,,ca_2023_24.pdf,CA
2023-12-06,"Boardriders Wholesale, LLC",Riverside County,139.0,Layoff Permanent,,ca_2023_24.pdf,CA
2023-11-30,Crystal Geyser Water Company,Napa County,28.0,Layoff Permanent,,ca_2023_24.pdf,CA
2023-12-01,"Matheson Trucking, Inc.",Sacramento County,40.0,Closure Permanent,,ca_2023_24.pdf,CA
2023-12-01,"Matheson Flight Extenders, Inc.",Sacramento County,57.0,Closure Permanent,,ca_2023_24.pdf,CA
2023-12-11,"C&E GP Specialists, Inc.",San Diego County,16.0,Closure Permanent,,ca_2023_24.pdf,CA
2023-11-03,Ruan Transport Corporation,Stanislaus County,47.0,Closure Permanent,,ca_2023_24.pdf,CA
2023-11-03,Ruan Transport Corporation,Tulare County,92.0,Closure Permanent,,ca_2023_24.pdf,CA
2023-11-13,Dynaflex Prodcuts,Los Angeles County,14.0,Closure Permanent,,ca_2023_24.pdf,CA
2023-12-04,"Eclipse Advantage, LLC at Rite Aid",Los Angeles County,27.0,Closure Permanent,,ca_2023_24.pdf,CA
2023-12-02,Bristol Farms' Newfound Market Irvine Grocery Store,Orange County,138.0,Closure Permanent,,ca_2023_24.pdf,CA
2023-11-16,"Distribution Alternatives, Inc.",San Bernardino County,1.0,Closure Permanent,,ca_2023_24.pdf,CA
2023-12-05,"BILL Operations, LLC",Santa Clara County,156.0,Layoff Permanent,,ca_2023_24.pdf,CA
2023-12-05,"BILL Operations, LLC",Santa Clara County,156.0,Layoff Permanent,,ca_2023_24.pdf,CA
2023-12-05,"BILL Operations, LLC",Santa Clara County,156.0,Layoff Permanent,,ca_2023_24.pdf,CA
2023-12-04,"Eclipse Advantage, LLC at Rite Aid",Yolo County,11.0,Closure Permanent,,ca_2023_24.pdf,CA
2023-12-08,"Amyris, Inc.",Alameda County,89.0,Layoff Permanent,,ca_2023_24.pdf,CA
2023-12-08,Country Club Mortgage,Fresno County,24.0,Closure Permanent,,ca_2023_24.pdf,CA
2023-12-08,Country Club Mortgage,Fresno County,6.0,Closure Permanent,,ca_2023_24.pdf,CA
2023-12-08,Country Club Mortgage,Kings County,3.0,Closure Permanent,,ca_2023_24.pdf,CA
2023-12-05,Spotify USA Inc,Los Angeles County,87.0,Layoff Permanent,,ca_2023_24.pdf,CA
2023-11-30,Ace Hotel Group LLC at Ace Hotel Los Angeles,Los Angeles County,169.0,Layoff Permanent,,ca_2023_24.pdf,CA
2023-12-05,"Valley Processing, a HEXPOL Company",Los Angeles County,60.0,Closure Permanent,,ca_2023_24.pdf,CA
2023-12-08,VF Santa Fe Springs Distribution Center,Los Angeles County,207.0,Closure Permanent,,ca_2023_24.pdf,CA
2023-12-08,VF Santa Fe Springs Distribution Center,Los Angeles County,48.0,Closure Permanent,,ca_2023_24.pdf,CA
2023-12-08,"E. J. Lauren, LLC",Los Angeles County,69.0,Closure Permanent,,ca_2023_24.pdf,CA
2023-12-05,SPS Ventures Inc.,Los Angeles County,162.0,Layoff Permanent,,ca_2023_24.pdf,CA
2023-12-06,"Juniper Networks, Inc.",Santa Clara County,51.0,Layoff Permanent,,ca_2023_24.pdf,CA
2023-12-08,Google,Santa Clara County,73.0,Closure Permanent,,ca_2023_24.pdf,CA
2023-12-07,B. Braun Medical Inc.,Orange County,13.0,Layoff Permanent,,ca_2023_24.pdf,CA
2023-12-11,Alsco Inc.,San Diego County,107.0,Closure Permanent,,ca_2023_24.pdf,CA
2023-12-05,Spotify USA Inc.,San Francisco County,44.0,Layoff Permanent,,ca_2023_24.pdf,CA
2023-12-08,Country Club Mortgage - Hall,Tulare County,28.0,Closure Permanent,,ca_2023_24.pdf,CA
2023-12-08,Country Club Mortgage - Center,Tulare County,41.0,Closure Permanent,,ca_2023_24.pdf,CA
2023-12-08,Country Club Mortgage,Tulare County,3.0,Closure Permanent,,ca_2023_24.pdf,CA
2023-12-05,"Age of Learning, Inc.",Los Angeles County,94.0,Layoff Permanent,,ca_2023_24.pdf,CA
2023-12-08,"QG Printing II, LLC",Yolo County,56.0,Closure Permanent,,ca_2023_24.pdf,CA
2023-11-30,Global Medical Response,Alameda County,84.0,Closure Permanent,,ca_2023_24.pdf,CA
2023-12-13,Lifelong Medical Care dba Lifelong Ashby Health Center,Alameda County,55.0,Closure Permanent,,ca_2023_24.pdf,CA
2023-11-29,"DePuy Synthes Products, Inc.",Alameda County,25.0,Layoff Permanent,,ca_2023_24.pdf,CA
2023-12-13,Ridgecrest Regional Hospital,Kern County,30.0,Layoff Permanent,,ca_2023_24.pdf,CA
2023-12-13,Wellness Innovation Group Inc. dba Lowell Farms,Monterey County,11.0,Closure Permanent,,ca_2023_24.pdf,CA
2023-12-12,"Carbon, Inc.",San Mateo County,60.0,Layoff Permanent,,ca_2023_24.pdf,CA
2023-12-01,Quanex Homeshield LLC,San Bernardino County,58.0,Closure Permanent,,ca_2023_24.pdf,CA
2023-12-11,"AMQ Solutions, LLC",San Bernardino County,37.0,Closure Permanent,,ca_2023_24.pdf,CA
2023-12-11,Steelcase Inc.,San Bernardino County,40.0,Closure Permanent,,ca_2023_24.pdf,CA
2023-12-04,"TuSimple, Inc.",San Diego County,95.0,Layoff Permanent,,ca_2023_24.pdf,CA
2023-12-13,Invitae Corporation,San Francisco County,238.0,Layoff Permanent,,ca_2023_24.pdf,CA
2023-12-12,"Becton, Dickinson and Company",Santa Clara County,111.0,Layoff Permanent,,ca_2023_24.pdf,CA
2023-12-12,"Becton, Dickinson and Company",Santa Clara County,111.0,Layoff Permanent,,ca_2023_24.pdf,CA
2023-12-15,Z Global Logistics dba Kelly Toys Holding LLC,Los Angeles County,8.0,Closure Permanent,,ca_2023_24.pdf,CA
2023-12-14,Cruise LLC - Headquarters,San Mateo County,330.0,Layoff Permanent,,ca_2023_24.pdf,CA
2023-12-14,Cruise LLC,San Mateo County,18.0,Layoff Permanent,,ca_2023_24.pdf,CA
2023-12-14,Cruise LLC,Santa Clara County,43.0,Layoff Permanent,,ca_2023_24.pdf,CA
2023-12-15,LinkedIn Corporation,Santa Clara County,349.0,Layoff Permanent,,ca_2023_24.pdf,CA
2023-12-15,LinkedIn Corporation,Santa Clara County,42.0,Layoff Permanent,,ca_2023_24.pdf,CA
2023-12-18,"Distribution Alternatives, Inc.",San Bernardino County,1.0,Closure Permanent,,ca_2023_24.pdf,CA
2023-12-14,Cruise LLC,San Francisco County,121.0,Layoff Permanent,,ca_2023_24.pdf,CA
2023-12-14,Cruise LLC - CC,San Francisco County,23.0,Layoff Permanent,,ca_2023_24.pdf,CA
2023-12-15,LinkedIn Corporation,San Francisco County,42.0,Layoff Permanent,,ca_2023_24.pdf,CA
2023-12-15,LinkedIn Corporation,Santa Barbara County,5.0,Layoff Permanent,,ca_2023_24.pdf,CA
2023-12-01,ACRT Pacific,Los Angeles County,3.0,Layoff Permanent,,ca_2023_24.pdf,CA
2023-12-01,ACRT Pacific,Los Angeles County,7.0,Layoff Permanent,,ca_2023_24.pdf,CA
2023-12-01,ACRT Pacific,San Bernardino County,20.0,Layoff Permanent,,ca_2023_24.pdf,CA
2023-12-05,"TIDAL, a subsidary of Block, Inc.",San Francisco County,1.0,Layoff Permanent,,ca_2023_24.pdf,CA
2023-12-01,ACRT Pacific,Tulare County,24.0,Layoff Permanent,,ca_2023_24.pdf,CA
2023-12-15,Il Fornaio (America) LLC dba Il Fornaio Pasadena Ristorante,Los Angeles County,54.0,Closure Permanent,,ca_2023_24.pdf,CA
2023-12-12,"DirectBuy Home Improvement, Inc. dba Z Gallerie",Placer County,9.0,Layoff Permanent,,ca_2023_24.pdf,CA
2023-12-12,"DirectBuy Home Improvement, Inc. dba Z Gellerie",Los Angeles County,15.0,Layoff Permanent,,ca_2023_24.pdf,CA
2023-12-15,"HMSHost located at Admirals Clubs & Lounges at Los Angeles
International Airport (LAX)",Los Angeles County,127.0,Closure Permanent,,ca_2023_24.pdf,CA
2023-12-15,Pfizer,San Mateo County,52.0,Layoff Permanent,,ca_2023_24.pdf,CA
2023-12-12,"DirectBuy Home Improvement, Inc. dba Z Gallerie",Orange County,11.0,Layoff Permanent,,ca_2023_24.pdf,CA
2023-12-12,"DirectBuy Home Improvement, Inc. dba Z Gallerie",Riverside County,8.0,Layoff Permanent,,ca_2023_24.pdf,CA
2023-12-12,"DirectBuy Home Improvement, Inc. dba Z Gallerie",San Diego County,9.0,Layoff Permanent,,ca_2023_24.pdf,CA
2023-12-01,ACRT Pacific,Orange County,4.0,Layoff Permanent,,ca_2023_24.pdf,CA
2023-12-12,"DirectBuy Home Improvement, Inc. dba Z Gallerie",Los Angeles County,46.0,Layoff Permanent,,ca_2023_24.pdf,CA
2023-12-14,PacPartners dba Pizza Hut,Alameda County,2.0,Layoff Permanent,,ca_2023_24.pdf,CA
2023-12-14,CalPac Pizza II dba Pizza Hut,Fresno County,4.0,Layoff Permanent,,ca_2023_24.pdf,CA
2023-12-14,CalPac Pizza II dba Pizza Hut,Fresno County,3.0,Layoff Permanent,,ca_2023_24.pdf,CA
2023-12-14,CalPac Pizza dba Pizza Hut - 027400,Fresno County,5.0,Layoff Permanent,,ca_2023_24.pdf,CA
2023-12-14,CalPac Pizza dba Pizza Hut - 027401,Fresno County,5.0,Layoff Permanent,,ca_2023_24.pdf,CA
2023-12-14,CalPac Pizza dba Pizza Hut - 027403,Fresno County,5.0,Layoff Permanent,,ca_2023_24.pdf,CA
2023-12-14,CalPac Pizza dba Pizza Hut - 027406,Fresno County,5.0,Layoff Permanent,,ca_2023_24.pdf,CA
2023-12-14,PacPizza dba Pizza Hut,El Dorado County,3.0,Layoff Permanent,,ca_2023_24.pdf,CA
2023-12-14,CalPac Pizza dba Pizza Hut - 027383,Kern County,4.0,Layoff Permanent,,ca_2023_24.pdf,CA
2023-12-14,CalPac Pizza dba Pizza Hut - 027385,Kern County,8.0,Layoff Permanent,,ca_2023_24.pdf,CA
2023-12-14,CalPac Pizza dba Pizza Hut - 027386,Kern County,3.0,Layoff Permanent,,ca_2023_24.pdf,CA
2023-12-14,CalPac Pizza dba Pizza Hut - 027398,Kern County,6.0,Layoff Permanent,,ca_2023_24.pdf,CA
2023-12-14,CalPac Pizza dba Pizza Hut - 027408,Kern County,10.0,Layoff Permanent,,ca_2023_24.pdf,CA
2023-12-14,CalPac Pizza dba Pizza Hut - 027384,Kern County,7.0,Layoff Permanent,,ca_2023_24.pdf,CA
2023-12-14,CalPac Pizza dba Pizza Hut,Kern County,5.0,Layoff Permanent,,ca_2023_24.pdf,CA
2023-12-14,CalPac Pizza dba Pizza Hut,Kern County,3.0,Layoff Permanent,,ca_2023_24.pdf,CA
2023-12-14,CalPac Pizza II LLC dba Pizza Hut,Kings County,4.0,Layoff Permanent,,ca_2023_24.pdf,CA
2023-12-14,CalPac Pizza dba Pizza Hut,Kings County,5.0,Layoff Permanent,,ca_2023_24.pdf,CA
2023-12-14,CalPac Pizza dba Pizza Hut,Madera County,6.0,Layoff Permanent,,ca_2023_24.pdf,CA
2023-12-14,CalPac Pizza II LLC dba Pizza Hut,Merced County,5.0,Layoff Permanent,,ca_2023_24.pdf,CA
2023-12-14,CalPac Pizza dba Pizza Hut,Merced County,7.0,Layoff Permanent,,ca_2023_24.pdf,CA
2023-12-14,CalPac Pizza dba Pizza Hut,Merced County,4.0,Layoff Permanent,,ca_2023_24.pdf,CA
2023-12-14,Pacpizza dba Pizza Hut,Butte County,2.0,Layoff Permanent,,ca_2023_24.pdf,CA
2023-12-14,PacPizza dba Pizza Hut,Butte County,4.0,Layoff Permanent,,ca_2023_24.pdf,CA
2023-12-14,PacPizza dba Pizza Hut,Yuba County,7.0,Layoff Permanent,,ca_2023_24.pdf,CA
2023-12-14,PacPizza dba Pizza Hut,Santa Clara County,2.0,Layoff Permanent,,ca_2023_24.pdf,CA
2023-12-14,PacPizza dba Pizza Hut,Santa Clara County,4.0,Layoff Permanent,,ca_2023_24.pdf,CA
2023-12-15,BrightDrop,Santa Clara County,6.0,Layoff Permanent,,ca_2023_24.pdf,CA
2023-12-14,PacPartners dba Pizza Hut,Riverside County,8.0,Layoff Permanent,,ca_2023_24.pdf,CA
2023-12-14,Southern PacPizza dba Pizza Hut - 029197,Riverside County,5.0,Layoff Permanent,,ca_2023_24.pdf,CA
2023-12-14,Southern PacPizza dba Pizza Hut - 029212,Riverside County,2.0,Layoff Permanent,,ca_2023_24.pdf,CA
2023-12-14,Southern PacPizza dba Pizza Hut - 029198,Riverside County,6.0,Layoff Permanent,,ca_2023_24.pdf,CA
2023-12-14,Southern PacPizza dba Pizza Hut - 029220,Riverside County,8.0,Layoff Permanent,,ca_2023_24.pdf,CA
2023-12-14,Southern PacPizza dba Pizza Hut - 029207,Riverside County,4.0,Layoff Permanent,,ca_2023_24.pdf,CA
2023-12-14,Southern PacPizza dba Pizza Hut - 029208,Riverside County,5.0,Layoff Permanent,,ca_2023_24.pdf,CA
2023-12-14,Southern PacPizza dba Pizza Hut - 029205,Riverside County,6.0,Layoff Permanent,,ca_2023_24.pdf,CA
2023-12-14,Southern PacPizza dba Pizza Hut - 029199,Riverside County,1.0,Layoff Permanent,,ca_2023_24.pdf,CA
2023-12-14,Southern PacPizza dba Pizza Hut - 029201,Riverside County,6.0,Layoff Permanent,,ca_2023_24.pdf,CA
2023-12-14,Southern PacPizza dba Pizza Hut - 029222,Riverside County,5.0,Layoff Permanent,,ca_2023_24.pdf,CA
2023-12-14,Southern PacPizza dba Pizza Hut - 029224,Riverside County,10.0,Layoff Permanent,,ca_2023_24.pdf,CA
2023-12-14,Southern PacPizza dba Pizza Hut - 029203,Riverside County,7.0,Layoff Permanent,,ca_2023_24.pdf,CA
2023-12-14,Southern PacPizza dba Pizza Hut - 029221,Riverside County,6.0,Layoff Permanent,,ca_2023_24.pdf,CA
2023-12-14,Southern PacPizza dba Pizza Hut - 029232,Riverside County,8.0,Layoff Permanent,,ca_2023_24.pdf,CA
2023-12-14,CalPac Pizza II LLC dba Pizza Hut,Sacramento County,4.0,Layoff Permanent,,ca_2023_24.pdf,CA
2023-12-14,PacPizza dba Pizza Hut - 011664,Sacramento County,3.0,Layoff Permanent,,ca_2023_24.pdf,CA
2023-12-14,PacPizza dba Pizza Hut - 011753,Sacramento County,1.0,Layoff Permanent,,ca_2023_24.pdf,CA
2023-12-14,PacPizza dba Pizza Hut - 011755,Sacramento County,7.0,Layoff Permanent,,ca_2023_24.pdf,CA
2023-12-14,PacPizza dba Pizza Hut - 011761,Sacramento County,7.0,Layoff Permanent,,ca_2023_24.pdf,CA
2023-12-14,PacPizza dba Pizza Hut - 014697,Sacramento County,4.0,Layoff Permanent,,ca_2023_24.pdf,CA
2023-12-14,Southern PacPizza dba Pizza Hut - 029211,San Bernardino County,7.0,Layoff Permanent,,ca_2023_24.pdf,CA
2023-12-14,Southern PacPizza dba Pizza Hut - 029213,San Bernardino County,4.0,Layoff Permanent,,ca_2023_24.pdf,CA
2023-12-14,Southern PacPizza dba Pizza Hut - 029225,San Bernardino County,10.0,Layoff Permanent,,ca_2023_24.pdf,CA
2023-12-14,Southern PacPizza dba Pizza Hut - 029215,San Bernardino County,13.0,Layoff Permanent,,ca_2023_24.pdf,CA
2023-12-14,Southern PacPizza dba Pizza Hut - 029202,San Bernardino County,5.0,Layoff Permanent,,ca_2023_24.pdf,CA
2023-12-14,Southern PacPizza dba Pizza Hut - 029210,San Bernardino County,3.0,Layoff Permanent,,ca_2023_24.pdf,CA
2023-12-14,Southern PacPizza dba Pizza Hut - 029200,San Bernardino County,2.0,Layoff Permanent,,ca_2023_24.pdf,CA
2024-01-03,"NuVasive, Inc.",San Diego County,157.0,Layoff Permanent,,ca_2023_24.pdf,CA
2024-01-02,"Adidas America, Inc.",San Francisco County,28.0,Closure Permanent,,ca_2023_24.pdf,CA
2023-12-14,PacPizza dba Pizza Hut,San Joaquin County,4.0,Layoff Permanent,,ca_2023_24.pdf,CA
2023-12-14,PacPizza dba Pizza Hut,San Joaquin County,3.0,Layoff Permanent,,ca_2023_24.pdf,CA
2023-12-14,PacPizza dba Pizza Hut,San Joaquin County,3.0,Layoff Permanent,,ca_2023_24.pdf,CA
2023-12-14,PacPizza dba Pizza Hut,Santa Clara County,4.0,Layoff Permanent,,ca_2023_24.pdf,CA
2023-12-14,PacPizza dba Pizza Hut - 011728,Santa Clara County,4.0,Layoff Permanent,,ca_2023_24.pdf,CA
2023-12-14,PacPizza dba Pizza Hut - 011729,Santa Clara County,4.0,Layoff Permanent,,ca_2023_24.pdf,CA
2023-12-14,PacPizza dba Pizza Hut - 032516,Santa Clara County,5.0,Layoff Permanent,,ca_2023_24.pdf,CA
2023-12-14,PacPizza dba Pizza Hut - 011730,Santa Clara County,3.0,Layoff Permanent,,ca_2023_24.pdf,CA
2023-12-14,CalPac Pizza II LLC dba Pizza Hut,Stanislaus County,6.0,Layoff Permanent,,ca_2023_24.pdf,CA
2023-12-14,PacPizza dba Pizza Hut,Stanislaus County,4.0,Layoff Permanent,,ca_2023_24.pdf,CA
2023-12-14,PacPizza dba Pizza Hut,Stanislaus County,6.0,Layoff Permanent,,ca_2023_24.pdf,CA
2023-12-14,PacPizza dba Pizza Hut,Stanislaus County,2.0,Layoff Permanent,,ca_2023_24.pdf,CA
2023-12-14,Southern PacPizza dba Pizza Hut - 029229,Tulare County,10.0,Layoff Permanent,,ca_2023_24.pdf,CA
2023-12-14,Southern PacPizza dba Pizza Hut - 029230,Tulare County,6.0,Layoff Permanent,,ca_2023_24.pdf,CA
2023-12-14,Southern PacPizza dba Pizza Hut - 029226,Tulare County,4.0,Layoff Permanent,,ca_2023_24.pdf,CA
2023-12-14,Southern PacPizza dba Pizza Hut - 029228,Tulare County,8.0,Layoff Permanent,,ca_2023_24.pdf,CA
2023-12-14,CalPac Pizza dba Pizza Hut,Tulare County,5.0,Layoff Permanent,,ca_2023_24.pdf,CA
2023-12-12,"DirectBuy Home Improvement, Inc. dba Z Gallerie",Marin County,15.0,Layoff Permanent,,ca_2023_24.pdf,CA
2023-12-14,TMG Hotel Figueroa F&B Venues,Los Angeles County,144.0,Closure Permanent,,ca_2023_24.pdf,CA
2024-01-09,"NZXT, Inc.",Los Angeles County,55.0,Closure Permanent,,ca_2023_24.pdf,CA
2023-12-21,Trove Recommerce,San Mateo County,60.0,Closure Permanent,,ca_2023_24.pdf,CA
2023-12-21,Trove Recommerce,San Mateo County,62.0,Closure Permanent,,ca_2023_24.pdf,CA
2023-12-21,Trove Recommerce,San Mateo County,2.0,Closure Permanent,,ca_2023_24.pdf,CA
2023-12-14,Cepheid,Santa Clara County,83.0,Layoff Permanent,,ca_2023_24.pdf,CA
2023-12-14,Cepheid,Santa Clara County,1.0,Layoff Permanent,,ca_2023_24.pdf,CA
2023-12-14,Cepheid,Santa Clara County,1.0,Layoff Permanent,,ca_2023_24.pdf,CA
2023-12-14,Cepheid,Santa Clara County,1.0,Layoff Permanent,,ca_2023_24.pdf,CA
2023-12-14,Cepheid,Santa Clara County,1.0,Layoff Permanent,,ca_2023_24.pdf,CA
2023-12-14,Cepheid,Santa Clara County,1.0,Layoff Permanent,,ca_2023_24.pdf,CA
2023-12-14,Cepheid,Santa Clara County,1.0,Layoff Permanent,,ca_2023_24.pdf,CA
2023-12-14,Cepheid,Santa Clara County,1.0,Layoff Permanent,,ca_2023_24.pdf,CA
2023-12-14,Cepheid,Santa Clara County,1.0,Layoff Permanent,,ca_2023_24.pdf,CA
2023-12-14,Cepheid,Santa Clara County,1.0,Layoff Permanent,,ca_2023_24.pdf,CA
2024-01-10,Google US-SVL-CRSM1225,Santa Clara County,59.0,Layoff Permanent,,ca_2023_24.pdf,CA
2024-01-10,Google US-SVL-CRSM1260,Santa Clara County,11.0,Layoff Permanent,,ca_2023_24.pdf,CA
2024-01-10,Google US-SVL-CRSM1265,Santa Clara County,32.0,Layoff Permanent,,ca_2023_24.pdf,CA
2024-01-10,Google US-SVL-HMBLT1,Santa Clara County,2.0,Layoff Permanent,,ca_2023_24.pdf,CA
2024-01-10,Google US-SVL-HMBLT3,Santa Clara County,32.0,Layoff Permanent,,ca_2023_24.pdf,CA
2024-01-10,Google US-SVL-HMBLT4,Santa Clara County,25.0,Layoff Permanent,,ca_2023_24.pdf,CA
2024-01-10,Google US-MTV-1900,Santa Clara County,1.0,Layoff Permanent,,ca_2023_24.pdf,CA
2024-01-10,Google US-MTV-1945,Santa Clara County,5.0,Layoff Permanent,,ca_2023_24.pdf,CA
2024-01-10,Google US-MTV-1950,Santa Clara County,8.0,Layoff Permanent,,ca_2023_24.pdf,CA
2024-01-10,Google US-MTV-1965,Santa Clara County,14.0,Layoff Permanent,,ca_2023_24.pdf,CA
2024-01-10,Google US-MTV-2000,Santa Clara County,28.0,Layoff Permanent,,ca_2023_24.pdf,CA
2024-01-10,Google US-MTV-40,Santa Clara County,1.0,Layoff Permanent,,ca_2023_24.pdf,CA
2024-01-10,Google US-MTV-41,Santa Clara County,80.0,Layoff Permanent,,ca_2023_24.pdf,CA
2024-01-10,Google US-MTV-42,Santa Clara County,84.0,Layoff Permanent,,ca_2023_24.pdf,CA
2024-01-10,Google US-MTV-43,Santa Clara County,12.0,Layoff Permanent,,ca_2023_24.pdf,CA
2024-01-10,Google US-MTV-CL2,Santa Clara County,25.0,Layoff Permanent,,ca_2023_24.pdf,CA
2024-01-10,Google US-MTV-CL3,Santa Clara County,14.0,Layoff Permanent,,ca_2023_24.pdf,CA
2024-01-10,Google US-MTV-CL4,Santa Clara County,5.0,Layoff Permanent,,ca_2023_24.pdf,CA
2024-01-10,Google US-MTV-CL5,Santa Clara County,19.0,Layoff Permanent,,ca_2023_24.pdf,CA
2024-01-10,Google US-MTV-STLN2027,Santa Clara County,35.0,Layoff Permanent,,ca_2023_24.pdf,CA
2024-01-10,Google US-MTV-STLN2029,Santa Clara County,2.0,Layoff Permanent,,ca_2023_24.pdf,CA
2024-01-10,Google US-MTV-STLN2051,Santa Clara County,1.0,Layoff Permanent,,ca_2023_24.pdf,CA
2024-01-10,Google US-MTV-STLN2061,Santa Clara County,28.0,Layoff Permanent,,ca_2023_24.pdf,CA
2023-12-08,"US Motor Works, LLC",Orange County,8.0,Layoff Permanent,,ca_2023_24.pdf,CA
2024-01-05,"Technical Consumer Products, Inc.",San Bernardino County,11.0,Closure Permanent,,ca_2023_24.pdf,CA
2024-01-02,"Curio Employer LLC dba The Hotel del Coronado, Curio
Collection by Hilton",San Diego County,53.0,Layoff Temporary,,ca_2023_24.pdf,CA
2024-01-09,Unity Technologies SF,San Francisco County,120.0,Layoff Permanent,,ca_2023_24.pdf,CA
2024-01-10,Google US-SFO-1MST,San Francisco County,42.0,Layoff Permanent,,ca_2023_24.pdf,CA
2024-01-10,Google US-SFO-FRE215,San Francisco County,23.0,Layoff Permanent,,ca_2023_24.pdf,CA
2024-01-10,Google US-SFO-MKT1,San Francisco County,14.0,Layoff Permanent,,ca_2023_24.pdf,CA
2024-01-10,Google US-SFO-SPE,San Francisco County,26.0,Layoff Permanent,,ca_2023_24.pdf,CA
2024-01-03,Xerxes Corporation,Orange County,106.0,Closure Permanent,,ca_2023_24.pdf,CA
2024-01-05,Los Angeles Times Communications LLC,Los Angeles County,148.0,Closure Permanent,,ca_2023_24.pdf,CA
2023-12-22,Workforce Enterprises,Los Angeles County,93.0,Closure Permanent,,ca_2023_24.pdf,CA
2024-01-04,Cue Health Inc.,San Diego County,9.0,Layoff Permanent,,ca_2023_24.pdf,CA
2024-01-04,Cue Health Inc,San Diego County,4.0,Layoff Permanent,,ca_2023_24.pdf,CA
2024-01-04,Cue Health Inc.,San Diego County,7.0,Layoff Permanent,,ca_2023_24.pdf,CA
2024-01-04,Cue Health Inc.,San Diego County,6.0,Layoff Permanent,,ca_2023_24.pdf,CA
2024-01-04,Cue Health Inc.,San Diego County,1.0,Layoff Permanent,,ca_2023_24.pdf,CA
2024-01-04,Cue Health Inc.,San Diego County,9.0,Layoff Permanent,,ca_2023_24.pdf,CA
2024-01-04,Cue Health Inc.,San Diego County,11.0,Layoff Permanent,,ca_2023_24.pdf,CA
2023-12-21,NEOTech,San Diego County,76.0,Closure Permanent,,ca_2023_24.pdf,CA
2024-01-11,Discord Inc.,San Francisco County,160.0,Layoff Permanent,,ca_2023_24.pdf,CA
2024-01-10,"Twitch Interactive, Inc. SFO19 Facility",San Francisco County,218.0,Layoff Permanent,,ca_2023_24.pdf,CA
2024-01-10,"ChargePoint, Inc.",Santa Clara County,116.0,Layoff Permanent,,ca_2023_24.pdf,CA
2024-01-03,Silgan Containers Manufacturing Corporation,Stanislaus County,64.0,Closure Permanent,,ca_2023_24.pdf,CA
2024-01-10,Gannett Publishing Services dba Visalia Times Delta,Tulare County,24.0,Layoff Permanent,,ca_2023_24.pdf,CA
2024-01-10,Rico Corp. dba D'Addario Woodwinds,Los Angeles County,7.0,Layoff Permanent,,ca_2023_24.pdf,CA
2024-01-10,Amazon,Los Angeles County,98.0,Layoff Permanent,,ca_2023_24.pdf,CA
2024-01-10,Amazon,Los Angeles County,2.0,Layoff Permanent,,ca_2023_24.pdf,CA
2024-01-10,Amazon,Los Angeles County,13.0,Layoff Permanent,,ca_2023_24.pdf,CA
2024-01-05,"Bridge Staffing, LLC",Orange County,115.0,Closure Permanent,,ca_2023_24.pdf,CA
2024-01-08,"Sega of America, Inc.",Orange County,12.0,Layoff Permanent,,ca_2023_24.pdf,CA
2024-01-08,"Sega of America, Inc.",Orange County,49.0,Layoff Permanent,,ca_2023_24.pdf,CA
2024-01-15,"Imperial Bag & Paper Co. LLC, dba Imperial Dade",Orange County,20.0,Closure Permanent,,ca_2023_24.pdf,CA
2024-01-11,"Penske Logistics, LLC providing services for Aldi, Inc.",Riverside County,95.0,Layoff Permanent,,ca_2023_24.pdf,CA
2023-12-20,TE Connectivity,San Bernardino County,61.0,Closure Permanent,,ca_2023_24.pdf,CA
2024-01-11,"Illumina, Inc.",San Diego County,111.0,Layoff Permanent,,ca_2023_24.pdf,CA
2024-01-11,Apple Inc.,San Diego County,121.0,Layoff Permanent,,ca_2023_24.pdf,CA
2024-01-12,Walmart,San Diego County,125.0,Closure Permanent,,ca_2023_24.pdf,CA
2024-01-12,Walmart,San Diego County,232.0,Closure Permanent,,ca_2023_24.pdf,CA
2024-01-08,Atara Biotherapeutics,Ventura County,1.0,Layoff Permanent,,ca_2023_24.pdf,CA
2024-01-08,Atara Biotherapeutics,Ventura County,43.0,Layoff Permanent,,ca_2023_24.pdf,CA
2024-01-18,Macy's Bayfair Store,Alameda County,66.0,Closure Permanent,,ca_2023_24.pdf,CA
2024-01-12,DI Overnite LLC/DI Express LLC dba Deliver-IT,Orange County,3.0,Layoff Permanent,,ca_2023_24.pdf,CA
2024-01-16,Allakos Inc.,San Mateo County,59.0,Layoff Permanent,,ca_2023_24.pdf,CA
2024-01-05,Tower Semiconductor,Orange County,699.0,Layoff Temporary,,ca_2023_24.pdf,CA
2023-12-01,"Matheson Postal Services, Inc.",Sacramento County,10.0,Layoff Permanent,,ca_2023_24.pdf,CA
2023-12-01,"Matheson Postal Services, Inc.",Sacramento County,18.0,Layoff Permanent,,ca_2023_24.pdf,CA
2024-01-12,DI Overnite LLC/DI Express LLC dba Deliver-It,San Bernardino County,29.0,Closure Permanent,,ca_2023_24.pdf,CA
2023-12-01,"Matheson Postal Services, Inc.",San Bernardino County,13.0,Layoff Permanent,,ca_2023_24.pdf,CA
2024-01-15,"Spencer Construction, LLC",San Diego County,73.0,Layoff Permanent,,ca_2023_24.pdf,CA
2024-01-15,"Spencer Construction, LLC",San Diego County,32.0,Layoff Permanent,,ca_2023_24.pdf,CA
2024-01-04,Safeway,San Francisco County,111.0,Closure Permanent,,ca_2023_24.pdf,CA
2024-01-12,DI Overnite LLC/DI Express LLC dba Deliver-It,Orange County,22.0,Closure Permanent,,ca_2023_24.pdf,CA
2024-01-18,Macy's Simi Valley Town Center Store,Ventura County,68.0,Closure Permanent,,ca_2023_24.pdf,CA
2024-01-12,DI Overnite LLC/DI Express LLC dba Deliver-It,Los Angeles County,56.0,Closure Permanent,,ca_2023_24.pdf,CA
2024-01-17,"ABM General Services, Inc. at FAT 1 Amazon",Fresno County,96.0,Layoff Permanent,,ca_2023_24.pdf,CA
2024-01-25,Beauty & Essex,Los Angeles County,82.0,Closure Permanent,,ca_2023_24.pdf,CA
2024-01-25,TAO Group Hospitality,Los Angeles County,10.0,Layoff Permanent,,ca_2023_24.pdf,CA
2024-01-17,"Covanta Projects, LLC",Los Angeles County,10.0,Closure Permanent,,ca_2023_24.pdf,CA
2024-01-19,Plenty Unlimited Inc.,Los Angeles County,86.0,Layoff Permanent,,ca_2023_24.pdf,CA
2024-01-19,Plenty Unlimited Inc.,San Mateo County,55.0,Layoff Permanent,,ca_2023_24.pdf,CA
2024-01-24,"Rise Baking Company dba South Coast Baking, LLC",Orange County,85.0,Closure Permanent,,ca_2023_24.pdf,CA
2024-01-17,"ABM General Services, Inc. at PSP 1 Amazon",Riverside County,79.0,Layoff Permanent,,ca_2023_24.pdf,CA
2024-01-17,"ABM General Services, Inc. at ONT 6 Amazon",Riverside County,51.0,Layoff Permanent,,ca_2023_24.pdf,CA
2024-01-19,"FedEx Supply Chain, Inc.",Riverside County,39.0,Layoff Permanent,,ca_2023_24.pdf,CA
2024-01-16,Bechtel Infrastructure & Power Corporation,Alameda County,11.0,Closure Permanent,,ca_2023_24.pdf,CA
2024-01-16,Bechtel Infrastructure & Power Corporation,Orange County,64.0,Closure Permanent,,ca_2023_24.pdf,CA
2024-01-16,Bechtel Infrastructure & Power Corporation,San Bernardino County,3.0,Closure Permanent,,ca_2023_24.pdf,CA
2024-01-17,"ABM General Services, Inc. at SBD 1 Amazon",San Bernardino County,39.0,Layoff Permanent,,ca_2023_24.pdf,CA
2024-01-17,"ABM General Services, Inc. at SNA 4 Amazon",San Bernardino County,25.0,Layoff Permanent,,ca_2023_24.pdf,CA
2024-01-16,Bechtel Infrastructure & Power Corporation,San Diego County,6.0,Closure Permanent,,ca_2023_24.pdf,CA
2024-01-25,LAVO Italian Restaurant San Diego,San Diego County,83.0,Closure Permanent,,ca_2023_24.pdf,CA
2024-01-17,"National Distribution Centers, LLC",Los Angeles County,2.0,"Layoff Not known at
this time",,ca_2023_24.pdf,CA
2024-01-17,"National Distribution Centers, LLC",Los Angeles County,3.0,"Layoff Not known at
this time",,ca_2023_24.pdf,CA
2024-01-17,"National Distribution Centers, LLC",Los Angeles County,1.0,"Layoff Not known at
this time",,ca_2023_24.pdf,CA
2024-01-17,"National Distribution Centers, LLC",Los Angeles County,1.0,"Layoff Not known at
this time",,ca_2023_24.pdf,CA
2024-01-17,"Baxalta US, Inc. dba Takeda",Ventura County,5.0,Layoff Permanent,,ca_2023_24.pdf,CA
2024-01-19,"Berry Global, Inc.",Orange County,160.0,Closure Permanent,,ca_2023_24.pdf,CA
2024-01-24,Sugar Foods LLC,Los Angeles County,72.0,Closure Permanent,,ca_2023_24.pdf,CA
2024-01-22,Hollingsworth LLC,Los Angeles County,15.0,Closure Permanent,,ca_2023_24.pdf,CA
2024-01-23,"MemorialCare Long Beach Medical Center and Miller
Children's and Women's Hospital Long Beach",Los Angeles County,58.0,Layoff Permanent,,ca_2023_24.pdf,CA
2024-01-23,Collins Pine Company,Plumas County,62.0,Layoff Temporary,,ca_2023_24.pdf,CA
2024-01-08,Nevro Corp.,San Mateo County,63.0,Layoff Permanent,,ca_2023_24.pdf,CA
2024-01-19,SMTC Corporation,Santa Clara County,14.0,Layoff Permanent,,ca_2023_24.pdf,CA
2024-01-19,"Wayfair, LLC",Santa Clara County,74.0,Layoff Permanent,,ca_2023_24.pdf,CA
2024-01-20,"In-N-Out Burgers, a California corporation",Alameda County,115.0,Closure Permanent,,ca_2023_24.pdf,CA
2024-01-22,"Lund Motion Products, Inc.",Orange County,117.0,Layoff Permanent,,ca_2023_24.pdf,CA
2024-01-17,Robert Bosch LLC,San Bernardino County,14.0,Layoff Permanent,,ca_2023_24.pdf,CA
2024-01-23,eBay Inc.,San Francisco County,20.0,Layoff Permanent,,ca_2023_24.pdf,CA
2024-01-23,eBay Inc.,Santa Clara County,261.0,Layoff Permanent,,ca_2023_24.pdf,CA
2024-01-02,"Pacific Catch, Inc.",Santa Clara County,73.0,Closure Temporary,,ca_2023_24.pdf,CA
2024-01-26,"William Kreysler & Associates, Inc.",Solano County,59.0,Layoff Permanent,,ca_2023_24.pdf,CA
2024-01-15,"Covenant Living Communities & Services (Covenant Living
West) dba Brandel Manor and Cypress Assisted",Stanislaus County,168.0,Closure Permanent,,ca_2023_24.pdf,CA
2024-01-23,"Levy Premium Foodservice Limited Partnership at The Rose
Bowl",Los Angeles County,83.0,Layoff Temporary,,ca_2023_24.pdf,CA
2024-01-29,Rico Corp. dba D' Addario Woodwinds,Los Angeles County,4.0,Layoff Permanent,,ca_2023_24.pdf,CA
2024-01-30,"Hawker Pacific Aerospace, Inc.",Los Angeles County,260.0,Layoff Permanent,,ca_2023_24.pdf,CA
2024-01-25,Activision Blizzard,Los Angeles County,49.0,Layoff Permanent,,ca_2023_24.pdf,CA
2024-01-30,MedMen Enterprises Inc.,Los Angeles County,10.0,Layoff Permanent,,ca_2023_24.pdf,CA
2024-01-30,MedMen Enterprises Inc.,Santa Clara County,7.0,Layoff Permanent,,ca_2023_24.pdf,CA
2024-01-25,Activision Blizzard,Los Angeles County,79.0,Layoff Permanent,,ca_2023_24.pdf,CA
2024-01-25,Activision Blizzard,Los Angeles County,130.0,Layoff Permanent,,ca_2023_24.pdf,CA
2024-01-31,Covanta Long Beach Renewable Energy Corp.,Los Angeles County,39.0,Closure Permanent,,ca_2023_24.pdf,CA
2024-01-24,"Syngenta Seeds, LLC",Glenn County,56.0,Closure Permanent,,ca_2023_24.pdf,CA
2024-01-31,TE Connectivity,Nevada County,58.0,Closure Permanent,,ca_2023_24.pdf,CA
2024-01-25,Activision Blizzard,San Mateo County,76.0,Layoff Permanent,,ca_2023_24.pdf,CA
2024-02-01,Maxar Space LLC - Fabian,Santa Clara County,48.0,Layoff Permanent,,ca_2023_24.pdf,CA
2024-02-01,Maxar Space LLC - Meadow,Santa Clara County,8.0,Layoff Permanent,,ca_2023_24.pdf,CA
2024-02-01,Maxar Space LLC - Charleston,Santa Clara County,1.0,Layoff Permanent,,ca_2023_24.pdf,CA
2024-02-01,Mazar Space LLC - Leghorn,Santa Clara County,6.0,Layoff Permanent,,ca_2023_24.pdf,CA
2024-01-29,ITC Federal,Orange County,125.0,Layoff Permanent,,ca_2023_24.pdf,CA
2024-01-25,Activision Blizzard,Orange County,478.0,Layoff Permanent,,ca_2023_24.pdf,CA
2024-01-29,"El Dorado National (California), Inc.",Riverside County,425.0,Layoff Permanent,,ca_2023_24.pdf,CA
2024-02-01,Parker Hannifin Corporation BWF Division,Sacramento County,8.0,Closure Permanent,,ca_2023_24.pdf,CA
2024-01-31,"Home EC, Inc. dba Connect Homes",San Bernardino County,75.0,Closure Permanent,,ca_2023_24.pdf,CA
2024-01-18,Curio Employer LLC,San Bernardino County,5.0,Layoff Temporary,,ca_2023_24.pdf,CA
2024-01-25,Cue Health - Moda South,San Diego County,26.0,Layoff Permanent,,ca_2023_24.pdf,CA
2024-01-25,"Cue Health, Moda North",San Diego County,9.0,Layoff Permanent,,ca_2023_24.pdf,CA
2024-01-25,"Cue Health, Moda North II",San Diego County,8.0,Layoff Permanent,,ca_2023_24.pdf,CA
2024-01-25,"Cue Health, Moda West",San Diego County,1.0,Layoff Permanent,,ca_2023_24.pdf,CA
2024-01-25,"Cue Health, Waples",San Diego County,12.0,Layoff Permanent,,ca_2023_24.pdf,CA
2024-01-25,"Cue Health, Vista",San Diego County,70.0,Layoff Permanent,,ca_2023_24.pdf,CA
2024-01-18,Curio Employer LLC,San Diego County,7.0,Layoff Temporary,,ca_2023_24.pdf,CA
2024-01-31,"AppFolio, Inc.",Santa Barbara County,16.0,Layoff Permanent,,ca_2023_24.pdf,CA
2024-01-23,Los Angeles Times Communications LLC,Los Angeles County,77.0,Layoff Permanent,,ca_2023_24.pdf,CA
2024-01-23,Los Angeles Times Communications LLC,Los Angeles County,19.0,Layoff Permanent,,ca_2023_24.pdf,CA
2024-01-23,Woodland Rite Aid Distribution Center,Yolo County,241.0,Closure Permanent,,ca_2023_24.pdf,CA
2024-01-25,Activision Blizzard,Marin County,85.0,Layoff Permanent,,ca_2023_24.pdf,CA
2024-02-05,Corteva Agriscience LLC,Contra Costa County,6.0,Layoff Permanent,,ca_2023_24.pdf,CA
2024-02-01,"Shadow Holdings, LLC.",Los Angeles County,60.0,Layoff Permanent,,ca_2023_24.pdf,CA
2024-02-05,Snap Inc.,Los Angeles County,122.0,Layoff Permanent,,ca_2023_24.pdf,CA
2024-02-05,Snap Inc.,Santa Clara County,52.0,Layoff Permanent,,ca_2023_24.pdf,CA
2024-02-01,"Del Monte Capitol Meat Company, LLC DBA Allen Brothers
West Coast",San Mateo County,92.0,Closure Permanent,,ca_2023_24.pdf,CA
2024-02-01,"Viasat, Inc",San Diego County,4.0,Layoff Permanent,,ca_2023_24.pdf,CA
2024-02-01,"Salesforce, Inc.",San Francisco County,51.0,Layoff Permanent,,ca_2023_24.pdf,CA
2024-02-01,"Okta, Inc.",San Francisco County,83.0,Layoff Permanent,,ca_2023_24.pdf,CA
2024-02-02,"Flexport, Inc.",San Francisco County,99.0,Layoff Permanent,,ca_2023_24.pdf,CA
2024-01-30,PayPal,Santa Clara County,311.0,Layoff Permanent,,ca_2023_24.pdf,CA
2024-02-01,"CamelBak Products, LLC",Sonoma County,43.0,Layoff Permanent,,ca_2023_24.pdf,CA
2024-02-01,Pennymac,Ventura County,1.0,Layoff Permanent,,ca_2023_24.pdf,CA
2024-01-16,Pixelberry Studios,Santa Clara County,120.0,Layoff Permanent,,ca_2023_24.pdf,CA
2024-01-22,Google US-MTV-RLS1,Santa Clara County,57.0,Layoff Permanent,,ca_2023_24.pdf,CA
2024-01-22,Google US-MTV-RLS2,Santa Clara County,16.0,Layoff Permanent,,ca_2023_24.pdf,CA
2024-02-01,"Boardriders Wholesale, LLC",Orange County,1.0,Layoff Permanent,,ca_2023_24.pdf,CA
2024-02-01,"Boardriders Wholesale, LLC",Orange County,1.0,Layoff Permanent,,ca_2023_24.pdf,CA
2024-02-01,"Boardriders Wholesale, LLC",Orange County,4.0,Layoff Permanent,,ca_2023_24.pdf,CA
2024-02-01,"Boardriders Wholesale, LLC",Orange County,1.0,Layoff Permanent,,ca_2023_24.pdf,CA
2024-02-01,"Boardriders Wholesale, LLC",Orange County,6.0,Layoff Permanent,,ca_2023_24.pdf,CA
2024-02-01,"Boardriders Wholesale, LLC",Orange County,6.0,Layoff Permanent,,ca_2023_24.pdf,CA
2024-02-01,"Boardriders Wholesale, LLC",Orange County,1.0,Layoff Permanent,,ca_2023_24.pdf,CA
2024-02-01,"Boardriders Wholesale, LLC",Orange County,2.0,Layoff Permanent,,ca_2023_24.pdf,CA
2024-02-01,"Boardriders Wholesale, LLC",Orange County,1.0,Layoff Permanent,,ca_2023_24.pdf,CA
2024-02-01,"Boardriders Wholesale, LLC",Orange County,84.0,Layoff Permanent,,ca_2023_24.pdf,CA
2024-02-01,"Boardriders Wholesale, LLC",Orange County,1.0,Layoff Permanent,,ca_2023_24.pdf,CA
2024-02-01,"Boardriders Wholesale, LLC",Orange County,20.0,Layoff Permanent,,ca_2023_24.pdf,CA
2024-02-01,"Boardriders Wholesale, LLC",Orange County,1.0,Layoff Permanent,,ca_2023_24.pdf,CA
2024-02-01,"Boardriders Wholesale, LLC",Riverside County,89.0,Layoff Permanent,,ca_2023_24.pdf,CA
2024-02-01,"Boardriders Wholesale, LLC",Riverside County,246.0,Layoff Permanent,,ca_2023_24.pdf,CA
2024-01-16,DHL Supply Chain,San Bernardino County,13.0,Closure Permanent,,ca_2023_24.pdf,CA
2024-02-07,"Pure Storage, Inc.",Santa Clara County,81.0,Layoff Permanent,,ca_2023_24.pdf,CA
2024-01-25,Brookfield Properties (USA II) LLC,Los Angeles County,19.0,Layoff Permanent,,ca_2023_24.pdf,CA
2024-01-25,Brookfield Properties (USA II) LLC,Los Angeles County,9.0,Layoff Permanent,,ca_2023_24.pdf,CA
2024-01-25,Brookfield Properties (USA II) LLC,Los Angeles County,18.0,Layoff Permanent,,ca_2023_24.pdf,CA
2024-01-25,Brookfield Properties (USA II) LLC,Los Angeles County,13.0,Layoff Permanent,,ca_2023_24.pdf,CA
2024-01-25,Brookfield Properties (USA II) LLC,Los Angeles County,12.0,Layoff Permanent,,ca_2023_24.pdf,CA
2024-01-25,Brookfield Properties (USA II) LLC,Los Angeles County,7.0,Layoff Permanent,,ca_2023_24.pdf,CA
2024-01-25,Brookfield Properties (USA II) LLC,Los Angeles County,29.0,Layoff Permanent,,ca_2023_24.pdf,CA
2024-01-25,Brookfield Properties (USA II) LLC,San Francisco County,2.0,Layoff Permanent,,ca_2023_24.pdf,CA
2024-01-25,Brookfield Properties (USA II) LLC,San Francisco County,3.0,Layoff Permanent,,ca_2023_24.pdf,CA
2024-01-25,Brookfield Properties (USA II) LLC,Santa Clara County,1.0,Layoff Permanent,,ca_2023_24.pdf,CA
2024-02-07,"Grammarly, Inc.",San Francisco County,82.0,Layoff Permanent,,ca_2023_24.pdf,CA
2024-02-09,"Leggett & Platt, Incorporated",Los Angeles County,55.0,Closure Permanent,,ca_2023_24.pdf,CA
2024-02-08,Adventist Health Simi Valley,Ventura County,53.0,Layoff Permanent,,ca_2023_24.pdf,CA
2024-02-07,California Institute of Technology,Los Angeles County,521.0,Layoff Permanent,,ca_2023_24.pdf,CA
2024-02-12,Johnson & Johnson Consumer Inc. dba Kenvue,Los Angeles County,84.0,Closure Permanent,,ca_2023_24.pdf,CA
2024-02-12,City National Bank,Los Angeles County,32.0,Layoff Permanent,,ca_2023_24.pdf,CA
2024-02-12,City National Bank,Los Angeles County,24.0,Layoff Permanent,,ca_2023_24.pdf,CA
2024-02-06,"Zwift, Inc.",Los Angeles County,76.0,Layoff Permanent,,ca_2023_24.pdf,CA
2024-02-09,"Gibson Overseas, Inc.",San Bernardino County,44.0,Closure Permanent,,ca_2023_24.pdf,CA
2024-02-12,Aurora Solar Inc.,San Francisco County,115.0,Layoff Permanent,,ca_2023_24.pdf,CA
2024-01-22,Riot Games,Los Angeles County,330.0,Layoff Permanent,,ca_2023_24.pdf,CA
2024-01-22,Riot Games,San Mateo County,6.0,Layoff Permanent,,ca_2023_24.pdf,CA
2024-02-13,"Universal Intermodal Services, Inc.",San Bernardino County,42.0,Layoff Permanent,,ca_2023_24.pdf,CA
2024-02-13,Nordson Corporation,San Diego County,69.0,Layoff Permanent,,ca_2023_24.pdf,CA
2024-02-13,Maplebear Inc. dba Instacart,San Francisco County,105.0,Layoff Permanent,,ca_2023_24.pdf,CA
2024-02-14,"Sorrento Therapeutics, Inc.",San Diego County,62.0,Layoff Permanent,,ca_2023_24.pdf,CA
2024-02-14,"Sorrento Therapeutics, Inc.",San Diego County,15.0,Layoff Permanent,,ca_2023_24.pdf,CA
2024-02-07,The Rinks Foundation,Orange County,35.0,Closure Permanent,,ca_2023_24.pdf,CA
2024-02-14,DXS Logistics LLC,Orange County,80.0,Closure Permanent,,ca_2023_24.pdf,CA
2024-02-15,AVMAC LLC,San Diego County,153.0,Layoff Permanent,,ca_2023_24.pdf,CA
2024-02-08,Ridgecrest Regional Hospital,Kern County,31.0,Layoff Permanent,,ca_2023_24.pdf,CA
2024-02-15,Rico Corp. dba D'Addario Woodwinds,Los Angeles County,6.0,Layoff Permanent,,ca_2023_24.pdf,CA
2024-02-15,Paramount Global,Los Angeles County,56.0,Layoff Permanent,,ca_2023_24.pdf,CA
2024-02-15,Paramount Global,Los Angeles County,85.0,Layoff Permanent,,ca_2023_24.pdf,CA
2024-02-15,"TuSimple, Inc.",San Diego County,6.0,Layoff Permanent,,ca_2023_24.pdf,CA
2024-02-15,Excalibur Pizza LLC dba Round Table Pizza,Placer County,4.0,Layoff Permanent,,ca_2023_24.pdf,CA
2024-02-15,Excalibur Pizza LLC dba Round Table Pizza,Placer County,4.0,Layoff Permanent,,ca_2023_24.pdf,CA
2024-02-15,Excalibur Pizza LLC dba Round Table Pizza,Sacramento County,7.0,Layoff Permanent,,ca_2023_24.pdf,CA
2024-02-15,Excalibur Pizza LLC dba Round Table Pizza,Sacramento County,4.0,Layoff Permanent,,ca_2023_24.pdf,CA
2024-02-15,Excalibur Pizza LLC dba Round Table Pizza,Sacramento County,3.0,Layoff Permanent,,ca_2023_24.pdf,CA
2024-02-15,Excalibur Pizza LLC,Sacramento County,4.0,Layoff Permanent,,ca_2023_24.pdf,CA
2024-02-15,Excalibur Pizza LLC dba Round Table Pizza,Sacramento County,5.0,Layoff Permanent,,ca_2023_24.pdf,CA
2024-02-15,Excalibur Pizza LLC dba Round Table Pizza,Sacramento County,9.0,Layoff Permanent,,ca_2023_24.pdf,CA
2024-02-15,Excalibur Pizza LLC dba Round Table Pizza,Sacramento County,1.0,Layoff Permanent,,ca_2023_24.pdf,CA
2024-02-15,Excalibur Pizza LLC dba Round Table Pizza,Sacramento County,3.0,Layoff Permanent,,ca_2023_24.pdf,CA
2024-02-15,Excalibur Pizza LLC dba Round Table Pizza,Sacramento County,4.0,Layoff Permanent,,ca_2023_24.pdf,CA
2024-02-15,Excalibur Pizza LLC dba Round Table Pizza,Sacramento County,4.0,Layoff Permanent,,ca_2023_24.pdf,CA
2024-02-15,Excalibur Pizza LLC dba Round Table Pizza,Sacramento County,5.0,Layoff Permanent,,ca_2023_24.pdf,CA
2024-02-15,Excalibur Pizza LLC dba Round Table Pizza,Sacramento County,5.0,Layoff Permanent,,ca_2023_24.pdf,CA
2024-02-15,Excalibur Pizza LLC dba Round Table Pizza,Yolo County,8.0,Layoff Permanent,,ca_2023_24.pdf,CA
2024-01-12,Carbon Health Medical Group,Los Angeles County,1.0,Layoff Permanent,,ca_2023_24.pdf,CA
2024-01-12,Carbon Health Medical Group,Los Angeles County,1.0,Layoff Permanent,,ca_2023_24.pdf,CA
2024-01-12,Carbon Health Medical Group,Los Angeles County,4.0,Layoff Permanent,,ca_2023_24.pdf,CA
2024-01-12,Carbon Health Medical Group,Los Angeles County,2.0,Layoff Permanent,,ca_2023_24.pdf,CA
2024-01-12,Carbon Health Medical Group,Los Angeles County,6.0,Layoff Permanent,,ca_2023_24.pdf,CA
2024-01-12,Carbon Health Medical Group,Los Angeles County,2.0,Layoff Permanent,,ca_2023_24.pdf,CA
2024-01-12,Carbon Health Medical Group,Los Angeles County,1.0,Layoff Permanent,,ca_2023_24.pdf,CA
2024-01-12,Carbon Health Medical Group,Marin County,10.0,Layoff Permanent,,ca_2023_24.pdf,CA
2024-01-12,Carbon Health Medical Group,Orange County,4.0,Layoff Permanent,,ca_2023_24.pdf,CA
2024-01-12,Carbon Health Medical Group,Orange County,5.0,Layoff Permanent,,ca_2023_24.pdf,CA
2024-01-12,Carbon Health Medical Group,Riverside County,2.0,Layoff Permanent,,ca_2023_24.pdf,CA
2024-01-12,Carbon Health Medical Group,San Bernardino County,5.0,Layoff Permanent,,ca_2023_24.pdf,CA
2024-01-12,Carbon Health Medical Group,San Bernardino County,2.0,Layoff Permanent,,ca_2023_24.pdf,CA
2024-01-12,Carbon Health Medical Group,San Diego County,2.0,Layoff Permanent,,ca_2023_24.pdf,CA
2024-01-12,Carbon Health Medical Group,San Diego County,2.0,Layoff Permanent,,ca_2023_24.pdf,CA
2024-01-12,Carbon Health Medical Group,San Francisco County,7.0,Layoff Permanent,,ca_2023_24.pdf,CA
2024-02-16,"William Kreysler & Associates, Inc.",Solano County,25.0,Layoff Permanent,,ca_2023_24.pdf,CA
2024-02-22,"FM Restaurants HQ, LLC",Alameda County,62.0,Closure Permanent,,ca_2023_24.pdf,CA
2024-02-22,Daifuku Services America Corporation,Kern County,80.0,Layoff Permanent,,ca_2023_24.pdf,CA
2024-02-22,Daifuku Services America Corporation,Kern County,75.0,Layoff Permanent,,ca_2023_24.pdf,CA
2024-02-21,"Jacmar Foodservice Distribution, LLC",Los Angeles County,92.0,Layoff Permanent,,ca_2023_24.pdf,CA
2024-02-21,Marriott San Mateo Hotel,San Mateo County,127.0,Closure Permanent,,ca_2023_24.pdf,CA
2024-02-13,Workforce Enterprises,San Bernardino County,93.0,Closure Permanent,,ca_2023_24.pdf,CA
2024-02-15,"Cisco Systems, Inc.",San Francisco County,108.0,Layoff Permanent,,ca_2023_24.pdf,CA
2024-02-15,"Cisco Systems, Inc.",Santa Clara County,447.0,Layoff Permanent,,ca_2023_24.pdf,CA
2024-02-15,"Cisco Systems, Inc.",Santa Clara County,176.0,Layoff Permanent,,ca_2023_24.pdf,CA
2024-02-01,"La Tortilla Factory, Inc.",Sonoma County,132.0,Closure Permanent,,ca_2023_24.pdf,CA
2023-12-01,Southern California Pizza Company LLC,Los Angeles County,393.0,Layoff Permanent,,ca_2023_24.pdf,CA
2023-12-01,Southern California Pizza Company LLC,Orange County,129.0,Layoff Permanent,,ca_2023_24.pdf,CA
2023-12-01,Southern California Pizza Company LLC,Riverside County,67.0,Layoff Permanent,,ca_2023_24.pdf,CA
2023-12-01,Southern California Pizza Company LLC,San Bernardino County,80.0,Layoff Permanent,,ca_2023_24.pdf,CA
2023-12-01,Southern California Pizza Company LLC,Santa Barbara County,8.0,Layoff Permanent,,ca_2023_24.pdf,CA
2023-12-01,Southern California Pizza Company LLC,Ventura County,9.0,Layoff Permanent,,ca_2023_24.pdf,CA
2024-02-23,"Janssen Research & Development, LLC",San Mateo County,55.0,Closure Permanent,,ca_2023_24.pdf,CA
2023-12-01,SoCal South OC LLC,Orange County,12.0,Layoff Permanent,,ca_2023_24.pdf,CA
2023-12-01,SoCal South OC LLC,Orange County,5.0,Layoff Permanent,,ca_2023_24.pdf,CA
2023-12-01,SoCal South OC LLC,Orange County,2.0,Layoff Permanent,,ca_2023_24.pdf,CA
2023-12-01,SoCal South OC LLC,Orange County,2.0,Layoff Permanent,,ca_2023_24.pdf,CA
2023-12-01,SoCal South OC LLC,Orange County,4.0,Layoff Permanent,,ca_2023_24.pdf,CA
2023-12-01,"SoCal Pizza Holdings, LLC",Los Angeles County,64.0,Layoff Permanent,,ca_2023_24.pdf,CA
2023-12-01,"SoCal Pizza Holdings, LLC",Orange County,28.0,Layoff Permanent,,ca_2023_24.pdf,CA
2023-12-01,"SoCal Pizza Holdings, LLC",Riverside County,22.0,Layoff Permanent,,ca_2023_24.pdf,CA
2023-12-01,"SoCal Pizza Holdings, LLC",San Bernardino County,10.0,Layoff Permanent,,ca_2023_24.pdf,CA
2023-12-01,"SoCal Pizza Holdings, LLC",Santa Barbara County,6.0,Layoff Permanent,,ca_2023_24.pdf,CA
2024-02-22,"Rivian Automotive, LLC",Orange County,30.0,Layoff Permanent,,ca_2023_24.pdf,CA
2024-02-22,"Rivian Automotive, LLC",Orange County,99.0,Layoff Permanent,,ca_2023_24.pdf,CA
2024-02-22,"Rivian Automotive, LLC",Orange County,5.0,Layoff Permanent,,ca_2023_24.pdf,CA
2024-02-22,"Rivian Automotive, LLC",Orange County,14.0,Layoff Permanent,,ca_2023_24.pdf,CA
2024-02-22,"Rivian Automotive, LLC",Orange County,35.0,Layoff Permanent,,ca_2023_24.pdf,CA
2024-02-22,"Rivian Automotive, LLC",Orange County,2.0,Layoff Permanent,,ca_2023_24.pdf,CA
2024-02-22,"Rivian Automotive, LLC",Orange County,6.0,Layoff Permanent,,ca_2023_24.pdf,CA
2024-02-22,"Rivian Automotive, LLC",Santa Clara County,77.0,Layoff Permanent,,ca_2023_24.pdf,CA
2024-02-22,"Rivian Automotive, LLC",Santa Clara County,45.0,Layoff Permanent,,ca_2023_24.pdf,CA
2024-02-22,"Rivian Automotive, LLC",Santa Clara County,18.0,Layoff Permanent,,ca_2023_24.pdf,CA
2024-02-22,"Rivian Automotive, LLC",Santa Clara County,9.0,Layoff Permanent,,ca_2023_24.pdf,CA
2024-01-08,"Exelixis, Inc.",Alameda County,143.0,Layoff Permanent,,ca_2023_24.pdf,CA
2024-01-24,"Marvell Semiconductor, Inc.",Orange County,43.0,Layoff Permanent,,ca_2023_24.pdf,CA
2024-01-24,"Marvell Semiconductor, Inc.",Santa Clara County,23.0,Layoff Permanent,,ca_2023_24.pdf,CA
2024-02-26,Jabil Inc.,Santa Clara County,9.0,Closure Permanent,,ca_2023_24.pdf,CA
2024-02-27,Sony Interactive Entertainment LLC,San Mateo County,118.0,Layoff Permanent,,ca_2023_24.pdf,CA
2024-02-26,Kaiser Foundation Hospitals,Alameda County,1.0,Layoff Permanent,,ca_2023_24.pdf,CA
2024-02-26,Kaiser Foundation Hospitals,Alameda County,49.0,Layoff Permanent,,ca_2023_24.pdf,CA
2024-02-26,Kaiser Foundation Hospitals,Kern County,1.0,Layoff Permanent,,ca_2023_24.pdf,CA
2024-02-26,Kaiser Foundation Hospitals,Los Angeles County,8.0,Layoff Permanent,,ca_2023_24.pdf,CA
2024-02-26,Kaiser Foundation Hospitals,Los Angeles County,10.0,Layoff Permanent,,ca_2023_24.pdf,CA
2024-02-26,Kaiser Foundation Hospitals,Los Angeles County,1.0,Layoff Permanent,,ca_2023_24.pdf,CA
2024-02-26,Kaiser Foundation Hospitals,San Joaquin County,2.0,Layoff Permanent,,ca_2023_24.pdf,CA
2024-02-28,"BuzzFeed Media Enterprises, Inc.",Los Angeles County,59.0,Layoff Permanent,,ca_2023_24.pdf,CA
2024-02-26,Balfour Beatty US Civils,San Mateo County,222.0,Layoff Permanent,,ca_2023_24.pdf,CA
2024-02-27,"Moondoggies, Inc dba The Dog",San Diego County,5.0,Closure Permanent,,ca_2023_24.pdf,CA
2024-02-28,Paramount Global,Los Angeles County,1.0,Layoff Permanent,,ca_2023_24.pdf,CA
2024-02-29,Delta Dental Plan of California,Sacramento County,137.0,Layoff Permanent,,ca_2023_24.pdf,CA
2024-02-28,Gruma Corp dba Mission Foods,San Bernardino County,93.0,Layoff Permanent,,ca_2023_24.pdf,CA
2024-02-28,Levi Strauss & Co.,San Francisco County,146.0,Layoff Permanent,,ca_2023_24.pdf,CA
2024-03-01,Walters & Wolf Precast,Alameda County,86.0,Closure Permanent,,ca_2023_24.pdf,CA
2024-02-28,Walmart,Los Angeles County,233.0,Closure Permanent,,ca_2023_24.pdf,CA
2024-03-01,"AHMC San Gabriel Valley Medical Center LP dba San Gabriel
Valley Medical Center",Los Angeles County,3.0,Layoff Permanent,,ca_2023_24.pdf,CA
2024-02-29,Orion Strategic Solutions LLC,San Diego County,10.0,Layoff Permanent,,ca_2023_24.pdf,CA
2024-03-01,St. Vincent de Paul High School,Sonoma County,68.0,Closure Permanent,,ca_2023_24.pdf,CA
2024-03-01,"UMG Recordings, Inc. (Universal Music Group)",Los Angeles County,4.0,Layoff Permanent,,ca_2023_24.pdf,CA
2024-03-01,"UMG Recordings, Inc. (Universal Music Group)",Los Angeles County,2.0,Layoff Permanent,,ca_2023_24.pdf,CA
2024-03-01,"UMG Recordings, Inc. (Universal Music Group)",Los Angeles County,56.0,Layoff Permanent,,ca_2023_24.pdf,CA
2024-03-01,"UMG Recordings, Inc. (Universal Music Group)",Los Angeles County,7.0,Layoff Permanent,,ca_2023_24.pdf,CA
2024-03-01,"UMG Recordings, Inc. (Universal Music Group)",Los Angeles County,14.0,Layoff Permanent,,ca_2023_24.pdf,CA
2024-03-04,"FM Restaurants HQ, LLC",Orange County,40.0,Closure Permanent,,ca_2023_24.pdf,CA
2024-03-04,"Safran Cabin, Inc.",Orange County,281.0,Closure Permanent,,ca_2023_24.pdf,CA
2024-03-04,"FM Restaurants HQ, LLC",Solano County,48.0,Closure Permanent,,ca_2023_24.pdf,CA
2024-03-04,Bay Area PL Services dba BayPLS,San Mateo County,87.0,Layoff Permanent,,ca_2023_24.pdf,CA
2024-03-05,"Catalent, Inc.",San Mateo County,40.0,Closure Permanent,,ca_2023_24.pdf,CA
2024-03-05,"Catalent, Inc.",San Mateo County,50.0,Closure Permanent,,ca_2023_24.pdf,CA
2024-03-05,"Juniper Networks, Inc.",Santa Clara County,7.0,Layoff Permanent,,ca_2023_24.pdf,CA
2024-03-05,NFI National Distribution Centers LLC,Orange County,30.0,Closure Permanent,,ca_2023_24.pdf,CA
2024-02-23,ADT Solar,San Bernardino County,58.0,Closure Permanent,,ca_2023_24.pdf,CA
2024-03-05,"Neovia Logistics Distribution, LP",San Bernardino County,31.0,Closure Permanent,,ca_2023_24.pdf,CA
2024-02-26,UPS,San Bernardino County,333.0,Layoff Permanent,,ca_2023_24.pdf,CA
2024-03-06,Lumentum Operations LLC,Santa Clara County,66.0,Layoff Permanent,,ca_2023_24.pdf,CA
2024-03-06,Lumentum Operations LLC,Santa Clara County,11.0,Layoff Permanent,,ca_2023_24.pdf,CA
2024-03-06,Lumentum Operations LLC,Santa Clara County,5.0,Layoff Permanent,,ca_2023_24.pdf,CA
2024-03-05,Nordstrom,San Bernardino County,784.0,Closure Permanent,,ca_2023_24.pdf,CA
2023-09-28,Epic Games,Los Angeles County,30.0,Layoff Permanent,,ca_2023_24.pdf,CA
2023-09-28,Epic Games,Marin County,34.0,Layoff Permanent,,ca_2023_24.pdf,CA
2023-09-28,Epic Games,San Diego County,33.0,Layoff Permanent,,ca_2023_24.pdf,CA
2024-02-28,NFI National Distribution Centers LLC,San Joaquin County,1.0,Closure Permanent,,ca_2023_24.pdf,CA
2024-03-07,"PetVet Care Centers (California), Inc.",San Joaquin County,2.0,Closure Permanent,,ca_2023_24.pdf,CA
2024-03-07,"PetVet Care Centers (California), Inc.",San Joaquin County,2.0,Closure Permanent,,ca_2023_24.pdf,CA
2024-02-13,WaFD Bank,Los Angeles County,49.0,Layoff Permanent,,ca_2023_24.pdf,CA
2024-03-11,Kett Engineering Corporation,Santa Clara County,180.0,Layoff Permanent,,ca_2023_24.pdf,CA
2024-03-01,Rico Corp. dba D'Addario Woodwinds,Los Angeles County,4.0,Layoff Permanent,,ca_2023_24.pdf,CA
2024-03-13,"AHMC San Gabriel Valley Medical Center LP dba San Gabriel
Valley Medical Center",Los Angeles County,62.0,Layoff Permanent,,ca_2023_24.pdf,CA
2024-02-29,PKL Services Inc,San Diego County,89.0,Layoff Permanent,,ca_2023_24.pdf,CA
2024-03-01,"Watermark Services IV, LLC",San Francisco County,41.0,Layoff Permanent,,ca_2023_24.pdf,CA
2024-03-04,"Shadow Holdings, LLC dba Bright Innovation Labs",Los Angeles County,60.0,Closure Permanent,,ca_2023_24.pdf,CA
2024-03-14,Bristol Myers Squibb,San Diego County,252.0,Layoff Permanent,,ca_2023_24.pdf,CA
2024-03-14,Scripps Health,San Diego County,13.0,Layoff Permanent,,ca_2023_24.pdf,CA
2024-03-14,Scripps Health,San Diego County,134.0,Layoff Permanent,,ca_2023_24.pdf,CA
2024-03-14,Walmart,Placer County,79.0,Layoff Permanent,,ca_2023_24.pdf,CA
2024-03-15,The Hills Hotel,Orange County,73.0,Layoff Permanent,,ca_2023_24.pdf,CA
2024-03-15,"TuSimple, Inc.",San Diego County,6.0,Layoff Permanent,,ca_2023_24.pdf,CA
2024-03-18,Fashion Institute of Design & Merchandising,Los Angeles County,95.0,Layoff Permanent,,ca_2023_24.pdf,CA
2024-03-19,Abbott Laboratories,Solano County,195.0,Closure Permanent,,ca_2023_24.pdf,CA
2024-03-04,Northrop Grumman,Los Angeles County,731.0,Layoff Permanent,,ca_2023_24.pdf,CA
2024-03-04,Northrop Grumman,Los Angeles County,227.0,Layoff Permanent,,ca_2023_24.pdf,CA
2024-03-04,Northrop Grumman,Los Angeles County,3.0,Layoff Permanent,,ca_2023_24.pdf,CA
2024-03-04,Northrop Grumman,Los Angeles County,2.0,Layoff Permanent,,ca_2023_24.pdf,CA
2024-03-04,Northrop Grumman,Los Angeles County,1.0,Layoff Permanent,,ca_2023_24.pdf,CA
2024-03-04,Northrop Grumman,Los Angeles County,105.0,Layoff Permanent,,ca_2023_24.pdf,CA
2024-02-06,Unity Technologies SF,San Francisco County,49.0,Layoff Permanent,,ca_2023_24.pdf,CA
2024-03-13,Adventist Health,Tulare County,22.0,Layoff Permanent,,ca_2023_24.pdf,CA
2024-03-20,"IKEA Distribution Services, Inc.",Napa County,147.0,Closure Permanent,,ca_2023_24.pdf,CA
2024-03-20,"The Real Good Food Company, LLC",Los Angeles County,21.0,Closure Permanent,,ca_2023_24.pdf,CA
2024-03-20,"The Real Good Food Company, LLC",Los Angeles County,7.0,Layoff Permanent,,ca_2023_24.pdf,CA
2024-03-26,ISU PETASYS CORP.,Los Angeles County,96.0,Closure Permanent,,ca_2023_24.pdf,CA
2024-03-17,"NSI Services, Inc.",Los Angeles County,64.0,Closure Permanent,,ca_2023_24.pdf,CA
2024-03-17,"NSI Services, Inc.",Los Angeles County,56.0,Closure Permanent,,ca_2023_24.pdf,CA
2024-03-17,"NSI Services, Inc.",Los Angeles County,14.0,Closure Permanent,,ca_2023_24.pdf,CA
2024-03-17,"NSI Services, Inc.",Los Angeles County,7.0,Closure Permanent,,ca_2023_24.pdf,CA
2024-03-17,"NSI Services, Inc.",Orange County,51.0,Closure Permanent,,ca_2023_24.pdf,CA
2024-03-17,"NSI Services, Inc.",San Luis Obispo County,6.0,Closure Permanent,,ca_2023_24.pdf,CA
2024-03-25,"Medtronic, Inc.",San Diego County,44.0,Layoff Permanent,,ca_2023_24.pdf,CA
2024-03-27,Jabil Inc.,San Joaquin County,43.0,Closure Permanent,,ca_2023_24.pdf,CA
2024-03-26,Cole Haan,Santa Clara County,9.0,Layoff Permanent,,ca_2023_24.pdf,CA
2024-03-21,"OTS Solutions, LLC dba On Time Staffing",Los Angeles County,19.0,Layoff Permanent,,ca_2023_24.pdf,CA
2024-03-21,"OTS Solutions, LLC dba On Time Staffing",Los Angeles County,2.0,Layoff Permanent,,ca_2023_24.pdf,CA
2024-03-27,"La Reina, a California religious nonprofit corporation, aka La
Reina High School and Middle School",Ventura County,57.0,Closure Permanent,,ca_2023_24.pdf,CA
2024-03-28,"Western Power Sports, LLC",Fresno County,11.0,Closure Permanent,,ca_2023_24.pdf,CA
2024-03-29,"Reins International California, Inc. dba Gyu-Kaku",Los Angeles County,52.0,Closure Permanent,,ca_2023_24.pdf,CA
2024-03-04,"The Ronin Project, Inc.",San Mateo County,131.0,Closure Permanent,,ca_2023_24.pdf,CA
2024-03-28,Apple Inc.,Santa Clara County,371.0,Layoff Permanent,,ca_2023_24.pdf,CA
2024-03-28,Apple Inc.,Santa Clara County,11.0,Layoff Permanent,,ca_2023_24.pdf,CA
2024-03-28,Apple Inc.,Santa Clara County,23.0,Layoff Permanent,,ca_2023_24.pdf,CA
2024-03-28,Apple Inc.,Santa Clara County,15.0,Layoff Permanent,,ca_2023_24.pdf,CA
2024-03-28,Apple Inc.,Santa Clara County,58.0,Layoff Permanent,,ca_2023_24.pdf,CA
2024-03-28,Apple Inc.,Santa Clara County,49.0,Layoff Permanent,,ca_2023_24.pdf,CA
2024-03-28,Apple Inc.,Santa Clara County,35.0,Layoff Permanent,,ca_2023_24.pdf,CA
2024-03-28,Apple Inc.,Santa Clara County,52.0,Layoff Permanent,,ca_2023_24.pdf,CA
2024-03-28,"Sega of America, Inc.",Orange County,15.0,Layoff Permanent,,ca_2023_24.pdf,CA
2024-03-22,"Resort Vacations, Inc.",Orange County,24.0,Closure Permanent,,ca_2023_24.pdf,CA
2024-03-22,US Display Group,Riverside County,50.0,Closure Permanent,,ca_2023_24.pdf,CA
2024-03-22,"Resort Vacations, Inc.",Orange County,34.0,Layoff Permanent,,ca_2023_24.pdf,CA
2024-03-25,"A.C. Vroman, Inc. dba Vroman's Bookstore and Book Soup",Los Angeles County,12.0,Closure Permanent,,ca_2023_24.pdf,CA
2024-04-01,Rico Corp. dba D'Addario Woodwinds,Los Angeles County,6.0,Layoff Permanent,,ca_2023_24.pdf,CA
2024-04-02,Abbott Vascular,Orange County,12.0,Closure Permanent,,ca_2023_24.pdf,CA
2024-04-03,"Williams-Sonoma Direct, Inc.",Contra Costa County,36.0,Closure Permanent,,ca_2023_24.pdf,CA
2024-03-29,UPS,San Bernardino County,68.0,Layoff Permanent,,ca_2023_24.pdf,CA
2024-03-29,Woodbury University,San Diego County,10.0,Closure Permanent,,ca_2023_24.pdf,CA
2024-03-28,Thermo Fisher Scientific,San Diego County,74.0,Closure Permanent,,ca_2023_24.pdf,CA
2024-03-28,"Osso VR, Inc.",San Francisco County,67.0,Layoff Permanent,,ca_2023_24.pdf,CA
2024-03-29,"Sakata Seed America, Inc.",Santa Clara County,36.0,Closure Permanent,,ca_2023_24.pdf,CA
2024-04-01,Owens-Brockway Glass Container Inc.,Solano County,16.0,Closure Permanent,,ca_2023_24.pdf,CA
2024-04-02,"Happy Money, Inc.",Los Angeles County,89.0,Layoff Permanent,,ca_2023_24.pdf,CA
2024-03-22,Full Steam Staffing,Los Angeles County,323.0,Layoff Permanent,,ca_2023_24.pdf,CA
2024-04-03,Sanofi,San Mateo County,100.0,Closure Permanent,,ca_2023_24.pdf,CA
2024-03-21,"Bionano Genomics, Inc.",San Diego County,64.0,Layoff Permanent,,ca_2023_24.pdf,CA
2024-03-27,"Image Solutions Apparel, Inc",Los Angeles County,21.0,Closure Permanent,,ca_2023_24.pdf,CA
2024-04-04,Providence Holy Cross Medical Center,Los Angeles County,1.0,Layoff Permanent,,ca_2023_24.pdf,CA
2024-04-04,Providence Holy Cross Medical Center,Los Angeles County,5.0,Layoff Permanent,,ca_2023_24.pdf,CA
2024-04-04,Providence Holy Cross Medical Center,Los Angeles County,2.0,Layoff Permanent,,ca_2023_24.pdf,CA
2024-04-03,Telecare Corporation,San Mateo County,100.0,Closure Permanent,,ca_2023_24.pdf,CA
2024-04-04,Intel Corporation,Santa Clara County,57.0,Layoff Permanent,,ca_2023_24.pdf,CA
2024-04-04,Intel Corporation,Santa Clara County,5.0,Layoff Permanent,,ca_2023_24.pdf,CA
2024-04-05,Pacific Racing Association dba Golden Gate Fields,Alameda County,203.0,Closure Permanent,,ca_2023_24.pdf,CA
2024-04-05,"Transdev Services, Inc.",Los Angeles County,179.0,Closure Permanent,,ca_2023_24.pdf,CA
2024-04-08,Lockheed Martin,Los Angeles County,150.0,Layoff Permanent,,ca_2023_24.pdf,CA
2024-04-03,"Genentech, Inc.",San Mateo County,436.0,Layoff Permanent,,ca_2023_24.pdf,CA
2024-04-04,PIRCH,Orange County,14.0,Layoff Permanent,,ca_2023_24.pdf,CA
2024-04-04,PIRCH,Orange County,2.0,Layoff Permanent,,ca_2023_24.pdf,CA
2024-04-04,PIRCH,Orange County,1.0,Layoff Permanent,,ca_2023_24.pdf,CA
2024-04-04,PIRCH,San Diego County,23.0,Layoff Permanent,,ca_2023_24.pdf,CA
2024-04-09,Levy Premium Foodservice Limited Partnership,San Diego County,124.0,Closure Permanent,,ca_2023_24.pdf,CA
2024-03-27,"Retail Services WIS Corporation, dba WIS International",San Diego County,12.0,Closure Permanent,,ca_2023_24.pdf,CA
2024-03-29,Volta Inc.,San Francisco County,68.0,Closure Permanent,,ca_2023_24.pdf,CA
2024-04-03,Temple Nightclub,San Francisco County,86.0,Closure Permanent,,ca_2023_24.pdf,CA
2024-04-08,"Experian Information Solutions, Inc.",Orange County,70.0,Layoff Permanent,,ca_2023_24.pdf,CA
2024-04-05,"J.B. Hunt Transport, Inc.",Los Angeles County,231.0,Closure Permanent,,ca_2023_24.pdf,CA
2024-04-09,Lockheed Martin Space,Santa Clara County,66.0,Layoff Permanent,,ca_2023_24.pdf,CA
2024-04-09,Lockheed Martin Space,Santa Clara County,2.0,Layoff Permanent,,ca_2023_24.pdf,CA
2024-04-10,Coherent Corp.,Santa Clara County,61.0,Layoff Permanent,,ca_2023_24.pdf,CA
2024-04-09,Lockheed Martin Space,Santa Cruz County,1.0,Layoff Permanent,,ca_2023_24.pdf,CA
2024-04-08,Activision Blizzard,Los Angeles County,1.0,Layoff Permanent,,ca_2023_24.pdf,CA
2024-04-08,Activision Blizzard,Orange County,16.0,Layoff Permanent,,ca_2023_24.pdf,CA
2024-04-01,The Health Trust,Santa Clara County,23.0,Layoff Permanent,,ca_2023_24.pdf,CA
2024-04-01,The Health Trust,Santa Clara County,15.0,Layoff Permanent,,ca_2023_24.pdf,CA
2024-04-01,The Health Trust,Santa Clara County,33.0,Layoff Permanent,,ca_2023_24.pdf,CA
2024-04-01,The Health Trust,Santa Clara County,16.0,Layoff Permanent,,ca_2023_24.pdf,CA
2024-04-11,"Hinge Health, Inc.",San Francisco County,45.0,Layoff Permanent,,ca_2023_24.pdf,CA
2024-04-11,"OTS Solutions, LLC dba On Time Staffing",Los Angeles County,6.0,Layoff Permanent,,ca_2023_24.pdf,CA
2024-04-01,Aura Management Co.,Alameda County,12.0,Layoff Permanent,,ca_2023_24.pdf,CA
2024-04-04,99 Cents Only Stores LLC,Contra Costa County,34.0,Closure Permanent,,ca_2023_24.pdf,CA
2024-04-04,99 Cents Only Stores LLC,Contra Costa County,56.0,Closure Permanent,,ca_2023_24.pdf,CA
2024-04-04,99 Cents Only Stores LLC,Los Angeles County,40.0,Closure Permanent,,ca_2023_24.pdf,CA
2024-04-04,99 Cents Only Stores LLC,Los Angeles County,44.0,Closure Permanent,,ca_2023_24.pdf,CA
2024-04-04,99 Cents Only Stores LLC,Los Angeles County,26.0,Closure Permanent,,ca_2023_24.pdf,CA
2024-04-04,99 Cents Only Stores LLC,Los Angeles County,453.0,Closure Permanent,,ca_2023_24.pdf,CA
2024-04-04,99 Cents Only Stores LLC,Los Angeles County,41.0,Closure Permanent,,ca_2023_24.pdf,CA
2024-04-04,99 Cents Only Stores LLC,Merced County,41.0,Closure Permanent,,ca_2023_24.pdf,CA
2024-04-04,99 Cents Only Stores LLC,Orange County,32.0,Closure Permanent,,ca_2023_24.pdf,CA
2024-04-04,99 Cents Only Stores LLC,Sacramento County,50.0,Closure Permanent,,ca_2023_24.pdf,CA
2024-04-04,99 Cents Only Stores LLC,Sacramento County,39.0,Closure Permanent,,ca_2023_24.pdf,CA
2024-04-04,99 Cents Only Stores LLC,Sacramento County,40.0,Closure Permanent,,ca_2023_24.pdf,CA
2024-04-04,99 Cents Only Stores LLC,San Diego County,49.0,Closure Permanent,,ca_2023_24.pdf,CA
2024-04-04,99 Cents Only Stores LLC,San Diego County,46.0,Closure Permanent,,ca_2023_24.pdf,CA
2024-04-04,99 Cents Only Stores LLC,San Diego County,52.0,Closure Permanent,,ca_2023_24.pdf,CA
2024-04-11,"Project Fusion, LLC",Butte County,26.0,Closure Permanent,,ca_2023_24.pdf,CA
2024-04-11,"Project Fusion, LLC",Butte County,34.0,Closure Permanent,,ca_2023_24.pdf,CA
2024-04-11,"Project Fusion, LLC",Butte County,22.0,Closure Permanent,,ca_2023_24.pdf,CA
2024-04-09,"Checkr, Inc.",San Francisco County,260.0,Layoff Permanent,,ca_2023_24.pdf,CA
2024-04-01,Post Acute Registry LLC,Los Angeles County,42.0,Closure Permanent,,ca_2023_24.pdf,CA
2024-04-15,Rico Corp. dba D'Addario Woodwinds,Los Angeles County,5.0,Closure Permanent,,ca_2023_24.pdf,CA
2024-04-16,"Participant Media, LLC",Los Angeles County,107.0,Closure Permanent,,ca_2023_24.pdf,CA
2024-04-12,"SAP America, Inc.",Santa Clara County,108.0,Layoff Permanent,,ca_2023_24.pdf,CA
2024-04-15,Cracker Barrel,Sacramento County,70.0,Closure Permanent,,ca_2023_24.pdf,CA
2024-04-15,Cracker Barrel,Santa Barbara County,81.0,Closure Permanent,,ca_2023_24.pdf,CA
2024-04-15,DHL Supply Chain,San Bernardino County,109.0,Closure Permanent,,ca_2023_24.pdf,CA
2024-04-08,"Del Monte Capitol Meat Company, LLC dba Allen Brothers
West Coast",San Francisco County,53.0,Closure Permanent,,ca_2023_24.pdf,CA
2024-04-15,Stanislaus Surgical Hospital,Stanislaus County,191.0,Closure Temporary,,ca_2023_24.pdf,CA
2024-04-18,Aura Management Co.,Alameda County,13.0,Closure Permanent,,ca_2023_24.pdf,CA
2024-04-18,Aura Management Co.,Alameda County,11.0,Closure Permanent,,ca_2023_24.pdf,CA
2024-04-18,Aura Management Co.,Alameda County,13.0,Closure Permanent,,ca_2023_24.pdf,CA
2024-04-18,Aura Management Co.,Contra Costa County,16.0,Closure Permanent,,ca_2023_24.pdf,CA
2024-04-18,Aura Management Co.,Contra Costa County,16.0,Closure Permanent,,ca_2023_24.pdf,CA
2024-04-18,Aura Management Co.,Contra Costa County,17.0,Closure Permanent,,ca_2023_24.pdf,CA
2024-04-18,Aura Management Co.,Contra Costa County,13.0,Closure Permanent,,ca_2023_24.pdf,CA
2024-04-18,Aura Management Co.,Contra Costa County,16.0,Closure Permanent,,ca_2023_24.pdf,CA
2024-04-18,Aura Management Co.,Contra Costa County,13.0,Closure Permanent,,ca_2023_24.pdf,CA
2024-04-18,Aura Management Co.,Contra Costa County,20.0,Closure Permanent,,ca_2023_24.pdf,CA
2024-04-18,Aura Management Co.,Contra Costa County,11.0,Closure Permanent,,ca_2023_24.pdf,CA
2024-04-18,Aura Management Co.,Monterey County,14.0,Closure Permanent,,ca_2023_24.pdf,CA
2024-04-18,Aura Management Co.,San Mateo County,20.0,Closure Permanent,,ca_2023_24.pdf,CA
2024-04-18,Aura Management Co.,Santa Clara County,19.0,Closure Permanent,,ca_2023_24.pdf,CA
2024-04-18,Aura Management Co.,Santa Clara County,6.0,Closure Permanent,,ca_2023_24.pdf,CA
2024-04-18,Aura Management Co.,Santa Clara County,15.0,Closure Permanent,,ca_2023_24.pdf,CA
2024-04-18,Aura Management Co.,Santa Clara County,13.0,Closure Permanent,,ca_2023_24.pdf,CA
2024-04-18,Aura Management Co,Santa Clara County,12.0,Closure Permanent,,ca_2023_24.pdf,CA
2024-04-18,Aura Management Co.,Santa Cruz County,11.0,Closure Permanent,,ca_2023_24.pdf,CA
2024-04-18,Aura Management Co.,Solano County,13.0,Closure Permanent,,ca_2023_24.pdf,CA
2024-04-18,Aura Management Co.,Solano County,13.0,Closure Permanent,,ca_2023_24.pdf,CA
2024-04-18,Aura Management Co.,Solano County,17.0,Closure Permanent,,ca_2023_24.pdf,CA
2024-04-18,Aura Management Co.,Sonoma County,12.0,Closure Permanent,,ca_2023_24.pdf,CA
2024-04-11,Para Los Ninos,Los Angeles County,25.0,Layoff Permanent,,ca_2023_24.pdf,CA
2024-04-11,Para Los Ninos,Los Angeles County,23.0,Layoff Permanent,,ca_2023_24.pdf,CA
2024-04-11,Para Los Ninos,Los Angeles County,19.0,Layoff Permanent,,ca_2023_24.pdf,CA
2024-04-09,Chick-fil-A,Los Angeles County,82.0,Closure Temporary,,ca_2023_24.pdf,CA
2024-03-27,Triple Canopy,Alameda County,1.0,Layoff Permanent,,ca_2023_24.pdf,CA
2024-03-27,Triple Canopy,Fresno County,2.0,Layoff Permanent,,ca_2023_24.pdf,CA
2024-03-27,Triple Canopy,Fresno County,3.0,Layoff Permanent,,ca_2023_24.pdf,CA
2024-03-27,Triple Canopy,Fresno County,1.0,Layoff Permanent,,ca_2023_24.pdf,CA
2024-03-27,Triple Canopy,Fresno County,10.0,Layoff Permanent,,ca_2023_24.pdf,CA
2024-03-27,Triple Canopy,Fresno County,6.0,Layoff Permanent,,ca_2023_24.pdf,CA
2024-03-27,Triple Canopy,Fresno County,2.0,Layoff Permanent,,ca_2023_24.pdf,CA
2024-03-27,Triple Canopy,Fresno County,2.0,Layoff Permanent,,ca_2023_24.pdf,CA
2024-03-27,Triple Canopy,Fresno County,2.0,Layoff Permanent,,ca_2023_24.pdf,CA
2024-03-27,Triple Canopy,Fresno County,2.0,Layoff Permanent,,ca_2023_24.pdf,CA
2024-03-27,Triple Canopy,Fresno County,3.0,Layoff Permanent,,ca_2023_24.pdf,CA
2024-03-27,Triple Canopy,Fresno County,3.0,Layoff Permanent,,ca_2023_24.pdf,CA
2024-03-27,Triple Canopy,Fresno County,1.0,Layoff Permanent,,ca_2023_24.pdf,CA
2024-03-27,Triple Canopy,Kern County,3.0,Layoff Permanent,,ca_2023_24.pdf,CA
2024-03-27,Triple Canopy,Kern County,3.0,Layoff Permanent,,ca_2023_24.pdf,CA
2024-03-27,Triple Canopy,Kern County,1.0,Layoff Permanent,,ca_2023_24.pdf,CA
2024-03-27,Triple Canopy,Kern County,1.0,Layoff Permanent,,ca_2023_24.pdf,CA
2024-03-27,Triple Canopy,Monterey County,3.0,Layoff Permanent,,ca_2023_24.pdf,CA
2024-03-27,Triple Canopy,Monterey County,1.0,Layoff Permanent,,ca_2023_24.pdf,CA
2024-03-27,Triple Canopy,Placer County,4.0,Layoff Permanent,,ca_2023_24.pdf,CA
2024-03-27,Triple Canopy,San Francisco County,24.0,Layoff Permanent,,ca_2023_24.pdf,CA
2024-03-27,Triple Canopy,San Francisco County,13.0,Layoff Permanent,,ca_2023_24.pdf,CA
2024-03-27,Triple Canopy,San Francisco County,5.0,Layoff Permanent,,ca_2023_24.pdf,CA
2024-03-27,Triple Canopy,San Francisco County,20.0,Layoff Permanent,,ca_2023_24.pdf,CA
2024-03-27,Triple Canopy,San Francisco County,9.0,Layoff Permanent,,ca_2023_24.pdf,CA
2024-03-27,Triple Canopy,San Francisco County,7.0,Layoff Permanent,,ca_2023_24.pdf,CA
2024-03-27,Triple Canopy,San Francisco County,20.0,Layoff Permanent,,ca_2023_24.pdf,CA
2024-03-27,Triple Canopy,San Francisco County,1.0,Layoff Permanent,,ca_2023_24.pdf,CA
2024-03-27,Triple Canopy,San Francisco County,1.0,Layoff Permanent,,ca_2023_24.pdf,CA
2024-03-27,Triple Canopy,San Francisco County,1.0,Layoff Permanent,,ca_2023_24.pdf,CA
2024-03-27,Triple Canopy,San Francisco County,2.0,Layoff Permanent,,ca_2023_24.pdf,CA
2024-03-27,Triple Canopy,Santa Clara County,1.0,Layoff Permanent,,ca_2023_24.pdf,CA
2024-03-27,Triple Canopy,Santa Clara County,38.0,Layoff Permanent,,ca_2023_24.pdf,CA
2024-03-27,Triple Canopy,Santa Clara County,1.0,Layoff Permanent,,ca_2023_24.pdf,CA
2024-03-27,Triple Canopy,Santa Clara County,1.0,Layoff Permanent,,ca_2023_24.pdf,CA
2024-03-27,Triple Canopy,Santa Clara County,2.0,Layoff Permanent,,ca_2023_24.pdf,CA
2024-03-27,Triple Canopy,Santa Clara County,1.0,Layoff Permanent,,ca_2023_24.pdf,CA
2024-04-16,"St. Vincent de Paul Society of Lane County, Inc.",Alameda County,16.0,Closure Permanent,,ca_2023_24.pdf,CA
2024-04-22,"Herbalife International of America, Inc.",Los Angeles County,21.0,Layoff Permanent,,ca_2023_24.pdf,CA
2024-04-22,"Herbalife International of America, Inc.",Los Angeles County,59.0,Layoff Permanent,,ca_2023_24.pdf,CA
2024-04-22,"Herbalife International of America, Inc.",Los Angeles County,21.0,Layoff Permanent,,ca_2023_24.pdf,CA
2024-04-17,Rehrig Pacific Company,Los Angeles County,71.0,Closure Permanent,,ca_2023_24.pdf,CA
2024-04-19,"Molina Healthcare, Inc",Los Angeles County,52.0,Layoff Permanent,,ca_2023_24.pdf,CA
2024-04-17,"Experian Information Solutions, Inc.",Orange County,10.0,Layoff Permanent,,ca_2023_24.pdf,CA
2024-04-18,DermTech,San Diego County,101.0,Layoff Permanent,,ca_2023_24.pdf,CA
2024-04-11,JELD-WEN Inc.,San Diego County,113.0,Layoff Permanent,,ca_2023_24.pdf,CA
2024-04-19,Super Store Industries,San Joaquin County,36.0,Layoff Permanent,,ca_2023_24.pdf,CA
2024-04-09,Nestle USA,Stanislaus County,74.0,Closure Temporary,,ca_2023_24.pdf,CA
2024-04-12,"SAP America, Inc.",Contra Costa County,42.0,Layoff Permanent,,ca_2023_24.pdf,CA
2024-04-19,Revol Greens,Kern County,100.0,Layoff Permanent,,ca_2023_24.pdf,CA
2024-04-22,"Tesla, Inc.",Alameda County,,Layoff Permanent,,ca_2023_24.pdf,CA
2024-04-22,"Tesla, Inc.",Alameda County,25.0,Layoff Permanent,,ca_2023_24.pdf,CA
2024-04-22,"Tesla, Inc.",Alameda County,11.0,Layoff Permanent,,ca_2023_24.pdf,CA
2024-04-22,"Tesla, Inc.",Alameda County,8.0,Layoff Permanent,,ca_2023_24.pdf,CA
2024-04-22,"Tesla, Inc.",Alameda County,6.0,Layoff Permanent,,ca_2023_24.pdf,CA
2024-04-22,"Tesla, Inc.",Los Angeles County,6.0,Layoff Permanent,,ca_2023_24.pdf,CA
2024-04-22,"Tesla, Inc.",Los Angeles County,28.0,Layoff Permanent,,ca_2023_24.pdf,CA
2024-04-22,"Tesla, Inc.",Los Angeles County,30.0,Layoff Permanent,,ca_2023_24.pdf,CA
2024-04-22,"Tesla, Inc.",San Joaquin County,9.0,Layoff Permanent,,ca_2023_24.pdf,CA
2024-04-22,"Tesla, Inc.",San Joaquin County,77.0,Layoff Permanent,,ca_2023_24.pdf,CA
2024-04-22,"Tesla, Inc.",San Joaquin County,49.0,Layoff Permanent,,ca_2023_24.pdf,CA
2024-04-22,"Tesla, Inc.",San Joaquin County,23.0,Layoff Permanent,,ca_2023_24.pdf,CA
2024-04-22,"Tesla, Inc.",San Joaquin County,24.0,Layoff Permanent,,ca_2023_24.pdf,CA
2024-04-22,"Tesla, Inc.",San Joaquin County,17.0,Layoff Permanent,,ca_2023_24.pdf,CA
2024-04-22,"Tesla, Inc.",San Joaquin County,32.0,Layoff Permanent,,ca_2023_24.pdf,CA
2024-04-22,"Tesla, Inc.",San Joaquin County,284.0,Layoff Permanent,,ca_2023_24.pdf,CA
2024-04-22,"Tesla, Inc.",San Joaquin County,1.0,Layoff Permanent,,ca_2023_24.pdf,CA
2024-04-22,"Tesla, Inc.",San Joaquin County,3.0,Layoff Permanent,,ca_2023_24.pdf,CA
2024-04-22,"Tesla, Inc.",San Joaquin County,17.0,Layoff Permanent,,ca_2023_24.pdf,CA
2024-04-22,"Tesla, Inc.",San Joaquin County,19.0,Layoff Permanent,,ca_2023_24.pdf,CA
2024-04-22,"Tesla, Inc.",San Joaquin County,108.0,Layoff Permanent,,ca_2023_24.pdf,CA
2024-04-22,"Tesla, Inc.",San Joaquin County,214.0,Layoff Permanent,,ca_2023_24.pdf,CA
2024-04-22,"Tesla, Inc.",San Joaquin County,403.0,Layoff Permanent,,ca_2023_24.pdf,CA
2024-04-22,"Tesla, Inc.",Santa Clara County,155.0,Layoff Permanent,,ca_2023_24.pdf,CA
2024-04-22,"Tesla, Inc.",Santa Clara County,237.0,Layoff Permanent,,ca_2023_24.pdf,CA
2024-04-22,"Tesla, Inc.",Santa Clara County,81.0,Layoff Permanent,,ca_2023_24.pdf,CA
2024-04-22,"Tesla, Inc.",Santa Clara County,11.0,Layoff Permanent,,ca_2023_24.pdf,CA
2024-04-22,"Tesla, Inc.",Santa Clara County,2.0,Layoff Permanent,,ca_2023_24.pdf,CA
2024-04-23,"SDH Services West, LLC. - Sodexo",Contra Costa County,61.0,Closure Permanent,,ca_2023_24.pdf,CA
2024-04-22,"Shadow Holdings, LLC dba Bright Innovation Labs",Los Angeles County,28.0,Closure Permanent,,ca_2023_24.pdf,CA
2024-04-23,Twenty Twenty Therapeutics LLC,San Mateo County,76.0,Closure Permanent,,ca_2023_24.pdf,CA
2024-04-23,"Gilead Sciences, Inc.",San Mateo County,58.0,Layoff Permanent,,ca_2023_24.pdf,CA
2024-04-23,"Freenome, Inc.",San Mateo County,118.0,Layoff Permanent,,ca_2023_24.pdf,CA
2024-04-23,"Freenome, Inc.",San Mateo County,118.0,Layoff Permanent,,ca_2023_24.pdf,CA
2024-04-23,"Freenome, Inc.",San Mateo County,118.0,Layoff Permanent,,ca_2023_24.pdf,CA
2024-04-04,PIRCH,Los Angeles County,29.0,Layoff Permanent,,ca_2023_24.pdf,CA
2024-04-04,PIRCH,Los Angeles County,24.0,Layoff Permanent,,ca_2023_24.pdf,CA
2024-04-04,PIRCH,Los Angeles County,31.0,Layoff Permanent,,ca_2023_24.pdf,CA
2024-04-04,PIRCH,Riverside County,6.0,Layoff Permanent,,ca_2023_24.pdf,CA
2024-04-04,PIRCH,Riverside County,11.0,Layoff Permanent,,ca_2023_24.pdf,CA
2024-04-04,PIRCH,San Diego County,48.0,Layoff Permanent,,ca_2023_24.pdf,CA
2024-04-04,PIRCH,San Diego County,59.0,Layoff Permanent,,ca_2023_24.pdf,CA
2024-04-04,PIRCH,San Diego County,9.0,Layoff Permanent,,ca_2023_24.pdf,CA
2024-04-04,PIRCH,San Diego County,67.0,Layoff Permanent,,ca_2023_24.pdf,CA
2024-04-25,"FreeWire Technologies, Inc.",Alameda County,113.0,Closure Permanent,,ca_2023_24.pdf,CA
2024-04-26,Walmart,Alameda County,169.0,Closure Permanent,,ca_2023_24.pdf,CA
2024-04-22,Anaheim Family YMCA,Orange County,97.0,Layoff Permanent,,ca_2023_24.pdf,CA
2024-04-25,"Western Power Sports, LLC",Fresno County,12.0,Closure Permanent,,ca_2023_24.pdf,CA
2024-04-26,"AHMC San Gabriel Valley Medical Center LP dba San Gabriel
Valley Medical Center",Los Angeles County,6.0,Layoff Permanent,,ca_2023_24.pdf,CA
2024-04-24,Google US-SVL-CRSM1225,Santa Clara County,18.0,Layoff Permanent,,ca_2023_24.pdf,CA
2024-04-24,Google US-SVL-CRSM1260,Santa Clara County,3.0,Layoff Permanent,,ca_2023_24.pdf,CA
2024-04-24,Google US-SVL-CRSM1265,Santa Clara County,29.0,Layoff Permanent,,ca_2023_24.pdf,CA
2024-04-25,HomeFirst Services,Santa Clara County,24.0,Layoff Permanent,,ca_2023_24.pdf,CA
2024-04-22,ITC Federal,Orange County,135.0,Layoff Permanent,,ca_2023_24.pdf,CA
2024-04-24,SunPower Corp.,Alameda County,65.0,Closure Permanent,,ca_2023_24.pdf,CA
2024-04-24,SunPower Corp.,Los Angeles County,77.0,Closure Permanent,,ca_2023_24.pdf,CA
2024-04-24,SunPower Corp.,San Bernardino County,81.0,Closure Permanent,,ca_2023_24.pdf,CA
2024-04-29,Ensemble Therapy,San Bernardino County,48.0,Layoff Permanent,,ca_2023_24.pdf,CA
2024-04-24,SunPower Corp.,San Diego County,71.0,Closure Permanent,,ca_2023_24.pdf,CA
2024-04-24,SunPower Corp.,Santa Clara County,64.0,Closure Permanent,,ca_2023_24.pdf,CA
2024-04-25,Amazon,San Francisco County,85.0,Closure Permanent,,ca_2023_24.pdf,CA
2024-04-18,Intel Corporation,Santa Clara County,75.0,Layoff Permanent,,ca_2023_24.pdf,CA
2024-04-22,Kaiser Foundation Hospitals,Alameda County,9.0,Layoff Permanent,,ca_2023_24.pdf,CA
2024-04-22,Kaiser Foundation Hospitals,Alameda County,1.0,Layoff Permanent,,ca_2023_24.pdf,CA
2024-04-22,Kaiser Foundation Hospitals,Alameda County,1.0,Layoff Permanent,,ca_2023_24.pdf,CA
2024-04-22,Kaiser Foundation Hospitals,Alameda County,33.0,Layoff Permanent,,ca_2023_24.pdf,CA
2024-04-22,Kaiser Foundation Hospitals,Los Angeles County,1.0,Layoff Permanent,,ca_2023_24.pdf,CA
2024-04-22,Kaiser Foundation Hospitals,Los Angeles County,1.0,Layoff Permanent,,ca_2023_24.pdf,CA
2024-04-22,Kaiser Foundation Hospitals,Los Angeles County,1.0,Layoff Permanent,,ca_2023_24.pdf,CA
2024-04-22,Kaiser Foundation Hospitals,Los Angeles County,17.0,Layoff Permanent,,ca_2023_24.pdf,CA
2024-04-22,Kaiser Foundation Hospitals,Los Angeles County,5.0,Layoff Permanent,,ca_2023_24.pdf,CA
2024-04-22,Kaiser Foundation Hospitals,Los Angeles County,2.0,Layoff Permanent,,ca_2023_24.pdf,CA
2024-04-22,Kaiser Foundation Hospitals,Los Angeles County,1.0,Layoff Permanent,,ca_2023_24.pdf,CA
2024-04-22,Kaiser Foundation Hospitals,Sacramento County,1.0,Layoff Permanent,,ca_2023_24.pdf,CA
2024-04-22,Kaiser Foundation Hospitals,San Diego County,1.0,Layoff Permanent,,ca_2023_24.pdf,CA
2024-04-22,Kaiser Foundation Hospitals,San Diego County,2.0,Layoff Permanent,,ca_2023_24.pdf,CA
2024-04-19,"Rivian Automotive, LLC",Orange County,1.0,Layoff Permanent,,ca_2023_24.pdf,CA
2024-04-19,"Rivian Automotive, LLC",Orange County,5.0,Layoff Permanent,,ca_2023_24.pdf,CA
2024-04-19,"Rivian Automotive, LLC",Orange County,33.0,Layoff Permanent,,ca_2023_24.pdf,CA
2024-04-19,"Rivian Automotive, LLC",Orange County,5.0,Layoff Permanent,,ca_2023_24.pdf,CA
2024-04-19,"Rivian Automotive, LLC",Orange County,46.0,Layoff Permanent,,ca_2023_24.pdf,CA
2024-04-19,"Rivian Automotive, LLC",Orange County,2.0,Layoff Permanent,,ca_2023_24.pdf,CA
2024-04-19,"Rivian Automotive, LLC",San Mateo County,1.0,Layoff Permanent,,ca_2023_24.pdf,CA
2024-04-19,"Rivian Automotive, LLC",Santa Clara County,26.0,Layoff Permanent,,ca_2023_24.pdf,CA
2024-04-19,"Rivian Automotive, LLC",Santa Clara County,2.0,Layoff Permanent,,ca_2023_24.pdf,CA
2024-04-19,"Sientra, Inc.",Orange County,57.0,Closure Permanent,,ca_2023_24.pdf,CA
2024-04-23,"Cretex Medical Component and Device Technologies, Inc. dba
JunoPacific",Santa Cruz County,96.0,Closure Permanent,,ca_2023_24.pdf,CA
2024-04-26,"San Miguel Produce, Inc.",Ventura County,127.0,Closure Permanent,,ca_2023_24.pdf,CA
2024-04-29,Elijah House Foundation,Butte County,38.0,Layoff Permanent,,ca_2023_24.pdf,CA
2024-04-29,Elijah House Foundation,Contra Costa County,42.0,Layoff Permanent,,ca_2023_24.pdf,CA
2024-04-29,Elijah House Foundation,Monterey County,18.0,Layoff Permanent,,ca_2023_24.pdf,CA
2024-04-30,Rico Corp. dba D'Addario Woodwinds,Los Angeles County,1.0,Layoff Permanent,,ca_2023_24.pdf,CA
2024-04-29,Bristol Myers Squibb,San Mateo County,114.0,Layoff Permanent,,ca_2023_24.pdf,CA
2024-04-29,"Pacific Biosciences of California, Inc.",San Mateo County,71.0,Layoff Permanent,,ca_2023_24.pdf,CA
2024-04-30,"Aaron Thomas Company, Inc.",Orange County,155.0,Layoff Permanent,,ca_2023_24.pdf,CA
2024-04-29,California Communications Access Foundation,Alameda County,15.0,Layoff Permanent,,ca_2023_24.pdf,CA
2024-04-29,California Communications Access Foundation,Alameda County,11.0,Layoff Permanent,,ca_2023_24.pdf,CA
2024-04-29,California Communications Access Foundation,Fresno County,10.0,Layoff Permanent,,ca_2023_24.pdf,CA
2024-04-29,California Communications Access Foundation,Los Angeles County,8.0,Layoff Permanent,,ca_2023_24.pdf,CA
2024-04-29,California Communications Access Foundation,Orange County,9.0,Layoff Permanent,,ca_2023_24.pdf,CA
2024-04-29,California Communications Access Foundation,Riverside County,7.0,Layoff Permanent,,ca_2023_24.pdf,CA
2024-04-29,California Communications Access Foundation,Sacramento County,7.0,Layoff Permanent,,ca_2023_24.pdf,CA
2024-04-29,California Communications Access Foundation,San Diego County,5.0,Layoff Permanent,,ca_2023_24.pdf,CA
2024-04-29,"Pacific Biosciences of California, Inc.",San Diego County,108.0,Closure Permanent,,ca_2023_24.pdf,CA
2024-04-29,California Communications Access Foundation,Santa Barbara County,1.0,Layoff Permanent,,ca_2023_24.pdf,CA
2024-04-29,California Communications Access Foundation,Shasta County,2.0,Layoff Permanent,,ca_2023_24.pdf,CA
2024-04-29,Google US-SFO-1MST,San Francisco County,6.0,Layoff Permanent,,ca_2023_24.pdf,CA
2024-04-29,Google US-SFO-FERRY,San Francisco County,3.0,Layoff Permanent,,ca_2023_24.pdf,CA
2024-04-29,Google US-SFO-FRE199,San Francisco County,1.0,Layoff Permanent,,ca_2023_24.pdf,CA
2024-04-29,Google US-SFO-FRE215,San Francisco County,14.0,Layoff Permanent,,ca_2023_24.pdf,CA
2024-04-29,Google US-SFO-MKT1,San Francisco County,1.0,Layoff Permanent,,ca_2023_24.pdf,CA
2024-04-29,Google US-SFO-SPE,San Francisco County,26.0,Layoff Permanent,,ca_2023_24.pdf,CA
2024-04-29,Google US-SFO-SPEAR121,San Francisco County,6.0,Layoff Permanent,,ca_2023_24.pdf,CA
2024-04-26,Paramount Global,Los Angeles County,1.0,Layoff Permanent,,ca_2023_24.pdf,CA
2024-04-30,Catholic Charities of Santa Clara County,Santa Clara County,3.0,Layoff Permanent,,ca_2023_24.pdf,CA
2024-04-30,Catholic Charities of Santa Clara County,Santa Clara County,6.0,Layoff Permanent,,ca_2023_24.pdf,CA
2024-04-30,Catholic Charities of Santa Clara County,Santa Clara County,9.0,Layoff Permanent,,ca_2023_24.pdf,CA
2024-04-30,Catholic Charities of Santa Clara County,Santa Clara County,4.0,Layoff Permanent,,ca_2023_24.pdf,CA
2024-04-30,Catholic Charities of Santa Clara County,Santa Clara County,2.0,Layoff Permanent,,ca_2023_24.pdf,CA
2024-04-30,Catholic Charities of Santa Clara County,Santa Clara County,4.0,Layoff Permanent,,ca_2023_24.pdf,CA
2024-04-30,Catholic Charities of Santa Clara County,Santa Clara County,5.0,Layoff Permanent,,ca_2023_24.pdf,CA
2024-04-30,Catholic Charities of Santa Clara County,Santa Clara County,4.0,Layoff Permanent,,ca_2023_24.pdf,CA
2024-04-30,Catholic Charities of Santa Clara County,Santa Clara County,4.0,Layoff Permanent,,ca_2023_24.pdf,CA
2024-04-30,Catholic Charities of Santa Clara County,Santa Clara County,3.0,Layoff Permanent,,ca_2023_24.pdf,CA
2024-04-30,Catholic Charities of Santa Clara County,Santa Clara County,2.0,Layoff Permanent,,ca_2023_24.pdf,CA
2024-04-30,"Devine Holdings, LLC",Orange County,6.0,"Layoff Not known at
this time",,ca_2023_24.pdf,CA
2024-04-30,"Devine Holdings, LLC",San Bernardino County,39.0,"Layoff Not known at
this time",,ca_2023_24.pdf,CA
2024-04-30,"TuSimple, Inc.",San Diego County,3.0,Layoff Permanent,,ca_2023_24.pdf,CA
2024-05-02,PT Solutions at Adventist Health Bakersfield,Kern County,41.0,Closure Permanent,,ca_2023_24.pdf,CA
2024-05-02,PT Solutions at Adventist Health Delano,Kern County,4.0,Closure Permanent,,ca_2023_24.pdf,CA
2024-05-02,PT Solutions at Adventist Health Tehachapi Valley,Kern County,5.0,Closure Permanent,,ca_2023_24.pdf,CA
2024-05-01,City National Bank - Olympic Blvd.,Los Angeles County,1.0,Layoff Permanent,,ca_2023_24.pdf,CA
2024-05-01,City National Bank - Flower St.,Los Angeles County,14.0,Layoff Permanent,,ca_2023_24.pdf,CA
2024-05-01,City National Bank - Grand Ave.,Los Angeles County,23.0,Layoff Permanent,,ca_2023_24.pdf,CA
2024-05-01,University of Southern California - Keck School of Medicine,Los Angeles County,80.0,Layoff Permanent,,ca_2023_24.pdf,CA
2024-05-01,"University of Southern California - Herman Ostrow School of
Dentistry",Los Angeles County,5.0,Layoff Permanent,,ca_2023_24.pdf,CA
2024-05-07,Motional AD Inc.,Los Angeles County,52.0,Layoff Permanent,,ca_2023_24.pdf,CA
2024-04-30,The Hain Celestial Group,Los Angeles County,60.0,Closure Permanent,,ca_2023_24.pdf,CA
2024-04-08,Activision Blizzard,Los Angeles County,9.0,Layoff Permanent,,ca_2023_24.pdf,CA
2024-04-08,Activision Blizzard,Los Angeles County,5.0,Layoff Permanent,,ca_2023_24.pdf,CA
2024-05-07,Motional AD Inc.,Santa Clara County,41.0,Layoff Permanent,,ca_2023_24.pdf,CA
2024-04-26,"National Aerospace Solutions, LLC (NAS)",Santa Clara County,60.0,Layoff Permanent,,ca_2023_24.pdf,CA
2024-05-01,Coherent Corp.,Santa Clara County,70.0,Layoff Permanent,,ca_2023_24.pdf,CA
2024-04-30,"Aaron Thomas Company, Inc.",Orange County,64.0,Layoff Permanent,,ca_2023_24.pdf,CA
2024-05-03,"GXO Logistics Supply Chain, Inc",San Bernardino County,76.0,Layoff Permanent,,ca_2023_24.pdf,CA
2024-05-01,"Biological Dynamics, Inc.",San Diego County,62.0,Closure Permanent,,ca_2023_24.pdf,CA
2024-05-01,Cue Health Inc. Moda South,San Diego County,84.0,Layoff Permanent,,ca_2023_24.pdf,CA
2024-05-01,Cue Health Inc. Moda North,San Diego County,2.0,Layoff Permanent,,ca_2023_24.pdf,CA
2024-05-01,Cue Health Inc. Moda North II,San Diego County,5.0,Layoff Permanent,,ca_2023_24.pdf,CA
2024-05-01,Cue Health Inc. Moda West,San Diego County,4.0,Layoff Permanent,,ca_2023_24.pdf,CA
2024-05-01,Cue Health Inc. Nancy Ridge II,San Diego County,7.0,Layoff Permanent,,ca_2023_24.pdf,CA
2024-05-01,Cue Health Inc. Waples,San Diego County,64.0,Layoff Permanent,,ca_2023_24.pdf,CA
2024-05-01,Cue Health Inc. Vista,San Diego County,15.0,Layoff Permanent,,ca_2023_24.pdf,CA
2024-05-01,Cue Health Inc. Vista II,San Diego County,8.0,Layoff Permanent,,ca_2023_24.pdf,CA
2024-05-09,"Takeda Development Centers America, Inc.",San Diego County,324.0,Closure Permanent,,ca_2023_24.pdf,CA
2024-05-01,Golden Gate University,San Francisco County,5.0,Layoff Permanent,,ca_2023_24.pdf,CA
2024-05-03,"William Kreysler & Associates, Inc.",Solano County,2.0,Layoff Permanent,,ca_2023_24.pdf,CA
2024-05-10,"William Kreysler & Associates, Inc.",Solano County,2.0,Layoff Permanent,,ca_2023_24.pdf,CA
2024-04-29,"Fisker Group, Inc.",Los Angeles County,244.0,Closure Permanent,,ca_2023_24.pdf,CA
2024-04-29,"Fisker Group, Inc.",Orange County,35.0,Closure Permanent,,ca_2023_24.pdf,CA
2024-04-29,"Fisker Group, Inc.",San Francisco County,45.0,Closure Permanent,,ca_2023_24.pdf,CA
2024-05-01,Pro Youth,Tulare County,247.0,Layoff Permanent,,ca_2023_24.pdf,CA
2024-05-13,"Tesla, Inc.",Alameda County,164.0,Layoff Permanent,,ca_2023_24.pdf,CA
2024-05-13,"Tesla, Inc.",Alameda County,65.0,Layoff Permanent,,ca_2023_24.pdf,CA
2024-05-13,"Tesla, Inc.",Santa Clara County,53.0,Layoff Permanent,,ca_2023_24.pdf,CA
2024-05-13,"Tesla, Inc.",Santa Clara County,52.0,Layoff Permanent,,ca_2023_24.pdf,CA
2024-05-13,"Tesla, Inc.",Santa Clara County,149.0,Layoff Permanent,,ca_2023_24.pdf,CA
2024-05-13,"Tesla, Inc.",Santa Clara County,118.0,Layoff Permanent,,ca_2023_24.pdf,CA
2024-05-13,"American Eagle Outfitters, Inc.",San Francisco County,52.0,Closure Permanent,,ca_2023_24.pdf,CA
2024-05-13,"Knox Attorney Service, Inc.",Yolo County,2.0,Closure Permanent,,ca_2023_24.pdf,CA
2024-04-24,Amentum 1106th TASMG,Fresno County,113.0,Layoff Permanent,,ca_2023_24.pdf,CA
2024-05-08,Wayfinder Family Services,Los Angeles County,9.0,Closure Permanent,,ca_2023_24.pdf,CA
2024-05-08,Wayfinder Family Services,Los Angeles County,13.0,Closure Permanent,,ca_2023_24.pdf,CA
2024-05-08,Wayfinder Family Services,Los Angeles County,6.0,Closure Permanent,,ca_2023_24.pdf,CA
2024-05-08,Wayfinder Family Services,Los Angeles County,7.0,Closure Permanent,,ca_2023_24.pdf,CA
2024-05-08,Wayfinder Family Services,Los Angeles County,9.0,Closure Permanent,,ca_2023_24.pdf,CA
2024-05-06,"Herbalife International of America, Inc.",Los Angeles County,25.0,Layoff Permanent,,ca_2023_24.pdf,CA
2024-05-06,"Herbalife International of America, Inc.",Los Angeles County,70.0,Layoff Permanent,,ca_2023_24.pdf,CA
2024-05-06,"Herbalife International of America, Inc.",Los Angeles County,40.0,Layoff Permanent,,ca_2023_24.pdf,CA
2024-05-13,Laboratory Corporation of America Holdings,Los Angeles County,81.0,Closure Permanent,,ca_2023_24.pdf,CA
2024-05-13,Indeed Inc.,San Mateo County,87.0,Layoff Permanent,,ca_2023_24.pdf,CA
2024-05-13,"Tropitone Furniture Company, Inc.",Orange County,117.0,Closure Permanent,,ca_2023_24.pdf,CA
2024-05-08,Dennis Dillon RV,Orange County,67.0,Closure Permanent,,ca_2023_24.pdf,CA
2024-05-13,"Sensei Wellness Holdings, Inc dba Sensei Porcupine Creek",Riverside County,78.0,Layoff Temporary,,ca_2023_24.pdf,CA
2024-05-14,BioMarin Pharmaceutical Inc.,Marin County,57.0,Layoff Permanent,,ca_2023_24.pdf,CA
2024-05-14,BioMarin Pharmaceutical Inc.,Marin County,71.0,Layoff Permanent,,ca_2023_24.pdf,CA
2024-05-14,BioMarin Pharmaceutical Inc.,San Mateo County,3.0,Layoff Permanent,,ca_2023_24.pdf,CA
2024-05-14,BioMarin Pharmaceutical Inc.,Sonoma County,1.0,Layoff Permanent,,ca_2023_24.pdf,CA
2024-04-25,WellSpace Health,Amador County,1.0,Layoff Permanent,,ca_2023_24.pdf,CA
2024-04-25,WellSpace Health,Sacramento County,4.0,Layoff Permanent,,ca_2023_24.pdf,CA
2024-04-25,WellSpace Health,Sacramento County,18.0,Layoff Permanent,,ca_2023_24.pdf,CA
2024-04-25,WellSpace Health,Sacramento County,4.0,Layoff Permanent,,ca_2023_24.pdf,CA
2024-04-25,WellSpace Health,Sacramento County,4.0,Layoff Permanent,,ca_2023_24.pdf,CA
2024-04-25,WellSpace Health,Sacramento County,1.0,Layoff Permanent,,ca_2023_24.pdf,CA
2024-04-25,WellSpace Health,Sacramento County,16.0,Layoff Permanent,,ca_2023_24.pdf,CA
2024-04-25,WellSpace Health,Sacramento County,2.0,Layoff Permanent,,ca_2023_24.pdf,CA
2024-04-25,WellSpace Health,Sacramento County,9.0,Layoff Permanent,,ca_2023_24.pdf,CA
2024-04-25,WellSpace Health,Sacramento County,1.0,Layoff Permanent,,ca_2023_24.pdf,CA
2024-04-25,WellSpace Health,Sacramento County,3.0,Layoff Permanent,,ca_2023_24.pdf,CA
2024-04-25,WellSpace Health,Sacramento County,1.0,Layoff Permanent,,ca_2023_24.pdf,CA
2024-04-25,WellSpace Health,Sacramento County,1.0,Layoff Permanent,,ca_2023_24.pdf,CA
2024-04-25,WellSpace Health,Sacramento County,2.0,Layoff Permanent,,ca_2023_24.pdf,CA
2024-04-25,WellSpace Health,Sacramento County,4.0,Layoff Permanent,,ca_2023_24.pdf,CA
2024-04-25,WellSpace Health,Sacramento County,8.0,Layoff Permanent,,ca_2023_24.pdf,CA
2024-04-25,WellSpace Health,Sacramento County,2.0,Layoff Permanent,,ca_2023_24.pdf,CA
2024-04-25,WellSpace Health,Sacramento County,2.0,Layoff Permanent,,ca_2023_24.pdf,CA
2024-04-25,WellSpace Health,Sacramento County,3.0,Layoff Permanent,,ca_2023_24.pdf,CA
2024-04-25,WellSpace Health,Sacramento County,36.0,Layoff Permanent,,ca_2023_24.pdf,CA
2024-04-25,WellSpace Health,Sacramento County,7.0,Layoff Permanent,,ca_2023_24.pdf,CA
2024-04-25,WellSpace Health,Sacramento County,1.0,Layoff Permanent,,ca_2023_24.pdf,CA
2024-04-25,WellSpace Health,Sacramento County,2.0,Layoff Permanent,,ca_2023_24.pdf,CA
2024-04-29,Wellpath,Tulare County,47.0,Closure Permanent,,ca_2023_24.pdf,CA
2024-04-29,Wellpath,Tulare County,14.0,Closure Permanent,,ca_2023_24.pdf,CA
2024-04-29,Wellpath,Tulare County,13.0,Closure Permanent,,ca_2023_24.pdf,CA
2024-04-29,Wellpath,Tulare County,26.0,Closure Permanent,,ca_2023_24.pdf,CA
2024-05-15,Texas de Brazil Corporation,Contra Costa County,30.0,Closure Permanent,,ca_2023_24.pdf,CA
2024-05-15,First Student,San Bernardino County,201.0,Layoff Permanent,,ca_2023_24.pdf,CA
2024-05-16,Alto Pharmacy LLC,San Francisco County,82.0,Layoff Permanent,,ca_2023_24.pdf,CA
2024-05-16,"Fresenius USA, Inc.",Contra Costa County,123.0,Closure Permanent,,ca_2023_24.pdf,CA
2024-05-16,"Fresenius USA, Inc.",Contra Costa County,118.0,Closure Permanent,,ca_2023_24.pdf,CA
2024-05-16,"Fresenius USA, Inc.",Contra Costa County,14.0,Closure Permanent,,ca_2023_24.pdf,CA
2024-05-16,"Fresenius USA, Inc.",Contra Costa County,42.0,Closure Permanent,,ca_2023_24.pdf,CA
2024-05-16,"Fresenius USA, Inc.",Contra Costa County,6.0,Closure Permanent,,ca_2023_24.pdf,CA
2024-05-16,"Fresenius USA, Inc.",Contra Costa County,6.0,Closure Permanent,,ca_2023_24.pdf,CA
2024-05-14,"Bolt Biotherapeutics, Inc.",San Mateo County,38.0,Layoff Permanent,,ca_2023_24.pdf,CA
2024-05-16,Scweitzer Clubhouse,Orange County,15.0,Layoff Permanent,,ca_2023_24.pdf,CA
2024-05-16,Salk Clubhouse,Orange County,12.0,Layoff Permanent,,ca_2023_24.pdf,CA
2024-05-16,Marshall Clubhouse,Orange County,16.0,Layoff Permanent,,ca_2023_24.pdf,CA
2024-05-16,Walter Clubhouse,Orange County,7.0,Layoff Permanent,,ca_2023_24.pdf,CA
2024-05-16,Low Clubhouse,Orange County,14.0,Layoff Permanent,,ca_2023_24.pdf,CA
2024-05-16,Baden-Powell Clubhouse,Orange County,11.0,Layoff Permanent,,ca_2023_24.pdf,CA
2024-05-16,Maxwell Clubhouse,Orange County,11.0,Layoff Permanent,,ca_2023_24.pdf,CA
2024-05-16,Pyles Clubhouse,Orange County,7.0,Layoff Permanent,,ca_2023_24.pdf,CA
2024-05-16,Disney Clubhouse,Orange County,5.0,Layoff Permanent,,ca_2023_24.pdf,CA
2024-05-17,"Chedraui USA, Inc. dba El Super Distribution Center",San Bernardino County,61.0,Layoff Permanent,,ca_2023_24.pdf,CA
2024-05-17,"William Kreysler & Associates, Inc.",Solano County,3.0,Layoff Permanent,,ca_2023_24.pdf,CA
2024-05-15,"Tropicale Foods, LLC, aka PLM Operations, LLC",Stanislaus County,168.0,Closure Permanent,,ca_2023_24.pdf,CA
2024-05-20,"Herbalife International of America, Inc.",Los Angeles County,27.0,Layoff Permanent,,ca_2023_24.pdf,CA
2024-05-20,"Herbalife International of America, Inc.",Los Angeles County,76.0,Layoff Permanent,,ca_2023_24.pdf,CA
2024-05-20,"Herbalife International of America, Inc.",Los Angeles County,53.0,Layoff Permanent,,ca_2023_24.pdf,CA
2024-05-20,Superior Grocers,Los Angeles County,62.0,Closure Permanent,,ca_2023_24.pdf,CA
2024-05-17,Walmart,San Mateo County,250.0,Layoff Permanent,,ca_2023_24.pdf,CA
2024-05-17,Walmart,San Mateo County,11.0,Layoff Permanent,,ca_2023_24.pdf,CA
2024-05-17,Walmart,Santa Clara County,34.0,Layoff Permanent,,ca_2023_24.pdf,CA
2024-05-17,Walmart,Santa Clara County,30.0,Layoff Permanent,,ca_2023_24.pdf,CA
2024-05-17,Walmart,Santa Clara County,7.0,Layoff Permanent,,ca_2023_24.pdf,CA
2024-05-17,Walmart,Santa Clara County,16.0,Layoff Permanent,,ca_2023_24.pdf,CA
2024-05-20,Cue Health Inc.,San Diego County,26.0,Layoff Permanent,,ca_2023_24.pdf,CA
2024-05-20,Cue Health Inc.,San Diego County,10.0,Layoff Permanent,,ca_2023_24.pdf,CA
2024-05-20,Cue Health Inc.,San Diego County,15.0,Layoff Permanent,,ca_2023_24.pdf,CA
2024-05-20,Cue Health Inc.,San Diego County,11.0,Layoff Permanent,,ca_2023_24.pdf,CA
2024-05-20,Cue Health Inc.,San Diego County,10.0,Layoff Permanent,,ca_2023_24.pdf,CA
2024-05-20,Cue Health Inc.,San Diego County,101.0,Layoff Permanent,,ca_2023_24.pdf,CA
2024-05-20,Cue Health Inc.,San Diego County,25.0,Layoff Permanent,,ca_2023_24.pdf,CA
2024-05-20,Cue Health Inc.,San Diego County,2.0,Layoff Permanent,,ca_2023_24.pdf,CA
2024-05-21,Pixar,Alameda County,181.0,Layoff Permanent,,ca_2023_24.pdf,CA
2024-05-22,"Phoenix Labs USA Operations, Inc. aka Phoenix Labs (Foster
City)",San Mateo County,162.0,Layoff Permanent,,ca_2023_24.pdf,CA
2024-05-14,"Ryder Integrated Logistics, Inc.",San Bernardino County,9.0,Closure Permanent,,ca_2023_24.pdf,CA
2024-05-14,"Ryder Integrated Logistics, Inc.",San Bernardino County,148.0,Closure Permanent,,ca_2023_24.pdf,CA
2024-05-23,"Watermark Services IV, LLC",San Francisco County,52.0,Layoff Permanent,,ca_2023_24.pdf,CA
2024-05-23,Adventist Health Simi Valley,Ventura County,3.0,Layoff Permanent,,ca_2023_24.pdf,CA
2024-05-24,"Shadow Holdings, LLC dba Bright Innovation Labs",Los Angeles County,7.0,Closure Permanent,,ca_2023_24.pdf,CA
2024-05-24,TikTok Inc.,Los Angeles County,58.0,Layoff Permanent,,ca_2023_24.pdf,CA
2024-05-24,ITC Federal,Orange County,88.0,Layoff Permanent,,ca_2023_24.pdf,CA
2024-05-22,The Sun Valley Group,Humboldt County,116.0,Layoff Permanent,,ca_2023_24.pdf,CA
2024-05-22,The Sun Valley Group,Ventura County,38.0,Layoff Permanent,,ca_2023_24.pdf,CA
2024-05-27,"Commute is Great Logistics, LLC",Riverside County,96.0,Closure Permanent,,ca_2023_24.pdf,CA
2024-05-28,"VSP Optical Group, Inc.",Sacramento County,57.0,Layoff Permanent,,ca_2023_24.pdf,CA
2024-05-28,"CHEP Services, LLC",San Bernardino County,162.0,Closure Permanent,,ca_2023_24.pdf,CA
2024-05-14,Amazon,San Joaquin County,390.0,Layoff Permanent,,ca_2023_24.pdf,CA
2024-05-24,"BEN Group, Inc.",Los Angeles County,72.0,Layoff Permanent,,ca_2023_24.pdf,CA
2024-05-24,"BEN Group, Inc.",Los Angeles County,4.0,Layoff Permanent,,ca_2023_24.pdf,CA
2024-05-29,"Alteryx, Inc.",Orange County,76.0,Layoff Permanent,,ca_2023_24.pdf,CA
2024-05-29,"CHEP Services, LLC",Stanislaus County,83.0,Closure Permanent,,ca_2023_24.pdf,CA
2024-05-30,Union Pacific,San Bernardino County,15.0,Closure Permanent,,ca_2023_24.pdf,CA
2024-05-31,Rico Corp. dba D'Addario Woodwinds,Los Angeles County,1.0,Layoff Permanent,,ca_2023_24.pdf,CA
2024-05-31,"TuSimple, Inc.",San Diego County,1.0,Layoff Permanent,,ca_2023_24.pdf,CA
2024-05-31,Golden Gate University,San Francisco County,11.0,Layoff Permanent,,ca_2023_24.pdf,CA
2024-05-31,"Ruiz Food Products, Inc.",Tulare County,215.0,Closure Permanent,,ca_2023_24.pdf,CA
2024-05-31,"Western Power Sports, LLC",Fresno County,28.0,Layoff Permanent,,ca_2023_24.pdf,CA
2024-06-03,"Herbalife International of America, Inc.",Los Angeles County,28.0,Layoff Permanent,,ca_2023_24.pdf,CA
2024-06-03,"Herbalife International of America, Inc",Los Angeles County,76.0,Layoff Permanent,,ca_2023_24.pdf,CA
2024-06-03,"Herbalife International of America, Inc.",Los Angeles County,57.0,Layoff Permanent,,ca_2023_24.pdf,CA
2024-05-31,"Gehr Industries, Inc.",Los Angeles County,21.0,Layoff Permanent,,ca_2023_24.pdf,CA
2024-05-29,"Monarch Litho, Inc.",Los Angeles County,117.0,Closure Permanent,,ca_2023_24.pdf,CA
2024-06-03,"Mathy Machine, Inc.",San Diego County,13.0,Closure Permanent,,ca_2023_24.pdf,CA
2024-05-31,"OTS Solutions, LLC dba On Time Staffing",Los Angeles County,3.0,Layoff Permanent,,ca_2023_24.pdf,CA
2024-06-04,"Hybrid Promotions, LLC dba Hybrid Apparel",Orange County,6.0,Closure Permanent,,ca_2023_24.pdf,CA
2024-05-24,"Lucid USA, Inc.",Alameda County,256.0,Layoff Permanent,,ca_2023_24.pdf,CA
2024-06-05,Cargill Meat Solutions Corporation,Fresno County,141.0,Layoff Permanent,,ca_2023_24.pdf,CA
2024-06-05,Cargill Meat Solutions Corporation,Fresno County,17.0,Layoff Permanent,,ca_2023_24.pdf,CA
2024-06-04,EMCORE Corporation - Raymond,Los Angeles County,26.0,Closure Permanent,,ca_2023_24.pdf,CA
2024-06-04,EMCORE Corporation,Los Angeles County,25.0,Closure Permanent,,ca_2023_24.pdf,CA
2024-05-31,"Success Valley Farms, LLC",Ventura County,200.0,Closure Permanent,,ca_2023_24.pdf,CA
2024-06-03,La Petite Baleen Inc.,San Mateo County,77.0,Closure Temporary,,ca_2023_24.pdf,CA
2024-06-06,"Commerce Distribution Company, LLC",Los Angeles County,57.0,Layoff Permanent,,ca_2023_24.pdf,CA
2024-06-06,"Commerce Distribution Company, LLC",San Bernardino County,89.0,Layoff Permanent,,ca_2023_24.pdf,CA
2024-06-07,Cargill Meat Solutions Corporation,Fresno County,20.0,Layoff Permanent,,ca_2023_24.pdf,CA
2024-06-07,Amazon,Los Angeles County,54.0,Layoff Permanent,,ca_2023_24.pdf,CA
2024-06-07,"Agilent Technologies, Inc.",Sacramento County,4.0,Layoff Permanent,,ca_2023_24.pdf,CA
2024-06-07,"Agilent Technologies, Inc.",San Diego County,11.0,Layoff Permanent,,ca_2023_24.pdf,CA
2024-06-07,"Agilent Technologies, Inc.",San Diego County,6.0,Layoff Permanent,,ca_2023_24.pdf,CA
2024-06-07,"Agilent Technologies, Inc.",Santa Barbara County,4.0,Layoff Permanent,,ca_2023_24.pdf,CA
2024-06-07,"Agilent Technologies, Inc.",Santa Barbara County,3.0,Layoff Permanent,,ca_2023_24.pdf,CA
2024-06-07,"Agilent Technologies, Inc.",Santa Clara County,156.0,Layoff Permanent,,ca_2023_24.pdf,CA
2024-06-11,Ryder,Los Angeles County,10.0,Layoff Permanent,,ca_2023_24.pdf,CA
2024-06-10,Beacon Logistics,Glenn County,91.0,Closure Permanent,,ca_2023_24.pdf,CA
2024-06-10,Coach USA,Sacramento County,59.0,Closure Permanent,,ca_2023_24.pdf,CA
2024-06-05,North American Specialties Laminations LLC,San Diego County,10.0,Closure Permanent,,ca_2023_24.pdf,CA
2024-06-11,"SINO Television, Inc.",Los Angeles County,6.0,Layoff Permanent,,ca_2023_24.pdf,CA
2024-06-12,"Zones, LLC",Los Angeles County,3.0,Layoff Permanent,,ca_2023_24.pdf,CA
2024-06-12,"Del Monte Capitol Meat Company, LLC dba Allen Brothers
West Coast",Alameda County,63.0,Closure Permanent,,ca_2023_24.pdf,CA
2024-06-12,"Del Monte Capitol Meat Company, LLC dba Allen Brothers
West Coast",Napa County,5.0,Closure Permanent,,ca_2023_24.pdf,CA
2024-06-13,Cushman & Wakefield U.S. Inc.,Los Angeles County,1.0,Layoff Permanent,,ca_2023_24.pdf,CA
2024-06-13,Cushman & Wakefield U.S. Inc.,Los Angeles County,1.0,Layoff Permanent,,ca_2023_24.pdf,CA
2024-06-13,Cushman & Wakefield U.S. Inc.,San Francisco County,22.0,Layoff Permanent,,ca_2023_24.pdf,CA
2024-06-13,Cushman & Wakefield U.S. Inc.,Santa Clara County,51.0,Layoff Permanent,,ca_2023_24.pdf,CA
2024-06-13,Cushman & Wakefield U.S. Inc.,Santa Clara County,1.0,Layoff Permanent,,ca_2023_24.pdf,CA
2024-06-12,Charter Communications Customer Contact Center,San Bernardino County,430.0,Closure Permanent,,ca_2023_24.pdf,CA
2024-06-12,UPS,San Bernardino County,153.0,Layoff Permanent,,ca_2023_24.pdf,CA
2024-06-14,"Western Power Sports, LLC",Fresno County,2.0,Layoff Permanent,,ca_2023_24.pdf,CA
2024-06-14,Golden Gate University,San Francisco County,1.0,Layoff Permanent,,ca_2023_24.pdf,CA
2024-06-14,"Shadow Holdings, LLC dba Bright Innovation Labs",Los Angeles County,3.0,Layoff Permanent,,ca_2023_24.pdf,CA
2024-06-17,"Herbalife International of America, Inc.",Los Angeles County,29.0,Layoff Permanent,,ca_2023_24.pdf,CA
2024-06-17,"Herbalife International of America, Inc.",Los Angeles County,78.0,Layoff Permanent,,ca_2023_24.pdf,CA
2024-06-17,"Herbalife International of America, Inc.",Los Angeles County,56.0,Layoff Permanent,,ca_2023_24.pdf,CA
2024-06-17,"Ginkgo Bioworks, Inc.",Alameda County,4.0,Layoff Permanent,,ca_2023_24.pdf,CA
2024-06-17,"Ginkgo Bioworks, Inc.",Alameda County,30.0,Layoff Permanent,,ca_2023_24.pdf,CA
2024-06-12,Thought Stream dba Bluescape,San Mateo County,35.0,Closure Permanent,,ca_2023_24.pdf,CA
2024-06-11,"Pixelogic Media Partners, LLC",Los Angeles County,91.0,Layoff Permanent,,ca_2023_24.pdf,CA
2024-06-11,"Pixelogic Media Partners, LLC",Los Angeles County,11.0,Layoff Permanent,,ca_2023_24.pdf,CA
2024-06-19,WestRock,Riverside County,77.0,Closure Permanent,,ca_2023_24.pdf,CA
2024-06-17,"OTS Solutions, LLC dba On Time Staffing",Los Angeles County,6.0,Layoff Permanent,,ca_2023_24.pdf,CA
2024-06-20,"ARTHA Wellness Weho, LLC",Los Angeles County,40.0,Closure Permanent,,ca_2023_24.pdf,CA
2024-06-19,"Astellas Gene Therapies, Inc.",San Mateo County,10.0,Layoff Permanent,,ca_2023_24.pdf,CA
2024-06-20,California Institute of Technology,Los Angeles County,54.0,Layoff Permanent,,ca_2023_24.pdf,CA
2024-06-21,Moxion Power Co.,Contra Costa County,101.0,Layoff Permanent,,ca_2023_24.pdf,CA
2024-06-21,"Trego/Dugan Aviation of Grand Island, Inc.",Humboldt County,6.0,Layoff Permanent,,ca_2023_24.pdf,CA
2024-06-21,"Trego/Dugan Aviation of Grand Island, Inc.",Shasta County,10.0,Layoff Permanent,,ca_2023_24.pdf,CA
2024-06-24,ITC Federal,Orange County,44.0,Layoff Permanent,,ca_2023_24.pdf,CA
2024-06-24,"Ginkgo Bioworks, Inc. - Suite 401",Alameda County,10.0,Layoff Permanent,,ca_2023_24.pdf,CA
2024-06-24,"Ginkgo Bioworks, Inc.",Alameda County,3.0,Layoff Permanent,,ca_2023_24.pdf,CA
2024-06-25,Corteva Agriscience,Contra Costa County,4.0,Layoff Permanent,,ca_2023_24.pdf,CA
2024-06-25,Corteva Agriscience,Contra Costa County,2.0,Layoff Permanent,,ca_2023_24.pdf,CA
2024-06-25,AT&T - 5001,Contra Costa County,19.0,Layoff Permanent,,ca_2023_24.pdf,CA
2024-06-25,AT&T - 5005,Contra Costa County,37.0,Layoff Permanent,,ca_2023_24.pdf,CA
2024-06-24,"Lacework, Inc.",Santa Clara County,180.0,Layoff Permanent,,ca_2023_24.pdf,CA
2024-06-21,Hilton Oakland Airport Hotel,Alameda County,152.0,Closure Permanent,,ca_2023_24.pdf,CA
2024-06-20,"Aveanna Healthcare, LLC",Orange County,1.0,Closure Permanent,,ca_2023_24.pdf,CA
2024-06-20,"Aveanna Healtcare, LLC",San Diego County,3.0,Closure Permanent,,ca_2023_24.pdf,CA
2024-06-25,"DexCom, Inc.",San Diego County,535.0,Layoff Permanent,,ca_2023_24.pdf,CA
2024-06-26,Planet Labs PBC,San Francisco County,98.0,Layoff Permanent,,ca_2023_24.pdf,CA
2024-06-21,J. R. Simplot Company,San Joaquin County,108.0,Layoff Permanent,,ca_2023_24.pdf,CA
2024-06-27,Lockheed Martin Space,Santa Clara County,68.0,Layoff Permanent,,ca_2023_24.pdf,CA
2024-06-28,Kohana Coffee Company,Contra Costa County,51.0,Closure Permanent,,ca_2023_24.pdf,CA
2024-06-28,Firebaugh Facility of Olam Americas,Fresno County,275.0,Closure Permanent,,ca_2023_24.pdf,CA
2024-06-20,CI Office,Sacramento County,12.0,Layoff Temporary,,ca_2023_24.pdf,CA
2024-06-20,CI Manufacturing Facility,Sacramento County,153.0,Layoff Temporary,,ca_2023_24.pdf,CA
,213,3,4.0,73,,ca_2023_24.pdf,CA
,172,4,0.0,25,,ca_2023_24.pdf,CA
,46,0,0.0,28,,ca_2023_24.pdf,CA
,134,0,0.0,75,,ca_2023_24.pdf,CA
,179,1,2.0,53,,ca_2023_24.pdf,CA
,56,2,0.0,20,,ca_2023_24.pdf,CA
,"1,292",29,7.0,470,,ca_2023_24.pdf,CA
2024-07-01,Lockheed Martin,Los Angeles County,57.0,Layoff Permanent,,ca_2024_25.pdf,CA
2024-06-30,"Delta Apparel, Inc.",Orange County,5.0,Closure Permanent,,ca_2024_25.pdf,CA
2024-07-02,Cargill Meat Solutions Corporation,Fresno County,20.0,Layoff Permanent,,ca_2024_25.pdf,CA
2024-06-28,"Circus Dog Productions, Inc.",Los Angeles County,36.0,Layoff Permanent,,ca_2024_25.pdf,CA
2024-07-01,Henry Avocado Corporation,San Diego County,8.0,Closure Permanent,,ca_2024_25.pdf,CA
2024-07-01,Henry Avocado Corporation,San Diego County,19.0,Closure Permanent,,ca_2024_25.pdf,CA
2024-07-02,"Constellation Brands, Inc.",Mendocino County,6.0,Closure Permanent,,ca_2024_25.pdf,CA
2024-07-01,Western Specialty Contractors,Alameda County,8.0,Closure Permanent,,ca_2024_25.pdf,CA
2024-07-03,"F&E Aircraft Maintenance dba FEAM Aero, LLC",San Bernardino County,26.0,Layoff Permanent,,ca_2024_25.pdf,CA
2024-07-02,"Refratechnik North America, Inc.",San Bernardino County,8.0,Closure Permanent,,ca_2024_25.pdf,CA
2024-06-27,"Motorcar Parts of America, Inc.",Los Angeles County,94.0,Layoff Permanent,,ca_2024_25.pdf,CA
2024-07-08,"Hybrid Promotions, LLC dba Hybrid Apparel",Orange County,24.0,Layoff Temporary,,ca_2024_25.pdf,CA
2024-07-05,Novartis Pharmaceuticals Corporation,San Diego County,29.0,Closure Permanent,,ca_2024_25.pdf,CA
2024-07-10,Intuit Inc.,Santa Clara County,384.0,Layoff Permanent,,ca_2024_25.pdf,CA
2024-07-09,"Hybrid Promotions, LLC dba Hybrid Apparel",San Diego County,22.0,Closure Permanent,,ca_2024_25.pdf,CA
2024-07-10,Intuit Inc.,San Diego County,215.0,Layoff Permanent,,ca_2024_25.pdf,CA
2024-07-10,Sang-Hai Corporation,Amador County,56.0,Layoff Permanent,,ca_2024_25.pdf,CA
2024-07-11,"TRM Gamma Aerospace Acquisition, LLC",San Bernardino County,24.0,Closure Permanent,,ca_2024_25.pdf,CA
2024-07-11,"US Foods, Inc.",San Diego County,97.0,Layoff Permanent,,ca_2024_25.pdf,CA
2024-07-12,"TuSimple, Inc.",San Diego County,1.0,Layoff Permanent,,ca_2024_25.pdf,CA
2024-07-15,City National Bank,Los Angeles County,6.0,Layoff Permanent,,ca_2024_25.pdf,CA
2024-07-15,City National Bank,Los Angeles County,2.0,Layoff Permanent,,ca_2024_25.pdf,CA
2024-07-15,"Rodan & Fields, LLC",Contra Costa County,78.0,Layoff Permanent,,ca_2024_25.pdf,CA
2024-07-11,UKG Inc.,Orange County,195.0,Layoff Permanent,,ca_2024_25.pdf,CA
2024-07-11,UKG Inc.,San Francisco County,12.0,Layoff Permanent,,ca_2024_25.pdf,CA
2024-07-16,"Exabeam, Inc.",San Mateo County,43.0,Layoff Permanent,,ca_2024_25.pdf,CA
2024-07-17,"Southwire Company, LLC",San Bernardino County,95.0,Closure Permanent,,ca_2024_25.pdf,CA
2024-07-17,"Warner Bros. Discovery, Inc.",Los Angeles County,81.0,Layoff Permanent,,ca_2024_25.pdf,CA
2024-07-17,"Warner Bros. Discovery, Inc.",Los Angeles County,62.0,Layoff Permanent,,ca_2024_25.pdf,CA
2024-07-17,"Warner Bros. Discovery, Inc.",Los Angeles County,121.0,Layoff Permanent,,ca_2024_25.pdf,CA
2024-07-17,Pixar,Alameda County,4.0,Layoff Permanent,,ca_2024_25.pdf,CA
2024-07-18,Optum,Alameda County,3.0,Closure Permanent,,ca_2024_25.pdf,CA
2024-07-18,Optum,Los Angeles County,21.0,Closure Permanent,,ca_2024_25.pdf,CA
2024-07-18,Optum,Los Angeles County,28.0,Closure Permanent,,ca_2024_25.pdf,CA
2024-07-18,Optum,Los Angeles County,18.0,Closure Permanent,,ca_2024_25.pdf,CA
2024-07-18,Optum,Los Angeles County,55.0,Closure Permanent,,ca_2024_25.pdf,CA
2024-07-18,Optum,Los Angeles County,37.0,Closure Permanent,,ca_2024_25.pdf,CA
2024-07-18,Optum,Los Angeles County,9.0,Closure Permanent,,ca_2024_25.pdf,CA
2024-07-18,Optum,Los Angeles County,25.0,Closure Permanent,,ca_2024_25.pdf,CA
2024-07-18,Optum,Los Angeles County,1.0,Closure Permanent,,ca_2024_25.pdf,CA
2024-07-18,Optum,Orange County,12.0,Closure Permanent,,ca_2024_25.pdf,CA
2024-07-18,Optum,Riverside County,21.0,Closure Permanent,,ca_2024_25.pdf,CA
2024-07-18,Optum,Riverside County,2.0,Closure Permanent,,ca_2024_25.pdf,CA
2024-07-18,Optum,San Bernardino County,10.0,Closure Permanent,,ca_2024_25.pdf,CA
2024-07-18,Optum,San Bernardino County,26.0,Closure Permanent,,ca_2024_25.pdf,CA
2024-07-18,Optum,San Bernardino County,35.0,Closure Permanent,,ca_2024_25.pdf,CA
2024-07-17,Pitney Bowes Inc.,San Bernardino County,2.0,Layoff Permanent,,ca_2024_25.pdf,CA
2024-07-17,Pitney Bowes Inc.,San Joaquin County,1.0,Layoff Permanent,,ca_2024_25.pdf,CA
2024-07-18,Optum,Los Angeles County,64.0,Layoff Permanent,,ca_2024_25.pdf,CA
2024-07-18,Optum,Los Angeles County,157.0,Layoff Permanent,,ca_2024_25.pdf,CA
2024-07-18,Raytheon,Los Angeles County,137.0,Layoff Permanent,,ca_2024_25.pdf,CA
2024-07-19,"MoreFlavor, Inc.",Contra Costa County,51.0,Closure Permanent,,ca_2024_25.pdf,CA
2024-07-19,"Moxion Power, Inc.",Contra Costa County,244.0,Closure Permanent,,ca_2024_25.pdf,CA
2024-07-19,"Moxion Power, Inc.",Los Angeles County,3.0,Closure Permanent,,ca_2024_25.pdf,CA
2024-07-19,"Moxion Power, Inc.",Los Angeles County,1.0,Closure Permanent,,ca_2024_25.pdf,CA
2024-07-22,"Kimura Enterprise, Inc.",Los Angeles County,15.0,Closure Permanent,,ca_2024_25.pdf,CA
2024-07-22,Bellota,San Francisco County,33.0,"Closure Not known at
this time",,ca_2024_25.pdf,CA
2024-07-24,Cohere Beauty,Los Angeles County,20.0,Closure Permanent,,ca_2024_25.pdf,CA
2024-07-23,Athletics Investment Group LLC,Alameda County,14.0,Closure Permanent,,ca_2024_25.pdf,CA
2024-07-23,Athletics Investment Group LLC,Alameda County,358.0,Closure Permanent,,ca_2024_25.pdf,CA
2024-07-23,Athletics Investment Group LLC,Alameda County,43.0,Layoff Permanent,,ca_2024_25.pdf,CA
2024-07-23,Bay Area Sports Catering,Alameda County,176.0,Closure Permanent,,ca_2024_25.pdf,CA
2024-07-24,"Vintage Wine Estates, Inc",Mendocino County,124.0,Closure Permanent,,ca_2024_25.pdf,CA
2024-07-24,"Vintage Wine Estates, Inc",Napa County,17.0,Closure Permanent,,ca_2024_25.pdf,CA
2024-07-24,"Vintage Wine Estates, Inc",Napa County,10.0,Closure Permanent,,ca_2024_25.pdf,CA
2024-07-24,"Vintage Wine Estates, Inc",San Luis Obispo County,20.0,Closure Permanent,,ca_2024_25.pdf,CA
2024-07-24,"Vintage Wine Estates, Inc",Sonoma County,101.0,Closure Permanent,,ca_2024_25.pdf,CA
2024-07-24,"Vintage Wine Estates, Inc",Sonoma County,19.0,Closure Permanent,,ca_2024_25.pdf,CA
2024-07-24,"Vintage Wine Estates, Inc",Sonoma County,11.0,Closure Permanent,,ca_2024_25.pdf,CA
2024-07-24,"Vintage Wine Estates, Inc",Sonoma County,37.0,Closure Permanent,,ca_2024_25.pdf,CA
2024-07-24,"Vintage Wine Estates, Inc",Sonoma County,5.0,Closure Permanent,,ca_2024_25.pdf,CA
2024-07-24,"Vintage Wine Estates, Inc",Sonoma County,33.0,Closure Permanent,,ca_2024_25.pdf,CA
2024-07-24,Cepheid,Alameda County,11.0,Layoff Permanent,,ca_2024_25.pdf,CA
2024-07-22,ITC Federal,Orange County,31.0,Layoff Permanent,,ca_2024_25.pdf,CA
2024-07-26,"Daves California Logistics, LLC",Glenn County,80.0,Closure Permanent,,ca_2024_25.pdf,CA
2024-07-29,"Annabelle Candy Co., Inc.",Alameda County,43.0,Closure Permanent,,ca_2024_25.pdf,CA
2024-07-26,SunPower Corporation,Alameda County,20.0,Layoff Permanent,,ca_2024_25.pdf,CA
2024-07-26,SunPower Corporation,Contra Costa County,182.0,Layoff Permanent,,ca_2024_25.pdf,CA
2024-07-26,SunPower Corporation,Los Angeles County,19.0,Layoff Permanent,,ca_2024_25.pdf,CA
2024-07-26,SunPower Corporation,Orange County,11.0,Layoff Permanent,,ca_2024_25.pdf,CA
2024-07-26,SunPower Corporation,Sacramento County,16.0,Layoff Permanent,,ca_2024_25.pdf,CA
2024-07-26,SunPower Corporation,San Bernardino County,18.0,Layoff Permanent,,ca_2024_25.pdf,CA
2024-07-26,SunPower Corporation,San Diego County,13.0,Layoff Permanent,,ca_2024_25.pdf,CA
2024-07-26,SunPower Corporation,Santa Clara County,11.0,Layoff Permanent,,ca_2024_25.pdf,CA
2024-07-29,Evolution Hospitality,San Francisco County,72.0,Layoff Temporary,,ca_2024_25.pdf,CA
2024-07-22,"National Aerospace Solutions, LLC",Santa Clara County,60.0,Layoff Permanent,,ca_2024_25.pdf,CA
2024-04-29,"Restorix Health, Inc.",Orange County,12.0,Closure Permanent,,ca_2024_25.pdf,CA
2024-07-26,Mitsui Home America LLC,San Joaquin County,17.0,Closure Permanent,,ca_2024_25.pdf,CA
2024-07-26,AT&T,Contra Costa County,3.0,Layoff Permanent,,ca_2024_25.pdf,CA
2024-07-26,AT&T,Contra Costa County,5.0,Layoff Permanent,,ca_2024_25.pdf,CA
2024-07-30,"Western Power Sports, LLC",Fresno County,2.0,Closure Permanent,,ca_2024_25.pdf,CA
2024-07-26,University of Southern California,Los Angeles County,14.0,Layoff Permanent,,ca_2024_25.pdf,CA
2024-07-26,University of Southern California,Los Angeles County,3.0,Layoff Permanent,,ca_2024_25.pdf,CA
2024-07-26,University of Southern California,Los Angeles County,3.0,Layoff Permanent,,ca_2024_25.pdf,CA
2024-07-26,University of Southern California,Los Angeles County,3.0,Layoff Permanent,,ca_2024_25.pdf,CA
2024-07-26,University of Southern California,Los Angeles County,2.0,Layoff Permanent,,ca_2024_25.pdf,CA
2024-07-26,University of Southern California,Los Angeles County,1.0,Layoff Permanent,,ca_2024_25.pdf,CA
2024-07-26,University of Southern California,Los Angeles County,3.0,Layoff Permanent,,ca_2024_25.pdf,CA
2024-07-29,"Konica Minolta Business Solutions U.S.A., Inc.",San Mateo County,20.0,Closure Permanent,,ca_2024_25.pdf,CA
2024-07-24,Cepheid,Santa Clara County,622.0,Layoff Permanent,,ca_2024_25.pdf,CA
2024-07-24,Cepheid,Santa Clara County,2.0,Layoff Permanent,,ca_2024_25.pdf,CA
2024-07-24,Cepheid,Santa Clara County,2.0,Layoff Permanent,,ca_2024_25.pdf,CA
2024-07-29,Target Corporation,Santa Clara County,85.0,Closure Permanent,,ca_2024_25.pdf,CA
2024-07-26,"Buca Restaurants 2, Inc. dba Buca di Beppo",Sacramento County,46.0,Layoff Permanent,,ca_2024_25.pdf,CA
2024-07-31,"CareFusion Resources, LLC, a subsidiary of Becton, Dickinson
and Company",San Diego County,34.0,Layoff Permanent,,ca_2024_25.pdf,CA
2024-07-31,"CareFusion Resources, LLC, a subsidiary of Becton, Dickinson
and Company",San Diego County,83.0,Layoff Permanent,,ca_2024_25.pdf,CA
2024-07-31,Golden Gate University,San Francisco County,4.0,Layoff Permanent,,ca_2024_25.pdf,CA
2024-07-31,"Illumina, Inc.",San Diego County,49.0,Layoff Permanent,,ca_2024_25.pdf,CA
2024-08-01,Ajinomoto Bio-Pharma Services,San Diego County,71.0,Layoff Permanent,,ca_2024_25.pdf,CA
2024-07-31,"Vir Biotechnology, Inc.",San Francisco County,141.0,Layoff Permanent,,ca_2024_25.pdf,CA
2024-08-01,"Vytalogy Wellness, LLC",Orange County,33.0,Closure Permanent,,ca_2024_25.pdf,CA
2024-07-25,"Texas Scenic Company, Inc.",Los Angeles County,23.0,Closure Permanent,,ca_2024_25.pdf,CA
2024-08-02,"FibroGen, Inc.",San Francisco County,127.0,Layoff Permanent,,ca_2024_25.pdf,CA
2024-08-05,"Hybrid Promotions, LLC dba Hybrid Apparel",Orange County,19.0,Closure Permanent,,ca_2024_25.pdf,CA
2024-08-06,"Save Mart Supermarkets LLC dba Roseville Distribution
Center",Placer County,273.0,Closure Permanent,,ca_2024_25.pdf,CA
2024-08-06,"Distribution Alternatives, Inc.",San Bernardino County,1.0,Layoff Permanent,,ca_2024_25.pdf,CA
2024-08-07,"Farmers Group, Inc.",Los Angeles County,84.0,Layoff Permanent,,ca_2024_25.pdf,CA
2024-08-09,"Velo3D, Inc.",Alameda County,42.0,Layoff Permanent,,ca_2024_25.pdf,CA
2024-08-08,"Mosaic Culver, LLC",Los Angeles County,16.0,Layoff Permanent,,ca_2024_25.pdf,CA
2024-08-09,Pitney Bowes Inc.,San Bernardino County,236.0,Closure Permanent,,ca_2024_25.pdf,CA
2024-08-09,Pitney Bowes Inc.,San Joaquin County,112.0,Closure Permanent,,ca_2024_25.pdf,CA
2024-08-12,"Fastly, Inc.",San Francisco County,52.0,Layoff Permanent,,ca_2024_25.pdf,CA
2024-08-12,Adventist Health Simi Valley,Ventura County,1.0,Layoff Permanent,,ca_2024_25.pdf,CA
2024-08-12,Northrop Grumman,Los Angeles County,500.0,Layoff Permanent,,ca_2024_25.pdf,CA
2024-08-13,"GRAIL, Inc.",San Mateo County,179.0,Layoff Permanent,,ca_2024_25.pdf,CA
2024-08-14,AppLovin Corporation,Santa Clara County,61.0,Layoff Permanent,,ca_2024_25.pdf,CA
2024-08-14,"VSP Optical Group, Inc.",Sacramento County,186.0,Closure Permanent,,ca_2024_25.pdf,CA
2024-08-13,Pitney Bowes Inc.,San Bernardino County,11.0,Closure Permanent,,ca_2024_25.pdf,CA
2024-08-14,Volunteers of America Southwest,San Diego County,9.0,Closure Permanent,,ca_2024_25.pdf,CA
2024-08-08,NFI National Distribution Centers LLC,San Joaquin County,40.0,Closure Permanent,,ca_2024_25.pdf,CA
2024-08-14,Canoo,Los Angeles County,185.0,Layoff Permanent,,ca_2024_25.pdf,CA
2024-08-16,Paramount Global,Los Angeles County,95.0,Layoff Permanent,,ca_2024_25.pdf,CA
2024-08-16,Paramount Global,Los Angeles County,193.0,Layoff Permanent,,ca_2024_25.pdf,CA
2024-08-19,ITC Federal,Orange County,31.0,Layoff Permanent,,ca_2024_25.pdf,CA
2024-08-20,"Cuberg, Inc.",Alameda County,196.0,Closure Permanent,,ca_2024_25.pdf,CA
2024-08-20,"Penumbra, Inc.",Alameda County,71.0,Layoff Permanent,,ca_2024_25.pdf,CA
2024-08-20,Nordson Corporation,San Diego County,11.0,Layoff Permanent,,ca_2024_25.pdf,CA
2024-08-20,"Five9, Inc.",Contra Costa County,30.0,Layoff Permanent,,ca_2024_25.pdf,CA
2024-08-20,"Five9, Inc.",San Francisco County,3.0,Layoff Permanent,,ca_2024_25.pdf,CA
2024-08-20,"V2X dba Vertex Aerospace, LLC",San Diego County,46.0,Closure Permanent,,ca_2024_25.pdf,CA
2024-08-21,"Cisco Systems, Inc.",Santa Clara County,53.0,Layoff Permanent,,ca_2024_25.pdf,CA
2024-08-13,Silgan Containers,Stanislaus County,72.0,Layoff Temporary,,ca_2024_25.pdf,CA
2024-08-21,California Resources Corporation,Kern County,69.0,Layoff Permanent,,ca_2024_25.pdf,CA
2024-08-22,"FS - Precision Tech. Co., LLC",Los Angeles County,100.0,Closure Permanent,,ca_2024_25.pdf,CA
2024-08-22,"Genentech, Inc.",San Mateo County,93.0,Layoff Permanent,,ca_2024_25.pdf,CA
2024-08-13,Silgan Containers,Stanislaus County,70.0,Layoff Temporary,,ca_2024_25.pdf,CA
2024-08-23,Menzies Aviation,Los Angeles County,91.0,Layoff Permanent,,ca_2024_25.pdf,CA
2024-08-23,"Mama's Ladera Ranch, LP",Orange County,42.0,Closure Permanent,,ca_2024_25.pdf,CA
2024-08-13,Silgan Containers,Contra Costa County,44.0,Layoff Temporary,,ca_2024_25.pdf,CA
2024-08-26,AT&T,Contra Costa County,10.0,Layoff Permanent,,ca_2024_25.pdf,CA
2024-08-26,AT&T,Contra Costa County,10.0,Layoff Permanent,,ca_2024_25.pdf,CA
2024-08-23,"Shadow Holdings, LLC dba Bright Innovation Labs",Los Angeles County,8.0,Closure Permanent,,ca_2024_25.pdf,CA
2024-08-26,"Fermented Sciences II, Inc.",Ventura County,50.0,Layoff Permanent,,ca_2024_25.pdf,CA
2024-08-26,"Shake Shack Enterprises, LLC",Alameda County,32.0,Closure Permanent,,ca_2024_25.pdf,CA
2024-08-26,"Shake Shack Enterprises, LLC",Los Angeles County,18.0,Closure Permanent,,ca_2024_25.pdf,CA
2024-08-26,"Shake Shack Enterprises, LLC",Los Angeles County,24.0,Closure Permanent,,ca_2024_25.pdf,CA
2024-08-26,"Shake Shack Enterprises, LLC",Los Angeles County,20.0,Closure Permanent,,ca_2024_25.pdf,CA
2024-08-26,"Shake Shack Enterprises, LLC",Los Angeles County,18.0,Closure Permanent,,ca_2024_25.pdf,CA
2024-08-26,"Shake Shack Enterprises, LLC",Los Angeles County,24.0,Closure Permanent,,ca_2024_25.pdf,CA
2024-08-22,Menzies Aviation,San Francisco County,124.0,Layoff Permanent,,ca_2024_25.pdf,CA
2024-08-27,"Astellas Gene Therapies, Inc.",San Mateo County,7.0,Layoff Permanent,,ca_2024_25.pdf,CA
2024-08-26,Jabil Inc.,Santa Clara County,472.0,Closure Temporary,,ca_2024_25.pdf,CA
2024-08-27,Schlumberger Technology Corporation,Kern County,28.0,Layoff Permanent,,ca_2024_25.pdf,CA
2024-08-27,"Fisker Group, Inc.",Los Angeles County,43.0,Closure Permanent,,ca_2024_25.pdf,CA
2024-08-27,"Fisker Group, Inc.",Orange County,8.0,Closure Permanent,,ca_2024_25.pdf,CA
2024-08-30,Intel Corporation,Santa Clara County,12.0,Layoff Permanent,,ca_2024_25.pdf,CA
2024-08-30,Intel Corporation,Santa Clara County,4.0,Layoff Permanent,,ca_2024_25.pdf,CA
2024-08-30,Intel Corporation,Santa Clara County,15.0,Layoff Permanent,,ca_2024_25.pdf,CA
2024-08-30,Intel Corporation,Santa Clara County,23.0,Layoff Permanent,,ca_2024_25.pdf,CA
2024-08-30,DermTech,San Diego County,51.0,Layoff Permanent,,ca_2024_25.pdf,CA
2024-08-30,"ImmunityBio, Inc.",Los Angeles County,6.0,Layoff Permanent,,ca_2024_25.pdf,CA
2024-08-30,"ImmunityBio, Inc.",Los Angeles County,1.0,Layoff Permanent,,ca_2024_25.pdf,CA
2024-08-30,"ImmunityBio, Inc.",Los Angeles County,3.0,Layoff Permanent,,ca_2024_25.pdf,CA
2024-08-30,"ImmunityBio, Inc.",Los Angeles County,1.0,Layoff Permanent,,ca_2024_25.pdf,CA
2024-08-30,"ImmunityBio, Inc.",Los Angeles County,5.0,Layoff Permanent,,ca_2024_25.pdf,CA
2024-08-30,Elaine Bell Catering Company,Napa County,164.0,Closure Permanent,,ca_2024_25.pdf,CA
2024-09-03,"Save Mart Supermarkets LLC dba Yosemite Wholesale
Company",Merced County,254.0,Closure Permanent,,ca_2024_25.pdf,CA
2024-08-30,Johns Manville,Glenn County,100.0,Layoff Temporary,,ca_2024_25.pdf,CA
2024-09-03,"Hogan Personnel, LLC",San Bernardino County,98.0,Closure Permanent,,ca_2024_25.pdf,CA
2024-09-03,"Hogan Services, Inc.",San Bernardino County,14.0,Closure Permanent,,ca_2024_25.pdf,CA
2024-08-31,"TuSimple, Inc.",San Diego County,1.0,Layoff Permanent,,ca_2024_25.pdf,CA
2024-08-28,BioMarin Pharmaceutical Inc.,Marin County,94.0,Layoff Permanent,,ca_2024_25.pdf,CA
2024-08-28,BioMarin Pharmaceutical Inc.,Marin County,52.0,Layoff Permanent,,ca_2024_25.pdf,CA
2024-08-28,BioMarin Pharmaceutical Inc.,Sonoma County,1.0,Layoff Permanent,,ca_2024_25.pdf,CA
2024-09-04,Enervenue,Alameda County,65.0,Layoff Permanent,,ca_2024_25.pdf,CA
2024-08-30,City National Bank,Los Angeles County,2.0,Layoff Permanent,,ca_2024_25.pdf,CA
2024-09-03,Edwards Lifesciences LLC,Orange County,192.0,Layoff Permanent,,ca_2024_25.pdf,CA
2024-09-03,Edwards Lifesciences LLC,Orange County,1.0,Layoff Permanent,,ca_2024_25.pdf,CA
2024-08-30,Planet Labs PBC,San Francisco County,1.0,Layoff Permanent,,ca_2024_25.pdf,CA
2024-09-04,"ChargePoint, Inc.",Santa Clara County,64.0,Layoff Permanent,,ca_2024_25.pdf,CA
2024-09-04,"Big Lots, Inc.",San Bernardino County,349.0,Closure Permanent,,ca_2024_25.pdf,CA
2024-09-05,"PerfectVision Manufacturing, Inc.",San Bernardino County,6.0,Closure Permanent,,ca_2024_25.pdf,CA
2024-09-04,"Illumina, Inc.",San Diego County,3.0,Layoff Permanent,,ca_2024_25.pdf,CA
2024-09-05,Stanislaus Surgical Hospital,Stanislaus County,164.0,Layoff Temporary,,ca_2024_25.pdf,CA
2024-09-06,"Distribution Alternatives, Inc.",San Bernardino County,1.0,Layoff Permanent,,ca_2024_25.pdf,CA
2024-09-06,Kaiser Foundation Hospitals,Alameda County,249.0,Closure Permanent,,ca_2024_25.pdf,CA
2024-09-09,"Commerce Distribution Center, LLC",Los Angeles County,294.0,Layoff Permanent,,ca_2024_25.pdf,CA
2024-09-06,Amazon,Orange County,162.0,Layoff Permanent,,ca_2024_25.pdf,CA
2024-09-06,"MMT Craft, LLC, dba Modern Times Beer & Coffee",San Diego County,55.0,Closure Permanent,,ca_2024_25.pdf,CA
2024-09-06,"MMT Craft, LLC, dba Modern Times Beer & Coffee",San Diego County,7.0,Closure Permanent,,ca_2024_25.pdf,CA
2024-09-06,"MMT Craft, LLC, dba Modern Times Beer & Coffee",San Diego County,15.0,Closure Permanent,,ca_2024_25.pdf,CA
2024-09-06,Amazon,Yolo County,159.0,Layoff Permanent,,ca_2024_25.pdf,CA
2024-09-10,Conrad Employer LLC,Los Angeles County,47.0,Layoff Permanent,,ca_2024_25.pdf,CA
2024-09-10,"Distribution Alternatives, Inc.",San Bernardino County,5.0,Layoff Permanent,,ca_2024_25.pdf,CA
2024-09-10,Qualcomm Incorporated,San Diego County,226.0,Layoff Permanent,,ca_2024_25.pdf,CA
2024-09-09,Snohetta Architecture Landscape Architecture PC,San Francisco County,5.0,Closure Permanent,,ca_2024_25.pdf,CA
2024-09-09,Biosense Webster Inc.,Santa Clara County,13.0,Closure Permanent,,ca_2024_25.pdf,CA
2024-09-02,"Field Controls, LLC",Riverside County,5.0,Closure Permanent,,ca_2024_25.pdf,CA
2024-09-12,"GXO Logistics Supply Chain, Inc.",San Bernardino County,114.0,Layoff Permanent,,ca_2024_25.pdf,CA
2024-09-12,Activision Blizzard,Los Angeles County,143.0,Layoff Permanent,,ca_2024_25.pdf,CA
2024-09-12,Activision Blizzard,Los Angeles County,110.0,Layoff Permanent,,ca_2024_25.pdf,CA
2024-09-12,Activision Blizzard,Orange County,140.0,Layoff Permanent,,ca_2024_25.pdf,CA
2024-09-13,ITC Federal,Orange County,31.0,Layoff Permanent,,ca_2024_25.pdf,CA
2024-09-16,"Advantest, Inc.",Alameda County,88.0,Closure Permanent,,ca_2024_25.pdf,CA
2024-09-16,Foundation for California Community Colleges,Sacramento County,368.0,Layoff Permanent,,ca_2024_25.pdf,CA
2024-09-16,"Southwire Company, LLC",San Bernardino County,78.0,Closure Permanent,,ca_2024_25.pdf,CA
2024-09-16,"Converse, Inc.",San Bernardino County,46.0,Layoff Permanent,,ca_2024_25.pdf,CA
2024-09-16,"Converse, Inc.",San Bernardino County,31.0,Layoff Permanent,,ca_2024_25.pdf,CA
2024-09-04,"Houweling Camarillo, Inc.",Ventura County,203.0,Closure Permanent,,ca_2024_25.pdf,CA
2024-09-17,International Business Machines Corporation (IBM),San Francisco County,58.0,Layoff Permanent,,ca_2024_25.pdf,CA
2024-09-13,"Cisco Systems, Inc.",San Francisco County,134.0,Layoff Permanent,,ca_2024_25.pdf,CA
2024-09-13,"Cisco Systems, Inc.",Santa Clara County,563.0,Layoff Permanent,,ca_2024_25.pdf,CA
2024-09-13,"Cisco Systems, Inc.",Santa Clara County,145.0,Layoff Permanent,,ca_2024_25.pdf,CA
2024-09-17,International Business Machines Corporation (IBM),Santa Clara County,54.0,Layoff Permanent,,ca_2024_25.pdf,CA
2024-09-17,"Monterey Mushrooms, LLC",Santa Cruz County,605.0,Closure Permanent,,ca_2024_25.pdf,CA
2024-09-18,"Cuberg, Inc.",Alameda County,27.0,Closure Permanent,,ca_2024_25.pdf,CA
2024-09-20,Jabil Inc.,Orange County,59.0,Closure Temporary,,ca_2024_25.pdf,CA
2024-09-20,USC Verdugo Hills Hospital,Los Angeles County,65.0,Closure Permanent,,ca_2024_25.pdf,CA
2024-09-23,Jabil Inc.,Alameda County,156.0,Closure Temporary,,ca_2024_25.pdf,CA
2024-09-23,Kaiser Foundation Hospitals,Alameda County,13.0,Layoff Permanent,,ca_2024_25.pdf,CA
2024-09-23,Kaiser Foundation Hospitals,Alameda County,1.0,Layoff Permanent,,ca_2024_25.pdf,CA
2024-09-23,Kaiser Foundation Hospitals,Alameda County,1.0,Layoff Permanent,,ca_2024_25.pdf,CA
2024-09-23,Kaiser Foundation Hospitals,Alameda County,1.0,Layoff Permanent,,ca_2024_25.pdf,CA
2024-09-23,Kaiser Foundation Hospitals,Contra Costa County,1.0,Layoff Permanent,,ca_2024_25.pdf,CA
2024-09-23,Kaiser Foundation Hospitals,Los Angeles County,2.0,Layoff Permanent,,ca_2024_25.pdf,CA
2024-09-23,Kaiser Foundation Hospitals,Los Angeles County,1.0,Layoff Permanent,,ca_2024_25.pdf,CA
2024-09-23,Kaiser Foundation Hospitals,Los Angeles County,2.0,Layoff Permanent,,ca_2024_25.pdf,CA
2024-09-23,Kaiser Foundation Hospitals,Los Angeles County,5.0,Layoff Permanent,,ca_2024_25.pdf,CA
2024-09-23,Kaiser Foundation Hospitals,Los Angeles County,1.0,Layoff Permanent,,ca_2024_25.pdf,CA
2024-09-23,Kaiser Foundation Hospitals,Orange County,2.0,Layoff Permanent,,ca_2024_25.pdf,CA
2024-09-23,Kaiser Foundation Hospitals,Riverside County,7.0,Layoff Permanent,,ca_2024_25.pdf,CA
2024-09-23,Kaiser Foundation Hospitals,Riverside County,1.0,Layoff Permanent,,ca_2024_25.pdf,CA
2024-09-23,Kaiser Foundation Hospitals,Sacramento County,1.0,Layoff Permanent,,ca_2024_25.pdf,CA
2024-09-23,Kaiser Foundation Hospitals,Sacramento County,1.0,Layoff Permanent,,ca_2024_25.pdf,CA
2024-09-23,Kaiser Foundation Hospitals,San Mateo County,1.0,Layoff Permanent,,ca_2024_25.pdf,CA
2024-09-23,Kaiser Foundation Hospitals,Sonoma County,2.0,Layoff Permanent,,ca_2024_25.pdf,CA
2024-09-20,Twelve Oaks Foundation dba Twelve Oaks Senior Living,Los Angeles County,20.0,Layoff Permanent,,ca_2024_25.pdf,CA
2024-09-23,Paramount Global,Los Angeles County,14.0,Layoff Permanent,,ca_2024_25.pdf,CA
2024-09-24,"Mini Pharmacy Enterprises, Inc.",Los Angeles County,50.0,Closure Permanent,,ca_2024_25.pdf,CA
2024-09-24,"Newark Group, Inc.",Santa Clara County,32.0,Closure Permanent,,ca_2024_25.pdf,CA
2024-09-26,Corteva Agriscience LLC,Contra Costa County,18.0,Layoff Permanent,,ca_2024_25.pdf,CA
2024-09-26,"Randstad Inhouse Services, LLC",Kern County,180.0,Layoff Temporary,,ca_2024_25.pdf,CA
2024-09-26,"ImmunityBio, Inc.",Los Angeles County,3.0,Layoff Permanent,,ca_2024_25.pdf,CA
2024-09-26,"ImmunityBio, Inc.",Los Angeles County,2.0,Layoff Permanent,,ca_2024_25.pdf,CA
2024-09-26,"ImmunityBio, Inc.",Los Angeles County,3.0,Layoff Permanent,,ca_2024_25.pdf,CA
2024-09-26,"ImmunityBio, Inc.",Los Angeles County,4.0,Layoff Permanent,,ca_2024_25.pdf,CA
2024-09-26,"ImmunityBio, Inc.",San Diego County,3.0,Layoff Permanent,,ca_2024_25.pdf,CA
2024-09-26,"Randstad Inhouse Services, LLC",Tulare County,102.0,Layoff Temporary,,ca_2024_25.pdf,CA
2024-09-26,"Dreyer&rsquo;s Grand Ice Cream, Inc.",Kern County,733.0,Layoff Temporary,,ca_2024_25.pdf,CA
2024-09-26,"Dreyer&rsquo;s Grand Ice Cream, Inc.",Tulare County,188.0,Layoff Temporary,,ca_2024_25.pdf,CA
2024-10-01,"Amyris, Inc.",Alameda County,50.0,Layoff Permanent,,ca_2024_25.pdf,CA
2024-09-30,Paramount Global,Los Angeles County,140.0,Layoff Permanent,,ca_2024_25.pdf,CA
2024-09-30,Paramount Global,Los Angeles County,77.0,Layoff Permanent,,ca_2024_25.pdf,CA
2024-09-30,Paramount Global,Los Angeles County,23.0,Layoff Permanent,,ca_2024_25.pdf,CA
2024-10-01,"Hanwha Vision America, Inc.",Santa Clara County,23.0,Closure Permanent,,ca_2024_25.pdf,CA
2024-09-30,"Green Thumb Produce, Inc.",Riverside County,112.0,Closure Permanent,,ca_2024_25.pdf,CA
2024-10-01,"Communications Test Design, Inc.",San Bernardino County,83.0,Layoff Permanent,,ca_2024_25.pdf,CA
2024-10-01,"Wildbrine, LLC",Sonoma County,37.0,Closure Permanent,,ca_2024_25.pdf,CA
2024-09-27,Infineon Technologies Americas Corp,Los Angeles County,43.0,Layoff Permanent,,ca_2024_25.pdf,CA
2024-10-01,"Beachbody, LLC",Los Angeles County,160.0,Layoff Permanent,,ca_2024_25.pdf,CA
2024-09-27,Infineon Technologies Americas Corp.,Orange County,3.0,Layoff Permanent,,ca_2024_25.pdf,CA
2024-09-27,Infineon Technologies Americas Corp.,Riverside County,19.0,Layoff Permanent,,ca_2024_25.pdf,CA
2024-09-27,Infineon Technologies Americas Corp.,San Diego County,4.0,Layoff Permanent,,ca_2024_25.pdf,CA
2024-09-27,Infineon Technologies Americas Corp.,Santa Clara County,104.0,Layoff Permanent,,ca_2024_25.pdf,CA
2024-09-27,Infineon Technologies Americas Corp,Santa Clara County,1.0,Layoff Permanent,,ca_2024_25.pdf,CA
2024-10-01,"FlexCare Medical Staffing, LLC",Placer County,110.0,Layoff Permanent,,ca_2024_25.pdf,CA
2024-10-02,"Key Energy Services, LLC",Kern County,63.0,Layoff Permanent,,ca_2024_25.pdf,CA
2024-10-02,"Key Energy Services, LLC",Monterey County,9.0,Layoff Permanent,,ca_2024_25.pdf,CA
2024-10-02,"Key Energy Services, LLC",Ventura County,21.0,Layoff Permanent,,ca_2024_25.pdf,CA
2024-10-02,Blue Shield of California,Alameda County,16.0,Layoff Permanent,,ca_2024_25.pdf,CA
2024-10-02,Blue Shield of California,El Dorado County,4.0,Layoff Permanent,,ca_2024_25.pdf,CA
2024-10-02,Blue Shield of California,El Dorado County,1.0,Layoff Permanent,,ca_2024_25.pdf,CA
2024-10-02,Blue Shield of California,Los Angeles County,29.0,Layoff Permanent,,ca_2024_25.pdf,CA
2024-10-02,Blue Shield of California,Los Angeles County,4.0,Layoff Permanent,,ca_2024_25.pdf,CA
2024-10-02,Blue Shield of California,Los Angeles County,5.0,Layoff Permanent,,ca_2024_25.pdf,CA
2024-10-02,Blue Shield of California,Sacramento County,1.0,Layoff Permanent,,ca_2024_25.pdf,CA
2024-10-02,Blue Shield of California,San Joaquin County,1.0,Layoff Permanent,,ca_2024_25.pdf,CA
2024-10-03,AppLovin Corporation,Santa Clara County,65.0,Layoff Permanent,,ca_2024_25.pdf,CA
2024-10-03,"Avon Protection Systems, Inc.",Orange County,128.0,Layoff Permanent,,ca_2024_25.pdf,CA
2024-10-02,Texas de Brazil Corporation,Ventura County,35.0,Closure Permanent,,ca_2024_25.pdf,CA
2024-10-07,"L3Harris Technologies, Sonoma EO",Sonoma County,49.0,Closure Permanent,,ca_2024_25.pdf,CA
2024-10-07,NFI National Distribution Centers LLC,Los Angeles County,54.0,Closure Permanent,,ca_2024_25.pdf,CA
2024-10-08,"Avante Health, Inc.",Orange County,159.0,Closure Permanent,,ca_2024_25.pdf,CA
2024-10-04,"Medtronic, Inc.",Orange County,237.0,Closure Temporary,,ca_2024_25.pdf,CA
2024-10-02,"Amys Kitchen, Inc.",Sonoma County,283.0,Layoff Permanent,,ca_2024_25.pdf,CA
2024-10-02,"Amys Kitchen, Inc.",Sonoma County,22.0,Layoff Permanent,,ca_2024_25.pdf,CA
2024-10-09,"Velo3D, Inc.",Alameda County,29.0,Layoff Permanent,,ca_2024_25.pdf,CA
2024-10-07,Kaiser Foundation Hospitals,Alameda County,7.0,Layoff Permanent,,ca_2024_25.pdf,CA
2024-10-07,Kaiser Foundation Hospitals,Alameda County,6.0,Layoff Permanent,,ca_2024_25.pdf,CA
2024-10-07,Kaiser Foundation Hospitals,Contra Costa County,1.0,Layoff Permanent,,ca_2024_25.pdf,CA
2024-10-07,Kaiser Foundation Hospitals,Los Angeles County,4.0,Layoff Permanent,,ca_2024_25.pdf,CA
2024-10-07,Kaiser Foundation Hospitals,Los Angeles County,1.0,Layoff Permanent,,ca_2024_25.pdf,CA
2024-10-07,Kaiser Foundation Hospitals,San Bernardino County,1.0,Layoff Permanent,,ca_2024_25.pdf,CA
2024-10-09,Peraton,Monterey County,52.0,Layoff Permanent,,ca_2024_25.pdf,CA
2024-09-26,"Thermal Structures, Inc.",Riverside County,40.0,Closure Temporary,,ca_2024_25.pdf,CA
2024-09-17,"CareFusion Resources, LLC, a subsidiary of Becton, Dickinson
and Company",San Diego County,116.0,Layoff Permanent,,ca_2024_25.pdf,CA
2024-09-17,"CareFusion Resources, LLC, a subsidiary of Becton, Dickinson
and Company",San Diego County,67.0,Layoff Permanent,,ca_2024_25.pdf,CA
2024-10-03,"Blackstone Gaming, LLC",Los Angeles County,140.0,Layoff Permanent,,ca_2024_25.pdf,CA
2024-09-27,Adventist Health Simi Valley,Ventura County,10.0,Layoff Permanent,,ca_2024_25.pdf,CA
2024-10-10,"Pixelogic Media Partners, LLC",Los Angeles County,30.0,Layoff Permanent,,ca_2024_25.pdf,CA
2024-10-10,"Pixelogic Media Partners, LLC",Los Angeles County,7.0,Layoff Permanent,,ca_2024_25.pdf,CA
2024-10-10,Emanate Health System,Los Angeles County,12.0,Closure Permanent,,ca_2024_25.pdf,CA
2024-10-10,Emanate Health System,Los Angeles County,32.0,Closure Permanent,,ca_2024_25.pdf,CA
2024-10-10,Emanate Health System,Los Angeles County,4.0,Layoff Permanent,,ca_2024_25.pdf,CA
2024-10-10,Emanate Health System,Los Angeles County,14.0,Layoff Permanent,,ca_2024_25.pdf,CA
2024-10-10,Emanate Health System,Los Angeles County,22.0,Layoff Permanent,,ca_2024_25.pdf,CA
2024-10-10,Emanate Health System,Los Angeles County,2.0,Layoff Permanent,,ca_2024_25.pdf,CA
2024-10-10,Emanate Health System,Los Angeles County,7.0,Layoff Permanent,,ca_2024_25.pdf,CA
2024-10-10,Emanate Health System,Los Angeles County,1.0,Layoff Permanent,,ca_2024_25.pdf,CA
2024-10-10,Emanate Health System,Los Angeles County,11.0,Layoff Permanent,,ca_2024_25.pdf,CA
2024-10-10,Emanate Health System,Los Angeles County,2.0,Layoff Permanent,,ca_2024_25.pdf,CA
2024-10-10,"Red Lobster Restaurants, LLC",Santa Clara County,50.0,Layoff Permanent,,ca_2024_25.pdf,CA
2024-10-10,Gigamon Inc.,Santa Clara County,69.0,Layoff Permanent,,ca_2024_25.pdf,CA
2024-10-10,MCGA Hotels SF LLC,San Francisco County,86.0,Layoff Temporary,,ca_2024_25.pdf,CA
2024-10-11,"Security Industry Specialists, Inc.",San Francisco County,80.0,Layoff Permanent,,ca_2024_25.pdf,CA
2024-10-15,Maxar Space LLC,Santa Clara County,31.0,Layoff Permanent,,ca_2024_25.pdf,CA
2024-10-15,Maxar Space LLC,Santa Clara County,21.0,Layoff Permanent,,ca_2024_25.pdf,CA
2024-10-15,Maxar Space LLC,Santa Clara County,3.0,Layoff Permanent,,ca_2024_25.pdf,CA
2024-10-15,Maxar Space LLC,Santa Clara County,6.0,Layoff Permanent,,ca_2024_25.pdf,CA
2024-10-15,AppLovin Corporation,Santa Clara County,58.0,Layoff Permanent,,ca_2024_25.pdf,CA
2024-10-15,Intel Corporation,Sacramento County,272.0,Layoff Permanent,,ca_2024_25.pdf,CA
2024-10-15,Intel Corporation,Santa Clara County,47.0,Layoff Permanent,,ca_2024_25.pdf,CA
2024-10-14,"Elevance Health, Inc.",Los Angeles County,59.0,Layoff Permanent,,ca_2024_25.pdf,CA
2024-10-14,"Elevance Health, Inc.",Los Angeles County,64.0,Layoff Permanent,,ca_2024_25.pdf,CA
2024-10-16,"Benson House, Inc.",Riverside County,33.0,Layoff Permanent,,ca_2024_25.pdf,CA
2024-10-16,"Benson House, Inc.",Riverside County,44.0,Layoff Permanent,,ca_2024_25.pdf,CA
2024-10-16,"Benson House, Inc.",Riverside County,44.0,Layoff Permanent,,ca_2024_25.pdf,CA
2024-10-15,"Forest River, Inc.",Riverside County,239.0,Closure Permanent,,ca_2024_25.pdf,CA
2024-10-15,"Forest River, Inc.",San Bernardino County,176.0,Closure Permanent,,ca_2024_25.pdf,CA
2024-10-16,Shell Catalyst & Technologies,Contra Costa County,59.0,Closure Permanent,,ca_2024_25.pdf,CA
2024-10-15,Intel Corporation,Santa Clara County,11.0,Layoff Permanent,,ca_2024_25.pdf,CA
2024-10-15,Intel Corporation,Santa Clara County,233.0,Layoff Permanent,,ca_2024_25.pdf,CA
2024-10-15,Intel Corporation,Santa Clara County,28.0,Layoff Permanent,,ca_2024_25.pdf,CA
2024-10-15,Intel Corporation,Santa Clara County,216.0,Layoff Permanent,,ca_2024_25.pdf,CA
2024-10-15,Intel Corporation,Santa Clara County,28.0,Layoff Permanent,,ca_2024_25.pdf,CA
2024-10-17,"Mindbody, Inc.",San Luis Obispo County,36.0,Layoff Permanent,,ca_2024_25.pdf,CA
2024-10-10,Clean Water Action,Alameda County,8.0,Layoff Permanent,,ca_2024_25.pdf,CA
2024-10-21,"Vintage Wine Estates, Inc",Sonoma County,5.0,Layoff Permanent,,ca_2024_25.pdf,CA
2024-10-22,"D & D Gear, Inc. dba Absolute Technologies, Inc.",Orange County,263.0,Closure Temporary,,ca_2024_25.pdf,CA
2024-10-16,Stachs LLC,Alameda County,58.0,Layoff Permanent,,ca_2024_25.pdf,CA
2024-10-16,Stachs LLC,Los Angeles County,35.0,Layoff Permanent,,ca_2024_25.pdf,CA
2024-10-16,Stachs LLC,Los Angeles County,50.0,Layoff Permanent,,ca_2024_25.pdf,CA
2024-10-16,Stachs LLC,Los Angeles County,54.0,Layoff Permanent,,ca_2024_25.pdf,CA
2024-10-16,Stachs LLC,Los Angeles County,34.0,Layoff Permanent,,ca_2024_25.pdf,CA
2024-10-16,Stachs LLC,Orange County,72.0,Layoff Permanent,,ca_2024_25.pdf,CA
2024-10-16,Stachs LLC,Sacramento County,46.0,Layoff Permanent,,ca_2024_25.pdf,CA
2024-10-16,Stachs LLC,San Diego County,62.0,Layoff Permanent,,ca_2024_25.pdf,CA
2024-10-16,Stachs LLC,San Francisco County,53.0,Layoff Permanent,,ca_2024_25.pdf,CA
2024-10-16,Stachs LLC,San Mateo County,43.0,Layoff Permanent,,ca_2024_25.pdf,CA
2024-10-16,Stachs LLC,Santa Clara County,60.0,Layoff Permanent,,ca_2024_25.pdf,CA
2024-10-16,Stachs LLC,Sonoma County,29.0,Layoff Permanent,,ca_2024_25.pdf,CA
2024-10-18,Georg Fischer Signet LLC,Los Angeles County,118.0,Closure Temporary,,ca_2024_25.pdf,CA
2024-10-11,"Shadow Holdings, LLC, dba Bright Innovation Labs",Los Angeles County,1.0,Closure Permanent,,ca_2024_25.pdf,CA
2024-10-14,Nestle USA,Stanislaus County,76.0,Layoff Temporary,,ca_2024_25.pdf,CA
2024-10-15,"True Value Company, LLC",Yolo County,56.0,Closure Permanent,,ca_2024_25.pdf,CA
2024-10-23,"ABB Optical Group, LLC",Alameda County,138.0,Closure Permanent,,ca_2024_25.pdf,CA
2024-10-23,Upwork Inc.,Santa Clara County,67.0,Layoff Permanent,,ca_2024_25.pdf,CA
2024-10-23,Boston Scientific Corporation,Santa Clara County,30.0,Closure Permanent,,ca_2024_25.pdf,CA
2024-10-23,Dart Container Corporation,Riverside County,75.0,Layoff Permanent,,ca_2024_25.pdf,CA
2024-10-23,Dart Container Corporation,San Joaquin County,75.0,Closure Permanent,,ca_2024_25.pdf,CA
2024-10-18,"NB Farms, Inc.",Ventura County,42.0,Closure Permanent,,ca_2024_25.pdf,CA
2024-10-18,"NB Farms, Inc.",Ventura County,42.0,Closure Permanent,,ca_2024_25.pdf,CA
2024-10-18,"NB Farms, Inc.",Ventura County,61.0,Closure Permanent,,ca_2024_25.pdf,CA
2024-10-24,Twelve Benefit Corporation,Alameda County,86.0,Layoff Permanent,,ca_2024_25.pdf,CA
2024-10-24,Twelve Benefit Corporation,Alameda County,8.0,Layoff Permanent,,ca_2024_25.pdf,CA
2024-10-23,"Advanced Systems Group, LLC",Santa Clara County,92.0,Layoff Permanent,,ca_2024_25.pdf,CA
2024-10-23,"Advanced Systems Group, LLC",Santa Clara County,1.0,Layoff Permanent,,ca_2024_25.pdf,CA
2024-10-23,"Advanced Systems Group, LLC",Santa Clara County,1.0,Layoff Permanent,,ca_2024_25.pdf,CA
2024-10-24,Cattlemens Restaurant,Sonoma County,63.0,Layoff Permanent,,ca_2024_25.pdf,CA
2024-10-28,"Gold Bond Building Products, LLC",Los Angeles County,50.0,Closure Permanent,,ca_2024_25.pdf,CA
2024-10-23,"Astellas Gene Therapies, Inc.",San Mateo County,10.0,Layoff Permanent,,ca_2024_25.pdf,CA
2024-10-28,Amazon,Santa Clara County,57.0,Layoff Permanent,,ca_2024_25.pdf,CA
2024-10-29,"Cremach Tech, Inc.",Riverside County,88.0,Layoff Permanent,,ca_2024_25.pdf,CA
2024-10-29,"Cremach Tech, Inc.",Riverside County,27.0,Layoff Permanent,,ca_2024_25.pdf,CA
2024-10-29,"FM Restaurants HQ, LLC dba Solita Tacos and Margaritas",Los Angeles County,54.0,Closure Permanent,,ca_2024_25.pdf,CA
2024-10-29,"GoPro, Inc.",San Mateo County,73.0,Layoff Permanent,,ca_2024_25.pdf,CA
2024-10-30,"Hogan Services, Inc.",San Bernardino County,1.0,Layoff Permanent,,ca_2024_25.pdf,CA
2024-10-30,"Hogan Personnel, LLC",San Bernardino County,5.0,Layoff Permanent,,ca_2024_25.pdf,CA
2024-10-30,"Dropbox, Inc.",San Francisco County,174.0,Layoff Permanent,,ca_2024_25.pdf,CA
2024-10-30,DHL Supply Chain,San Joaquin County,163.0,Layoff Permanent,,ca_2024_25.pdf,CA
2024-10-29,"Cabi, LLC",Los Angeles County,70.0,Layoff Permanent,,ca_2024_25.pdf,CA
2024-10-30,Sodexo,Los Angeles County,59.0,Closure Permanent,,ca_2024_25.pdf,CA
2024-10-29,Ojai Valley Inn,Ventura County,753.0,Layoff Temporary,,ca_2024_25.pdf,CA
2024-10-31,"Trademango Solutions Inc., dba Article",Alameda County,14.0,Layoff Permanent,,ca_2024_25.pdf,CA
2024-10-29,Hunt & Sons LLC,Contra Costa County,8.0,Layoff Permanent,,ca_2024_25.pdf,CA
2024-10-29,Hunt & Sons LLC,El Dorado County,3.0,Layoff Permanent,,ca_2024_25.pdf,CA
2024-10-30,IPG Mediabrands,Los Angeles County,103.0,Layoff Permanent,,ca_2024_25.pdf,CA
2024-10-30,Host International Inc.,Los Angeles County,151.0,Layoff Permanent,,ca_2024_25.pdf,CA
2024-10-29,Hunt & Sons LLC,Merced County,1.0,Layoff Permanent,,ca_2024_25.pdf,CA
2024-10-29,Hunt & Sons LLC,Calaveras County,3.0,Layoff Permanent,,ca_2024_25.pdf,CA
2024-10-29,Hunt & Sons LLC,Tuolumne County,3.0,Layoff Permanent,,ca_2024_25.pdf,CA
2024-10-29,Hunt & Sons LLC,Butte County,10.0,Layoff Permanent,,ca_2024_25.pdf,CA
2024-10-29,Hunt & Sons LLC,Nevada County,3.0,Layoff Permanent,,ca_2024_25.pdf,CA
2024-10-29,Hunt & Sons LLC,Plumas County,4.0,Layoff Permanent,,ca_2024_25.pdf,CA
2024-10-29,Hunt & Sons LLC,Shasta County,7.0,Layoff Permanent,,ca_2024_25.pdf,CA
2024-10-29,Hunt & Sons LLC,Glenn County,3.0,Layoff Permanent,,ca_2024_25.pdf,CA
2024-10-29,Hunt & Sons LLC,Sacramento County,24.0,Layoff Permanent,,ca_2024_25.pdf,CA
2024-10-25,"GXO Logistics Supply Chain, Inc.",San Bernardino County,231.0,Layoff Permanent,,ca_2024_25.pdf,CA
2024-10-29,Hunt & Sons LLC,Santa Clara County,2.0,Layoff Permanent,,ca_2024_25.pdf,CA
2024-10-31,"FIG Leasing Co., Inc. a subsidiary of Farmers Group, Inc.",Los Angeles County,56.0,Layoff Permanent,,ca_2024_25.pdf,CA
2024-10-29,Hunt & Sons LLC,Stanislaus County,23.0,Layoff Permanent,,ca_2024_25.pdf,CA
2024-10-29,Hunt & Sons LLC,Stanislaus County,1.0,Layoff Permanent,,ca_2024_25.pdf,CA
2024-10-31,"FIG Leasing Co., Inc. a subsidiary of Farmers Group, Inc.",Los Angeles County,130.0,Layoff Permanent,,ca_2024_25.pdf,CA
2024-11-01,"8490 Hospitality LLC, dba Catch Steak",Los Angeles County,110.0,Closure Permanent,,ca_2024_25.pdf,CA
2024-11-01,Visa,San Francisco County,65.0,Layoff Permanent,,ca_2024_25.pdf,CA
2024-11-01,Visa,San Mateo County,26.0,Layoff Permanent,,ca_2024_25.pdf,CA
2024-10-29,California Human Development,San Joaquin County,7.0,Closure Permanent,,ca_2024_25.pdf,CA
2024-11-04,"Trophy Universal City Group LLC, dba Universal City Nissan",Los Angeles County,86.0,Closure Permanent,,ca_2024_25.pdf,CA
2024-11-01,Terre du Soleil dba Auberge du Soleil,Napa County,217.0,Layoff Temporary,,ca_2024_25.pdf,CA
2024-11-04,ElringKlinger Silicon Valley Inc,Alameda County,27.0,Closure Permanent,,ca_2024_25.pdf,CA
2024-11-05,City National Bank,Los Angeles County,10.0,Layoff Permanent,,ca_2024_25.pdf,CA
2024-11-05,City National Bank,Los Angeles County,1.0,Layoff Permanent,,ca_2024_25.pdf,CA
2024-10-29,Polaris Specialty Pharmacy,Los Angeles County,98.0,Closure Permanent,,ca_2024_25.pdf,CA
2024-11-05,"Oldcastle BuildingEnvelope, Inc.",Los Angeles County,113.0,Closure Permanent,,ca_2024_25.pdf,CA
2024-10-30,Full Steam Staffing,San Bernardino County,44.0,Layoff Permanent,,ca_2024_25.pdf,CA
2024-10-22,Haemonetics Corporation,Los Angeles County,75.0,Closure Permanent,,ca_2024_25.pdf,CA
2024-11-06,"Coursera, Inc.",Santa Clara County,61.0,Layoff Permanent,,ca_2024_25.pdf,CA
2024-11-07,City National Bank,Los Angeles County,8.0,Layoff Permanent,,ca_2024_25.pdf,CA
2024-11-08,"Reyes Coca-Cola Bottling, LLC",Stanislaus County,101.0,Closure Permanent,,ca_2024_25.pdf,CA
2024-11-12,TGH Employees LLC dba The Highlight Room,Los Angeles County,134.0,Closure Permanent,,ca_2024_25.pdf,CA
2024-11-07,Straight Smile LLC dba Byte,Los Angeles County,72.0,Layoff Permanent,,ca_2024_25.pdf,CA
2024-11-08,Equinix,San Mateo County,87.0,Layoff Permanent,,ca_2024_25.pdf,CA
2024-11-11,"AMD, Inc.",Santa Clara County,57.0,Layoff Permanent,,ca_2024_25.pdf,CA
2024-11-07,Clark Pacific,San Bernardino County,88.0,Layoff Permanent,,ca_2024_25.pdf,CA
2024-11-11,"HSNi, LLC",San Bernardino County,87.0,Closure Permanent,,ca_2024_25.pdf,CA
2024-11-11,BP Corporation North America Inc.,San Francisco County,5.0,Closure Permanent,,ca_2024_25.pdf,CA
2024-11-11,"Xilinx, Inc.",Santa Clara County,72.0,Layoff Permanent,,ca_2024_25.pdf,CA
2024-11-12,"Trademango Solutions Inc., dba Article",Los Angeles County,24.0,Layoff Permanent,,ca_2024_25.pdf,CA
2024-11-13,"Gilead Sciences, Inc.",San Mateo County,104.0,Layoff Permanent,,ca_2024_25.pdf,CA
2024-11-13,AppLovin Corporation,Santa Clara County,120.0,Layoff Permanent,,ca_2024_25.pdf,CA
2024-11-12,Alard Engineering,Los Angeles County,86.0,Closure Permanent,,ca_2024_25.pdf,CA
2024-11-13,California Institute of Technology,Los Angeles County,328.0,Layoff Permanent,,ca_2024_25.pdf,CA
2024-11-14,"Advance Stores Company, Incorporated and its subsidiary,
Golden State Supply LLC",Kern County,66.0,Closure Permanent,,ca_2024_25.pdf,CA
2024-11-14,"CTI Foods Azusa, LLC",Los Angeles County,145.0,Closure Permanent,,ca_2024_25.pdf,CA
2024-11-14,"Red Bull North America, Inc.",Los Angeles County,38.0,Layoff Permanent,,ca_2024_25.pdf,CA
2024-11-14,"Red Bull North America, Inc.",Los Angeles County,8.0,Layoff Permanent,,ca_2024_25.pdf,CA
2024-11-14,UPS,Los Angeles County,445.0,Closure Temporary,,ca_2024_25.pdf,CA
2024-11-13,Masimo Corporation,Orange County,68.0,Layoff Permanent,,ca_2024_25.pdf,CA
2024-11-13,Masimo Corporation,Orange County,4.0,Layoff Permanent,,ca_2024_25.pdf,CA
2024-11-13,Masimo Corporation,Orange County,2.0,Layoff Permanent,,ca_2024_25.pdf,CA
2024-11-13,Masimo Corporation,Orange County,1.0,Layoff Permanent,,ca_2024_25.pdf,CA
2024-11-14,Clark Pacific,San Bernardino County,37.0,Layoff Permanent,,ca_2024_25.pdf,CA
2024-11-14,"Advance Stores Company, Incorporated and its subsidiary,
Golden State Supply LLC",San Bernardino County,171.0,Closure Permanent,,ca_2024_25.pdf,CA
2024-11-14,The Toro Company,San Diego County,122.0,Closure Permanent,,ca_2024_25.pdf,CA
2024-11-14,"Advance Stores Company, Incorporated and its subsidiary,
Worldwide Auto Parts, Inc.",San Diego County,6.0,Closure Permanent,,ca_2024_25.pdf,CA
2024-11-14,"Advance Stores Company, Incorporated and its subsidiary,
Worldwide Auto Parts, Inc.",San Diego County,10.0,Closure Permanent,,ca_2024_25.pdf,CA
2024-11-14,"Advance Stores Company, Incorporated",Sacramento County,1.0,Closure Permanent,,ca_2024_25.pdf,CA
2024-11-14,"Advance Stores Company, Incorporated",Santa Clara County,1.0,Closure Permanent,,ca_2024_25.pdf,CA
2024-11-14,"Advance Stores Company, Incorporated and its subsidiary,
Golden State Supply LLC",Alameda County,8.0,Closure Permanent,,ca_2024_25.pdf,CA
2024-11-14,"Advance Stores Company, Incorporated and its subsidiary,
Golden State Supply LLC",Alameda County,8.0,Closure Permanent,,ca_2024_25.pdf,CA
2024-11-14,"Advance Stores Company, Incorporated and its subsidiary,
Golden State Supply LLC",Alameda County,9.0,Closure Permanent,,ca_2024_25.pdf,CA
2024-11-14,"Advance Stores Company, Incorporated and its subsidiary,
Golden State Supply LLC",Alameda County,15.0,Closure Permanent,,ca_2024_25.pdf,CA
2024-11-14,"Advance Stores Company, Incorporated and its subsidiary,
Golden State Supply LLC",Butte County,8.0,Closure Permanent,,ca_2024_25.pdf,CA
2024-11-14,"Advance Stores Company, Incorporated and its subsidiary,
Golden State Supply LLC",Contra Costa County,9.0,Closure Permanent,,ca_2024_25.pdf,CA
2024-11-14,"Advance Stores Company, Incorporated and its subsidiary,
Golden State Supply LLC",Fresno County,8.0,Closure Permanent,,ca_2024_25.pdf,CA
2024-11-14,"Advance Stores Company, Incorporated and its subsidiary,
Golden State Supply LLC",Fresno County,10.0,Closure Permanent,,ca_2024_25.pdf,CA
2024-11-14,"Advance Stores Company, Incorporated and its subsidiary,
Golden State Supply LLC",Fresno County,8.0,Closure Permanent,,ca_2024_25.pdf,CA
2024-11-14,"Advance Stores Company, Incorporated and its subsidiary,
Golden State Supply LLC",Fresno County,8.0,Closure Permanent,,ca_2024_25.pdf,CA
2024-11-14,"Advance Stores Company, Incorporated and its subsidiary,
Golden State Supply LLC",Imperial County,10.0,Closure Permanent,,ca_2024_25.pdf,CA
2024-11-14,"Advance Stores Company, Incorporated and its subsidiary,
Golden State Supply LLC",Imperial County,8.0,Closure Permanent,,ca_2024_25.pdf,CA
2024-11-14,"Advance Stores Company, Incorporated and its subsidiary,
Golden State Supply LLC",Kern County,8.0,Closure Permanent,,ca_2024_25.pdf,CA
2024-11-14,"Advance Stores Company, Incorporated and its subsidiary,
Golden State Supply LLC",Kern County,11.0,Closure Permanent,,ca_2024_25.pdf,CA
2024-11-14,"Advance Stores Company, Incorporated and its subsidiary,
Golden State Supply LLC",Kern County,11.0,Closure Permanent,,ca_2024_25.pdf,CA
2024-11-14,"Advance Stores Company, Incorporated and its subsidiary,
Golden State Supply LLC",Kern County,15.0,Closure Permanent,,ca_2024_25.pdf,CA
2024-11-14,"Advance Stores Company, Incorporated and its subsidiary,
Golden State Supply LLC",Kern County,12.0,Closure Permanent,,ca_2024_25.pdf,CA
2024-11-14,"Advance Stores Company, Incorporated and its subsidiary,
Golden State Supply LLC",Kern County,10.0,Closure Permanent,,ca_2024_25.pdf,CA
2024-11-14,"Advance Stores Company, Incorporated and its subsidiary,
Golden State Supply LLC",Kings County,9.0,Closure Permanent,,ca_2024_25.pdf,CA
2024-11-14,"Advance Stores Company, Incorporated and its subsidiary,
Golden State Supply LLC",Los Angeles County,12.0,Closure Permanent,,ca_2024_25.pdf,CA
2024-11-14,"Advance Stores Company, Incorporated and its subsidiary,
Golden State Supply LLC",Los Angeles County,10.0,Closure Permanent,,ca_2024_25.pdf,CA
2024-11-14,"Advance Stores Company, Incorporated and its subsidiary,
Golden State Supply LLC",Los Angeles County,7.0,Closure Permanent,,ca_2024_25.pdf,CA
2024-11-14,"Advance Stores Company, Incorporated and its subsidiary,
Golden State Supply LLC",Los Angeles County,9.0,Closure Permanent,,ca_2024_25.pdf,CA
2024-11-14,"Advance Stores Company, Incorporated and its subsidiary,
Golden State Supply LLC",Los Angeles County,9.0,Closure Permanent,,ca_2024_25.pdf,CA
2024-11-14,"Advance Stores Company, Incorporated and its subsidiary,
Golden State Supply LLC",Los Angeles County,12.0,Closure Permanent,,ca_2024_25.pdf,CA
2024-11-14,"Advance Stores Company, Incorporated and its subsidiary,
Golden State Supply LLC",Los Angeles County,10.0,Closure Permanent,,ca_2024_25.pdf,CA
2024-11-14,"Advance Stores Company, Incorporated and its subsidiary,
Golden State Supply LLC",Los Angeles County,7.0,Closure Permanent,,ca_2024_25.pdf,CA
2024-11-14,"Advance Stores Company, Incorporated and its subsidiary,
Golden State Supply LLC",Los Angeles County,8.0,Closure Permanent,,ca_2024_25.pdf,CA
2024-11-14,"Advance Stores Company, Incorporated and its subsidiary,
Golden State Supply LLC",Los Angeles County,9.0,Closure Permanent,,ca_2024_25.pdf,CA
2024-11-14,"Advance Stores Company, Incorporated and its subsidiary,
Golden State Supply LLC",Los Angeles County,11.0,Closure Permanent,,ca_2024_25.pdf,CA
2024-11-14,"Advance Stores Company, Incorporated and its subsidiary,
Golden State Supply LLC",Los Angeles County,12.0,Closure Permanent,,ca_2024_25.pdf,CA
2024-11-14,"Advance Stores Company, Incorporated and its subsidiary,
Golden State Supply LLC",Los Angeles County,9.0,Closure Permanent,,ca_2024_25.pdf,CA
2024-11-14,"Advance Stores Company, Incorporated and its subsidiary,
Golden State Supply LLC",Los Angeles County,9.0,Closure Permanent,,ca_2024_25.pdf,CA
2024-11-14,"Advance Stores Company, Incorporated and its subsidiary,
Golden State Supply LLC",Los Angeles County,12.0,Closure Permanent,,ca_2024_25.pdf,CA
2024-11-14,"Advance Stores Company, Incorporated and its subsidiary,
Golden State Supply LLC",Los Angeles County,11.0,Closure Permanent,,ca_2024_25.pdf,CA
2024-11-14,"Advance Stores Company, Incorporated and its subsidiary,
Golden State Supply LLC",Los Angeles County,10.0,Closure Permanent,,ca_2024_25.pdf,CA
2024-11-14,"Advance Stores Company, Incorporated and its subsidiary,
Golden State Supply LLC",Los Angeles County,9.0,Closure Permanent,,ca_2024_25.pdf,CA
2024-11-14,"Advance Stores Company, Incorporated and its subsidiary,
Golden State Supply LLC",Los Angeles County,14.0,Closure Permanent,,ca_2024_25.pdf,CA
2024-11-14,"Advance Stores Company, Incorporated and its subsidiary,
Golden State Supply LLC",Los Angeles County,17.0,Closure Permanent,,ca_2024_25.pdf,CA
2024-11-14,"Advance Stores Company, Incorporated and its subsidiary,
Golden State Supply LLC",Los Angeles County,11.0,Closure Permanent,,ca_2024_25.pdf,CA
2024-11-14,"Advance Stores Company, Incorporated and its subsidiary,
Golden State Supply LLC",Los Angeles County,12.0,Closure Permanent,,ca_2024_25.pdf,CA
2024-11-14,"Advance Stores Company, Incorporated and its subsidiary,
Golden State Supply LLC",Los Angeles County,8.0,Closure Permanent,,ca_2024_25.pdf,CA
2024-11-14,"Advance Stores Company, Incorporated and its subsidiary,
Golden State Supply LLC",Los Angeles County,8.0,Closure Permanent,,ca_2024_25.pdf,CA
2024-11-14,"Advance Stores Company, Incorporated and its subsidiary,
Golden State Supply LLC",Los Angeles County,11.0,Closure Permanent,,ca_2024_25.pdf,CA
2024-11-14,"Advance Stores Company, Incorporated and its subsidiary,
Golden State Supply LLC",Los Angeles County,7.0,Closure Permanent,,ca_2024_25.pdf,CA
2024-11-14,"Advance Stores Company, Incorporated and its subsidiary,
Golden State Supply LLC",Los Angeles County,10.0,Closure Permanent,,ca_2024_25.pdf,CA
2024-11-14,"Advance Stores Company, Incorporated and its subsidiary,
Golden State Supply LLC",Los Angeles County,10.0,Closure Permanent,,ca_2024_25.pdf,CA
2024-11-14,"Advance Stores Company, Incorporated and its subsidiary,
Golden State Supply LLC",Los Angeles County,12.0,Closure Permanent,,ca_2024_25.pdf,CA
2024-11-14,"Advance Stores Company, Incorporated and its subsidiary,
Golden State Supply LLC",Los Angeles County,17.0,Closure Permanent,,ca_2024_25.pdf,CA
2024-11-14,"Advance Stores Company, Incorporated and its subsidiary,
Golden State Supply LLC",Los Angeles County,15.0,Closure Permanent,,ca_2024_25.pdf,CA
2024-11-14,"Advance Stores Company, Incorporated and its subsidiary,
Golden State Supply LLC",Los Angeles County,9.0,Closure Permanent,,ca_2024_25.pdf,CA
2024-11-14,"Advance Stores Company, Incorporated and its subsidiary,
Golden State Supply LLC",Los Angeles County,9.0,Closure Permanent,,ca_2024_25.pdf,CA
2024-11-14,"Advance Stores Company, Incorporated and its subsidiary,
Golden State Supply LLC",Los Angeles County,11.0,Closure Permanent,,ca_2024_25.pdf,CA
2024-11-14,"Advance Stores Company, Incorporated and its subsidiary,
Golden State Supply LLC",Los Angeles County,10.0,Closure Permanent,,ca_2024_25.pdf,CA
2024-11-14,"Advance Stores Company, Incorporated and its subsidiary,
Golden State Supply LLC",Los Angeles County,13.0,Closure Permanent,,ca_2024_25.pdf,CA
2024-11-14,"Advance Stores Company, Incorporated and its subsidiary,
Golden State Supply LLC",Merced County,10.0,Closure Permanent,,ca_2024_25.pdf,CA
2024-11-14,"Advance Stores Company, Incorporated and its subsidiary,
Golden State Supply LLC",Orange County,9.0,Closure Permanent,,ca_2024_25.pdf,CA
2024-11-14,"Advance Stores Company, Incorporated and its subsidiary,
Golden State Supply LLC",Orange County,9.0,Closure Permanent,,ca_2024_25.pdf,CA
2024-11-14,"Advance Stores Company, Incorporated and its subsidiary,
Golden State Supply LLC",Orange County,13.0,Closure Permanent,,ca_2024_25.pdf,CA
2024-11-14,"Advance Stores Company, Incorporated and its subsidiary,
Golden State Supply LLC",Orange County,8.0,Closure Permanent,,ca_2024_25.pdf,CA
2024-11-14,"Advance Stores Company, Incorporated and its subsidiary,
Golden State Supply LLC",Orange County,9.0,Closure Permanent,,ca_2024_25.pdf,CA
2024-11-14,"Advance Stores Company, Incorporated and its subsidiary,
Golden State Supply LLC",Orange County,11.0,Closure Permanent,,ca_2024_25.pdf,CA
2024-11-14,"Advance Stores Company, Incorporated and its subsidiary,
Golden State Supply LLC",Orange County,10.0,Closure Permanent,,ca_2024_25.pdf,CA
2024-11-14,"Advance Stores Company, Incorporated and its subsidiary,
Golden State Supply LLC",Orange County,15.0,Closure Permanent,,ca_2024_25.pdf,CA
2024-11-14,"Advance Stores Company, Incorporated and its subsidiary,
Golden State Supply LLC",Orange County,10.0,Closure Permanent,,ca_2024_25.pdf,CA
2024-11-14,"Advance Stores Company, Incorporated and its subsidiary,
Golden State Supply LLC",Orange County,12.0,Closure Permanent,,ca_2024_25.pdf,CA
2024-11-14,"Advance Stores Company, Incorporated and its subsidiary,
Golden State Supply LLC",Orange County,9.0,Closure Permanent,,ca_2024_25.pdf,CA
2024-11-14,"Advance Stores Company, Incorporated and its subsidiary,
Golden State Supply LLC",Orange County,17.0,Closure Permanent,,ca_2024_25.pdf,CA
2024-11-14,"Advance Stores Company, Incorporated and its subsidiary,
Golden State Supply LLC",Riverside County,8.0,Closure Permanent,,ca_2024_25.pdf,CA
2024-11-14,"Advance Stores Company, Incorporated and its subsidiary,
Golden State Supply LLC",Riverside County,14.0,Closure Permanent,,ca_2024_25.pdf,CA
2024-11-14,"Advance Stores Company, Incorporated and its subsidiary,
Golden State Supply LLC",Riverside County,11.0,Closure Permanent,,ca_2024_25.pdf,CA
2024-11-14,"Advance Stores Company, Incorporated and its subsidiary,
Golden State Supply LLC",Riverside County,8.0,Closure Permanent,,ca_2024_25.pdf,CA
2024-11-14,"Advance Stores Company, Incorporated and its subsidiary,
Golden State Supply LLC",Riverside County,13.0,Closure Permanent,,ca_2024_25.pdf,CA
2024-11-14,"Advance Stores Company, Incorporated and its subsidiary,
Golden State Supply LLC",Riverside County,17.0,Closure Permanent,,ca_2024_25.pdf,CA
2024-11-14,"Advance Stores Company, Incorporated and its subsidiary,
Golden State Supply LLC",Riverside County,22.0,Closure Permanent,,ca_2024_25.pdf,CA
2024-11-14,"Advance Stores Company, Incorporated and its subsidiary,
Golden State Supply LLC",Riverside County,12.0,Closure Permanent,,ca_2024_25.pdf,CA
2024-11-14,"Advance Stores Company, Incorporated and its subsidiary,
Golden State Supply LLC",Riverside County,10.0,Closure Permanent,,ca_2024_25.pdf,CA
2024-11-14,"Advance Stores Company, Incorporated and its subsidiary,
Golden State Supply LLC",Riverside County,15.0,Closure Permanent,,ca_2024_25.pdf,CA
2024-11-14,"Advance Stores Company, Incorporated and its subsidiary,
Golden State Supply LLC",Sacramento County,6.0,Closure Permanent,,ca_2024_25.pdf,CA
2024-11-14,"Advance Stores Company, Incorporated and its subsidiary,
Golden State Supply LLC",Sacramento County,13.0,Closure Permanent,,ca_2024_25.pdf,CA
2024-11-14,"Advance Stores Company, Incorporated and its subsidiary,
Golden State Supply LLC",Sacramento County,19.0,Closure Permanent,,ca_2024_25.pdf,CA
2024-11-14,"Advance Stores Company, Incorporated and its subsidiary,
Golden State Supply LLC",Sacramento County,10.0,Closure Permanent,,ca_2024_25.pdf,CA
2024-11-14,"Advance Stores Company, Incorporated and its subsidiary,
Golden State Supply LLC",Sacramento County,9.0,Closure Permanent,,ca_2024_25.pdf,CA
2024-11-14,"Advance Stores Company, Incorporated and its subsidiary,
Golden State Supply LLC",Sacramento County,8.0,Closure Permanent,,ca_2024_25.pdf,CA
2024-11-14,"Advance Stores Company, Incorporated and its subsidiary,
Golden State Supply LLC",San Bernardino County,22.0,Closure Permanent,,ca_2024_25.pdf,CA
2024-11-14,"Advance Stores Company, Incorporated and its subsidiary,
Golden State Supply LLC",San Bernardino County,8.0,Closure Permanent,,ca_2024_25.pdf,CA
2024-11-14,"Advance Stores Company, Incorporated and its subsidiary,
Golden State Supply LLC",San Bernardino County,9.0,Closure Permanent,,ca_2024_25.pdf,CA
2024-11-14,"Advance Stores Company, Incorporated and its subsidiary,
Golden State Supply LLC",San Bernardino County,9.0,Closure Permanent,,ca_2024_25.pdf,CA
2024-11-14,"Advance Stores Company, Incorporated and its subsidiary,
Golden State Supply LLC",San Bernardino County,13.0,Closure Permanent,,ca_2024_25.pdf,CA
2024-11-14,"Advance Stores Company, Incorporated and its subsidiary,
Golden State Supply LLC",San Bernardino County,12.0,Closure Permanent,,ca_2024_25.pdf,CA
2024-11-14,"Advance Stores Company, Incorporated and its subsidiary,
Golden State Supply LLC",San Bernardino County,10.0,Closure Permanent,,ca_2024_25.pdf,CA
2024-11-14,"Advance Stores Company, Incorporated and its subsidiary,
Golden State Supply LLC",San Bernardino County,10.0,Closure Permanent,,ca_2024_25.pdf,CA
2024-11-14,"Advance Stores Company, Incorporated and its subsidiary,
Golden State Supply LLC",San Bernardino County,15.0,Closure Permanent,,ca_2024_25.pdf,CA
2024-11-14,"Advance Stores Company, Incorporated and its subsidiary,
Golden State Supply LLC",San Bernardino County,8.0,Closure Permanent,,ca_2024_25.pdf,CA
2024-11-14,"Advance Stores Company, Incorporated and its subsidiary,
Golden State Supply LLC",San Bernardino County,11.0,Closure Permanent,,ca_2024_25.pdf,CA
2024-11-14,"Advance Stores Company, Incorporated and its subsidiary,
Golden State Supply LLC",San Bernardino County,8.0,Closure Permanent,,ca_2024_25.pdf,CA
2024-11-14,"Advance Stores Company, Incorporated and its subsidiary,
Golden State Supply LLC",San Bernardino County,14.0,Closure Permanent,,ca_2024_25.pdf,CA
2024-11-14,"Advance Stores Company, Incorporated and its subsidiary,
Golden State Supply LLC",San Diego County,6.0,Closure Permanent,,ca_2024_25.pdf,CA
2024-11-14,"Advance Stores Company, Incorporated and its subsidiary,
Golden State Supply LLC",San Diego County,10.0,Closure Permanent,,ca_2024_25.pdf,CA
2024-11-14,"Advance Stores Company, Incorporated and its subsidiary,
Golden State Supply LLC",San Diego County,13.0,Closure Permanent,,ca_2024_25.pdf,CA
2024-11-14,"Advance Stores Company, Incorporated and its subsidiary,
Golden State Supply LLC",San Diego County,10.0,Closure Permanent,,ca_2024_25.pdf,CA
2024-11-14,"Advance Stores Company, Incorporated and its subsidiary,
Golden State Supply LLC",San Diego County,14.0,Closure Permanent,,ca_2024_25.pdf,CA
2024-11-14,"Advance Stores Company, Incorporated and its subsidiary,
Golden State Supply LLC",San Diego County,9.0,Closure Permanent,,ca_2024_25.pdf,CA
2024-11-14,"Advance Stores Company, Incorporated and its subsidiary,
Golden State Supply LLC",San Diego County,11.0,Closure Permanent,,ca_2024_25.pdf,CA
2024-11-14,"Advance Stores Company, Incorporated and its subsidiary,
Golden State Supply LLC",San Diego County,12.0,Closure Permanent,,ca_2024_25.pdf,CA
2024-11-14,"Advance Stores Company, Incorporated and its subsidiary,
Golden State Supply LLC",San Diego County,16.0,Closure Permanent,,ca_2024_25.pdf,CA
2024-11-14,"Advance Stores Company, Incorporated and its subsidiary,
Golden State Supply LLC",San Diego County,13.0,Closure Permanent,,ca_2024_25.pdf,CA
2024-11-14,"Advance Stores Company, Incorporated and its subsidiary,
Golden State Supply LLC",San Diego County,14.0,Closure Permanent,,ca_2024_25.pdf,CA
2024-11-14,"Advance Stores Company, Incorporated and its subsidiary,
Golden State Supply LLC",San Diego County,14.0,Closure Permanent,,ca_2024_25.pdf,CA
2024-11-14,"Advance Stores Company, Incorporated and its subsidiary,
Golden State Supply LLC",San Diego County,9.0,Closure Permanent,,ca_2024_25.pdf,CA
2024-11-14,"Advance Stores Company, Incorporated and its subsidiary,
Golden State Supply LLC",San Joaquin County,11.0,Closure Permanent,,ca_2024_25.pdf,CA
2024-11-14,"Advance Stores Company, Incorporated and its subsidiary,
Golden State Supply LLC",San Joaquin County,9.0,Closure Permanent,,ca_2024_25.pdf,CA
2024-11-14,"Advance Stores Company, Incorporated and its subsidiary,
Golden State Supply LLC",San Joaquin County,10.0,Closure Permanent,,ca_2024_25.pdf,CA
2024-11-14,"Advance Stores Company, Incorporated and its subsidiary,
Golden State Supply LLC",San Joaquin County,13.0,Closure Permanent,,ca_2024_25.pdf,CA
2024-11-14,"Advance Stores Company, Incorporated and its subsidiary,
Golden State Supply LLC",San Luis Obispo County,20.0,Closure Permanent,,ca_2024_25.pdf,CA
2024-11-14,"Advance Stores Company, Incorporated and its subsidiary,
Golden State Supply LLC",San Luis Obispo County,17.0,Closure Permanent,,ca_2024_25.pdf,CA
2024-11-14,"Advance Stores Company, Incorporated and its subsidiary,
Golden State Supply LLC",San Luis Obispo County,18.0,Closure Permanent,,ca_2024_25.pdf,CA
2024-11-14,"Advance Stores Company, Incorporated and its subsidiary,
Golden State Supply LLC",San Mateo County,8.0,Closure Permanent,,ca_2024_25.pdf,CA
2024-11-14,"Advance Stores Company, Incorporated and its subsidiary,
Golden State Supply LLC",Santa Barbara County,10.0,Closure Permanent,,ca_2024_25.pdf,CA
2024-11-14,"Advance Stores Company, Incorporated and its subsidiary,
Golden State Supply LLC",Santa Barbara County,8.0,Closure Permanent,,ca_2024_25.pdf,CA
2024-11-14,"Advance Stores Company, Incorporated and its subsidiary,
Golden State Supply LLC",Santa Clara County,9.0,Closure Permanent,,ca_2024_25.pdf,CA
2024-11-14,"Advance Stores Company, Incorporated and its subsidiary,
Golden State Supply LLC",Santa Clara County,6.0,Closure Permanent,,ca_2024_25.pdf,CA
2024-11-14,"Advance Stores Company, Incorporated and its subsidiary,
Golden State Supply LLC",Santa Clara County,12.0,Closure Permanent,,ca_2024_25.pdf,CA
2024-11-14,"Advance Stores Company, Incorporated and its subsidiary,
Golden State Supply LLC",Santa Clara County,7.0,Closure Permanent,,ca_2024_25.pdf,CA
2024-11-14,"Advance Stores Company, Incorporated and its subsidiary,
Golden State Supply LLC",Santa Clara County,9.0,Closure Permanent,,ca_2024_25.pdf,CA
2024-11-14,"Advance Stores Company, Incorporated and its subsidiary,
Golden State Supply LLC",Solano County,10.0,Closure Permanent,,ca_2024_25.pdf,CA
2024-11-14,"Advance Stores Company, Incorporated and its subsidiary,
Golden State Supply LLC",Sonoma County,6.0,Closure Permanent,,ca_2024_25.pdf,CA
2024-11-14,"Advance Stores Company, Incorporated and its subsidiary,
Golden State Supply LLC",Sonoma County,6.0,Closure Permanent,,ca_2024_25.pdf,CA
2024-11-14,"Advance Stores Company, Incorporated and its subsidiary,
Golden State Supply LLC",Stanislaus County,11.0,Closure Permanent,,ca_2024_25.pdf,CA
2024-11-14,"Advance Stores Company, Incorporated and its subsidiary,
Golden State Supply LLC",Ventura County,9.0,Closure Permanent,,ca_2024_25.pdf,CA
2024-11-14,"Advance Stores Company, Incorporated and its subsidiary,
Golden State Supply LLC",Ventura County,11.0,Closure Permanent,,ca_2024_25.pdf,CA
2024-11-14,"Advance Stores Company, Incorporated and its subsidiary,
Golden State Supply LLC",Yolo County,6.0,Closure Permanent,,ca_2024_25.pdf,CA
2024-11-15,Boeing,Alameda County,1.0,Layoff Permanent,,ca_2024_25.pdf,CA
2024-11-15,Boeing,Kern County,3.0,Layoff Permanent,,ca_2024_25.pdf,CA
2024-11-15,Boeing,Kings County,1.0,Layoff Permanent,,ca_2024_25.pdf,CA
2024-11-15,Boeing,Los Angeles County,144.0,Layoff Permanent,,ca_2024_25.pdf,CA
2024-11-15,Boeing,Los Angeles County,115.0,Layoff Permanent,,ca_2024_25.pdf,CA
2024-11-15,Boeing,Los Angeles County,1.0,Layoff Permanent,,ca_2024_25.pdf,CA
2024-11-15,Boeing,Los Angeles County,1.0,Layoff Permanent,,ca_2024_25.pdf,CA
2024-11-15,Boeing,Orange County,57.0,Layoff Permanent,,ca_2024_25.pdf,CA
2024-11-15,Boeing,Orange County,90.0,Layoff Permanent,,ca_2024_25.pdf,CA
2024-11-15,Boeing,Orange County,89.0,Layoff Permanent,,ca_2024_25.pdf,CA
2024-11-15,Boeing,San Bernardino County,1.0,Layoff Permanent,,ca_2024_25.pdf,CA
2024-11-15,Boeing,San Diego County,4.0,Layoff Permanent,,ca_2024_25.pdf,CA
2024-11-15,Boeing,San Diego County,21.0,Layoff Permanent,,ca_2024_25.pdf,CA
2024-11-15,Boeing,Santa Barbara County,1.0,Layoff Permanent,,ca_2024_25.pdf,CA
2024-11-15,Boeing,Santa Clara County,4.0,Layoff Permanent,,ca_2024_25.pdf,CA
2024-11-15,Boeing,Ventura County,1.0,Layoff Permanent,,ca_2024_25.pdf,CA
2024-11-18,"Michaels Stores, Inc. dba Moskatels",Los Angeles County,37.0,Closure Permanent,,ca_2024_25.pdf,CA
2024-11-19,Del Friscos Grille,Orange County,74.0,Closure Temporary,,ca_2024_25.pdf,CA
2024-11-15,JPMorgan Chase,San Francisco County,80.0,Layoff Permanent,,ca_2024_25.pdf,CA
2024-11-15,JPMorgan Chase,San Francisco County,255.0,Layoff Permanent,,ca_2024_25.pdf,CA
2024-11-19,Urban Alchemy,San Francisco County,311.0,Layoff Permanent,,ca_2024_25.pdf,CA
2024-11-19,"Old Custom House, Inc.",San Luis Obispo County,108.0,Closure Temporary,,ca_2024_25.pdf,CA
2024-11-15,ABL Space Systems Company,Los Angeles County,53.0,Layoff Permanent,,ca_2024_25.pdf,CA
2024-11-19,"23andMe, Inc.",San Mateo County,31.0,Closure Permanent,,ca_2024_25.pdf,CA
2024-11-19,"23andMe, Inc.",Santa Clara County,122.0,Layoff Permanent,,ca_2024_25.pdf,CA
2024-11-20,"Veritas Technologies, LLC",Santa Clara County,50.0,Layoff Permanent,,ca_2024_25.pdf,CA
2024-11-18,"GoForward, Inc.",Orange County,1.0,Closure Permanent,,ca_2024_25.pdf,CA
2024-11-18,"GoForward, Inc.",San Francisco County,89.0,Closure Permanent,,ca_2024_25.pdf,CA
2024-11-20,"Joslyn Sunbank Company, LLC",San Luis Obispo County,64.0,Closure Permanent,,ca_2024_25.pdf,CA
2024-11-21,LifeCare Assurance Company,Los Angeles County,50.0,Layoff Permanent,,ca_2024_25.pdf,CA
2024-11-21,Visa,San Francisco County,10.0,Layoff Permanent,,ca_2024_25.pdf,CA
2024-11-21,Visa,San Mateo County,192.0,Layoff Permanent,,ca_2024_25.pdf,CA
2024-11-21,"Orora Packaging Solutions dba Manufactured Packaging
Products",Orange County,60.0,Closure Permanent,,ca_2024_25.pdf,CA
2024-11-22,"Universal Protection Service, LP dba Allied Universal Security
Services",Orange County,61.0,Layoff Permanent,,ca_2024_25.pdf,CA
2024-11-22,"Universal Protection Service, LP dba Allied Universal Security
Services",Orange County,66.0,Layoff Permanent,,ca_2024_25.pdf,CA
2024-11-22,"Universal Protection Service, LP dba Allied Universal Security
Services",San Bernardino County,113.0,Layoff Permanent,,ca_2024_25.pdf,CA
2024-11-22,"Universal Protection Service, LP dba Allied Universal Security
Services",San Bernardino County,68.0,Layoff Permanent,,ca_2024_25.pdf,CA
2024-11-22,Paramount Global,Los Angeles County,4.0,Layoff Permanent,,ca_2024_25.pdf,CA
2024-11-22,Paramount Global,Los Angeles County,1.0,Layoff Permanent,,ca_2024_25.pdf,CA
2024-11-22,Paramount Global,Los Angeles County,1.0,Layoff Permanent,,ca_2024_25.pdf,CA
2024-11-22,AT&T,Contra Costa County,34.0,Layoff Permanent,,ca_2024_25.pdf,CA
2024-11-22,AT&T,Contra Costa County,22.0,Layoff Permanent,,ca_2024_25.pdf,CA
2024-11-21,"Modern HR, Inc dba The Kooples Bloom, Inc.",Los Angeles County,4.0,Closure Permanent,,ca_2024_25.pdf,CA
2024-11-21,"Modern HR, Inc dba The Kooples Bloom, Inc.",Los Angeles County,3.0,Closure Permanent,,ca_2024_25.pdf,CA
2024-11-21,"Modern HR, Inc dba The Kooples Bloom, Inc.",Los Angeles County,2.0,Closure Permanent,,ca_2024_25.pdf,CA
2024-11-21,"Modern HR, Inc dba The Kooples Bloom, Inc.",Los Angeles County,7.0,Closure Permanent,,ca_2024_25.pdf,CA
2024-11-21,"Modern HR, Inc dba The Kooples Bloom, Inc.",Orange County,4.0,Closure Permanent,,ca_2024_25.pdf,CA
2024-11-21,"Modern HR, Inc dba The Kooples Bloom, Inc.",San Diego County,3.0,Closure Permanent,,ca_2024_25.pdf,CA
2024-11-21,"Modern HR, Inc dba The Kooples Bloom, Inc.",Santa Clara County,2.0,Closure Permanent,,ca_2024_25.pdf,CA
2024-11-21,"Modern HR, Inc dba The Kooples Bloom, Inc.",Santa Clara County,3.0,Closure Permanent,,ca_2024_25.pdf,CA
2024-11-20,"Shadow Holdings, LLC dba Bright Innovation Labs",Los Angeles County,2.0,Closure Permanent,,ca_2024_25.pdf,CA
2024-11-22,Clark Pacific,San Bernardino County,43.0,Layoff Permanent,,ca_2024_25.pdf,CA
2024-11-27,"Harbor Electronics, Inc.",Santa Clara County,92.0,Layoff Permanent,,ca_2024_25.pdf,CA
2024-11-25,"McLane Foodservice Distribution, Inc.",San Bernardino County,97.0,Layoff Permanent,,ca_2024_25.pdf,CA
2024-11-27,"Ovations Fanfare, L.P. dba OVG Hospitality",Alameda County,106.0,Layoff Permanent,,ca_2024_25.pdf,CA
2024-12-02,"Kashaco, Inc.",Los Angeles County,62.0,Layoff Permanent,,ca_2024_25.pdf,CA
2024-12-02,"Kashaco, Inc.",Orange County,52.0,Layoff Permanent,,ca_2024_25.pdf,CA
2024-12-02,AT&T,Contra Costa County,15.0,Layoff Permanent,,ca_2024_25.pdf,CA
2024-11-26,"Central Valley Eggs, LLC",Kern County,53.0,Layoff Permanent,,ca_2024_25.pdf,CA
2024-12-03,Rose Cafe,Los Angeles County,87.0,Closure Permanent,,ca_2024_25.pdf,CA
2024-12-02,"Acutus Medical, Inc.",San Diego County,57.0,Layoff Permanent,,ca_2024_25.pdf,CA
2024-12-03,The Vons Companies Inc.,Los Angeles County,87.0,Closure Permanent,,ca_2024_25.pdf,CA
2024-12-03,Jabil Inc.,Orange County,55.0,Closure Permanent,,ca_2024_25.pdf,CA
2024-12-03,Harpoon Henrys,Orange County,150.0,Closure Permanent,,ca_2024_25.pdf,CA
2024-12-03,Urban Alchemy,San Francisco County,33.0,Closure Permanent,,ca_2024_25.pdf,CA
2024-12-03,Ubisoft,San Francisco County,152.0,Layoff Permanent,,ca_2024_25.pdf,CA
2024-12-05,"Central Valley Eggs, LLC",Kern County,15.0,Layoff Permanent,,ca_2024_25.pdf,CA
2024-12-05,"Lulus Fashion Lounge, LLC",Butte County,83.0,Closure Permanent,,ca_2024_25.pdf,CA
2024-11-25,"Mountain Valley Express, LLC",Alameda County,6.0,Layoff Permanent,,ca_2024_25.pdf,CA
2024-11-25,"Mountain Valley Express, LLC",Riverside County,23.0,Layoff Permanent,,ca_2024_25.pdf,CA
2024-11-25,"Mountain Valley Express, LLC",San Bernardino County,19.0,Layoff Permanent,,ca_2024_25.pdf,CA
2024-11-25,"Mountain Valley Express, LLC",San Joaquin County,19.0,Layoff Permanent,,ca_2024_25.pdf,CA
2024-11-25,"Mountain Valley Express, LLC",Tulare County,7.0,Layoff Permanent,,ca_2024_25.pdf,CA
2024-12-05,"GXO Logistics Supply Chain, Inc.",San Bernardino County,25.0,Closure Permanent,,ca_2024_25.pdf,CA
2024-12-06,Adventist Health Simi Valley,Ventura County,12.0,Layoff Permanent,,ca_2024_25.pdf,CA
2024-12-06,The Boeing Company,Kern County,4.0,Layoff Permanent,,ca_2024_25.pdf,CA
2024-12-06,The Boeing Company,Los Angeles County,13.0,Layoff Permanent,,ca_2024_25.pdf,CA
2024-12-06,The Boeing Company,Los Angeles County,5.0,Layoff Permanent,,ca_2024_25.pdf,CA
2024-12-06,The Boeing Company,Los Angeles County,26.0,Layoff Permanent,,ca_2024_25.pdf,CA
2024-12-06,The Boeing Company,Orange County,4.0,Layoff Permanent,,ca_2024_25.pdf,CA
2024-12-06,The Boeing Company,Orange County,7.0,Layoff Permanent,,ca_2024_25.pdf,CA
2024-12-09,"Bavarian Nordic, Inc.",San Diego County,48.0,Closure Permanent,,ca_2024_25.pdf,CA
2024-12-06,"TVI, Inc. dba Savers",Contra Costa County,52.0,Closure Permanent,,ca_2024_25.pdf,CA
2024-11-20,DMSI,Kern County,9.0,Layoff Permanent,,ca_2024_25.pdf,CA
2024-11-20,DMSI,Kern County,528.0,Layoff Permanent,,ca_2024_25.pdf,CA
2024-11-20,DMSI,Riverside County,4.0,Layoff Permanent,,ca_2024_25.pdf,CA
2024-11-20,DMSI,Riverside County,493.0,Layoff Permanent,,ca_2024_25.pdf,CA
2024-11-20,DMSI,Riverside County,581.0,Layoff Permanent,,ca_2024_25.pdf,CA
2024-11-20,DMSI,Riverside County,28.0,Layoff Permanent,,ca_2024_25.pdf,CA
2024-12-10,"Faros Unlimited, Inc",Los Angeles County,160.0,Closure Permanent,,ca_2024_25.pdf,CA
2024-12-10,"Faros Unlimited, Inc",Los Angeles County,11.0,Closure Permanent,,ca_2024_25.pdf,CA
2024-12-10,Safeway,San Francisco County,112.0,Closure Permanent,,ca_2024_25.pdf,CA
2024-12-10,Corteva Agriscience LLC,Contra Costa County,3.0,Layoff Permanent,,ca_2024_25.pdf,CA
2024-12-13,UMA Enterprises,Los Angeles County,36.0,Layoff Permanent,,ca_2024_25.pdf,CA
2024-12-13,UMA Enterprises,San Bernardino County,62.0,Layoff Permanent,,ca_2024_25.pdf,CA
2024-12-12,"Divergent Technologies, Inc.",Los Angeles County,84.0,Layoff Permanent,,ca_2024_25.pdf,CA
2024-12-16,"F2 TPS, LLC",Los Angeles County,251.0,Closure Permanent,,ca_2024_25.pdf,CA
2024-12-16,"F2 TPS, LLC",Orange County,31.0,Closure Permanent,,ca_2024_25.pdf,CA
2024-12-16,Plenty Unlimited Inc.,Los Angeles County,48.0,Closure Permanent,,ca_2024_25.pdf,CA
2024-12-16,ECAMSECURE,Los Angeles County,2.0,Layoff Permanent,,ca_2024_25.pdf,CA
2024-12-15,"SDH Services West, LLC",Santa Clara County,49.0,Closure Permanent,,ca_2024_25.pdf,CA
2024-12-15,"SDH Services West, LLC",Santa Clara County,1.0,Closure Permanent,,ca_2024_25.pdf,CA
2024-12-15,"SDH Services West, LLC",Santa Clara County,1.0,Closure Permanent,,ca_2024_25.pdf,CA
2024-12-15,"SDH Services West, LLC",Santa Clara County,17.0,Closure Permanent,,ca_2024_25.pdf,CA
2024-12-15,"SDH Services West, LLC",Santa Clara County,18.0,Closure Permanent,,ca_2024_25.pdf,CA
2024-12-16,Golden Gate University,San Francisco County,1.0,Layoff Permanent,,ca_2024_25.pdf,CA
2024-12-18,"McDonalds Restaurants of California, Inc.",Alameda County,64.0,Closure Temporary,,ca_2024_25.pdf,CA
2024-12-17,"McDonalds Restaurants of California, Inc.",Los Angeles County,78.0,Closure Temporary,,ca_2024_25.pdf,CA
2024-11-25,CVS,Monterey County,7.0,Closure Permanent,,ca_2024_25.pdf,CA
2024-12-19,Paramount Global,Los Angeles County,2.0,Layoff Permanent,,ca_2024_25.pdf,CA
2024-12-19,Paramount Global,Los Angeles County,1.0,Layoff Permanent,,ca_2024_25.pdf,CA
2024-12-20,"Vytalogy Wellness, LLC",Los Angeles County,98.0,Layoff Permanent,,ca_2024_25.pdf,CA
2024-12-20,"Vytalogy Wellness, LLC",Los Angeles County,1.0,Layoff Permanent,,ca_2024_25.pdf,CA
2024-12-20,"Vytalogy Wellness, LLC",Los Angeles County,1.0,Layoff Permanent,,ca_2024_25.pdf,CA
2024-12-20,Alstom Transportation Inc,Solano County,20.0,Layoff Permanent,,ca_2024_25.pdf,CA
2024-12-20,Alstom Transportation Inc,Solano County,5.0,Layoff Permanent,,ca_2024_25.pdf,CA
2024-12-20,Alstom Transportation Inc,Solano County,2.0,Layoff Permanent,,ca_2024_25.pdf,CA
2024-12-20,"Central Valley Eggs, LLC",Kern County,11.0,Layoff Permanent,,ca_2024_25.pdf,CA
2024-12-26,"Central Valley Eggs, LLC",Kern County,54.0,Layoff Permanent,,ca_2024_25.pdf,CA
2024-12-26,Toca Madera West Hollywood dba Knightlife Collective LLC,Los Angeles County,97.0,Layoff Permanent,,ca_2024_25.pdf,CA
2024-12-27,HTX Services LLC,Los Angeles County,28.0,Closure Permanent,,ca_2024_25.pdf,CA
2024-12-27,Deliverimates LLC,Santa Clara County,71.0,Closure Permanent,,ca_2024_25.pdf,CA
2024-12-27,"McDonald&rsquo;s Restaurants of California, Inc.",Los Angeles County,62.0,Layoff Temporary,,ca_2024_25.pdf,CA
2024-12-30,PRIDE Industries,Solano County,54.0,Layoff Permanent,,ca_2024_25.pdf,CA
2025-01-03,"Chedraui USA, Inc.",San Bernardino County,115.0,Layoff Permanent,,ca_2024_25.pdf,CA
2025-01-06,"CytomX Therapeutics, Inc.",San Mateo County,46.0,Layoff Permanent,,ca_2024_25.pdf,CA
2025-01-08,"Kohl&rsquo;s, Inc.",Alameda County,60.0,Closure Permanent,,ca_2024_25.pdf,CA
2025-01-08,"Kohl&rsquo;s, Inc.",Los Angeles County,58.0,Closure Permanent,,ca_2024_25.pdf,CA
2025-01-08,"Kohl&rsquo;s, Inc.",Sacramento County,62.0,Closure Permanent,,ca_2024_25.pdf,CA
2025-01-08,"Kohl&rsquo;s, Inc.",San Diego County,59.0,Closure Permanent,,ca_2024_25.pdf,CA
2025-01-03,EST 1977 Group LLC dba Rustys,Los Angeles County,38.0,Closure Permanent,,ca_2024_25.pdf,CA
2025-01-07,"Republic National Distributing Company, LLC",Orange County,60.0,Layoff Permanent,,ca_2024_25.pdf,CA
2025-01-08,Liberated Brands,Orange County,362.0,Closure Permanent,,ca_2024_25.pdf,CA
2025-01-08,Liberated Brands,Orange County,1.0,Closure Permanent,,ca_2024_25.pdf,CA
2025-01-08,"Kohl&rsquo;s, Inc.",San Bernardino County,690.0,Closure Permanent,,ca_2024_25.pdf,CA
2025-01-07,Safeway Inc.,Santa Clara County,8.0,Layoff Permanent,,ca_2024_25.pdf,CA
2025-01-07,"Republic National Distributing Company, LLC",Alameda County,60.0,Layoff Permanent,,ca_2024_25.pdf,CA
2025-01-08,"Guitar Center, Inc.",Los Angeles County,43.0,Closure Permanent,,ca_2024_25.pdf,CA
2025-01-09,Qualcomm Incorporated,San Diego County,50.0,Layoff Permanent,,ca_2024_25.pdf,CA
2025-01-08,"Guitar Center, Inc.",Santa Clara County,19.0,Closure Permanent,,ca_2024_25.pdf,CA
2025-01-08,Summit Interconnect,Orange County,74.0,Closure Permanent,,ca_2024_25.pdf,CA
2025-01-09,Macy's Inc,Alameda County,94.0,Closure Permanent,,ca_2024_25.pdf,CA
2025-01-09,Macy's Inc,Los Angeles County,98.0,Closure Permanent,,ca_2024_25.pdf,CA
2025-01-10,Mama Management USA LLC,Los Angeles County,89.0,Closure Permanent,,ca_2024_25.pdf,CA
2025-01-09,Macy's Inc,Orange County,93.0,Closure Permanent,,ca_2024_25.pdf,CA
2025-01-10,"Michael Nicholas Designs, LLC",Orange County,375.0,Closure Temporary,,ca_2024_25.pdf,CA
2025-01-09,Macy's Inc,Sacramento County,71.0,Closure Permanent,,ca_2024_25.pdf,CA
2025-01-09,Macy's Inc,Sacramento County,61.0,Closure Permanent,,ca_2024_25.pdf,CA
2025-01-10,Rite Aid,Santa Clara County,16.0,Closure Permanent,,ca_2024_25.pdf,CA
2025-01-09,Macy's Inc,Marin County,53.0,Closure Permanent,,ca_2024_25.pdf,CA
2025-01-13,MotorTrend Group,Los Angeles County,70.0,Layoff Permanent,,ca_2024_25.pdf,CA
2025-01-13,Owens Valley Career Development Center,Fresno County,4.0,Layoff Permanent,,ca_2024_25.pdf,CA
2024-12-30,ACLU of Southern California,Los Angeles County,8.0,Layoff Permanent,,ca_2024_25.pdf,CA
2025-01-10,Draegers Supermarkets,San Mateo County,71.0,Closure Permanent,,ca_2024_25.pdf,CA
2025-01-10,"IGM Biosciences, Inc.",Santa Clara County,100.0,Layoff Permanent,,ca_2024_25.pdf,CA
2025-01-14,Safeway Inc.,Alameda County,18.0,Layoff Permanent,,ca_2024_25.pdf,CA
2025-01-14,Safeway Inc.,Alameda County,138.0,Layoff Permanent,,ca_2024_25.pdf,CA
2025-01-14,"Columbus Manufacturing, Inc., a wholly-owned subsidiary of
the Hormel Foods Corporation",Alameda County,125.0,Layoff Permanent,,ca_2024_25.pdf,CA
2025-01-08,Amazon,Los Angeles County,10.0,Closure Permanent,,ca_2024_25.pdf,CA
2025-01-15,Placer Labs Inc.,Los Angeles County,34.0,Layoff Permanent,,ca_2024_25.pdf,CA
2025-01-15,AppLovin Corporation,Santa Clara County,89.0,Layoff Permanent,,ca_2024_25.pdf,CA
2025-01-15,"Medical Manufacturing Technologies / Interface Catheter
Solutions",Orange County,15.0,Closure Permanent,,ca_2024_25.pdf,CA
2025-01-15,Ortho Organizers Inc.,San Diego County,69.0,Closure Permanent,,ca_2024_25.pdf,CA
2025-01-10,Aurora Solar Inc.,San Francisco County,58.0,Layoff Permanent,,ca_2024_25.pdf,CA
2025-01-16,Renesas Electronics Corporation,Santa Clara County,47.0,Layoff Permanent,,ca_2024_25.pdf,CA
2025-01-16,Renesas Electronics Corporation,Santa Clara County,21.0,Layoff Permanent,,ca_2024_25.pdf,CA
2025-01-16,Macy's Inc,Sacramento County,79.0,Closure Permanent,,ca_2024_25.pdf,CA
2025-01-16,ECAMSECURE,Los Angeles County,21.0,Layoff Permanent,,ca_2024_25.pdf,CA
2025-01-21,"Del Monte Foods, Inc.",Kings County,378.0,Closure Permanent,,ca_2024_25.pdf,CA
2025-01-16,"Fast Ride Moto, LLC",San Diego County,1.0,Layoff Permanent,,ca_2024_25.pdf,CA
2025-01-20,Quanex Homeshield LLC,Yolo County,50.0,Closure Permanent,,ca_2024_25.pdf,CA
2025-01-21,Kaiser Foundation Hospitals,Alameda County,15.0,Layoff Permanent,,ca_2024_25.pdf,CA
2025-01-21,Kaiser Foundation Hospitals,Alameda County,11.0,Layoff Permanent,,ca_2024_25.pdf,CA
2025-01-21,Kaiser Foundation Hospitals,Alameda County,1.0,Layoff Permanent,,ca_2024_25.pdf,CA
2025-01-21,Kaiser Foundation Hospitals,Alameda County,2.0,Layoff Permanent,,ca_2024_25.pdf,CA
2025-01-21,Kaiser Foundation Hospitals,Los Angeles County,19.0,Layoff Permanent,,ca_2024_25.pdf,CA
2025-01-21,Kaiser Foundation Hospitals,Los Angeles County,1.0,Layoff Permanent,,ca_2024_25.pdf,CA
2025-01-21,Kaiser Foundation Hospitals,Riverside County,1.0,Layoff Permanent,,ca_2024_25.pdf,CA
2025-01-21,Kaiser Foundation Hospitals,San Mateo County,1.0,Layoff Permanent,,ca_2024_25.pdf,CA
2025-01-21,Kaiser Foundation Hospitals,Santa Clara County,1.0,Layoff Permanent,,ca_2024_25.pdf,CA
2025-01-23,AT&T,Contra Costa County,8.0,Layoff Permanent,,ca_2024_25.pdf,CA
2025-01-22,"Evergreen Recycling, Inc",Riverside County,57.0,Layoff Permanent,,ca_2024_25.pdf,CA
2025-01-21,Universal Logistics Intermodal Inc.,San Bernardino County,46.0,Closure Permanent,,ca_2024_25.pdf,CA
2025-01-27,Pasadena Park Healthcare & Wellness Center,Los Angeles County,151.0,"Closure Not known at
this time",,ca_2024_25.pdf,CA
2025-01-24,"Joann Stores Support Center, Inc.",Tulare County,209.0,Closure Permanent,,ca_2024_25.pdf,CA
2025-01-24,"Prime MSO, LLC",Los Angeles County,6.0,Closure Permanent,,ca_2024_25.pdf,CA
2025-01-24,"ImmunityBio, Inc.",Los Angeles County,1.0,Layoff Permanent,,ca_2024_25.pdf,CA
2025-01-24,"ImmunityBio, Inc.",Los Angeles County,9.0,Layoff Permanent,,ca_2024_25.pdf,CA
2025-01-24,LEGOLAND,San Diego County,97.0,Layoff Permanent,,ca_2024_25.pdf,CA
2025-01-27,Biosense Webster Inc.,Santa Clara County,9.0,Closure Permanent,,ca_2024_25.pdf,CA
2025-01-24,Foster Farms,Stanislaus County,478.0,Closure Permanent,,ca_2024_25.pdf,CA
2025-01-24,Foster Farms,Stanislaus County,25.0,Closure Permanent,,ca_2024_25.pdf,CA
2025-01-24,Foster Farms,Stanislaus County,9.0,Closure Permanent,,ca_2024_25.pdf,CA
2025-01-29,Corteva Agriscience LLC,Contra Costa County,20.0,Layoff Permanent,,ca_2024_25.pdf,CA
2025-01-29,Pregis,Los Angeles County,45.0,Closure Permanent,,ca_2024_25.pdf,CA
2025-01-28,Quantumscape Battery Inc.,Santa Clara County,53.0,Layoff Permanent,,ca_2024_25.pdf,CA
2025-01-27,InvenSense Inc.,Santa Clara County,55.0,Layoff Permanent,,ca_2024_25.pdf,CA
2025-01-30,Rich Products Corporation,Los Angeles County,139.0,Closure Permanent,,ca_2024_25.pdf,CA
2025-01-30,"CARGO Therapeutics, Inc.",San Mateo County,81.0,Layoff Permanent,,ca_2024_25.pdf,CA
2025-01-30,Intel Corporation,Sacramento County,58.0,Layoff Permanent,,ca_2024_25.pdf,CA
2025-01-30,1 Click Logistics,Sacramento County,12.0,Closure Permanent,,ca_2024_25.pdf,CA
2025-01-30,Sensata Technologies,Santa Barbara County,57.0,Closure Permanent,,ca_2024_25.pdf,CA
2025-01-31,Walgreens,Alameda County,26.0,Closure Permanent,,ca_2024_25.pdf,CA
2025-01-31,Walgreens,Fresno County,18.0,Closure Permanent,,ca_2024_25.pdf,CA
2025-01-31,Surveillance Security Inc. of Unarmed Security Guards,Kern County,1.0,Layoff Permanent,,ca_2024_25.pdf,CA
2025-01-31,Walgreens,Los Angeles County,19.0,Closure Permanent,,ca_2024_25.pdf,CA
2025-01-31,Walgreens,Los Angeles County,27.0,Closure Permanent,,ca_2024_25.pdf,CA
2025-01-31,Surveillance Security Inc. of Unarmed Security Guards,Los Angeles County,122.0,Layoff Permanent,,ca_2024_25.pdf,CA
2025-01-31,Surveillance Security Inc. of Unarmed Security Guards,Los Angeles County,1.0,Layoff Permanent,,ca_2024_25.pdf,CA
2025-01-31,Surveillance Security Inc. of Unarmed Security Guards,Los Angeles County,1.0,Layoff Permanent,,ca_2024_25.pdf,CA
2025-01-31,Surveillance Security Inc. of Unarmed Security Guards,Los Angeles County,1.0,Layoff Permanent,,ca_2024_25.pdf,CA
2025-01-31,Surveillance Security Inc. of Unarmed Security Guards,Los Angeles County,1.0,Layoff Permanent,,ca_2024_25.pdf,CA
2025-01-31,Surveillance Security Inc. of Unarmed Security Guards,Los Angeles County,8.0,Layoff Permanent,,ca_2024_25.pdf,CA
2025-01-31,Walgreens,Orange County,8.0,Closure Permanent,,ca_2024_25.pdf,CA
2025-01-31,Walgreens,Orange County,13.0,Closure Permanent,,ca_2024_25.pdf,CA
2025-01-31,Walgreens,Orange County,22.0,Closure Permanent,,ca_2024_25.pdf,CA
2025-01-31,Surveillance Security Inc. of Unarmed Security Guards,San Luis Obispo County,1.0,Layoff Permanent,,ca_2024_25.pdf,CA
2025-01-31,Surveillance Security Inc. of Unarmed Security Guards,Santa Barbara County,1.0,Layoff Permanent,,ca_2024_25.pdf,CA
2025-01-31,Surveillance Security Inc. of Unarmed Security Guards,Santa Barbara County,1.0,Layoff Permanent,,ca_2024_25.pdf,CA
2025-01-31,Walgreens,Tulare County,16.0,Closure Permanent,,ca_2024_25.pdf,CA
2025-01-31,Surveillance Security Inc. of Unarmed Security Guards,Ventura County,1.0,Layoff Permanent,,ca_2024_25.pdf,CA
2025-02-01,"LGO Pasadena, LLC",Los Angeles County,74.0,Closure Permanent,,ca_2024_25.pdf,CA
2025-01-31,Bloomingdale's San Francisco Centre,San Francisco County,164.0,Closure Permanent,,ca_2024_25.pdf,CA
2025-02-04,Safeway,Contra Costa County,69.0,Closure Permanent,,ca_2024_25.pdf,CA
2025-02-03,S&S Activewear,Fresno County,117.0,Closure Permanent,,ca_2024_25.pdf,CA
2025-02-04,"Asana, Inc.",San Francisco County,77.0,Layoff Permanent,,ca_2024_25.pdf,CA
2025-02-03,St. Anne's Home,San Francisco County,64.0,Closure Permanent,,ca_2024_25.pdf,CA
2025-02-04,"Okta, Inc.",San Francisco County,56.0,Layoff Permanent,,ca_2024_25.pdf,CA
2025-02-04,Cruise LLC,San Francisco County,489.0,Layoff Permanent,,ca_2024_25.pdf,CA
2025-02-04,Cruise LLC,San Francisco County,157.0,Layoff Permanent,,ca_2024_25.pdf,CA
2025-02-04,Cruise LLC,San Francisco County,3.0,Layoff Permanent,,ca_2024_25.pdf,CA
2025-02-04,Cruise LLC,San Francisco County,3.0,Layoff Permanent,,ca_2024_25.pdf,CA
2025-02-04,Cruise LLC,Santa Clara County,87.0,Layoff Permanent,,ca_2024_25.pdf,CA
2025-02-03,Renesas Electronics Corporation,Santa Clara County,3.0,Layoff Permanent,,ca_2024_25.pdf,CA
2025-02-04,"US Foods, Inc.",Yolo County,118.0,Closure Permanent,,ca_2024_25.pdf,CA
2025-02-05,"Workday, Inc.",Alameda County,617.0,Layoff Permanent,,ca_2024_25.pdf,CA
2025-02-05,"Planet Express (LAX), LLC",Los Angeles County,50.0,Closure Permanent,,ca_2024_25.pdf,CA
2025-01-29,"SDK Logistics, LLC",Glenn County,100.0,Closure Permanent,,ca_2024_25.pdf,CA
2025-02-05,Walmart,San Mateo County,79.0,Layoff Permanent,,ca_2024_25.pdf,CA
2025-01-31,Infineon Technologies Americas Corp.,Orange County,8.0,Layoff Permanent,,ca_2024_25.pdf,CA
2025-01-31,Infineon Technologies Americas Corp.,Riverside County,3.0,Layoff Permanent,,ca_2024_25.pdf,CA
2025-01-31,Infineon Technologies Americas Corp.,San Diego County,2.0,Layoff Permanent,,ca_2024_25.pdf,CA
2025-02-04,"Salesforce, Inc.",San Francisco County,153.0,Layoff Permanent,,ca_2024_25.pdf,CA
2025-01-31,Infineon Technologies Americas Corp.,Santa Clara County,33.0,Layoff Permanent,,ca_2024_25.pdf,CA
2025-01-31,Infineon Technologies Americas Corp.,Los Angeles County,27.0,Layoff Permanent,,ca_2024_25.pdf,CA
2025-01-31,The Breakfast Club,Los Angeles County,27.0,Closure Permanent,,ca_2024_25.pdf,CA
2025-02-06,"Acutus Medical, Inc.",San Diego County,24.0,Layoff Permanent,,ca_2024_25.pdf,CA
2025-02-06,"Barrel Ten Quarter Circle, Inc.",San Joaquin County,13.0,Closure Permanent,,ca_2024_25.pdf,CA
2025-02-06,"Bronco Wine Company and its affiliated entities Bivio
Transport and Logistics Company, LLC and WC Ag",Stanislaus County,81.0,Layoff Permanent,,ca_2024_25.pdf,CA
2025-02-06,"Barrel Ten Quarter Circle, Inc.",Napa County,8.0,Layoff Permanent,,ca_2024_25.pdf,CA
2025-02-07,Royal Custom Designs LLC,San Bernardino County,142.0,Closure Permanent,,ca_2024_25.pdf,CA
2025-02-04,LogRhythm Inc dba Exabeam,San Mateo County,39.0,Layoff Permanent,,ca_2024_25.pdf,CA
2025-02-07,AMERI-KLEEN dba Sanitation Specialists,San Benito County,24.0,Closure Permanent,,ca_2024_25.pdf,CA
2025-02-07,AMERI-KLEEN dba Sanitation Specialists,Santa Clara County,20.0,Closure Permanent,,ca_2024_25.pdf,CA
2025-02-10,Adventist Health Simi Valley,Ventura County,1.0,Layoff Permanent,,ca_2024_25.pdf,CA
2025-02-10,"Bio-Rad Laboratories, Inc.",Alameda County,16.0,Layoff Permanent,,ca_2024_25.pdf,CA
2025-02-10,"Bio-Rad Laboratories, Inc.",Alameda County,1.0,Layoff Permanent,,ca_2024_25.pdf,CA
2025-02-10,"Bio-Rad Laboratories, Inc.",Contra Costa County,113.0,Layoff Permanent,,ca_2024_25.pdf,CA
2025-02-10,"Bio-Rad Laboratories, Inc.",Contra Costa County,1.0,Layoff Permanent,,ca_2024_25.pdf,CA
2025-02-10,Kaiser Foundation Hospitals,Alameda County,3.0,Layoff Permanent,,ca_2024_25.pdf,CA
2025-02-10,Kaiser Foundation Hospitals,Los Angeles County,1.0,Layoff Permanent,,ca_2024_25.pdf,CA
2025-02-10,Kaiser Foundation Hospitals,Los Angeles County,4.0,Layoff Permanent,,ca_2024_25.pdf,CA
2025-02-10,Kaiser Foundation Hospitals,Los Angeles County,1.0,Layoff Permanent,,ca_2024_25.pdf,CA
2025-02-10,ECAMSECURE,Los Angeles County,4.0,Layoff Permanent,,ca_2024_25.pdf,CA
2025-02-04,"Sacramento Motorcars LLC dba Nissan of Elk Grove, Mazda
of Elk Grove, Quick Lube, and Elk Grove Cust",Sacramento County,112.0,Closure Permanent,,ca_2024_25.pdf,CA
2025-02-04,"Sacramento Motorcars LLC dba Nissan of Elk Grove, Mazda
of Elk Grove, Quick Lube, and Elk Grove Cust",Sacramento County,34.0,Closure Permanent,,ca_2024_25.pdf,CA
2025-02-04,"Sacramento Motorcars LLC dba Nissan of Elk Grove, Mazda
of Elk Grove, Quick Lube, and Elk Grove Cust",Sacramento County,10.0,Closure Permanent,,ca_2024_25.pdf,CA
2025-02-04,"Sacramento Motorcars LLC dba Nissan of Elk Grove, Mazda
of Elk Grove, Quick Lube, and Elk Grove Cust",Sacramento County,43.0,Closure Permanent,,ca_2024_25.pdf,CA
2025-02-10,"Jewish Family Service of San Diego, Inc.",San Diego County,115.0,Closure Permanent,,ca_2024_25.pdf,CA
2025-02-11,Telesign Corporation,Los Angeles County,98.0,Layoff Permanent,,ca_2024_25.pdf,CA
2025-02-12,MasterBrand Cabinets LLC,San Bernardino County,246.0,Closure Permanent,,ca_2024_25.pdf,CA
2025-02-11,"CareFusion Resources, LLC, a subsidiary of Becton, Dickinson
and Company",San Diego County,48.0,Layoff Permanent,,ca_2024_25.pdf,CA
2025-02-11,"CareFusion Resources, LLC, a subsidiary of Becton, Dickinson
and Company",San Diego County,42.0,Layoff Permanent,,ca_2024_25.pdf,CA
2025-02-11,Safeway,Solano County,95.0,Closure Permanent,,ca_2024_25.pdf,CA
2025-02-13,Together Logistics LLC,Los Angeles County,60.0,Closure Permanent,,ca_2024_25.pdf,CA
2025-02-12,"Illumina, Inc.",San Diego County,96.0,Layoff Permanent,,ca_2024_25.pdf,CA
2025-02-14,Flagship Facility Services LLC,Alameda County,6.0,Layoff Permanent,,ca_2024_25.pdf,CA
2025-02-14,Flagship Facility Services LLC,Alameda County,20.0,Layoff Permanent,,ca_2024_25.pdf,CA
2025-02-14,Flagship Facility Services LLC,San Francisco County,26.0,Layoff Permanent,,ca_2024_25.pdf,CA
2025-02-14,Flagship Facility Services LLC,San Mateo County,10.0,Layoff Permanent,,ca_2024_25.pdf,CA
2025-02-14,Flagship Facility Services LLC,San Mateo County,23.0,Layoff Permanent,,ca_2024_25.pdf,CA
2025-02-14,Flagship Facility Services LLC,San Mateo County,4.0,Layoff Permanent,,ca_2024_25.pdf,CA
2025-02-14,Flagship Facility Services LLC,San Mateo County,35.0,Layoff Permanent,,ca_2024_25.pdf,CA
2025-02-14,Flagship Facility Services LLC,San Mateo County,9.0,Layoff Permanent,,ca_2024_25.pdf,CA
2025-02-14,Flagship Facility Services LLC,San Mateo County,18.0,Layoff Permanent,,ca_2024_25.pdf,CA
2025-02-14,Flagship Facility Services LLC,San Mateo County,1.0,Layoff Permanent,,ca_2024_25.pdf,CA
2025-02-14,Flagship Facility Services LLC,San Mateo County,8.0,Layoff Permanent,,ca_2024_25.pdf,CA
2025-02-14,Flagship Facility Services LLC,San Mateo County,19.0,Layoff Permanent,,ca_2024_25.pdf,CA
2025-02-14,Flagship Facility Services LLC,Santa Clara County,24.0,Layoff Permanent,,ca_2024_25.pdf,CA
2025-02-13,"Panera, LLC",San Bernardino County,77.0,Closure Permanent,,ca_2024_25.pdf,CA
2025-02-13,"Panera, LLC",San Joaquin County,55.0,Closure Permanent,,ca_2024_25.pdf,CA
2025-02-18,"Ajinomoto Foods North America, Inc.",Alameda County,116.0,Layoff Permanent,,ca_2024_25.pdf,CA
2025-02-18,"F21 OpCo, LLC (F21)",Los Angeles County,358.0,Layoff Permanent,,ca_2024_25.pdf,CA
2025-02-14,"Niagara Bottling, LLC",Los Angeles County,73.0,Layoff Permanent,,ca_2024_25.pdf,CA
2025-02-18,STAAR Surgical Company,Los Angeles County,110.0,Layoff Permanent,,ca_2024_25.pdf,CA
2025-02-18,STAAR Surgical Company,Orange County,5.0,Layoff Permanent,,ca_2024_25.pdf,CA
2025-02-17,"Wood Candle Wick Technologies, Inc dba Makesy",Orange County,74.0,Closure Permanent,,ca_2024_25.pdf,CA
2025-02-17,Rite Aid,Orange County,23.0,Closure Permanent,,ca_2024_25.pdf,CA
2025-02-18,"Smart & Final Logistics, LLC",Riverside County,194.0,Layoff Permanent,,ca_2024_25.pdf,CA
2025-02-18,"Smart & Final Stores, LLC",Riverside County,23.0,Layoff Permanent,,ca_2024_25.pdf,CA
2025-02-18,Harvest Meat Company Inc.,Los Angeles County,62.0,Closure Permanent,,ca_2024_25.pdf,CA
2025-02-14,Consolidated Entertainment LLC - Reading Cinemas,San Diego County,33.0,Closure Permanent,,ca_2024_25.pdf,CA
2025-02-18,Harvest Meat Company Inc.,San Diego County,109.0,Closure Permanent,,ca_2024_25.pdf,CA
2025-02-18,Kuehne + Nagel Inc.,Los Angeles County,59.0,Layoff Permanent,,ca_2024_25.pdf,CA
2025-02-18,Parker Engine Mobile,Stanislaus County,20.0,Layoff Permanent,,ca_2024_25.pdf,CA
2025-02-19,Nikola Corporation,Los Angeles County,7.0,Layoff Permanent,,ca_2024_25.pdf,CA
2025-02-19,Nikola Corporation,Los Angeles County,1.0,Layoff Permanent,,ca_2024_25.pdf,CA
2025-02-18,"Clarion Management, Inc.",Los Angeles County,5.0,Closure Permanent,,ca_2024_25.pdf,CA
2025-02-18,"Clarion Management, Inc.",Los Angeles County,5.0,Closure Permanent,,ca_2024_25.pdf,CA
2025-02-18,"Clarion Management, Inc.",Los Angeles County,5.0,Closure Permanent,,ca_2024_25.pdf,CA
2025-02-18,"Clarion Management, Inc.",Los Angeles County,6.0,Closure Permanent,,ca_2024_25.pdf,CA
2025-02-18,"Clarion Management, Inc.",Orange County,14.0,Closure Permanent,,ca_2024_25.pdf,CA
2025-02-18,"Clarion Management, Inc.",Riverside County,2.0,Closure Permanent,,ca_2024_25.pdf,CA
2025-02-18,"Clarion Management, Inc.",Riverside County,6.0,Closure Permanent,,ca_2024_25.pdf,CA
2025-02-18,"Clarion Management, Inc.",Sacramento County,4.0,Closure Permanent,,ca_2024_25.pdf,CA
2025-02-18,"Clarion Management, Inc.",San Bernardino County,3.0,Closure Permanent,,ca_2024_25.pdf,CA
2025-02-18,"Clarion Management, Inc.",San Bernardino County,1.0,Closure Permanent,,ca_2024_25.pdf,CA
2025-02-18,"Clarion Management, Inc.",San Bernardino County,1.0,Closure Permanent,,ca_2024_25.pdf,CA
2025-02-18,"Clarion Management, Inc.",San Bernardino County,3.0,Closure Permanent,,ca_2024_25.pdf,CA
2025-02-18,"Clarion Management, Inc.",San Bernardino County,6.0,Closure Permanent,,ca_2024_25.pdf,CA
2025-02-18,"Clarion Management, Inc.",San Bernardino County,6.0,Closure Permanent,,ca_2024_25.pdf,CA
2025-02-18,"Clarion Management, Inc.",San Bernardino County,8.0,Closure Permanent,,ca_2024_25.pdf,CA
2025-02-18,"Clarion Management, Inc.",Ventura County,1.0,Closure Permanent,,ca_2024_25.pdf,CA
2025-02-19,Nikola Corporation,Los Angeles County,12.0,Layoff Permanent,,ca_2024_25.pdf,CA
2025-02-19,Nikola Corporation,San Bernardino County,16.0,Layoff Permanent,,ca_2024_25.pdf,CA
2025-02-19,Nikola Corporation,San Bernardino County,14.0,Layoff Permanent,,ca_2024_25.pdf,CA
2025-02-19,"Zendesk, Inc.",San Francisco County,51.0,Layoff Permanent,,ca_2024_25.pdf,CA
2025-02-19,Nikola Corporation,Yolo County,1.0,Layoff Permanent,,ca_2024_25.pdf,CA
2025-02-20,Corning Optical Communications LLC,Santa Clara County,80.0,Closure Permanent,,ca_2024_25.pdf,CA
2025-02-20,"Neovia Logistics Distribution, LP",Orange County,145.0,Closure Permanent,,ca_2024_25.pdf,CA
2025-02-20,Burke Williams,San Francisco County,68.0,Closure Permanent,,ca_2024_25.pdf,CA
2025-02-20,Nucor Buildings Group West LLC,San Joaquin County,70.0,Closure Permanent,,ca_2024_25.pdf,CA
2025-02-24,"Technicolor Creative Services US, Inc.",Los Angeles County,217.0,Closure Permanent,,ca_2024_25.pdf,CA
2025-02-25,Corteva Agriscience LLC,Contra Costa County,26.0,Layoff Permanent,,ca_2024_25.pdf,CA
2025-02-24,Kaiser Foundation Hospitals,Alameda County,3.0,Layoff Permanent,,ca_2024_25.pdf,CA
2025-02-24,Kaiser Foundation Hospitals,Alameda County,1.0,Layoff Permanent,,ca_2024_25.pdf,CA
2025-02-24,Kaiser Foundation Hospitals,Alameda County,1.0,Layoff Permanent,,ca_2024_25.pdf,CA
2025-02-24,Kaiser Foundation Hospitals,Alameda County,1.0,Layoff Permanent,,ca_2024_25.pdf,CA
2025-02-24,Kaiser Foundation Hospitals,Alameda County,1.0,Layoff Permanent,,ca_2024_25.pdf,CA
2025-02-24,Kaiser Foundation Hospitals,Alameda County,1.0,Layoff Permanent,,ca_2024_25.pdf,CA
2025-02-24,Kaiser Foundation Hospitals,Alameda County,1.0,Layoff Permanent,,ca_2024_25.pdf,CA
2025-02-24,Kaiser Foundation Hospitals,Alameda County,14.0,Layoff Permanent,,ca_2024_25.pdf,CA
2025-02-24,Kaiser Foundation Hospitals,Alameda County,10.0,Layoff Permanent,,ca_2024_25.pdf,CA
2025-02-24,Kaiser Foundation Hospitals,Contra Costa County,1.0,Layoff Permanent,,ca_2024_25.pdf,CA
2025-02-24,Kaiser Foundation Hospitals,Contra Costa County,2.0,Layoff Permanent,,ca_2024_25.pdf,CA
2025-02-21,Four Points by Sheraton,Los Angeles County,181.0,Closure Permanent,,ca_2024_25.pdf,CA
2025-02-24,Kaiser Foundation Hospitals,Los Angeles County,2.0,Layoff Permanent,,ca_2024_25.pdf,CA
2025-02-24,Kaiser Foundation Hospitals,Los Angeles County,1.0,Layoff Permanent,,ca_2024_25.pdf,CA
2025-02-24,Kaiser Foundation Hospitals,Los Angeles County,1.0,Layoff Permanent,,ca_2024_25.pdf,CA
2025-02-24,Kaiser Foundation Hospitals,Los Angeles County,2.0,Layoff Permanent,,ca_2024_25.pdf,CA
2025-02-24,Kaiser Foundation Hospitals,Los Angeles County,1.0,Layoff Permanent,,ca_2024_25.pdf,CA
2025-02-24,Kaiser Foundation Hospitals,Los Angeles County,3.0,Layoff Permanent,,ca_2024_25.pdf,CA
2025-02-24,Kaiser Foundation Hospitals,Los Angeles County,8.0,Layoff Permanent,,ca_2024_25.pdf,CA
2025-02-24,Kaiser Foundation Hospitals,Orange County,1.0,Layoff Permanent,,ca_2024_25.pdf,CA
2025-02-24,Kaiser Foundation Hospitals,Placer County,1.0,Layoff Permanent,,ca_2024_25.pdf,CA
2025-02-24,Kaiser Foundation Hospitals,San Bernardino County,1.0,Layoff Permanent,,ca_2024_25.pdf,CA
2025-02-24,Kaiser Foundation Hospitals,San Diego County,2.0,Layoff Permanent,,ca_2024_25.pdf,CA
2025-02-24,Kaiser Foundation Hospitals,San Diego County,2.0,Layoff Permanent,,ca_2024_25.pdf,CA
2025-02-24,Kaiser Foundation Hospitals,San Mateo County,1.0,Layoff Permanent,,ca_2024_25.pdf,CA
2025-02-24,Kaiser Foundation Hospitals,Santa Clara County,1.0,Layoff Permanent,,ca_2024_25.pdf,CA
2025-02-24,Kaiser Foundation Hospitals,Stanislaus County,1.0,Layoff Permanent,,ca_2024_25.pdf,CA
2025-02-24,Castle Oaks Golf Club,Amador County,50.0,Layoff Permanent,,ca_2024_25.pdf,CA
2025-02-14,Benchmark Precision Technologies,Alameda County,42.0,Closure Permanent,,ca_2024_25.pdf,CA
2025-02-25,City National Bank,Los Angeles County,12.0,Layoff Permanent,,ca_2024_25.pdf,CA
2025-02-25,City National Bank,Los Angeles County,5.0,Layoff Permanent,,ca_2024_25.pdf,CA
2025-02-19,"F21 OpCO, LLC dba Forever 21",Orange County,20.0,Closure Permanent,,ca_2024_25.pdf,CA
2025-02-25,"Genesis Supreme RV, Inc.",Riverside County,18.0,Layoff Permanent,,ca_2024_25.pdf,CA
2025-02-17,"F21 OpCO, LLC dba Forever 21",Riverside County,63.0,Closure Permanent,,ca_2024_25.pdf,CA
2025-02-17,"F21 OpCO, LLC dba Forever 21",San Bernardino County,70.0,Closure Permanent,,ca_2024_25.pdf,CA
2025-02-17,"F21 OpCO, LLC dba Forever 21",San Bernardino County,17.0,Closure Permanent,,ca_2024_25.pdf,CA
2025-02-17,"F21 OpCO, LLC dba Forever 21",San Bernardino County,21.0,Closure Permanent,,ca_2024_25.pdf,CA
2025-02-25,"WB Games Inc. and WarnerMedia Services, LLC",San Diego County,51.0,Layoff Permanent,,ca_2024_25.pdf,CA
2025-02-19,"F21 OpCO, LLC dba Forever 21",Orange County,24.0,Closure Permanent,,ca_2024_25.pdf,CA
2025-02-19,"F21 OpCO, LLC dba Forever 21",Los Angeles County,30.0,Closure Permanent,,ca_2024_25.pdf,CA
2025-02-19,"F21 OpCO, LLC dba Forever 21",Los Angeles County,55.0,Closure Permanent,,ca_2024_25.pdf,CA
2025-02-26,Bristol Myers Squibb,San Mateo County,57.0,Layoff Permanent,,ca_2024_25.pdf,CA
2025-02-26,Google,Orange County,10.0,Layoff Permanent,,ca_2024_25.pdf,CA
2025-02-26,Google,Orange County,42.0,Layoff Permanent,,ca_2024_25.pdf,CA
2025-02-26,AMERI-KLEEN DBA SANITATION SPECIALISTS,Ventura County,33.0,Closure Permanent,,ca_2024_25.pdf,CA
2025-02-27,"GEP Administrative Services, LLC dba Entertainment Partners",Los Angeles County,64.0,Layoff Permanent,,ca_2024_25.pdf,CA
2025-02-27,"GEP Administrative Services, LLC dba Entertainment Partners",Los Angeles County,9.0,Layoff Permanent,,ca_2024_25.pdf,CA
2025-02-28,Charter Communications,Los Angeles County,171.0,Layoff Permanent,,ca_2024_25.pdf,CA
2025-02-28,"GXO Logistics Supply Chain, Inc.",San Bernardino County,16.0,Layoff Permanent,,ca_2024_25.pdf,CA
2025-02-27,"Autodesk, Inc.",San Francisco County,289.0,Layoff Permanent,,ca_2024_25.pdf,CA
2025-02-28,"CBRE, Inc.",Los Angeles County,78.0,Layoff Permanent,,ca_2024_25.pdf,CA
2025-02-28,"CBRE, Inc.",Los Angeles County,8.0,Layoff Permanent,,ca_2024_25.pdf,CA
2025-02-28,"CBRE, Inc.",Orange County,14.0,Layoff Permanent,,ca_2024_25.pdf,CA
2025-02-28,"CBRE, Inc.",Orange County,20.0,Layoff Permanent,,ca_2024_25.pdf,CA
2025-02-27,"Joann Stores Support Center, Inc.",Los Angeles County,48.0,Closure Permanent,,ca_2024_25.pdf,CA
2025-02-28,UPS,Los Angeles County,144.0,Layoff Permanent,,ca_2024_25.pdf,CA
2025-02-28,UPS,Los Angeles County,144.0,Layoff Permanent,,ca_2024_25.pdf,CA
2025-02-21,Cruise LLC,San Francisco County,12.0,Layoff Permanent,,ca_2024_25.pdf,CA
2025-02-21,Cruise LLC,San Francisco County,6.0,Layoff Permanent,,ca_2024_25.pdf,CA
2025-02-28,Cruise LLC,San Francisco County,4.0,Layoff Permanent,,ca_2024_25.pdf,CA
2025-02-21,Cruise LLC,Santa Clara County,8.0,Layoff Permanent,,ca_2024_25.pdf,CA
2025-02-28,Cruise LLC,Santa Clara County,2.0,Layoff Permanent,,ca_2024_25.pdf,CA
2025-03-04,PT Solutions,Fresno County,5.0,Closure Permanent,,ca_2024_25.pdf,CA
2025-03-04,PT Solutions,Sacramento County,4.0,Closure Permanent,,ca_2024_25.pdf,CA
2025-03-04,PT Solutions,San Joaquin County,7.0,Closure Permanent,,ca_2024_25.pdf,CA
2025-03-04,PT Solutions,San Joaquin County,1.0,Closure Permanent,,ca_2024_25.pdf,CA
2025-03-04,PT Solutions,San Joaquin County,9.0,Closure Permanent,,ca_2024_25.pdf,CA
2025-03-04,PT Solutions,San Joaquin County,14.0,Closure Permanent,,ca_2024_25.pdf,CA
2025-03-04,PT Solutions,San Joaquin County,7.0,Closure Permanent,,ca_2024_25.pdf,CA
2025-03-04,Wells Fargo,San Francisco County,56.0,Layoff Permanent,,ca_2024_25.pdf,CA
2025-03-05,"Primo Brands, Inc.",Alameda County,9.0,Closure Permanent,,ca_2024_25.pdf,CA
2025-03-03,Central Garden & Pet,Contra Costa County,5.0,Layoff Permanent,,ca_2024_25.pdf,CA
2025-03-03,Laboratory Corporation of America Holdings,Los Angeles County,73.0,Closure Permanent,,ca_2024_25.pdf,CA
2025-03-05,"Primo Brands, Inc.",Santa Clara County,13.0,Closure Permanent,,ca_2024_25.pdf,CA
2025-02-28,Maersk Warehousing & Distribution Services USA LLC,Riverside County,75.0,Layoff Permanent,,ca_2024_25.pdf,CA
2025-02-28,"Catholic Charities, Diocese of San Diego",Imperial County,31.0,Layoff Permanent,,ca_2024_25.pdf,CA
2025-02-28,"Catholic Charities, Diocese of San Diego",San Diego County,42.0,Layoff Permanent,,ca_2024_25.pdf,CA
2025-02-28,"LUKE Holdings, Inc.",San Diego County,61.0,Layoff Permanent,,ca_2024_25.pdf,CA
2025-03-03,"Stockton Recycling, Inc.",San Joaquin County,69.0,Closure Permanent,,ca_2024_25.pdf,CA
2025-03-05,"Primo Brands, Inc.",Los Angeles County,16.0,Closure Permanent,,ca_2024_25.pdf,CA
2025-03-06,"Centerra, a subsidiary of Constellis, LLC",Imperial County,31.0,Layoff Permanent,,ca_2024_25.pdf,CA
2025-03-06,"Centerra, a subsidiary of Constellis, LLC",San Diego County,55.0,Layoff Permanent,,ca_2024_25.pdf,CA
2025-03-07,"Bell-Carter Foods, LLC",Tehama County,63.0,Layoff Permanent,,ca_2024_25.pdf,CA
2025-03-07,"Bell-Carter Foods, LLC",Tehama County,5.0,Layoff Permanent,,ca_2024_25.pdf,CA
2025-03-07,"Bell-Carter Foods, LLC",Tehama County,11.0,Layoff Permanent,,ca_2024_25.pdf,CA
2025-03-07,"Bell-Carter Foods, LLC",Tehama County,5.0,Layoff Permanent,,ca_2024_25.pdf,CA
2025-02-26,Hearthside Food Solutions,Orange County,175.0,Closure Permanent,,ca_2024_25.pdf,CA
2025-02-28,"Robert Kaufman Co., Inc.",Los Angeles County,13.0,Closure Permanent,,ca_2024_25.pdf,CA
2025-03-12,"Gate Gourmet, Inc.",San Francisco County,835.0,Layoff Permanent,,ca_2024_25.pdf,CA
2025-03-12,Penney OpCo LLC dba JCPenney,San Mateo County,82.0,Closure Permanent,,ca_2024_25.pdf,CA
2025-03-11,"F&E Aircraft Maintenance dba FEAM Aero, LLC",Riverside County,6.0,Layoff Permanent,,ca_2024_25.pdf,CA
2025-03-12,onsemi,Santa Clara County,51.0,Layoff Permanent,,ca_2024_25.pdf,CA
2025-03-12,"Robert Kaufman Co., Inc.",Los Angeles County,9.0,Closure Permanent,,ca_2024_25.pdf,CA
2025-03-12,"Robert Kaufman Co., Inc.",Los Angeles County,2.0,Closure Permanent,,ca_2024_25.pdf,CA
2025-03-12,"Robert Kaufman Co., Inc.",Los Angeles County,13.0,Closure Permanent,,ca_2024_25.pdf,CA
2025-03-12,Cepheid,Alameda County,3.0,Layoff Permanent,,ca_2024_25.pdf,CA
2025-03-12,Cepheid,Alameda County,6.0,Layoff Permanent,,ca_2024_25.pdf,CA
2025-03-12,Cepheid,San Joaquin County,7.0,Layoff Permanent,,ca_2024_25.pdf,CA
2025-03-12,Cepheid,San Joaquin County,33.0,Layoff Permanent,,ca_2024_25.pdf,CA
2025-03-12,Cepheid,San Joaquin County,8.0,Layoff Permanent,,ca_2024_25.pdf,CA
2025-03-12,Cepheid,San Joaquin County,5.0,Layoff Permanent,,ca_2024_25.pdf,CA
2025-03-13,"Sutro Biopharma, Inc.",San Mateo County,3.0,Layoff Permanent,,ca_2024_25.pdf,CA
2025-03-13,"Sutro Biopharma, Inc.",San Mateo County,62.0,Layoff Permanent,,ca_2024_25.pdf,CA
2025-03-12,Cepheid,Santa Clara County,61.0,Layoff Permanent,,ca_2024_25.pdf,CA
2025-03-12,Cepheid,Santa Clara County,3.0,Layoff Permanent,,ca_2024_25.pdf,CA
2025-03-12,Cepheid,Santa Clara County,3.0,Layoff Permanent,,ca_2024_25.pdf,CA
2025-03-12,Cepheid,Santa Clara County,2.0,Layoff Permanent,,ca_2024_25.pdf,CA
2025-03-12,Cepheid,Santa Clara County,4.0,Layoff Permanent,,ca_2024_25.pdf,CA
2025-03-12,Cepheid,Santa Clara County,24.0,Layoff Permanent,,ca_2024_25.pdf,CA
2025-03-12,Cepheid,Santa Clara County,1.0,Layoff Permanent,,ca_2024_25.pdf,CA
2025-03-12,Cepheid,Santa Clara County,7.0,Layoff Permanent,,ca_2024_25.pdf,CA
2025-03-12,Novartis Pharmaceuticals Corporation,San Diego County,34.0,Closure Permanent,,ca_2024_25.pdf,CA
2025-03-14,Corteva Agriscience LLC,Contra Costa County,1.0,Layoff Permanent,,ca_2024_25.pdf,CA
2025-03-14,AT&T,Los Angeles County,47.0,Layoff Permanent,,ca_2024_25.pdf,CA
2025-03-12,Amazon,Ventura County,76.0,Closure Permanent,,ca_2024_25.pdf,CA
2025-03-17,Southern California Edison Company,Los Angeles County,79.0,Layoff Permanent,,ca_2024_25.pdf,CA
2025-03-17,"Mattel, Inc.",Los Angeles County,120.0,Layoff Permanent,,ca_2024_25.pdf,CA
2025-03-18,Atara Biotherapeutics,Ventura County,31.0,Layoff Permanent,,ca_2024_25.pdf,CA
2025-03-10,CVS,Los Angeles County,4.0,Closure Permanent,,ca_2024_25.pdf,CA
2025-03-19,Cruise LLC,San Francisco County,13.0,Layoff Permanent,,ca_2024_25.pdf,CA
2025-03-18,"CARGO Therapeutics, Inc.",San Mateo County,84.0,Closure Permanent,,ca_2024_25.pdf,CA
2025-03-19,Cruise LLC,Santa Clara County,2.0,Layoff Permanent,,ca_2024_25.pdf,CA
2025-03-14,Collins Aerospace,Los Angeles County,8.0,Layoff Permanent,,ca_2024_25.pdf,CA
2025-03-14,Collins Aerospace,San Diego County,119.0,Layoff Permanent,,ca_2024_25.pdf,CA
2025-03-20,"Southeast Service Corporation dba SSC Services for
Education",Contra Costa County,13.0,Layoff Permanent,,ca_2024_25.pdf,CA
2025-03-19,"Rem Optical Company, Inc., dba De Rigo Rem",Los Angeles County,15.0,Closure Permanent,,ca_2024_25.pdf,CA
2025-03-20,"Robert Kaufman Co., Inc.",Los Angeles County,13.0,Closure Permanent,,ca_2024_25.pdf,CA
2025-03-20,"Robert Kaufman Co., Inc.",Los Angeles County,44.0,Closure Permanent,,ca_2024_25.pdf,CA
2025-03-20,"Robert Kaufman Co., Inc.",Los Angeles County,2.0,Closure Permanent,,ca_2024_25.pdf,CA
2025-03-20,"Niantic, Inc.",San Francisco County,68.0,Layoff Permanent,,ca_2024_25.pdf,CA
2025-03-20,"Duke's Malibu, LLC",Los Angeles County,126.0,Closure Permanent,,ca_2024_25.pdf,CA
2025-03-21,AppLovin Corporation,Santa Clara County,97.0,Layoff Permanent,,ca_2024_25.pdf,CA
2025-03-24,"Key Energy Services, LLC",Kern County,14.0,Layoff Permanent,,ca_2024_25.pdf,CA
2025-01-17,Hyatt Corporation dba Waterfront Hotel,Alameda County,57.0,Layoff Permanent,,ca_2024_25.pdf,CA
2025-03-24,San Jose Distribution Services Inc,Santa Clara County,17.0,Closure Permanent,,ca_2024_25.pdf,CA
2025-03-04,Sodexo,Solano County,50.0,Layoff Permanent,,ca_2024_25.pdf,CA
2025-03-25,American Academy of Dramatic Arts,Los Angeles County,49.0,Closure Permanent,,ca_2024_25.pdf,CA
2025-03-26,"Primo Brands, Inc.",Los Angeles County,1.0,Layoff Permanent,,ca_2024_25.pdf,CA
2025-03-26,"Primo Brands, Inc.",Orange County,1.0,Layoff Permanent,,ca_2024_25.pdf,CA
2025-03-25,First Student,Riverside County,109.0,Closure Permanent,,ca_2024_25.pdf,CA
2025-03-26,"Primo Brands, Inc.",Riverside County,2.0,Layoff Permanent,,ca_2024_25.pdf,CA
2025-03-24,SK hynix America Inc. (SKHYA),Sacramento County,58.0,Layoff Permanent,,ca_2024_25.pdf,CA
2025-03-24,SK hynix America Inc. (SKHYA),Santa Clara County,33.0,Layoff Permanent,,ca_2024_25.pdf,CA
2025-03-26,"Primo Brands, Inc.",Los Angeles County,1.0,Layoff Permanent,,ca_2024_25.pdf,CA
2025-03-25,Milgard Manufacturing LLC,Ventura County,397.0,Closure Permanent,,ca_2024_25.pdf,CA
2025-03-26,"Nkarta, Inc.",San Mateo County,52.0,Layoff Permanent,,ca_2024_25.pdf,CA
2025-03-26,"Nkarta, Inc.",San Mateo County,1.0,Layoff Permanent,,ca_2024_25.pdf,CA
2025-03-27,"Gilead Sciences, Inc.",San Mateo County,149.0,Layoff Permanent,,ca_2024_25.pdf,CA
2025-03-27,"Roche Molecular Systems, Inc.",Santa Clara County,108.0,Layoff Permanent,,ca_2024_25.pdf,CA
2025-03-27,Novartis Pharmaceuticals Corporation,San Diego County,1.0,Closure Permanent,,ca_2024_25.pdf,CA
2025-03-27,"Brinker International Payroll Company, L.P.",Los Angeles County,115.0,Closure Permanent,,ca_2024_25.pdf,CA
2025-03-31,"Redemption Restaurants, LLC dba Chick-fil-A",Los Angeles County,65.0,Closure Temporary,,ca_2024_25.pdf,CA
2025-03-28,"Classic Beverage of Southern California, LLC",Los Angeles County,221.0,Closure Permanent,,ca_2024_25.pdf,CA
2025-03-31,Memorial Care,Los Angeles County,60.0,Layoff Permanent,,ca_2024_25.pdf,CA
2025-03-31,"Transdev Services, Inc.",Shasta County,48.0,Layoff Permanent,,ca_2024_25.pdf,CA
2025-04-01,"Ardent Mills, LLC",Sutter County,28.0,Closure Permanent,,ca_2024_25.pdf,CA
2025-03-25,"Block, Inc.",Alameda County,240.0,Layoff Permanent,,ca_2024_25.pdf,CA
2025-04-01,"Cali Nail Market, Inc.",Orange County,59.0,Closure Permanent,,ca_2024_25.pdf,CA
2025-04-01,"Cali Nail Market, Inc.",Orange County,12.0,Closure Permanent,,ca_2024_25.pdf,CA
2025-02-16,Crothall Healthcare,Riverside County,55.0,Layoff Permanent,,ca_2024_25.pdf,CA
2025-03-31,"ST. Distributing Co., LLC",Los Angeles County,190.0,Closure Permanent,,ca_2024_25.pdf,CA
2025-03-31,"ST. Distributing Co., LLC",San Diego County,180.0,Closure Permanent,,ca_2024_25.pdf,CA
2025-03-28,"Classic Beverage of Southern California, LLC",San Diego County,55.0,Closure Permanent,,ca_2024_25.pdf,CA
2025-04-01,Cruise LLC,San Francisco County,2.0,Layoff Permanent,,ca_2024_25.pdf,CA
2025-03-17,All For Kids,Orange County,66.0,Layoff Permanent,,ca_2024_25.pdf,CA
2025-03-28,Chevron,Contra Costa County,600.0,Layoff Permanent,,ca_2024_25.pdf,CA
2025-04-01,"ImmPact Bio USA Inc., a subsidiary of Lyell Immunopharma
Inc.",Los Angeles County,73.0,Closure Permanent,,ca_2024_25.pdf,CA
2025-03-31,"Robert Kaufman Co., Inc.",Los Angeles County,4.0,Closure Permanent,,ca_2024_25.pdf,CA
2025-03-31,"Robert Kaufman Co., Inc.",Los Angeles County,4.0,Closure Permanent,,ca_2024_25.pdf,CA
2025-04-03,"McDonald's Restaurant of California, Inc.",Fresno County,105.0,Layoff Temporary,,ca_2024_25.pdf,CA
2025-04-03,FEAM Aero,San Bernardino County,8.0,Layoff Permanent,,ca_2024_25.pdf,CA
2025-03-06,Sodexo,San Francisco County,39.0,Closure Permanent,,ca_2024_25.pdf,CA
2025-04-04,"McDonald's Restaurant of California, Inc.",Los Angeles County,67.0,Layoff Temporary,,ca_2024_25.pdf,CA
2025-04-04,"ActivCare Living, LLC",Orange County,56.0,Closure Permanent,,ca_2024_25.pdf,CA
2025-04-04,Pfizer,San Diego County,56.0,Layoff Permanent,,ca_2024_25.pdf,CA
2025-04-04,Federal Express Corporation,Alameda County,79.0,Closure Permanent,,ca_2024_25.pdf,CA
2025-04-04,Federal Express Corporation,Alameda County,95.0,Closure Permanent,,ca_2024_25.pdf,CA
2025-04-07,Goodwill of the San Francisco Bay,Alameda County,72.0,Closure Permanent,,ca_2024_25.pdf,CA
2025-04-07,Goodwill of the San Francisco Bay,San Francisco County,18.0,Closure Permanent,,ca_2024_25.pdf,CA
2025-04-08,"McDonald's Restaurants of California, Inc.",Los Angeles County,66.0,Layoff Temporary,,ca_2024_25.pdf,CA
2025-04-05,"Technoprobe America, Inc.",Los Angeles County,146.0,Closure Permanent,,ca_2024_25.pdf,CA
2025-04-08,"Air Products and Chemicals, Inc.",Los Angeles County,37.0,Layoff Permanent,,ca_2024_25.pdf,CA
2025-03-26,United States Cellular Corporation,Del Norte County,6.0,Layoff Permanent,,ca_2024_25.pdf,CA
2025-03-26,United States Cellular Corporation,Humboldt County,7.0,Layoff Permanent,,ca_2024_25.pdf,CA
2025-03-26,United States Cellular Corporation,Mendocino County,8.0,Layoff Permanent,,ca_2024_25.pdf,CA
2025-04-09,"Right At School, LLC",Los Angeles County,13.0,Layoff Permanent,,ca_2024_25.pdf,CA
2025-04-09,"Right At School, LLC",Los Angeles County,11.0,Layoff Permanent,,ca_2024_25.pdf,CA
2025-04-09,"Right At School, LLC",Los Angeles County,11.0,Layoff Permanent,,ca_2024_25.pdf,CA
2025-04-09,"Right At School, LLC",Los Angeles County,24.0,Layoff Permanent,,ca_2024_25.pdf,CA
2025-04-09,"Right At School, LLC",Los Angeles County,11.0,Layoff Permanent,,ca_2024_25.pdf,CA
2025-04-09,"Right At School, LLC",Los Angeles County,10.0,Layoff Permanent,,ca_2024_25.pdf,CA
2025-04-09,"Right At School, LLC",Los Angeles County,18.0,Layoff Permanent,,ca_2024_25.pdf,CA
2025-04-09,"Pacific Biosciences of California, Inc.",San Mateo County,70.0,Layoff Permanent,,ca_2024_25.pdf,CA
2025-04-09,"Right At School, LLC",Santa Clara County,7.0,Layoff Permanent,,ca_2024_25.pdf,CA
2025-04-09,"Right At School, LLC",Santa Clara County,1.0,Layoff Permanent,,ca_2024_25.pdf,CA
2025-04-09,"Right At School, LLC",Santa Clara County,9.0,Layoff Permanent,,ca_2024_25.pdf,CA
2025-04-09,"Right At School, LLC",Santa Clara County,3.0,Layoff Permanent,,ca_2024_25.pdf,CA
2025-04-09,"Right At School, LLC",Santa Clara County,20.0,Layoff Permanent,,ca_2024_25.pdf,CA
2025-04-09,"Right At School, LLC",Santa Clara County,5.0,Layoff Permanent,,ca_2024_25.pdf,CA
2025-04-09,"Right At School, LLC",Santa Clara County,9.0,Layoff Permanent,,ca_2024_25.pdf,CA
2025-04-09,"Right At School, LLC",Santa Clara County,9.0,Layoff Permanent,,ca_2024_25.pdf,CA
2025-04-09,"Right At School, LLC",Santa Clara County,5.0,Layoff Permanent,,ca_2024_25.pdf,CA
2025-04-09,"Right At School, LLC",Santa Clara County,4.0,Layoff Permanent,,ca_2024_25.pdf,CA
2025-04-09,"Right At School, LLC",Santa Clara County,1.0,Layoff Permanent,,ca_2024_25.pdf,CA
2025-04-09,"Right At School, LLC",Santa Clara County,15.0,Layoff Permanent,,ca_2024_25.pdf,CA
2025-04-09,"Right At School, LLC",Santa Clara County,14.0,Layoff Permanent,,ca_2024_25.pdf,CA
2025-04-09,"Right At School, LLC",Santa Clara County,7.0,Layoff Permanent,,ca_2024_25.pdf,CA
2025-04-09,"Right At School, LLC",Santa Clara County,11.0,Layoff Permanent,,ca_2024_25.pdf,CA
2025-04-09,"Right At School, LLC",Santa Clara County,12.0,Layoff Permanent,,ca_2024_25.pdf,CA
2025-04-09,"Right At School, LLC",Santa Clara County,15.0,Layoff Permanent,,ca_2024_25.pdf,CA
2025-04-09,"Right At School, LLC",Santa Clara County,12.0,Layoff Permanent,,ca_2024_25.pdf,CA
2025-04-09,"Right At School, LLC",Santa Clara County,10.0,Layoff Permanent,,ca_2024_25.pdf,CA
2025-04-09,"Right At School, LLC",Santa Clara County,19.0,Layoff Permanent,,ca_2024_25.pdf,CA
2025-04-09,"Right At School, LLC",Santa Clara County,14.0,Layoff Permanent,,ca_2024_25.pdf,CA
2025-04-09,"Right at School, LLC (B Gale Wilson Middle)",Solano County,3.0,Closure Permanent,,ca_2024_25.pdf,CA
2025-04-09,"Right at School, LLC (Anna Kyle Elementary)",Solano County,3.0,Closure Permanent,,ca_2024_25.pdf,CA
2025-04-09,"Right at School, LLC",Solano County,1.0,Closure Permanent,,ca_2024_25.pdf,CA
2025-04-09,"Right at School, LLC (Cordelia Hills Elementary)",Solano County,8.0,Closure Permanent,,ca_2024_25.pdf,CA
2025-04-09,"Right at School, LLC (Crystal Middle)",Solano County,2.0,Closure Permanent,,ca_2024_25.pdf,CA
2025-04-09,"Right at School, LLC (Dover Elementary",Solano County,16.0,Closure Permanent,,ca_2024_25.pdf,CA
2025-04-09,"Right at School, LLC (Fairview Elementary)",Solano County,8.0,Closure Permanent,,ca_2024_25.pdf,CA
2025-04-09,Right at School. LLC (Grange Middle),Solano County,3.0,Closure Permanent,,ca_2024_25.pdf,CA
2025-04-09,"Right at School, LLC (Green Valley Middle)",Solano County,5.0,Closure Permanent,,ca_2024_25.pdf,CA
2025-04-09,"Right at School, LLC (KI Jones Elementary)",Solano County,11.0,Closure Permanent,,ca_2024_25.pdf,CA
2025-04-09,"Right at School, LLC (Matt Garcia and College Academy)",Solano County,2.0,Closure Permanent,,ca_2024_25.pdf,CA
2025-04-09,"Right at School, LLC (Nelda Mundy Elementary)",Solano County,5.0,Closure Permanent,,ca_2024_25.pdf,CA
2025-04-09,"Right at School, LLC (Oakbrook Academy)",Solano County,4.0,Closure Permanent,,ca_2024_25.pdf,CA
2025-04-09,"Right at School, LLC (Public Safety Academy)",Solano County,2.0,Closure Permanent,,ca_2024_25.pdf,CA
2025-04-09,"Right at School, LLC (Sheldon Academy)",Solano County,3.0,Closure Permanent,,ca_2024_25.pdf,CA
2025-04-11,LEGOLAND California Resort,San Diego County,2.0,Layoff Permanent,,ca_2024_25.pdf,CA
2025-04-14,"Confluent Medical Technologies, Inc.",Alameda County,102.0,Layoff Permanent,,ca_2024_25.pdf,CA
2025-04-14,Davis Street Community Center,Alameda County,8.0,Closure Permanent,,ca_2024_25.pdf,CA
2025-04-14,"TC&Js Enterprises, franchise operator of Chick-fil-A",Los Angeles County,35.0,Closure Temporary,,ca_2024_25.pdf,CA
2025-04-14,"TC&Js Enterprises, franchise operator of Chick-fil-A",Orange County,58.0,Closure Temporary,,ca_2024_25.pdf,CA
2025-04-07,"Stem, Inc.",San Francisco County,48.0,Closure Permanent,,ca_2024_25.pdf,CA
2025-04-14,Kaiser Foundation Hospitals - Oakland,Alameda County,11.0,Layoff Permanent,,ca_2024_25.pdf,CA
2025-04-14,Kaiser Foundation Hospitals,Alameda County,1.0,Layoff Permanent,,ca_2024_25.pdf,CA
2025-04-14,Kaiser Foundation Hospitals,Los Angeles County,2.0,Layoff Permanent,,ca_2024_25.pdf,CA
2025-04-14,Kaiser Foundation Hospitals,Los Angeles County,17.0,Layoff Permanent,,ca_2024_25.pdf,CA
2025-04-14,"Jones Lang LaSalle Americas, Inc.",Fresno County,87.0,Layoff Permanent,,ca_2024_25.pdf,CA
2025-04-14,"Jones Lang LaSalle Americas, Inc.",Sacramento County,77.0,Layoff Permanent,,ca_2024_25.pdf,CA
2025-04-14,MV Transportation,San Diego County,463.0,Layoff Permanent,,ca_2024_25.pdf,CA
2025-04-14,MV Transportation,San Diego County,14.0,Layoff Permanent,,ca_2024_25.pdf,CA
2025-04-14,Jones Lang LaSalle Americas Inc.,San Joaquin County,70.0,Layoff Permanent,,ca_2024_25.pdf,CA
2025-04-14,"Jones Lang LaSalle Americas, Inc.",Tulare County,64.0,Layoff Permanent,,ca_2024_25.pdf,CA
2025-04-16,"GMRI, Inc. d/b/a Eddie V's",Orange County,61.0,Closure Permanent,,ca_2024_25.pdf,CA
2025-04-16,"Case Paper Co., Inc.",San Bernardino County,18.0,Closure Permanent,,ca_2024_25.pdf,CA
2025-04-16,"Cruise, LLC - 333",San Francisco County,14.0,Layoff Permanent,,ca_2024_25.pdf,CA
2025-04-16,"Cruise, LLC - 1201",San Francisco County,9.0,Layoff Permanent,,ca_2024_25.pdf,CA
2025-04-16,"Cruise, LLC - 840",Santa Clara County,1.0,Layoff Permanent,,ca_2024_25.pdf,CA
2025-04-17,"Illumina, Inc. Worldwide Headquarters",San Diego County,172.0,Layoff Permanent,,ca_2024_25.pdf,CA
2025-04-07,"Stem, Inc.",San Francisco County,4.0,Closure Permanent,,ca_2024_25.pdf,CA
2025-04-11,The Coca-Cola Company,Napa County,135.0,Closure Permanent,,ca_2024_25.pdf,CA
2025-04-18,True Food Kitchen,Los Angeles County,82.0,Closure Permanent,,ca_2024_25.pdf,CA
2025-04-18,"Primo Brands, Inc.",Los Angeles County,7.0,Closure Permanent,,ca_2024_25.pdf,CA
2025-04-18,"Primo Brands, Inc.",Orange County,7.0,Layoff Permanent,,ca_2024_25.pdf,CA
2025-04-18,SSP America,Sacramento County,105.0,Layoff Permanent,,ca_2024_25.pdf,CA
2025-04-18,"Primo Brands, Inc.",San Diego County,3.0,Closure Permanent,,ca_2024_25.pdf,CA
2025-04-18,"Primo Brands, Inc.",San Diego County,4.0,Layoff Permanent,,ca_2024_25.pdf,CA
2025-04-18,"Primo Brands, Inc.",Los Angeles County,13.0,Closure Permanent,,ca_2024_25.pdf,CA
2025-04-18,"Primo Brands, Inc.",Ventura County,4.0,Closure Permanent,,ca_2024_25.pdf,CA
2025-04-15,Boston Scientific Corporation,Santa Clara County,63.0,Closure Permanent,,ca_2024_25.pdf,CA
2025-04-21,B&P Plastics DBA Advance Plastics,San Diego County,77.0,Closure Permanent,,ca_2024_25.pdf,CA
2025-04-21,Blue Shield of California,Alameda County,24.0,Layoff Permanent,,ca_2024_25.pdf,CA
2025-04-21,Blue Shield of California _ Building C,El Dorado County,17.0,Layoff Permanent,,ca_2024_25.pdf,CA
2025-04-21,Blue Shield of California _ Building B,El Dorado County,18.0,Layoff Permanent,,ca_2024_25.pdf,CA
2025-04-21,Blue Shield of California,Los Angeles County,16.0,Layoff Permanent,,ca_2024_25.pdf,CA
2025-04-21,Blue Shield of California,Los Angeles County,10.0,Layoff Permanent,,ca_2024_25.pdf,CA
2025-04-21,Blue Shield of California _ Building A,Sacramento County,10.0,Layoff Permanent,,ca_2024_25.pdf,CA
2025-04-21,Blue Shield of California _ Building B,Sacramento County,3.0,Layoff Permanent,,ca_2024_25.pdf,CA
2025-04-21,Blue Shield of California,San Diego County,5.0,Layoff Permanent,,ca_2024_25.pdf,CA
2025-04-21,Blue Shield of California,San Joaquin County,7.0,Layoff Permanent,,ca_2024_25.pdf,CA
2025-04-21,Blue Shield of California,Shasta County,3.0,Layoff Permanent,,ca_2024_25.pdf,CA
2025-04-22,SambaNova Systems,Santa Clara County,77.0,Layoff Permanent,,ca_2024_25.pdf,CA
2025-04-22,YMCA of San Diego County,San Diego County,27.0,Layoff Permanent,,ca_2024_25.pdf,CA
2025-04-17,"Bronco Wine Company, Bivio Transport and Logistics
Company, LLC an WC Ag Services, Inc.",Stanislaus County,146.0,Layoff Permanent,,ca_2024_25.pdf,CA
2025-04-17,"Barrel Ten Quarter Circle, Inc.",Napa County,8.0,Layoff Permanent,,ca_2024_25.pdf,CA
2025-04-22,"Spreckels Sugar Company, Inc.",Imperial County,394.0,Closure Permanent,,ca_2024_25.pdf,CA
2025-04-21,Kaiser Foundation Hospitals - 94612,Alameda County,14.0,Layoff Permanent,,ca_2024_25.pdf,CA
2025-04-21,Kaiser Foundation Hospitals - 94588,Alameda County,1.0,Layoff Permanent,,ca_2024_25.pdf,CA
2025-04-21,Kaiser Foundation Hospitals - 94612,Alameda County,1.0,Layoff Permanent,,ca_2024_25.pdf,CA
2025-04-21,Kaiser Foundation Hospitals - 90706,Los Angeles County,1.0,Layoff Permanent,,ca_2024_25.pdf,CA
2025-04-21,Kaiser Foundation Hospitals 90027,Los Angeles County,2.0,Layoff Permanent,,ca_2024_25.pdf,CA
2025-04-21,Kaiser Foundation Hospitals - 90034,Los Angeles County,1.0,Layoff Permanent,,ca_2024_25.pdf,CA
2025-04-21,Kaiser Foundation Hospitals - 90242,Los Angeles County,4.0,Layoff Permanent,,ca_2024_25.pdf,CA
2025-04-21,Kaiser Foundation Hospitals - 90242,Los Angeles County,2.0,Layoff Permanent,,ca_2024_25.pdf,CA
2025-04-21,Kaiser Foundation Hospitals - 91188,Los Angeles County,7.0,Layoff Permanent,,ca_2024_25.pdf,CA
2025-04-21,Kaiser Foundation Hospitals - 91101,Los Angeles County,1.0,Layoff Permanent,,ca_2024_25.pdf,CA
2025-04-21,Kaiser Foundation Hospitals - 91101,Los Angeles County,3.0,Layoff Permanent,,ca_2024_25.pdf,CA
2025-04-21,Kaiser Foundation Hospitals - 91367,Los Angeles County,1.0,Layoff Permanent,,ca_2024_25.pdf,CA
2025-04-21,Kaiser Foundation Hospitals - 94589,Solano County,2.0,Layoff Permanent,,ca_2024_25.pdf,CA
2025-04-23,"MMCI Acquisition, LLC dba Mortech Manufacturing Company",Los Angeles County,19.0,Closure Permanent,,ca_2024_25.pdf,CA
2025-04-23,"TransitAmerica Services, Inc.",San Bernardino County,17.0,Layoff Permanent,,ca_2024_25.pdf,CA
2025-04-10,RTX_2022,Los Angeles County,1.0,Layoff Permanent,,ca_2024_25.pdf,CA
2025-04-10,RTX _2000 Building E01,Los Angeles County,2.0,Layoff Permanent,,ca_2024_25.pdf,CA
2025-04-10,RTX _ 2006 Building E04,Los Angeles County,1.0,Layoff Permanent,,ca_2024_25.pdf,CA
2025-04-23,Metropolitan Animal Specialty Hospital - 6565,Los Angeles County,187.0,Closure Permanent,,ca_2024_25.pdf,CA
2025-04-23,Metropolitan Animal Specialty Hospital - 1120,Los Angeles County,3.0,Closure Permanent,,ca_2024_25.pdf,CA
2025-04-23,Metropolitan Animal Specialty Hospital - 1122,Los Angeles County,3.0,Closure Permanent,,ca_2024_25.pdf,CA
2025-04-23,Metropolitan Animal Specialty Hospital - 6567 - 6585,Los Angeles County,2.0,Closure Permanent,,ca_2024_25.pdf,CA
2025-04-23,Metropolitan Animal Specialty Hospital - 6611,Los Angeles County,1.0,Closure Permanent,,ca_2024_25.pdf,CA
2025-04-18,"Primo Brands, Inc. - 4500",Los Angeles County,33.0,Closure Permanent,,ca_2024_25.pdf,CA
2025-04-18,"Primo Brands, Inc. - 1449",Los Angeles County,11.0,Closure Permanent,,ca_2024_25.pdf,CA
2025-04-24,Centene Management Company,Los Angeles County,10.0,Closure Permanent,,ca_2024_25.pdf,CA
2025-04-24,Raytheon,Los Angeles County,97.0,Layoff Permanent,,ca_2024_25.pdf,CA
2025-04-24,The Model Z Modular LLC,Los Angeles County,102.0,Layoff Permanent,,ca_2024_25.pdf,CA
2025-04-25,PULAU Corporation - 1308,San Bernardino County,1.0,Layoff Permanent,,ca_2024_25.pdf,CA
2025-04-25,PULAU Corporation - 650A,San Bernardino County,17.0,Layoff Permanent,,ca_2024_25.pdf,CA
2025-04-25,PULAU Corporation - 820,San Bernardino County,25.0,Layoff Permanent,,ca_2024_25.pdf,CA
2025-04-25,PULAU Corporation - 6222,San Bernardino County,8.0,Layoff Permanent,,ca_2024_25.pdf,CA
2025-04-25,PULAU Corporation - GMDT,San Bernardino County,3.0,Layoff Permanent,,ca_2024_25.pdf,CA
2025-04-25,PULAU Corporation - 827,San Bernardino County,43.0,Layoff Permanent,,ca_2024_25.pdf,CA
2025-04-25,PULAU Corporation - 863,San Bernardino County,4.0,Layoff Permanent,,ca_2024_25.pdf,CA
2025-04-25,PULAU Corporation - 891,San Bernardino County,32.0,Layoff Permanent,,ca_2024_25.pdf,CA
2025-04-25,"Building Robotics, Inc.",Alameda County,48.0,Closure Permanent,,ca_2024_25.pdf,CA
2025-04-28,MV Transportation 4512,Monterey County,19.0,Layoff Permanent,,ca_2024_25.pdf,CA
2025-04-28,MV Transportation 4499,Monterey County,81.0,Layoff Permanent,,ca_2024_25.pdf,CA
2025-04-28,T. Marzetti,Santa Clara County,78.0,Closure Permanent,,ca_2024_25.pdf,CA
2025-04-28,"Primo Brands, Inc.",Santa Clara County,38.0,Closure Permanent,,ca_2024_25.pdf,CA
2025-04-28,Cardinal,San Bernardino County,45.0,Layoff Permanent,,ca_2024_25.pdf,CA
2025-04-29,CJ Logistics America,Riverside County,111.0,Closure Permanent,,ca_2024_25.pdf,CA
2025-04-28,MV Transportation - 3990,Santa Clara County,37.0,Layoff Permanent,,ca_2024_25.pdf,CA
2025-04-28,MV Transportation - 2240,Santa Clara County,197.0,Layoff Permanent,,ca_2024_25.pdf,CA
2025-04-28,MV Transportation - 13550,Santa Clara County,6.0,Layoff Permanent,,ca_2024_25.pdf,CA
2025-04-28,"NetApp, Inc.",Santa Clara County,56.0,Layoff Permanent,,ca_2024_25.pdf,CA
2025-04-29,Thermo Fisher Scientific,Los Angeles County,11.0,Closure Permanent,,ca_2024_25.pdf,CA
2025-04-28,Kaiser Foundation Hospitals 1600,Placer County,1.0,Layoff Permanent,,ca_2024_25.pdf,CA
2025-04-28,Kaiser Foundation Hospitals 1660,Placer County,5.0,Layoff Permanent,,ca_2024_25.pdf,CA
2025-04-28,Kaiser Foundation Hospitals 2025,Sacramento County,1.0,Layoff Permanent,,ca_2024_25.pdf,CA
2025-04-28,Kaiser Foundation Hospitals 401,Sonoma County,1.0,Layoff Permanent,,ca_2024_25.pdf,CA
2025-04-30,Sky Zone,Orange County,56.0,Closure Permanent,,ca_2024_25.pdf,CA
2025-04-30,"Newark Group, Inc.",Los Angeles County,74.0,Closure Permanent,,ca_2024_25.pdf,CA
2025-04-29,Van's Corporate Headquarters,Orange County,82.0,Layoff Permanent,,ca_2024_25.pdf,CA
2025-04-29,"GXO Logistics Supply Chain, Inc.",San Bernardino County,41.0,Layoff Permanent,,ca_2024_25.pdf,CA
2025-04-30,4670 Unitek Learning Education Group Corp.,Alameda County,6.0,Layoff Permanent,,ca_2024_25.pdf,CA
2025-04-30,21615 Unitek Learning Education Group Corp.,Alameda County,2.0,Layoff Permanent,,ca_2024_25.pdf,CA
2025-04-30,1401 Unitek Learning Education Group Corp.,Contra Costa County,4.0,Layoff Permanent,,ca_2024_25.pdf,CA
2025-04-30,333 Unitek Learning Education Group Corp.,Kern County,4.0,Layoff Permanent,,ca_2024_25.pdf,CA
2025-04-30,1401 Unitek Learning Education Group Corp.,Orange County,3.0,Layoff Permanent,,ca_2024_25.pdf,CA
2025-04-30,HUB Unitek Learning Education Group Corp.,Orange County,29.0,Layoff Permanent,,ca_2024_25.pdf,CA
2025-04-30,4330 Unitek Learning Education Group Corp.,Sacramento County,3.0,Layoff Permanent,,ca_2024_25.pdf,CA
2025-04-30,257 Unitek Learning Education Group Corp.,San Mateo County,1.0,Layoff Permanent,,ca_2024_25.pdf,CA
2025-04-30,6800 Unitek Learning Education Group Corp.,Santa Clara County,2.0,Layoff Permanent,,ca_2024_25.pdf,CA
2025-05-01,Sonoco,Los Angeles County,46.0,Closure Permanent,,ca_2024_25.pdf,CA
2025-04-29,"NGM Biopharmaceuticals, Inc.",San Mateo County,85.0,Layoff Permanent,,ca_2024_25.pdf,CA
2025-05-01,DHL Supply Chain,San Bernardino County,346.0,Closure Permanent,,ca_2024_25.pdf,CA
2025-04-28,23andMe,San Francisco County,250.0,Closure Permanent,,ca_2024_25.pdf,CA
2025-05-01,Urban Alchemy,San Francisco County,57.0,Layoff Permanent,,ca_2024_25.pdf,CA
2025-04-29,Pride Industries,Solano County,58.0,"Layoff Not known at
this time",,ca_2024_25.pdf,CA
2025-04-30,St. Vincent's School for Boys,Marin County,52.0,Closure Permanent,,ca_2024_25.pdf,CA
2025-04-30,Community Action Marin,Marin County,43.0,Layoff Permanent,,ca_2024_25.pdf,CA
2025-05-02,Primo Brands,Alameda County,11.0,Closure Permanent,,ca_2024_25.pdf,CA
2025-05-02,"MemorialCare Long Beach Medical Center and Women's
Hospital Long Beach",Los Angeles County,115.0,Layoff Permanent,,ca_2024_25.pdf,CA
2025-05-02,Primo Brands,Sacramento County,8.0,Closure Permanent,,ca_2024_25.pdf,CA
2025-05-02,Atria Wealth Solutions,San Diego County,82.0,Layoff Permanent,,ca_2024_25.pdf,CA
2025-05-02,Primo Brands,San Francisco County,6.0,Closure Permanent,,ca_2024_25.pdf,CA
2025-04-28,"Center Point, Inc. (4001)",Amador County,18.0,Layoff Permanent,,ca_2024_25.pdf,CA
2025-04-28,"Center Point, Inc. (5905)",Del Norte County,12.0,Layoff Permanent,,ca_2024_25.pdf,CA
2025-04-28,"Center Point, Inc. (475-750)",Lassen County,20.0,Layoff Permanent,,ca_2024_25.pdf,CA
2025-04-28,"Center Point, Inc. (San Quentin)",Marin County,14.0,Layoff Permanent,,ca_2024_25.pdf,CA
2025-04-28,"Center Point, Inc. 100 Prison Rd.",Sacramento County,17.0,Layoff Permanent,,ca_2024_25.pdf,CA
2025-04-28,"Center Point, Inc. (300 Prison)",Sacramento County,20.0,Layoff Permanent,,ca_2024_25.pdf,CA
2025-04-28,"Center Point, Inc. (7707 Austin)",San Joaquin County,20.0,Layoff Permanent,,ca_2024_25.pdf,CA
2025-04-28,"Center Point, Inc. (2100)",Solano County,22.0,Layoff Permanent,,ca_2024_25.pdf,CA
2025-04-28,"Center Point, Inc. (1600)",Sonoma County,15.0,Layoff Permanent,,ca_2024_25.pdf,CA
2025-04-28,"Center Point, Inc. (5100)",Tuolumne County,17.0,Layoff Permanent,,ca_2024_25.pdf,CA
2025-05-02,Primo Brands,Solano County,6.0,Closure Permanent,,ca_2024_25.pdf,CA
2025-05-01,"tkMomentum, Inc.",Nevada County,4.0,Layoff Permanent,,ca_2024_25.pdf,CA
2025-05-01,tkMomentum Inc. (251 Auburn),Placer County,16.0,Layoff Permanent,,ca_2024_25.pdf,CA
2025-05-01,"tkMomentum, Inc.",Sacramento County,60.0,Layoff Permanent,,ca_2024_25.pdf,CA
2025-05-01,Pliant Therapeutics,San Mateo County,69.0,Layoff Permanent,,ca_2024_25.pdf,CA
2025-05-01,"Ford, Walker, Haggerty & Behar, LLP (FWHB)",Clark County,2.0,Closure Permanent,,ca_2024_25.pdf,CA
2025-05-01,"Ford, Walker, Haggerty & Behar, LLP (FWHB)",Los Angeles County,131.0,Closure Permanent,,ca_2024_25.pdf,CA
2025-05-01,"(Remote Employees) Ford, Walker, Haggerty & Behar, LLP
(FWHB)",Los Angeles County,81.0,Closure Permanent,,ca_2024_25.pdf,CA
2025-05-01,"Ford, Walker, Haggerty & Behar, LLP (FWHB)",Orange County,9.0,Closure Permanent,,ca_2024_25.pdf,CA
2025-05-01,"Ford, Walker, Haggerty & Behar, LLP (FWHB)",Riverside County,3.0,Closure Permanent,,ca_2024_25.pdf,CA
2025-05-01,"Ford, Walker, Haggerty & Behar, LLP (FWHB)",San Diego County,6.0,Closure Permanent,,ca_2024_25.pdf,CA
2025-05-01,"Ford, Walker, Haggerty & Behar, LLP (FWHB)",Santa Clara County,11.0,Closure Permanent,,ca_2024_25.pdf,CA
2025-04-29,Elijah House Foundation,Butte County,15.0,Layoff Permanent,,ca_2024_25.pdf,CA
2025-04-29,Elijah House Foundation,Contra Costa County,31.0,Layoff Permanent,,ca_2024_25.pdf,CA
2025-04-29,Elijah House Foundation,Monterey County,31.0,Layoff Permanent,,ca_2024_25.pdf,CA
2025-05-05,Anthony International,Los Angeles County,325.0,Layoff Temporary,,ca_2024_25.pdf,CA
2025-05-06,L.A. Turbine,Los Angeles County,34.0,Closure Permanent,,ca_2024_25.pdf,CA
2025-05-05,SSB Manufacturing Company,Riverside County,180.0,Closure Permanent,,ca_2024_25.pdf,CA
2025-05-06,Air Distribution Technologies,Riverside County,111.0,Closure Permanent,,ca_2024_25.pdf,CA
2025-05-07,Surfair Mobility,Dallas County,1.0,Layoff Permanent,,ca_2024_25.pdf,CA
2025-05-06,"10x Genomics, Inc. (5500)",Alameda County,3.0,Layoff Permanent,,ca_2024_25.pdf,CA
2025-05-06,"10x Genomics, Inc. (6210)",Alameda County,2.0,Layoff Permanent,,ca_2024_25.pdf,CA
2025-05-06,"10x Genomics, Inc. (6230)",Alameda County,88.0,Layoff Permanent,,ca_2024_25.pdf,CA
2025-05-02,Chevron (100),Contra Costa County,18.0,Layoff Permanent,,ca_2024_25.pdf,CA
2025-05-02,Chevron (850),Contra Costa County,13.0,Layoff Permanent,,ca_2024_25.pdf,CA
2025-05-02,Chevron,Kern County,14.0,Layoff Permanent,,ca_2024_25.pdf,CA
2025-05-02,Chevron,Los Angeles County,20.0,Layoff Permanent,,ca_2024_25.pdf,CA
2025-05-08,Reyes Coca-Cola Bottling,Los Angeles County,62.0,Closure Permanent,,ca_2024_25.pdf,CA
2025-05-05,"Thrifty Payless, Inc. (Rite Aide)",Los Angeles County,297.0,Layoff Permanent,,ca_2024_25.pdf,CA
2025-04-30,Downtown College Preparatory - Alum Rock Middle School,Santa Clara County,20.0,Closure Permanent,,ca_2024_25.pdf,CA
2025-04-30,Downtown College Preparatory - Administrative Offices,Santa Clara County,9.0,Closure Permanent,,ca_2024_25.pdf,CA
2025-04-30,Downtown College Preparatory - El Primero High School,Santa Clara County,48.0,Closure Permanent,,ca_2024_25.pdf,CA
2025-04-30,Downtown College Preparatory - El Camino Middle School,Santa Clara County,22.0,Closure Permanent,,ca_2024_25.pdf,CA
2025-05-07,Lamps Plus,Los Angeles County,3.0,Closure Permanent,,ca_2024_25.pdf,CA
2025-05-09,Colosseum Athletics,Los Angeles County,35.0,Layoff Permanent,,ca_2024_25.pdf,CA
2025-05-08,"Insitro, Inc.",San Mateo County,63.0,Layoff Permanent,,ca_2024_25.pdf,CA
2025-05-09,RTX,Los Angeles County,1.0,Layoff Permanent,,ca_2024_25.pdf,CA
2025-05-12,Kaiser Foundation Hospitals,Contra Costa County,1.0,Layoff Permanent,,ca_2024_25.pdf,CA
2025-05-12,Kaiser Foundation Hospitals (1450),Contra Costa County,1.0,Layoff Permanent,,ca_2024_25.pdf,CA
2025-05-12,Kaiser Foundation Hospitals (1460),Contra Costa County,1.0,Layoff Permanent,,ca_2024_25.pdf,CA
2025-05-09,First Student,Los Angeles County,88.0,Layoff Permanent,,ca_2024_25.pdf,CA
2025-05-13,Wells Fargo - 1655,Contra Costa County,4.0,Layoff Permanent,,ca_2024_25.pdf,CA
2025-05-13,Wells Fargo -1755,Contra Costa County,6.0,Layoff Permanent,,ca_2024_25.pdf,CA
2025-05-13,Microsoft - 770,Santa Clara County,1.0,Layoff Permanent,,ca_2024_25.pdf,CA
2025-05-13,Microsoft - 3201,Santa Clara County,3.0,Layoff Permanent,,ca_2024_25.pdf,CA
2025-05-13,Microsoft - 1045,Santa Clara County,82.0,Layoff Permanent,,ca_2024_25.pdf,CA
2025-05-14,"Delicato Vineyards, LLC dba Delicato Family Wines",Sonoma County,15.0,"Closure Not known at
this time",,ca_2024_25.pdf,CA
2025-05-14,"Lakeshore Learning Materials, LLC - 2695",Los Angeles County,50.0,Layoff Permanent,,ca_2024_25.pdf,CA
2025-05-14,"Lakeshore Leaning Materials, LLC - 2649",Los Angeles County,10.0,Layoff Permanent,,ca_2024_25.pdf,CA
2025-05-14,"Lakeshore Learning Materials, LLC - 20974",Los Angeles County,21.0,Layoff Permanent,,ca_2024_25.pdf,CA
2025-05-14,Lakeshore Learning Materials - 2915,Los Angeles County,10.0,Layoff Permanent,,ca_2024_25.pdf,CA
2025-05-14,"Lakeshore Learning Materials, LLC - 2161",Los Angeles County,109.0,Layoff Permanent,,ca_2024_25.pdf,CA
2025-05-15,Amazon (SJC11 Facility),Santa Clara County,33.0,Layoff Permanent,,ca_2024_25.pdf,CA
2025-05-15,Amazon (SJC14 Facility),Santa Clara County,6.0,Layoff Permanent,,ca_2024_25.pdf,CA
2025-05-15,Amazon (SJC31 Facility),Santa Clara County,5.0,Layoff Permanent,,ca_2024_25.pdf,CA
2025-05-15,Amazon (SJC32 Facility),Santa Clara County,8.0,Layoff Permanent,,ca_2024_25.pdf,CA
2025-05-15,UPS,Yolo County,355.0,Layoff Permanent,,ca_2024_25.pdf,CA
2025-05-16,"Niantic, Inc.",San Francisco County,5.0,Layoff Permanent,,ca_2024_25.pdf,CA
2025-05-19,Seasons 52,Sacramento County,85.0,Closure Permanent,,ca_2024_25.pdf,CA
2025-05-20,"Tend Exchange Subsidiary LLC and Delaware Tender Staffing
LLC",Los Angeles County,,Closure Permanent,,ca_2024_25.pdf,CA
2025-05-16,"PMAB-5, LLC",San Mateo County,63.0,Layoff Permanent,,ca_2024_25.pdf,CA
2025-05-13,"L&T Precision, LLC",San Diego County,81.0,Closure Permanent,,ca_2024_25.pdf,CA
2025-05-13,Chegg,Santa Clara County,88.0,Layoff Permanent,,ca_2024_25.pdf,CA
2025-05-19,Kaiser Foundation Hospitals,Alameda County,2.0,Layoff Permanent,,ca_2024_25.pdf,CA
2025-05-19,Kaiser Foundation Hospitals,Alameda County,2.0,Layoff Permanent,,ca_2024_25.pdf,CA
2025-05-19,Kaiser Foundation Hospitals,Los Angeles County,1.0,Layoff Permanent,,ca_2024_25.pdf,CA
2025-05-21,Eikon Therapeutics Inc.,San Mateo County,55.0,Layoff Permanent,,ca_2024_25.pdf,CA
2025-05-21,Allergan Aesthetics,Orange County,202.0,Layoff Permanent,,ca_2024_25.pdf,CA
2025-05-21,"Creative Stone Mfg. Inc., DBA Coronado Stone Products",San Bernardino County,39.0,Closure Permanent,,ca_2024_25.pdf,CA
2025-05-20,Cruise LLC,San Francisco County,22.0,Layoff Permanent,,ca_2024_25.pdf,CA
2025-05-22,AAPC Lounge Services,Los Angeles County,130.0,Layoff Permanent,,ca_2024_25.pdf,CA
2025-05-21,NBCUniversal Media (Bldg. 1440),Los Angeles County,13.0,Layoff Permanent,,ca_2024_25.pdf,CA
2025-05-21,"NBCUniversal Media (Bldgs. 1280, 1320, 1360, and 4250)",Los Angeles County,41.0,Layoff Permanent,,ca_2024_25.pdf,CA
2025-05-22,Six Flags Entertainment Corporation,Los Angeles County,56.0,Layoff Permanent,,ca_2024_25.pdf,CA
2025-05-22,Six Flags Entertainment Corporation,Orange County,65.0,Layoff Permanent,,ca_2024_25.pdf,CA
2025-05-22,Six Flags Entertainment Corporation,Solano County,19.0,Layoff Permanent,,ca_2024_25.pdf,CA
2025-05-22,Hewlett Packard Enterprise Company (HPE),Santa Clara County,61.0,Layoff Permanent,,ca_2024_25.pdf,CA
2025-05-23,Advanced Pressure Technology,Napa County,88.0,Layoff Permanent,,ca_2024_25.pdf,CA
2025-05-27,Wells Fargo,Contra Costa County,1.0,Layoff Permanent,,ca_2024_25.pdf,CA
2025-05-22,"Pivot Bio, Inc.",Alameda County,62.0,Closure Permanent,,ca_2024_25.pdf,CA
2025-05-27,LinkedIn Corporation,San Francisco County,60.0,Layoff Permanent,,ca_2024_25.pdf,CA
2025-05-27,LinkedIn Corporation,Santa Barbara County,11.0,Layoff Permanent,,ca_2024_25.pdf,CA
2025-05-27,LinkedIn Corporation,Santa Clara County,51.0,Layoff Permanent,,ca_2024_25.pdf,CA
2025-05-27,LinkedIn Corporation,Santa Clara County,159.0,Layoff Permanent,,ca_2024_25.pdf,CA
2025-05-27,"Liberty Residential Services, Inc. (2915)",San Diego County,35.0,Layoff Permanent,,ca_2024_25.pdf,CA
2025-05-27,"Liberty Residential Services, Inc. (1404)",San Diego County,31.0,Layoff Permanent,,ca_2024_25.pdf,CA
2025-05-27,"Liberty Residential Services, Inc.",San Diego County,6.0,Layoff Permanent,,ca_2024_25.pdf,CA
2025-05-29,Earl of Sandwich Tavern Restaurant,Orange County,167.0,Closure Permanent,,ca_2024_25.pdf,CA
2025-05-29,"Genentech, Inc.",San Mateo County,143.0,Layoff Permanent,,ca_2024_25.pdf,CA
2025-05-28,Google - Borregas,Santa Clara County,11.0,Layoff Permanent,,ca_2024_25.pdf,CA
2025-05-28,Google - Bordeaux,Santa Clara County,33.0,Layoff Permanent,,ca_2024_25.pdf,CA
2025-05-28,Google - Borregas,Santa Clara County,1.0,Layoff Permanent,,ca_2024_25.pdf,CA
2025-05-28,Google - Moffett,Santa Clara County,8.0,Layoff Permanent,,ca_2024_25.pdf,CA
2025-05-29,"Memorial Care Long Beach Medical Center and Miller
Children's and Women's Hospital",Los Angeles County,22.0,Layoff Permanent,,ca_2024_25.pdf,CA
2025-05-30,"Reyes Coca-Cola Bottling, L.L.C.",Monterey County,81.0,Closure Permanent,,ca_2024_25.pdf,CA
2025-05-23,Walmart,San Mateo County,106.0,Layoff Permanent,,ca_2024_25.pdf,CA
2025-05-30,Alticor Inc.,Orange County,26.0,Closure Permanent,,ca_2024_25.pdf,CA
2025-06-02,"Central Valley Training Center, Inc.",Fresno County,63.0,Closure Permanent,,ca_2024_25.pdf,CA
2025-05-30,Menzies Aviation,Los Angeles County,46.0,"Layoff Not known at
this time",,ca_2024_25.pdf,CA
2025-06-02,Microsoft - 1045,Santa Clara County,7.0,Layoff Permanent,,ca_2024_25.pdf,CA
2025-06-02,Microsoft - 445 & 455,Santa Clara County,1.0,Layoff Permanent,,ca_2024_25.pdf,CA
2025-05-29,"All-Rite Leasing, Inc.",Orange County,111.0,Closure Permanent,,ca_2024_25.pdf,CA
2025-05-30,Cruise LLC,San Francisco County,1.0,Layoff Permanent,,ca_2024_25.pdf,CA
2025-05-30,JAI's Inc.,Santa Clara County,7.0,Closure Permanent,,ca_2024_25.pdf,CA
2025-06-02,Kaiser Foundation Hospitals - Berkeley,Alameda County,4.0,Layoff Permanent,,ca_2024_25.pdf,CA
2025-06-02,Kaiser Foundation - Fremont,Alameda County,1.0,Layoff Permanent,,ca_2024_25.pdf,CA
2025-06-02,Kaiser Foundation Hospitals - Oakland,Alameda County,13.0,Layoff Permanent,,ca_2024_25.pdf,CA
2025-06-02,Kaiser Foundation Hospitals - Pleasanton,Alameda County,20.0,Layoff Permanent,,ca_2024_25.pdf,CA
2025-06-02,Kaiser Foundation Hospitals - Harbor City,Los Angeles County,1.0,Layoff Permanent,,ca_2024_25.pdf,CA
2025-06-02,Kaiser Foundation Hospitals - 74 N. Pasadena,Los Angeles County,1.0,Layoff Permanent,,ca_2024_25.pdf,CA
2025-06-02,Kaiser Foundation Hospitals - 393 E. Walnut,Los Angeles County,2.0,Layoff Permanent,,ca_2024_25.pdf,CA
2025-06-02,Kaiser Foundation Hospitals - 75 Fair Oaks Ave.,Los Angeles County,2.0,Layoff Permanent,,ca_2024_25.pdf,CA
2025-06-02,Kaiser Foundation Hospitals - 99 S Oakland Ave,Los Angeles County,5.0,Layoff Permanent,,ca_2024_25.pdf,CA
2025-06-02,Kaiser Foundation Hospitals - Yorba Linda,Orange County,1.0,Layoff Permanent,,ca_2024_25.pdf,CA
2025-06-02,Kaiser Foundation Hospitals - Irvine,Orange County,1.0,Layoff Permanent,,ca_2024_25.pdf,CA
2025-06-02,Kaiser Foundation Hospitals - Roseville,Placer County,1.0,Layoff Permanent,,ca_2024_25.pdf,CA
2025-06-02,Kaiser Foundation Hospitals - San Diego,San Diego County,1.0,Layoff Permanent,,ca_2024_25.pdf,CA
2025-06-02,Kaiser Foundation Hospitals - San Francisco,San Francisco County,1.0,Layoff Permanent,,ca_2024_25.pdf,CA
2025-06-02,Kaiser Foundation Hospitals - Vallejo,Solano County,1.0,Layoff Permanent,,ca_2024_25.pdf,CA
2025-06-02,Accelerate360 Distribution LLC,San Bernardino County,66.0,Closure Permanent,,ca_2024_25.pdf,CA
2025-05-23,"GTM Wholesale Liquidators, Inc. dba GTM Discount General
Store",San Diego County,13.0,Closure Permanent,,ca_2024_25.pdf,CA
2025-05-23,"GTM Wholesale Liquidators dba GTM Discount General Store -
Santee Store",San Diego County,9.0,Layoff Permanent,,ca_2024_25.pdf,CA
2025-05-23,"GTM Wholesale Liquidators, Inc. dba GTM Discount General
Store - Chula Vista Store",San Diego County,9.0,Layoff Permanent,,ca_2024_25.pdf,CA
2025-05-23,"GTM Wholesale Liquidators DBA Discount General Store -
Warehouse",San Diego County,18.0,Layoff Permanent,,ca_2024_25.pdf,CA
2025-06-04,Management & Training Corporation - Los Angeles Job Corps,Los Angeles County,226.0,Closure Permanent,,ca_2024_25.pdf,CA
2025-06-04,"Swat Fame, Inc.",Los Angeles County,201.0,Closure Permanent,,ca_2024_25.pdf,CA
2025-06-04,Harpoon Henry's Seafood Restaurant,Orange County,159.0,Layoff Permanent,,ca_2024_25.pdf,CA
2025-06-03,Mission Linen Supply,San Bernardino County,82.0,Layoff Permanent,,ca_2024_25.pdf,CA
2025-06-02,Inland Empire Job Corps Center,San Bernardino County,134.0,Closure Permanent,,ca_2024_25.pdf,CA
2025-06-04,Management & Training Corporation - San Diego Job Corps,San Diego County,199.0,Closure Permanent,,ca_2024_25.pdf,CA
2025-06-05,"Sapango Inc., dba Tre Posti",Napa County,130.0,Closure Permanent,,ca_2024_25.pdf,CA
2025-05-28,Amtrak - Lancaster LCS,Los Angeles County,19.0,"Layoff Not known at
this time",,ca_2024_25.pdf,CA
2025-05-28,Amtrak - Los Angeles (LMK),Los Angeles County,86.0,"Layoff Not known at
this time",,ca_2024_25.pdf,CA
2025-05-28,Amtrak - Santa Fe Depot,Los Angeles County,5.0,"Layoff Not known at
this time",,ca_2024_25.pdf,CA
2025-05-28,Amtrak San Bernardino Downtown SNB,San Bernardino County,99.0,"Layoff Not known at
this time",,ca_2024_25.pdf,CA
2025-05-28,Amtrak - Stuart Mesa Mechanical Facility (OSD),San Diego County,9.0,"Layoff Not known at
this time",,ca_2024_25.pdf,CA
2025-05-28,Amtrak - Moorpark,Ventura County,9.0,"Layoff Not known at
this time",,ca_2024_25.pdf,CA
2025-06-04,"Michaels Stores Procurement, Inc.",San Joaquin County,229.0,Closure Permanent,,ca_2024_25.pdf,CA
2025-06-09,Blue Diamond Growers,Sacramento County,632.0,Closure Permanent,,ca_2024_25.pdf,CA
2025-06-09,Kaiser Foundation Hospitals,Alameda County,1.0,Layoff Permanent,,ca_2024_25.pdf,CA
2025-06-09,Kaiser Foundation Hospitals,Alameda County,5.0,Layoff Permanent,,ca_2024_25.pdf,CA
2025-06-02,Prothena Biosciences Inc,San Mateo County,91.0,Layoff Permanent,,ca_2024_25.pdf,CA
2025-06-10,Boston Scientific Corporation,Santa Clara County,23.0,Layoff Permanent,,ca_2024_25.pdf,CA
2025-06-10,"Career Systems Development Corporation - San Jose Job
Corps Center",Santa Clara County,133.0,Closure Permanent,,ca_2024_25.pdf,CA
2025-06-10,Corteva Agriscience,Contra Costa County,11.0,Layoff Permanent,,ca_2024_25.pdf,CA
2025-06-10,Del Frisco's Double Eagle Steakhouse,Los Angeles County,60.0,Closure Permanent,,ca_2024_25.pdf,CA
2025-06-09,"Frito-Lay, Inc.",San Bernardino County,432.0,Layoff Permanent,,ca_2024_25.pdf,CA
2025-06-11,"Gilead Sciences, Inc.",San Diego County,36.0,Layoff Permanent,,ca_2024_25.pdf,CA
2025-05-24,CVS Health,San Joaquin County,6.0,Closure Permanent,,ca_2024_25.pdf,CA
2025-06-10,Renesas Electronics Corporation - San Jose Campus,Santa Clara County,17.0,Layoff Permanent,,ca_2024_25.pdf,CA
2025-06-10,Renesas Electronics Corporation - Milpitas Campus,Santa Clara County,39.0,Layoff Permanent,,ca_2024_25.pdf,CA
2025-06-13,Robert Kaufman Co.,Los Angeles County,1.0,Closure Permanent,,ca_2024_25.pdf,CA
2025-06-06,"Loreto R. Sicam Jr, DMD, Inc.",Alameda County,6.0,Closure Temporary,,ca_2024_25.pdf,CA
2025-06-16,"CRST Expedited, Inc. dba CRST The Transportation Solution,
Inc.",Kern County,115.0,Closure Permanent,,ca_2024_25.pdf,CA
2025-06-16,"MemorialCare Long Beach Medical Center and Miller
Children's and Women's Hospital",Los Angeles County,58.0,Layoff Permanent,,ca_2024_25.pdf,CA
2025-06-16,"CRST Expedited, Inc. dba CRST The Transportation Solution,
Inc.",Riverside County,104.0,Layoff Permanent,,ca_2024_25.pdf,CA
2025-06-16,"CRST Expedited, Inc. dba CRST The Transportation Solution,
Inc.",Riverside County,4.0,Layoff Permanent,,ca_2024_25.pdf,CA
2025-06-10,Crothall Healthcare - Lakewood Regional Medical Center,Los Angeles County,39.0,Layoff Permanent,,ca_2024_25.pdf,CA
2025-06-10,Morrison Healthcare - Lakewood Regional Medical Center,Los Angeles County,40.0,Layoff Permanent,,ca_2024_25.pdf,CA
2025-06-10,Morrison Healthcare - Placentia Linda Hospital,Los Angeles County,21.0,Layoff Permanent,,ca_2024_25.pdf,CA
2025-06-10,Crothall Healthcare - Los Alamitos Medical Center,Orange County,41.0,Layoff Permanent,,ca_2024_25.pdf,CA
2025-06-10,Morrison Healthcare - Los Alamitos Medical Center,Orange County,32.0,Layoff Permanent,,ca_2024_25.pdf,CA
2025-06-17,LPL Financial LLC,San Diego County,70.0,Layoff Permanent,,ca_2024_25.pdf,CA
2025-06-16,"Planned Parenthood Mar Monte, Inc.",Santa Clara County,10.0,Layoff Permanent,,ca_2024_25.pdf,CA
2025-06-17,Paramount Global -1575 Gower,Los Angeles County,41.0,Layoff Permanent,,ca_2024_25.pdf,CA
2025-06-17,Paramount Global - 5555 Melrose,Los Angeles County,47.0,Layoff Permanent,,ca_2024_25.pdf,CA
2025-06-18,"McDonald's Restaurants of California, Inc.",Los Angeles County,87.0,Layoff Temporary,,ca_2024_25.pdf,CA
2025-05-23,Walmart (640),Santa Clara County,129.0,Layoff Permanent,,ca_2024_25.pdf,CA
2025-05-23,Walmart (840),Santa Clara County,135.0,Layoff Permanent,,ca_2024_25.pdf,CA
2025-05-23,Walmart (860),Santa Clara County,98.0,Layoff Permanent,,ca_2024_25.pdf,CA
2025-05-23,Walmart (680),Santa Clara County,19.0,Layoff Permanent,,ca_2024_25.pdf,CA
2025-06-16,Kaiser Foundation Hospitals,Alameda County,3.0,Layoff Permanent,,ca_2024_25.pdf,CA
2025-06-16,Kaiser Foundation Hospitals,Los Angeles County,3.0,Layoff Permanent,,ca_2024_25.pdf,CA
2025-06-16,Kaiser Foundation Hospitals,Los Angeles County,3.0,Layoff Permanent,,ca_2024_25.pdf,CA
2025-06-16,Kaiser Foundation Hospitals (74 N),Los Angeles County,1.0,Layoff Permanent,,ca_2024_25.pdf,CA
2025-06-16,Kaiser Foundation Hospitals,Riverside County,1.0,Layoff Permanent,,ca_2024_25.pdf,CA
2025-06-18,"Scout Distribution, LLC - City of Industry",Los Angeles County,87.0,Layoff Permanent,,ca_2024_25.pdf,CA
2025-06-18,"Scout Distribution, LLC - San Diego",San Diego County,5.0,Layoff Permanent,,ca_2024_25.pdf,CA
2025-06-18,Intel Corporation - Robert Noyce Building,Santa Clara County,76.0,Layoff Permanent,,ca_2024_25.pdf,CA
2025-06-18,Intel Corporation - SC-9,Santa Clara County,2.0,Layoff Permanent,,ca_2024_25.pdf,CA
2025-06-18,Intel Corporation - SC-11,Santa Clara County,3.0,Layoff Permanent,,ca_2024_25.pdf,CA
2025-06-18,Intel Corporation - SC-12,Santa Clara County,26.0,Layoff Permanent,,ca_2024_25.pdf,CA
2025-06-20,Five Guys Operations,San Diego County,17.0,Closure Permanent,,ca_2024_25.pdf,CA
2025-06-20,Oxford Social Club,San Diego County,26.0,Closure Permanent,,ca_2024_25.pdf,CA
2025-06-16,Safeway Inc.,Sonoma County,3.0,Closure Permanent,,ca_2024_25.pdf,CA
2025-06-23,Mucci Tehachapi Inc.,Kern County,21.0,Closure Permanent,,ca_2024_25.pdf,CA
2025-06-20,"Prospect Medical Systems, LLC",San Bernardino County,125.0,Layoff Permanent,,ca_2024_25.pdf,CA
2025-06-24,Ball Horticultural Company,Ventura County,33.0,Closure Permanent,,ca_2024_25.pdf,CA
2025-06-25,The Trevor Project,Los Angeles County,12.0,Layoff Permanent,,ca_2024_25.pdf,CA
2025-06-24,Pacific Premier Bank,Orange County,78.0,Layoff Permanent,,ca_2024_25.pdf,CA
2025-06-25,Joe's Crab Shack,San Diego County,61.0,Closure Permanent,,ca_2024_25.pdf,CA
2025-06-26,"Van Law Food Products, Inc.",Orange County,89.0,Layoff Permanent,,ca_2024_25.pdf,CA
2025-06-25,Cushman & Wakefield (222),San Francisco County,10.0,Layoff Permanent,,ca_2024_25.pdf,CA
2025-06-25,Cushman & Wakefield (543),San Francisco County,1.0,Layoff Permanent,,ca_2024_25.pdf,CA
2025-06-25,Cushman & Wakefield,Santa Barbara County,6.0,Layoff Permanent,,ca_2024_25.pdf,CA
2025-06-25,Cushman & Wakefield (401),Santa Clara County,1.0,Layoff Permanent,,ca_2024_25.pdf,CA
2025-06-25,Cushman & Wakefield (455),Santa Clara County,2.0,Layoff Permanent,,ca_2024_25.pdf,CA
2025-06-25,Cushman & Wakefield (1000),Santa Clara County,12.0,Layoff Permanent,,ca_2024_25.pdf,CA
2025-06-25,Cushman & Wakefield (845),Santa Clara County,49.0,Layoff Permanent,,ca_2024_25.pdf,CA
2025-06-25,Richland Ace Hardware,Stanislaus County,10.0,Closure Permanent,,ca_2024_25.pdf,CA
2025-06-26,"Beachbody, LLC",Los Angeles County,70.0,Layoff Permanent,,ca_2024_25.pdf,CA
2025-06-30,Bicycle Transit Systems,Los Angeles County,65.0,Layoff Permanent,,ca_2024_25.pdf,CA
2025-06-30,Araca Ink LLC,Los Angeles County,64.0,Layoff Permanent,,ca_2024_25.pdf,CA
2025-06-25,Intel Corporation - Robert Noyce,Santa Clara County,57.0,Layoff Permanent,,ca_2024_25.pdf,CA
2025-06-25,Intel Corporation - SC-1 3065 Bowers,Santa Clara County,1.0,Layoff Permanent,,ca_2024_25.pdf,CA
2025-06-25,Intel Corporation - SC-2,Santa Clara County,1.0,Layoff Permanent,,ca_2024_25.pdf,CA
2025-06-25,Intel Corporation - SC-9,Santa Clara County,4.0,Layoff Permanent,,ca_2024_25.pdf,CA
2025-06-25,Intel Corporation - SC-11,Santa Clara County,2.0,Layoff Permanent,,ca_2024_25.pdf,CA
2025-06-25,Intel Corporation,Santa Clara County,45.0,Layoff Permanent,,ca_2024_25.pdf,CA
2025-06-30,"Supernal, LLC - 401",Alameda County,27.0,Layoff Permanent,,ca_2024_25.pdf,CA
2025-06-30,"Supernal, LLC - 1062",Kern County,1.0,Layoff Permanent,,ca_2024_25.pdf,CA
2025-06-27,Pier 15 Logistics LLC Amazon Delivery Station - HLA1,Orange County,50.0,Closure Permanent,,ca_2024_25.pdf,CA
2025-06-30,"Supernal, LLC - 15555",Orange County,20.0,Layoff Permanent,,ca_2024_25.pdf,CA
2025-06-30,"Supernal, LLC - 117",Orange County,5.0,Layoff Permanent,,ca_2024_25.pdf,CA
2025-06-25,Intel Corporation,Sacramento County,54.0,Layoff Permanent,,ca_2024_25.pdf,CA
2025-06-30,Marketing.com,San Diego County,72.0,Closure Permanent,,ca_2024_25.pdf,CA
,50,0,0.0,45,,ca_2024_25.pdf,CA
,107,0,0.0,61,,ca_2024_25.pdf,CA
,63,0,0.0,32,,ca_2024_25.pdf,CA
,115,3,0.0,63,,ca_2024_25.pdf,CA
,94,1,1.0,32,,ca_2024_25.pdf,CA
,84,1,7.0,26,,ca_2024_25.pdf,CA
,890,21,8.0,567,,ca_2024_25.pdf,CA
2025-07-01,Republic National Distributing Company,Alameda County,104.0,Closure Permanent,,ca_2025_26.xlsx,CA
2025-07-01,Santa Fe Springs Swap Meet,Los Angeles County,109.0,Layoff Not known at this time,,ca_2025_26.xlsx,CA
2025-06-27,Pocino Foods Company,Los Angeles County,124.0,Closure Permanent,,ca_2025_26.xlsx,CA
2025-07-01,"Young's Market Company, LLC dba Republic National Distributing Company",Los Angeles County,176.0,Closure Permanent,,ca_2025_26.xlsx,CA
2025-06-30,Ford Design Studio,Orange County,263.0,Closure Permanent,,ca_2025_26.xlsx,CA
2025-07-01,Republic National Distributing Company (14352),Orange County,79.0,Closure Permanent,,ca_2025_26.xlsx,CA
2025-07-01,Republic National Distributing Company (14402),Orange County,561.0,Closure Permanent,,ca_2025_26.xlsx,CA
2025-07-01,"Republic National Distributing Company, LLC",San Bernardino County,238.0,Closure Permanent,,ca_2025_26.xlsx,CA
2025-06-30,Sharp HealthCare - 8695,San Diego County,244.0,Layoff Permanent,,ca_2025_26.xlsx,CA
2025-06-30,Sharp HealthCare - 751,San Diego County,34.0,Layoff Permanent,,ca_2025_26.xlsx,CA
2025-06-30,Sharp HealthCare - 250,San Diego County,1.0,Layoff Permanent,,ca_2025_26.xlsx,CA
2025-06-30,Sharp HealthCare - 5555,San Diego County,40.0,Layoff Permanent,,ca_2025_26.xlsx,CA
2025-06-30,Sharp HealthCare - 7901,San Diego County,62.0,Layoff Permanent,,ca_2025_26.xlsx,CA
2025-06-30,Sharp HealthCare - 5651,San Diego County,13.0,Layoff Permanent,,ca_2025_26.xlsx,CA
2025-07-01,Republic National Distributing Company,Alameda County,226.0,Closure Permanent,,ca_2025_26.xlsx,CA
2025-07-01,"Young's Market Company, LLC dba Republic National Distributing Company",San Diego County,80.0,Closure Permanent,,ca_2025_26.xlsx,CA
2025-07-02,Coastal Trading Ventures,San Diego County,74.0,Layoff Permanent,,ca_2025_26.xlsx,CA
2025-07-01,Republic National Distributing Company,Santa Clara County,156.0,Closure Permanent,,ca_2025_26.xlsx,CA
2025-07-01,"Young's Market Company, LLC dba Republic National Distributing Company",Yolo County,136.0,Closure Permanent,,ca_2025_26.xlsx,CA
2025-07-03,"Cruise, LLC - 640 Cesar Chavez",San Francisco County,2.0,Layoff Permanent,,ca_2025_26.xlsx,CA
2025-07-03,"Cruise, LLC - 1201 Bryant",San Mateo County,85.0,Layoff Permanent,,ca_2025_26.xlsx,CA
2025-07-03,"Cruise, LLC - 840 W",Santa Clara County,14.0,Layoff Permanent,,ca_2025_26.xlsx,CA
2025-07-03,Paramount Global (1575),Los Angeles County,48.0,Layoff Permanent,,ca_2025_26.xlsx,CA
2025-07-03,Paramount Global (5555),Los Angeles County,61.0,Layoff Permanent,,ca_2025_26.xlsx,CA
2025-07-08,"McDonald&rsquo;s Restaurants of California, Inc.",Los Angeles County,87.0,Closure Temporary,,ca_2025_26.xlsx,CA
2025-07-07,Intel Corporation (Robert Noyce Building),Santa Clara County,184.0,Layoff Permanent,,ca_2025_26.xlsx,CA
2025-07-07,Intel Corporation (SC-1),Santa Clara County,1.0,Layoff Permanent,,ca_2025_26.xlsx,CA
2025-07-07,Intel Corporation (SC-2),Santa Clara County,1.0,Layoff Permanent,,ca_2025_26.xlsx,CA
2025-07-07,Intel Corporation (SC-9),Santa Clara County,37.0,Layoff Permanent,,ca_2025_26.xlsx,CA
2025-07-07,Intel Corporation (SC-11),Santa Clara County,8.0,Layoff Permanent,,ca_2025_26.xlsx,CA
2025-07-07,Intel Corporation (SC-12),Santa Clara County,179.0,Layoff Permanent,,ca_2025_26.xlsx,CA
2025-07-08,T. Marzetti,Santa Clara County,77.0,Closure Permanent,,ca_2025_26.xlsx,CA
2025-07-02,Activision Blizzard,Orange County,73.0,Layoff Permanent,,ca_2025_26.xlsx,CA
2025-07-07,Intel Corporation,Sacramento County,174.0,Layoff Permanent,,ca_2025_26.xlsx,CA
2025-07-08,Best Buy Health,San Diego County,161.0,Closure Permanent,,ca_2025_26.xlsx,CA
2025-07-07,Kaiser Foundation Hospitals,Alameda County,2.0,Layoff Permanent,,ca_2025_26.xlsx,CA
2025-07-07,Kaiser Foundation Hospitals,Los Angeles County,1.0,Layoff Permanent,,ca_2025_26.xlsx,CA
2025-07-07,Kaiser Foundation Hospitals,Solano County,1.0,Layoff Permanent,,ca_2025_26.xlsx,CA
2025-07-08,University of Southern California,Los Angeles County,55.0,Layoff Permanent,,ca_2025_26.xlsx,CA
2025-07-09,Levy,Los Angeles County,276.0,Closure Permanent,,ca_2025_26.xlsx,CA
2025-07-09,"Pacira BioSciences, Inc.",San Diego County,71.0,Layoff Permanent,,ca_2025_26.xlsx,CA
2025-07-10,"GSC Logistics, Inc.",Alameda County,25.0,Layoff Permanent,,ca_2025_26.xlsx,CA
2025-07-10,"GSC National Transportation, Inc",Alameda County,38.0,Layoff Permanent,,ca_2025_26.xlsx,CA
2025-05-29,"All-Rite Leasing, Inc.",Orange County,132.0,Closure Permanent,,ca_2025_26.xlsx,CA
2025-07-03,(3909) San Diego LGBT Community Center,San Diego County,60.0,Layoff Permanent,,ca_2025_26.xlsx,CA
2025-07-03,(1640) San Diego LGBT Community Center,San Diego County,7.0,Layoff Permanent,,ca_2025_26.xlsx,CA
2025-07-03,(1045) San Diego LGBT Community Center,San Diego County,6.0,Layoff Permanent,,ca_2025_26.xlsx,CA
2025-07-03,(3636) San Diego LGBT Community Center,San Diego County,20.0,Layoff Permanent,,ca_2025_26.xlsx,CA
2025-07-03,(3878) San Diego LGBT Community Center,San Diego County,3.0,Layoff Permanent,,ca_2025_26.xlsx,CA
2025-07-03,(514) San Diego LGBT Community Center,San Diego County,2.0,Layoff Permanent,,ca_2025_26.xlsx,CA
2025-07-03,(1807) San Diego LGBT Community Center,San Diego County,5.0,Layoff Permanent,,ca_2025_26.xlsx,CA
2025-07-03,(3851) San Diego LGBT Community Center,San Diego County,1.0,Layoff Permanent,,ca_2025_26.xlsx,CA
2025-07-03,(1180) San Diego LGBT Community Center,San Diego County,3.0,Layoff Permanent,,ca_2025_26.xlsx,CA
2025-07-03,(3045) San Diego LGBT Community Center,San Diego County,1.0,Layoff Permanent,,ca_2025_26.xlsx,CA
2025-07-03,(134) San Diego LGBT Community Center,San Diego County,1.0,Layoff Permanent,,ca_2025_26.xlsx,CA
2025-07-03,(520) San Diego LGBT Community Center,San Diego County,1.0,Layoff Permanent,,ca_2025_26.xlsx,CA
2025-07-03,(460) San Diego LGBT Community Center,San Diego County,1.0,Layoff Permanent,,ca_2025_26.xlsx,CA
2025-07-03,(131) San Diego LGBT Community Center,San Diego County,1.0,Layoff Permanent,,ca_2025_26.xlsx,CA
2025-07-09,"Planned Parenthood Mar Monte, Inc.",Santa Clara County,17.0,Layoff Permanent,,ca_2025_26.xlsx,CA
2025-07-10,Quixote Studio Services (1011),Los Angeles County,8.0,Layoff Permanent,,ca_2025_26.xlsx,CA
2025-07-10,Quixote Studio Services (10252),Los Angeles County,11.0,Layoff Permanent,,ca_2025_26.xlsx,CA
2025-07-10,Quixote Studio Services (12137),Los Angeles County,1.0,Layoff Permanent,,ca_2025_26.xlsx,CA
2025-07-10,Quixote Studio Services (10262),Los Angeles County,2.0,Layoff Permanent,,ca_2025_26.xlsx,CA
2025-07-10,Quixote Studio Services (11473),Los Angeles County,37.0,Layoff Permanent,,ca_2025_26.xlsx,CA
2025-07-10,Quixote Studio Services (14002),Los Angeles County,7.0,Layoff Permanent,,ca_2025_26.xlsx,CA
2025-07-10,Quixote Studio Services (13334),Los Angeles County,16.0,Layoff Permanent,,ca_2025_26.xlsx,CA
2025-07-10,Intel Corporation,Sacramento County,170.0,Layoff Permanent,,ca_2025_26.xlsx,CA
2025-07-11,Quanex Homeshield LLC,San Bernardino County,15.0,Closure Permanent,,ca_2025_26.xlsx,CA
2025-07-11,"LMB Mortgage Services, Inc. dba LowerMyBills.com",Los Angeles County,38.0,Layoff Permanent,,ca_2025_26.xlsx,CA
2025-07-10,Intel Corporation (Robert Noyce),Santa Clara County,203.0,Layoff Permanent,,ca_2025_26.xlsx,CA
2025-07-10,Intel Corporation (SC-1),Santa Clara County,4.0,Layoff Permanent,,ca_2025_26.xlsx,CA
2025-07-10,Intel Corporation (SC-2),Santa Clara County,43.0,Layoff Permanent,,ca_2025_26.xlsx,CA
2025-07-10,Intel Corporation (SC-9),Santa Clara County,16.0,Layoff Permanent,,ca_2025_26.xlsx,CA
2025-07-10,Intel Corporation (SC-11),Santa Clara County,5.0,Layoff Permanent,,ca_2025_26.xlsx,CA
2025-07-10,Intel Corporation (SC-12),Santa Clara County,55.0,Layoff Permanent,,ca_2025_26.xlsx,CA
2025-07-15,"Gatan, Inc.",Alameda County,96.0,Closure Temporary,,ca_2025_26.xlsx,CA
2025-07-15,Corteva Agriscience,Contra Costa County,4.0,Layoff Permanent,,ca_2025_26.xlsx,CA
2025-07-14,Blue Shield of California - Oakland,Alameda County,70.0,Layoff Permanent,,ca_2025_26.xlsx,CA
2025-07-14,"Blue Shield of California - Town Center, Building C",El Dorado County,6.0,Layoff Permanent,,ca_2025_26.xlsx,CA
2025-07-14,"Blue shield of California - Town Center, Building B",El Dorado County,32.0,Layoff Permanent,,ca_2025_26.xlsx,CA
2025-07-14,Blue Shield of California - Long Beach,Los Angeles County,11.0,Layoff Permanent,,ca_2025_26.xlsx,CA
2025-07-14,Blue Shield of California - Woodland Hills,Los Angeles County,10.0,Layoff Permanent,,ca_2025_26.xlsx,CA
2025-07-14,Blue Shield of California - Rancho Cordova,Sacramento County,3.0,Layoff Permanent,,ca_2025_26.xlsx,CA
2025-07-14,Blue Shield of California - San Diego,San Diego County,2.0,Layoff Permanent,,ca_2025_26.xlsx,CA
2025-07-14,Blue Shield of California - Lodi,San Joaquin County,2.0,Layoff Permanent,,ca_2025_26.xlsx,CA
2025-07-14,Blue Shield of California - Redding,Shasta County,2.0,Layoff Permanent,,ca_2025_26.xlsx,CA
2025-07-14,Kaiser Foundation Hospitals - Pleasanton,Alameda County,2.0,Layoff Permanent,,ca_2025_26.xlsx,CA
2025-07-14,Kaiser Foundation Hospitals - Pasadena,Los Angeles County,3.0,Layoff Permanent,,ca_2025_26.xlsx,CA
2025-07-15,Paramount Global,Los Angeles County,1.0,Layoff Permanent,,ca_2025_26.xlsx,CA
2025-07-15,International Paper Company,Orange County,71.0,Closure Permanent,,ca_2025_26.xlsx,CA
2025-07-16,Mental Health Association of San Francisco,San Francisco County,200.0,Layoff Permanent,,ca_2025_26.xlsx,CA
2025-07-16,"Genentech, Inc.",San Mateo County,87.0,Layoff Permanent,,ca_2025_26.xlsx,CA
2025-07-16,Leah's Pantry,San Diego County,40.0,Layoff Permanent,,ca_2025_26.xlsx,CA
2025-07-14,Levi Strauss & Co.,San Francisco County,44.0,Layoff Permanent,,ca_2025_26.xlsx,CA
2025-07-16,Leah's Pantry,San Francisco County,40.0,Layoff Permanent,,ca_2025_26.xlsx,CA
2025-07-17,E. & J. Gallo Winery,San Luis Obispo County,47.0,Closure Permanent,,ca_2025_26.xlsx,CA
2025-07-17,Clark Pacific,Yolo County,65.0,Layoff Permanent,,ca_2025_26.xlsx,CA
2025-07-18,Gee Heavy Machinery,Alameda County,7.0,Layoff Permanent,,ca_2025_26.xlsx,CA
2025-07-18,"Primo Brands, Inc.",Fresno County,3.0,Layoff Permanent,,ca_2025_26.xlsx,CA
2025-07-18,Gee Heavy Machinery,Fresno County,9.0,Closure Permanent,,ca_2025_26.xlsx,CA
2025-07-15,KIRA Government Services,Kings County,11.0,Layoff Permanent,,ca_2025_26.xlsx,CA
2025-07-18,"Primo Brands, Inc.",Los Angeles County,3.0,Layoff Permanent,,ca_2025_26.xlsx,CA
2025-07-18,"Primo Brands, Inc.",Los Angeles County,1.0,Layoff Permanent,,ca_2025_26.xlsx,CA
2025-07-18,"L3Harris Technologies, Inc.",Los Angeles County,149.0,Closure Permanent,,ca_2025_26.xlsx,CA
2025-07-17,"Oheck, LLC",Los Angeles County,174.0,Closure Permanent,,ca_2025_26.xlsx,CA
2025-07-18,"Primo Brands, Inc.",Los Angeles County,3.0,Layoff Permanent,,ca_2025_26.xlsx,CA
2025-07-18,"Primo Brands, Inc.",Monterey County,1.0,Layoff Permanent,,ca_2025_26.xlsx,CA
2025-07-18,Gee Heavy Machinery,Shasta County,7.0,Closure Permanent,,ca_2025_26.xlsx,CA
2025-07-18,"Primo Brands, Inc.",Santa Clara County,4.0,Layoff Permanent,,ca_2025_26.xlsx,CA
2025-07-18,AMD Direct Inc.,Orange County,7.0,Closure Permanent,,ca_2025_26.xlsx,CA
2025-07-18,"Primo Brands, Inc.",Orange County,4.0,Layoff Permanent,,ca_2025_26.xlsx,CA
2025-07-18,"Primo Brands, Inc.",Riverside County,4.0,Layoff Permanent,,ca_2025_26.xlsx,CA
2025-07-18,"Primo Brands, Inc.",Riverside County,1.0,Layoff Permanent,,ca_2025_26.xlsx,CA
2025-07-18,"Primo Brands, Inc.",Sacramento County,1.0,Layoff Permanent,,ca_2025_26.xlsx,CA
2025-07-18,Gee Heavy Machinery,Sacramento County,34.0,Layoff Permanent,,ca_2025_26.xlsx,CA
2025-07-18,"Primo Brands, Inc.",San Diego County,4.0,Layoff Permanent,,ca_2025_26.xlsx,CA
2025-07-18,"Primo Brands, Inc.",San Diego County,1.0,Layoff Permanent,,ca_2025_26.xlsx,CA
2025-07-18,"Primo Brands, Inc.",San Joaquin County,3.0,Layoff Permanent,,ca_2025_26.xlsx,CA
2025-07-18,"Primo Brands, Inc.",Solano County,1.0,Layoff Permanent,,ca_2025_26.xlsx,CA
2025-07-18,"Primo Brands, Inc.",Sonoma County,1.0,Layoff Permanent,,ca_2025_26.xlsx,CA
2025-07-18,"Primo Brands, Inc.",Los Angeles County,3.0,Layoff Permanent,,ca_2025_26.xlsx,CA
2025-07-18,Ventura Coastal,Tulare County,70.0,Layoff Temporary,,ca_2025_26.xlsx,CA
2025-07-21,SSP America,San Diego County,116.0,Layoff Permanent,,ca_2025_26.xlsx,CA
2025-07-21,Kaiser Foundation Hospitals,Alameda County,3.0,Layoff Permanent,,ca_2025_26.xlsx,CA
2025-07-21,Kaiser Foundation Hospitals,Marin County,1.0,Layoff Permanent,,ca_2025_26.xlsx,CA
2025-07-21,Lazy Dog,Riverside County,89.0,Closure Permanent,,ca_2025_26.xlsx,CA
2025-07-17,"Primal Pet Foods, Inc. - Chadbourne",Solano County,7.0,Closure Permanent,,ca_2025_26.xlsx,CA
2025-07-17,"Primal Pet Foods, Inc.",Solano County,10.0,Closure Permanent,,ca_2025_26.xlsx,CA
2025-07-17,"Primal Pet Foods, Inc. - Watt",Solano County,130.0,Closure Permanent,,ca_2025_26.xlsx,CA
2025-07-22,"US Foods, Inc.",Yolo County,48.0,Closure Permanent,,ca_2025_26.xlsx,CA
2025-01-29,"Astellas Gene Therapies, Inc.",San Mateo County,21.0,Layoff Permanent,,ca_2025_26.xlsx,CA
2025-07-22,International Flavors & Fragrances,Riverside County,36.0,Closure Permanent,,ca_2025_26.xlsx,CA
2025-07-21,Williamson Morgan & Associates LLC,San Bernardino County,22.0,Layoff Not known at this time,,ca_2025_26.xlsx,CA
2025-07-10,"SenDx Medical, Inc.",San Diego County,119.0,Closure Permanent,,ca_2025_26.xlsx,CA
2025-07-24,Block By Block-CA,Los Angeles County,82.0,Layoff Permanent,,ca_2025_26.xlsx,CA
2025-07-25,Crane Food Services,Sacramento County,85.0,Layoff Temporary,,ca_2025_26.xlsx,CA
2025-07-28,"Decra Roofing Systems, Inc.",Riverside County,57.0,Closure Permanent,,ca_2025_26.xlsx,CA
2025-07-28,"CRST Lincoln Sales, Inc. dba CRST Equipment Solutions, Inc.",Riverside County,10.0,Layoff Permanent,,ca_2025_26.xlsx,CA
2025-07-28,"Spiral Binding, LLC",Ventura County,135.0,Closure Permanent,,ca_2025_26.xlsx,CA
2025-07-28,Kaiser Foundation Hospitals,Alameda County,6.0,Layoff Permanent,,ca_2025_26.xlsx,CA
2025-07-28,Kaiser Foundation Hospitals,Alameda County,4.0,Layoff Permanent,,ca_2025_26.xlsx,CA
2025-07-28,Kaiser Foundation Hospitals (393),Los Angeles County,1.0,Layoff Permanent,,ca_2025_26.xlsx,CA
2025-07-28,Kaiser Foundation Hospitals (74),Los Angeles County,1.0,Layoff Permanent,,ca_2025_26.xlsx,CA
2025-07-28,Kaiser Foundation Hospitals (99),Los Angeles County,3.0,Layoff Permanent,,ca_2025_26.xlsx,CA
2025-07-28,Kaiser Foundation Hospitals,San Diego County,1.0,Layoff Permanent,,ca_2025_26.xlsx,CA
2025-07-28,"CRST Expedited, Inc. dba CRST The Transportation Solution",Riverside County,7.0,Layoff Permanent,,ca_2025_26.xlsx,CA
2025-07-28,"Decra Roofing Systems, Inc.",Riverside County,4.0,Closure Permanent,,ca_2025_26.xlsx,CA
2025-07-29,Coastal Trading Ventures,San Diego County,27.0,Closure Permanent,,ca_2025_26.xlsx,CA
2025-07-29,Thermo Fisher Scientific (5823),San Diego County,52.0,Layoff Permanent,,ca_2025_26.xlsx,CA
2025-07-29,Thermo Fisher Scientific (5781),San Diego County,33.0,Layoff Permanent,,ca_2025_26.xlsx,CA
2025-07-24,"Planned Parenthood Mar Monte, Inc.",Fresno County,4.0,Layoff Permanent,,ca_2025_26.xlsx,CA
2025-07-29,Galleher LLC,Kern County,2.0,Closure Permanent,,ca_2025_26.xlsx,CA
2025-07-24,Planned Parenthood Mar Monte,Kern County,2.0,Layoff Permanent,,ca_2025_26.xlsx,CA
2025-07-24,Planned Parenthood Mar Monte,Madera County,11.0,Layoff Permanent,,ca_2025_26.xlsx,CA
2025-07-24,Planned Parenthood Mar Monte,Merced County,2.0,Layoff Permanent,,ca_2025_26.xlsx,CA
2025-07-24,"Planned Parenthood Mar Monte, Inc.",Monterey County,3.0,Layoff Permanent,,ca_2025_26.xlsx,CA
2025-07-24,"Planned Parenthood Mar Monte, Inc.",Santa Cruz County,2.0,Layoff Permanent,,ca_2025_26.xlsx,CA
2025-07-29,Galleher LLC,Shasta County,2.0,Closure Permanent,,ca_2025_26.xlsx,CA
2025-07-24,"Planned Parenthood Mar Monte, Inc.",San Mateo County,10.0,Layoff Permanent,,ca_2025_26.xlsx,CA
2025-07-24,"Planned Parenthood Mar Monte, Inc.",Sacramento County,1.0,Layoff Permanent,,ca_2025_26.xlsx,CA
2025-07-24,"Planned Parenthood Mar Monte, Inc.",San Joaquin County,3.0,Layoff Permanent,,ca_2025_26.xlsx,CA
2025-07-24,"Planned Parenthood Mar Monte, Inc.",Santa Clara County,13.0,Layoff Permanent,,ca_2025_26.xlsx,CA
2025-07-24,"Planned Parenthood Mar Monte, Inc.",Santa Cruz County,17.0,Layoff Permanent,,ca_2025_26.xlsx,CA
2025-07-24,Planned Parenthood Mar Monte,Stanislaus County,3.0,Layoff Permanent,,ca_2025_26.xlsx,CA
2025-07-30,"Warner Bros. Discovery, Inc. (100)",Los Angeles County,11.0,Layoff Permanent,,ca_2025_26.xlsx,CA
2025-07-30,"Warner Bros. Discovery, Inc. (200)",Los Angeles County,38.0,Layoff Permanent,,ca_2025_26.xlsx,CA
2025-07-30,"Warner Bros. Discovery, Inc. (4000)",Los Angeles County,3.0,Layoff Permanent,,ca_2025_26.xlsx,CA
2025-07-30,Recology Vallejo,Solano County,25.0,Layoff Permanent,,ca_2025_26.xlsx,CA
2025-07-31,Greif Packaging LLC,Merced County,43.0,Closure Permanent,,ca_2025_26.xlsx,CA
2025-07-31,Children's Specialists of San Diego,San Diego County,55.0,Layoff Permanent,,ca_2025_26.xlsx,CA
2025-07-31,Stanford University,Santa Clara County,363.0,Layoff Permanent,,ca_2025_26.xlsx,CA
2025-07-31,"Wildbrine, LLC",Sonoma County,4.0,Closure Permanent,,ca_2025_26.xlsx,CA
2025-08-01,Host International Inc.,Sacramento County,70.0,Layoff Temporary,,ca_2025_26.xlsx,CA
2025-08-04,"Zeco Systems, Inc (DBA Shell Recharge Solutions)",Los Angeles County,4.0,Closure Permanent,,ca_2025_26.xlsx,CA
2025-08-01,"Azoteas Mex LA, LLC",Los Angeles County,48.0,Closure Permanent,,ca_2025_26.xlsx,CA
2025-07-31,"Poseida Therapeutics, Inc.",San Diego County,52.0,Layoff Permanent,,ca_2025_26.xlsx,CA
2025-08-04,University of Southern California Keck Hospital,Los Angeles County,45.0,Layoff Permanent,,ca_2025_26.xlsx,CA
2025-08-04,University of Southern California Norris Cancer Hospital,Los Angeles County,10.0,Layoff Permanent,,ca_2025_26.xlsx,CA
2025-08-04,University of Southern California Soto II,Los Angeles County,26.0,Layoff Permanent,,ca_2025_26.xlsx,CA
2025-08-04,University of Southern California HC1,Los Angeles County,2.0,Layoff Permanent,,ca_2025_26.xlsx,CA
2025-08-04,University of Southern California HC2,Los Angeles County,1.0,Layoff Permanent,,ca_2025_26.xlsx,CA
2025-08-04,University of Southern California HC3,Los Angeles County,1.0,Layoff Permanent,,ca_2025_26.xlsx,CA
2025-08-04,University of Southern California (HC4),Los Angeles County,2.0,Layoff Permanent,,ca_2025_26.xlsx,CA
2025-08-04,University of Southern California DTLA Clinic,Los Angeles County,1.0,Layoff Permanent,,ca_2025_26.xlsx,CA
2025-08-04,University of Southern California,Los Angeles County,1.0,Layoff Permanent,,ca_2025_26.xlsx,CA
2025-08-01,"SIE Orange County Kitchen, LLC",Orange County,64.0,Layoff Permanent,,ca_2025_26.xlsx,CA
2025-08-01,"Horizon Hobby, LLC",San Bernardino County,19.0,Closure Permanent,,ca_2025_26.xlsx,CA
2025-08-06,"Southwest Key Programs, Inc.",Contra Costa County,3.0,Closure Permanent,,ca_2025_26.xlsx,CA
2025-08-06,"Gilead Sciences, Inc.",San Diego County,5.0,Layoff Permanent,,ca_2025_26.xlsx,CA
2025-08-06,"Southwest Key Programs, Inc.",San Diego County,5.0,Closure Permanent,,ca_2025_26.xlsx,CA
2025-08-05,Marathon Staffing Solutions Inc,Tehama County,9.0,Layoff Permanent,,ca_2025_26.xlsx,CA
2025-08-05,Marathon Staff Solutions Inc. - W. Sacramento,Yolo County,62.0,Layoff Permanent,,ca_2025_26.xlsx,CA
2025-08-06,"Jabil, Inc.",Santa Clara County,21.0,Closure Permanent,,ca_2025_26.xlsx,CA
2025-08-08,"TriLink Biotechnologies, LLC (10770)",San Diego County,69.0,Layoff Permanent,,ca_2025_26.xlsx,CA
2025-08-08,"TriLink Biotechnologies, LLC (5717)",San Diego County,5.0,Layoff Permanent,,ca_2025_26.xlsx,CA
2025-08-08,"TriLink Biotechnologies, LLC (10240)",San Diego County,5.0,Layoff Permanent,,ca_2025_26.xlsx,CA
2025-08-08,"TriLink Biotechnologies, LLC (10247)",San Diego County,11.0,Layoff Permanent,,ca_2025_26.xlsx,CA
2025-08-08,Diamond Baseball Holdings,Stanislaus County,7.0,Layoff Permanent,,ca_2025_26.xlsx,CA
2025-08-07,Altera Corporation,Santa Clara County,82.0,Layoff Permanent,,ca_2025_26.xlsx,CA
2025-08-13,"Oracle America, Inc.",Alameda County,45.0,Layoff Permanent,,ca_2025_26.xlsx,CA
2025-08-12,Buck Mason,Los Angeles County,2.0,Closure Permanent,,ca_2025_26.xlsx,CA
2025-08-13,"Oracle America, Inc.",San Mateo County,143.0,Layoff Permanent,,ca_2025_26.xlsx,CA
2025-08-12,Block,Alameda County,5.0,Layoff Permanent,,ca_2025_26.xlsx,CA
2025-08-13,"Bausch Health US, LLC",Sonoma County,49.0,Closure Permanent,,ca_2025_26.xlsx,CA
2025-08-14,"Delaware North Companies Travel Hospitality Services, Inc.",Los Angeles County,92.0,Layoff Permanent,,ca_2025_26.xlsx,CA
2025-08-14,University of Southern California,Los Angeles County,54.0,Layoff Permanent,,ca_2025_26.xlsx,CA
2025-08-14,Warner Music Inc.,Los Angeles County,56.0,Layoff Permanent,,ca_2025_26.xlsx,CA
2025-08-13,"Oracle America, Inc.",Santa Clara County,101.0,Layoff Permanent,,ca_2025_26.xlsx,CA
2025-08-14,Adventist Health Simi Valley,Ventura County,2.0,Layoff Permanent,,ca_2025_26.xlsx,CA
2025-08-14,"Anaheim Arena Management, LLC",Orange County,91.0,Layoff Permanent,,ca_2025_26.xlsx,CA
2025-08-14,Pactiv LLC,Kern County,127.0,Closure Permanent,,ca_2025_26.xlsx,CA
2025-08-15,The Vons Companies Inc.,Los Angeles County,54.0,Closure Temporary,,ca_2025_26.xlsx,CA
2025-08-15,Adventist Health White Memorial & Montebello,Los Angeles County,54.0,Layoff Permanent,,ca_2025_26.xlsx,CA
2025-08-15,Adventist Health Glendale,Los Angeles County,58.0,Layoff Permanent,,ca_2025_26.xlsx,CA
2025-08-15,Adventist Health 1,Placer County,296.0,Layoff Permanent,,ca_2025_26.xlsx,CA
2025-08-13,"Cisco Systems, Inc.",Santa Clara County,157.0,Layoff Permanent,,ca_2025_26.xlsx,CA
2025-08-13,"Cisco Systems, Inc.",San Francisco County,64.0,Layoff Permanent,,ca_2025_26.xlsx,CA
2025-08-15,Adventist Health Simi Valley,Ventura County,1.0,Layoff Permanent,,ca_2025_26.xlsx,CA
2025-08-18,"Zeco Systems, Inc.",Los Angeles County,114.0,Layoff Permanent,,ca_2025_26.xlsx,CA
2025-08-18,Penney OpCo LLC,Orange County,76.0,Closure Permanent,,ca_2025_26.xlsx,CA
2025-08-19,Corteva Agriscience LLC,Contra Costa County,10.0,Layoff Permanent,,ca_2025_26.xlsx,CA
2025-08-18,Kaiser Foundation Hospitals,Alameda County,2.0,Layoff Permanent,,ca_2025_26.xlsx,CA
2025-08-18,Kaiser Foundation Hospitals,Alameda County,8.0,Layoff Permanent,,ca_2025_26.xlsx,CA
2025-08-18,Kaiser Foundation Hospitals,Los Angeles County,1.0,Layoff Permanent,,ca_2025_26.xlsx,CA
2025-08-18,Kaiser Foundation Hospitals,Marin County,42.0,Layoff Permanent,,ca_2025_26.xlsx,CA
2025-08-18,Kaiser Foundation Hospitals (1830),Riverside County,2.0,Layoff Permanent,,ca_2025_26.xlsx,CA
2025-08-18,Kaiser Foundation Hospitals (1850),Riverside County,2.0,Layoff Permanent,,ca_2025_26.xlsx,CA
2025-08-19,LCP Lake Tahoe EMP,El Dorado County,110.0,Closure Permanent,,ca_2025_26.xlsx,CA
2025-08-13,Sella Restaurant Holdings LP,Los Angeles County,72.0,Closure Permanent,,ca_2025_26.xlsx,CA
2025-07-10,"GSC Solutions, Inc.",Alameda County,32.0,Layoff Permanent,,ca_2025_26.xlsx,CA
2025-08-19,Regional Center of the East Bay,Alameda County,108.0,Layoff Permanent,,ca_2025_26.xlsx,CA
2025-08-20,Town Hospice & Palliative Care LLC dba Suncrest Hospice Inland Empire,Riverside County,23.0,Closure Permanent,,ca_2025_26.xlsx,CA
2025-08-20,Northrop Grumman,Santa Clara County,78.0,Closure Permanent,,ca_2025_26.xlsx,CA
2025-08-19,"Farmers Group, Inc.",Los Angeles County,62.0,Layoff Permanent,,ca_2025_26.xlsx,CA
2025-08-19,"Farmers Group, Inc.",Los Angeles County,1.0,Layoff Permanent,,ca_2025_26.xlsx,CA
2025-08-21,Freedom Designs Inc.,Ventura County,70.0,Closure Permanent,,ca_2025_26.xlsx,CA
2025-08-22,University of Southern California,Los Angeles County,144.0,Layoff Permanent,,ca_2025_26.xlsx,CA
2025-08-22,Glenn Medical Center,Glenn County,225.0,Closure Permanent,,ca_2025_26.xlsx,CA
2025-08-21,"Intuitive Surgical, Inc.",Santa Clara County,331.0,Layoff Permanent,,ca_2025_26.xlsx,CA
2025-08-22,"CooperVision, Inc.",Alameda County,6.0,Closure Permanent,,ca_2025_26.xlsx,CA
2025-08-25,Kaiser Foundation Hospitals,Alameda County,3.0,Layoff Permanent,,ca_2025_26.xlsx,CA
2025-08-25,Kaiser Foundation Hospitals,Los Angeles County,2.0,Layoff Permanent,,ca_2025_26.xlsx,CA
2025-08-25,Kaiser Foundation Hospitals (1830),Riverside County,1.0,Layoff Permanent,,ca_2025_26.xlsx,CA
2025-08-25,Kaiser Foundation Hospitals (1850),Riverside County,2.0,Layoff Permanent,,ca_2025_26.xlsx,CA
2025-08-25,Enloe Health,Butte County,78.0,Closure Permanent,,ca_2025_26.xlsx,CA
2025-08-26,"Exelixis, Inc.",Alameda County,71.0,Layoff Permanent,,ca_2025_26.xlsx,CA
2025-07-24,"Planned Parenthood Mar Monte, Inc.",San Mateo County,9.0,Layoff Permanent,,ca_2025_26.xlsx,CA
2025-07-24,"Planned Parenthood Mar Monte, Inc. - 29",San Mateo County,1.0,Layoff Permanent,,ca_2025_26.xlsx,CA
2025-08-25,Intel Corporation (Robert Noyce),Santa Clara County,46.0,Layoff Permanent,,ca_2025_26.xlsx,CA
2025-08-25,Intel Corporation (SC-9),Santa Clara County,2.0,Layoff Permanent,,ca_2025_26.xlsx,CA
2025-08-25,Intel Corporation (SC-12),Santa Clara County,50.0,Layoff Permanent,,ca_2025_26.xlsx,CA
2025-08-26,"Dandelion Payments, Inc.",Orange County,64.0,Layoff Permanent,,ca_2025_26.xlsx,CA
2025-08-25,Intel Corporation,Sacramento County,83.0,Layoff Permanent,,ca_2025_26.xlsx,CA
2025-08-26,Berco Redwood Inc.,Sacramento County,13.0,Closure Temporary,,ca_2025_26.xlsx,CA
2025-07-31,"Southwest Key Programs, Inc. - Casa Pleasant Hill",Contra Costa County,47.0,Layoff Permanent,,ca_2025_26.xlsx,CA
2025-07-31,"Southwest Key Programs, Inc. - Casa San Diego",San Diego County,116.0,Layoff Permanent,,ca_2025_26.xlsx,CA
2025-07-24,"Planned Parenthood Mar Monte, Inc. 5440",Santa Clara County,12.0,Layoff Permanent,,ca_2025_26.xlsx,CA
2025-07-24,"Planned Parenthood Mar Monte, Inc. - 3131",Santa Clara County,1.0,Layoff Permanent,,ca_2025_26.xlsx,CA
2025-07-24,"Planned Parenthood Mar Monte,  Inc. - 1694",Santa Clara County,1.0,Layoff Permanent,,ca_2025_26.xlsx,CA
2025-07-24,"Planned Parenthood Mar Monte, Inc. - 1691",Santa Clara County,1.0,Layoff Permanent,,ca_2025_26.xlsx,CA
2025-08-26,Web To Door Corporation,Contra Costa County,67.0,Layoff Permanent,,ca_2025_26.xlsx,CA
2025-08-27,Children's Hospital Los Angeles,Los Angeles County,439.0,Layoff Permanent,,ca_2025_26.xlsx,CA
2025-07-31,Adventist Health White Memorial,Los Angeles County,28.0,Layoff Permanent,,ca_2025_26.xlsx,CA
2025-08-26,Web To Door Corporation,Santa Clara County,63.0,Layoff Permanent,,ca_2025_26.xlsx,CA
2025-08-26,Web To Door Corporation,Alameda County,62.0,Layoff Permanent,,ca_2025_26.xlsx,CA
2025-08-26,"GXO Logistics Supply Chain, Inc.",San Bernardino County,32.0,Closure Permanent,,ca_2025_26.xlsx,CA
2025-08-27,JPMorgan Chase,San Francisco County,99.0,Layoff Permanent,,ca_2025_26.xlsx,CA
2025-08-27,Norman's Nursery,San Joaquin County,71.0,Layoff Permanent,,ca_2025_26.xlsx,CA
2025-08-14,Silgan Containers,Stanislaus County,78.0,Layoff Temporary,,ca_2025_26.xlsx,CA
2025-08-19,Silgan Containers,Stanislaus County,72.0,Layoff Temporary,,ca_2025_26.xlsx,CA
2025-08-25,Vistar Green Rabbit 2237,Tulare County,92.0,Closure Permanent,,ca_2025_26.xlsx,CA
2025-08-25,Vistar Green Rabbit,Tulare County,15.0,Closure Permanent,,ca_2025_26.xlsx,CA
2025-08-28,Foundation for California Community Colleges,Sacramento County,174.0,Layoff Permanent,,ca_2025_26.xlsx,CA
2025-08-27,"DexCom, Inc.",San Diego County,319.0,Layoff Permanent,,ca_2025_26.xlsx,CA
2025-08-29,"Downtown Streets, Inc.",Alameda County,5.0,Closure Permanent,,ca_2025_26.xlsx,CA
2025-08-29,"Downtown Streets, Inc.",Alameda County,4.0,Closure Not known at this time,,ca_2025_26.xlsx,CA
2025-08-29,"Downtown Streets, Inc.",Monterey County,4.0,Closure Permanent,,ca_2025_26.xlsx,CA
2025-08-29,"Downtown Streets, Inc.",Santa Clara County,3.0,Closure Permanent,,ca_2025_26.xlsx,CA
2025-08-29,"Downtown Streets, Inc.",Santa Clara County,3.0,Closure Permanent,,ca_2025_26.xlsx,CA
2025-08-29,"Downtown Streets, Inc.",Sacramento County,3.0,Closure Not known at this time,,ca_2025_26.xlsx,CA
2025-08-29,"Downtown Streets, Inc.",Santa Clara County,25.0,Closure Not known at this time,,ca_2025_26.xlsx,CA
2025-08-29,"Downtown Streets, Inc.",Santa Clara County,9.0,Closure Not known at this time,,ca_2025_26.xlsx,CA
2025-08-29,"Downtown Streets, Inc.",Santa Cruz County,9.0,Closure Not known at this time,,ca_2025_26.xlsx,CA
2025-08-29,"Downtown Streets, Inc.",Solano County,2.0,Closure Permanent,,ca_2025_26.xlsx,CA
2025-08-29,"Downtown Streets, Inc.",Stanislaus County,17.0,Closure Permanent,,ca_2025_26.xlsx,CA
2025-08-29,"Downtown Streets, Inc.",Yolo County,3.0,Closure Permanent,,ca_2025_26.xlsx,CA
2025-08-29,"Downtown Streets, Inc.",Yolo County,8.0,Closure Permanent,,ca_2025_26.xlsx,CA
2025-08-29,"Downtown Streets, Inc.",Marin County,16.0,Closure Not known at this time,,ca_2025_26.xlsx,CA
2025-08-29,"Exelixis, Inc.",Alameda County,74.0,Layoff Permanent,,ca_2025_26.xlsx,CA
2025-09-02,"Oracle America, Inc.",Alameda County,36.0,Layoff Permanent,,ca_2025_26.xlsx,CA
2025-09-02,"Oracle America, Inc.",San Mateo County,187.0,Layoff Permanent,,ca_2025_26.xlsx,CA
2025-09-02,"Oracle America, Inc.",Santa Clara County,31.0,Layoff Permanent,,ca_2025_26.xlsx,CA
2025-09-02,"Juni Learning, Inc.",San Francisco County,121.0,Closure Permanent,,ca_2025_26.xlsx,CA
2025-09-02,"Salesforce, Inc.",San Francisco County,262.0,Layoff Permanent,,ca_2025_26.xlsx,CA
2025-08-27,Fellers LLC,Fresno County,2.0,Closure Permanent,,ca_2025_26.xlsx,CA
2025-09-02,G2 Secure Staff,Los Angeles County,103.0,Layoff Permanent,,ca_2025_26.xlsx,CA
2025-09-03,Sandpiper,San Diego County,25.0,Closure Permanent,,ca_2025_26.xlsx,CA
2025-09-03,Six Flags Entertainment Corporation,Santa Clara County,184.0,Layoff Permanent,,ca_2025_26.xlsx,CA
2025-09-04,Essendant,Riverside County,146.0,Layoff Permanent,,ca_2025_26.xlsx,CA
2025-09-04,"The Brigantine, Inc.",San Diego County,64.0,Closure Permanent,,ca_2025_26.xlsx,CA
2025-08-28,Adventist Health Lodi Memorial,San Joaquin County,17.0,Layoff Permanent,,ca_2025_26.xlsx,CA
2025-09-04,"NeueHouse, Inc. (6121)",Los Angeles County,108.0,Closure Permanent,,ca_2025_26.xlsx,CA
2025-09-04,"NeueHouse, Inc. (73)",Los Angeles County,29.0,Closure Permanent,,ca_2025_26.xlsx,CA
2025-09-04,"NeueHouse, Inc. (304)",Los Angeles County,2.0,Closure Permanent,,ca_2025_26.xlsx,CA
2025-09-05,Raytheon,Los Angeles County,4.0,Layoff Permanent,,ca_2025_26.xlsx,CA
2025-09-04,Walmart,Alameda County,87.0,Closure Permanent,,ca_2025_26.xlsx,CA
2025-09-04,Walmart,Riverside County,106.0,Closure Permanent,,ca_2025_26.xlsx,CA
2025-09-09,"Revol Greens CA, LLC",Kern County,42.0,Closure Permanent,,ca_2025_26.xlsx,CA
2025-09-09,Family YMCA of the Desert,Riverside County,110.0,Layoff Temporary,,ca_2025_26.xlsx,CA
2025-09-01,Epic Lightning Fast Service LLC,San Diego County,116.0,Closure Permanent,,ca_2025_26.xlsx,CA
2025-09-08,Kaiser Foundation Hospitals-Pleasanton,Alameda County,14.0,Layoff Permanent,,ca_2025_26.xlsx,CA
2025-09-08,Kaiser Foundation Hospitals-Antioch,Contra Costa County,1.0,Layoff Permanent,,ca_2025_26.xlsx,CA
2025-09-08,Kaiser Foundation Hospitals - Walnut Creek,Contra Costa County,1.0,Layoff Permanent,,ca_2025_26.xlsx,CA
2025-09-08,Kaiser Foundation Hospitals - 99 S. Pasadena,Los Angeles County,1.0,Layoff Permanent,,ca_2025_26.xlsx,CA
2025-09-08,Kaiser Foundation Hospitals - 74 N. Pasadena,Los Angeles County,2.0,Layoff Permanent,,ca_2025_26.xlsx,CA
2025-09-03,Woodward West,Kern County,24.0,Closure Permanent,,ca_2025_26.xlsx,CA
2025-09-11,University of Southern California,Los Angeles County,137.0,Layoff Permanent,,ca_2025_26.xlsx,CA
2025-09-03,21st Amendment Brewery Cafe,Alameda County,58.0,Closure Permanent,,ca_2025_26.xlsx,CA
2025-09-03,21st Amendment Brewery Cafe,San Francisco County,18.0,Closure Permanent,,ca_2025_26.xlsx,CA
2025-09-14,University of Southern California (Health Sciences Campus),Los Angeles County,151.0,Layoff Permanent,,ca_2025_26.xlsx,CA
2025-09-14,University of Southern California (HC2),Los Angeles County,1.0,Layoff Permanent,,ca_2025_26.xlsx,CA
2025-09-14,University of Southern California (Keck),Los Angeles County,4.0,Layoff Permanent,,ca_2025_26.xlsx,CA
2025-09-14,University of Southern California (Norris),Los Angeles County,1.0,Layoff Permanent,,ca_2025_26.xlsx,CA
2025-09-14,University of Southern California (Soto II),Los Angeles County,1.0,Layoff Permanent,,ca_2025_26.xlsx,CA
2025-09-02,"Thermal Structures, Inc.",Riverside County,447.0,Closure Temporary,,ca_2025_26.xlsx,CA
2025-09-16,"G&C Staffing, LLC (&quot;Gold Flora&quot;)",Riverside County,27.0,Closure Permanent,,ca_2025_26.xlsx,CA
2025-09-16,Foundation for California Community Colleges,Sacramento County,113.0,Layoff Permanent,,ca_2025_26.xlsx,CA
2025-09-09,"CRC ED Treatment LLC, Montecatini, Inc. (2524)",San Diego County,79.0,Closure Permanent,,ca_2025_26.xlsx,CA
2025-09-09,"CRC ED Treatment LLC, Montecatini, Inc. (6183)",San Diego County,5.0,Closure Permanent,,ca_2025_26.xlsx,CA
2025-09-09,"CRC ED Treatment LLC, Montecatini, Inc. (Remote)",San Diego County,3.0,Closure Permanent,,ca_2025_26.xlsx,CA
2025-09-15,Kaiser Foundation Hospitals,Alameda County,5.0,Layoff Permanent,,ca_2025_26.xlsx,CA
2025-09-17,"IPG DXTRA Entertainment, Inc. d/b/a Rogers & Cowan PMK (&quot;Company&quot;)",Los Angeles County,108.0,Layoff Permanent,,ca_2025_26.xlsx,CA
2025-09-16,"Arsenal Biosciences, Inc.",San Mateo County,100.0,Layoff Permanent,,ca_2025_26.xlsx,CA
2025-09-15,"Carbon, Inc.",San Mateo County,78.0,Layoff Permanent,,ca_2025_26.xlsx,CA
2025-09-16,Azure Acres Treatment Center 1160,Sacramento County,1.0,Closure Permanent,,ca_2025_26.xlsx,CA
2025-09-16,Azure Acres Treatment Center - 2641,Sacramento County,3.0,Closure Permanent,,ca_2025_26.xlsx,CA
2025-09-16,Azure Acres Treatment Center - 2264,Sonoma County,61.0,Closure Permanent,,ca_2025_26.xlsx,CA
2025-09-16,Azure Acres Treatment Center - 7064,Sonoma County,8.0,Closure Permanent,,ca_2025_26.xlsx,CA
2025-09-16,Azure Acres Treatment Center - 5665,Sonoma County,1.0,Closure Permanent,,ca_2025_26.xlsx,CA
2025-09-16,Azure Acres Treatment Center - 11740,Sonoma County,5.0,Closure Permanent,,ca_2025_26.xlsx,CA
2025-09-22,"MMCI Acquisition, LLC dba Mortech Manufacturing Company",Los Angeles County,46.0,Closure Permanent,,ca_2025_26.xlsx,CA
2025-09-24,"Randstad Inhouse Services, LLC",Kern County,214.0,Closure Temporary,,ca_2025_26.xlsx,CA
2025-09-23,"Point Quest, Inc.",Sacramento County,66.0,Layoff Permanent,,ca_2025_26.xlsx,CA
2025-09-23,"Point Quest, Inc.",Sacramento County,100.0,Layoff Permanent,,ca_2025_26.xlsx,CA
2025-09-24,"Valyria, LLC",Solano County,25.0,Closure Permanent,,ca_2025_26.xlsx,CA
2025-09-23,Dreyer's Grand Ice Cream,Tulare County,188.0,Layoff Temporary,,ca_2025_26.xlsx,CA
2025-09-24,"Randstad Inhouse Services, LLC",Tulare County,110.0,Closure Temporary,,ca_2025_26.xlsx,CA
2025-09-24,Palo Verde Healthcare District,Riverside County,94.0,Closure Permanent,,ca_2025_26.xlsx,CA
2025-09-24,"Eclipse Advantage, LLC",San Bernardino County,58.0,Layoff Permanent,,ca_2025_26.xlsx,CA
2025-09-24,Jabil Inc.,Santa Clara County,393.0,Closure Temporary,,ca_2025_26.xlsx,CA
2025-09-26,"Avelo Airlines, Inc.",Humboldt County,11.0,Closure Permanent,,ca_2025_26.xlsx,CA
2025-09-26,Warner Music Inc.,Los Angeles County,6.0,Layoff Permanent,,ca_2025_26.xlsx,CA
2025-09-12,Agile Physical Therapy (Sutter Health Dublin Physical & Hand Therapy),Alameda County,7.0,Layoff Permanent,,ca_2025_26.xlsx,CA
2025-09-12,Agile Physical Therapy (Sutter Health Fremont Physical Therapy & Hand Therapy),Alameda County,24.0,Layoff Permanent,,ca_2025_26.xlsx,CA
2025-09-12,Agile Physical Therapy (Sutter Health San Carlos Physical Therapy & Hand Therapy),San Mateo County,19.0,Layoff Permanent,,ca_2025_26.xlsx,CA
2025-09-12,Agile Physical Therapy (Sutter Health Sunnyvale Physical Therapy 1085),Santa Clara County,23.0,Layoff Permanent,,ca_2025_26.xlsx,CA
2025-09-12,Agile Physical Therapy (Sutter Health Sunnyvale Center 401 Physical Therapy),Santa Clara County,16.0,Layoff Permanent,,ca_2025_26.xlsx,CA
2025-09-12,Agile Physical Therapy (Sutter Health Sunnyvale Center (301) Physical Therapy),Santa Clara County,4.0,Layoff Permanent,,ca_2025_26.xlsx,CA
2025-09-12,Agile Physical Therapy (Sutter Health Mountain View Center),Santa Clara County,1.0,Layoff Permanent,,ca_2025_26.xlsx,CA
2025-09-12,Agile Physical Therapy (Sutter Health Palo Alto Physical Therapy & Hand Therapy),Santa Clara County,30.0,Layoff Permanent,,ca_2025_26.xlsx,CA
2025-09-26,"GEP Administrative Services, LLC dba Entertainment Partners",Los Angeles County,61.0,Layoff Permanent,,ca_2025_26.xlsx,CA
2025-09-25,City of Hope,Los Angeles County,56.0,Layoff Permanent,,ca_2025_26.xlsx,CA
2025-09-29,University of Southern California,Los Angeles County,55.0,Layoff Permanent,,ca_2025_26.xlsx,CA
2025-09-25,City of Hope,Los Angeles County,140.0,Layoff Permanent,,ca_2025_26.xlsx,CA
2025-09-29,GSK plc.,San Francisco County,8.0,Layoff Permanent,,ca_2025_26.xlsx,CA
2025-09-17,"Avelo Airlines, Inc.",Los Angeles County,38.0,Closure Permanent,,ca_2025_26.xlsx,CA
2025-09-23,Dreyer's Grand Ice Cream,Kern County,726.0,Layoff Temporary,,ca_2025_26.xlsx,CA
2025-09-30,North State Public Radio (NSPR),Butte County,12.0,Layoff Permanent,,ca_2025_26.xlsx,CA
2025-09-29,"Sutro Biopharma, Inc.",San Mateo County,45.0,Layoff Permanent,,ca_2025_26.xlsx,CA
2025-09-29,"Sutro Biopharma, Inc.",San Mateo County,8.0,Layoff Permanent,,ca_2025_26.xlsx,CA
2025-09-29,"Sutro Biopharma, Inc.",San Mateo County,1.0,Layoff Permanent,,ca_2025_26.xlsx,CA
2025-09-29,Google - 1265,Santa Clara County,9.0,Layoff Permanent,,ca_2025_26.xlsx,CA
2025-09-29,Google -1225,Santa Clara County,1.0,Layoff Permanent,,ca_2025_26.xlsx,CA
2025-09-29,Google - 242,Santa Clara County,20.0,Layoff Permanent,,ca_2025_26.xlsx,CA
2025-09-29,Google - 244,Santa Clara County,1.0,Layoff Permanent,,ca_2025_26.xlsx,CA
2025-09-29,Google - 1175,Santa Clara County,1.0,Layoff Permanent,,ca_2025_26.xlsx,CA
2025-09-29,Google - 1190,Santa Clara County,8.0,Layoff Permanent,,ca_2025_26.xlsx,CA
2025-09-29,Google -1160,Santa Clara County,4.0,Layoff Permanent,,ca_2025_26.xlsx,CA
2025-09-29,Google - 1195,Santa Clara County,4.0,Layoff Permanent,,ca_2025_26.xlsx,CA
2025-09-29,Google - 237,Santa Clara County,2.0,Layoff Permanent,,ca_2025_26.xlsx,CA
2025-09-23,"Boardwalk Property Services, LLC",Napa County,66.0,Layoff Temporary,,ca_2025_26.xlsx,CA
2025-10-01,Celestica Precision Machining Ltd,Alameda County,72.0,Closure Permanent,,ca_2025_26.xlsx,CA
2025-09-30,Bicycle Transit Systems,Los Angeles County,65.0,Layoff Permanent,,ca_2025_26.xlsx,CA
2025-09-30,Caligreen Laboratory,Los Angeles County,22.0,Layoff Permanent,,ca_2025_26.xlsx,CA
2025-09-30,"FPI Management, Inc. (800)",Sacramento County,50.0,Layoff Permanent,,ca_2025_26.xlsx,CA
2025-09-30,"FPI Management, Inc. (1110)",Sacramento County,39.0,Layoff Permanent,,ca_2025_26.xlsx,CA
2025-09-30,"FPI Management, Inc. (Remote)",Sacramento County,16.0,Layoff Permanent,,ca_2025_26.xlsx,CA
2025-09-30,Cruise LLC,San Francisco County,12.0,Layoff Permanent,,ca_2025_26.xlsx,CA
2025-10-01,"Oracle America, Inc.",Alameda County,1.0,Layoff Permanent,,ca_2025_26.xlsx,CA
2025-09-30,"Monroe Operations, LLC dba Newport Academy",Alameda County,28.0,Closure Permanent,,ca_2025_26.xlsx,CA
2025-10-01,"Oracle America, Inc.",San Mateo County,4.0,Layoff Permanent,,ca_2025_26.xlsx,CA
2025-09-30,"Monroe Operations, LLC dba Newport Academy",Orange County,27.0,Closure Permanent,,ca_2025_26.xlsx,CA
2025-10-02,Amazon,Orange County,149.0,Closure Permanent,,ca_2025_26.xlsx,CA
2025-10-01,Dart Container Corporation,Riverside County,171.0,Closure Permanent,,ca_2025_26.xlsx,CA
2025-10-02,Advanced Pressure Technology,Napa County,237.0,Closure Permanent,,ca_2025_26.xlsx,CA
2025-10-03,Manna Beverages MBV-CA LLC - 1226,Orange County,245.0,Closure Permanent,,ca_2025_26.xlsx,CA
2025-10-03,Manna Beverages MBV-CA LLC 6725,San Bernardino County,15.0,Closure Permanent,,ca_2025_26.xlsx,CA
2025-10-03,Manna Beverages MBV-CA LLC - 2150,Yolo County,25.0,Closure Permanent,,ca_2025_26.xlsx,CA
2025-10-03,Manna Beverages MBV-CA LLC 2286,Yolo County,237.0,Closure Permanent,,ca_2025_26.xlsx,CA
2025-10-03,Manna Beverages MBV-CA LLC 3600,Yolo County,98.0,Closure Permanent,,ca_2025_26.xlsx,CA
2025-10-03,Manna Beverages MBV-CA LLC 3685,Yolo County,18.0,Closure Permanent,,ca_2025_26.xlsx,CA
2025-10-03,University of Southern California,Los Angeles County,21.0,Layoff Permanent,,ca_2025_26.xlsx,CA
2025-10-02,Amazon,Los Angeles County,107.0,Closure Permanent,,ca_2025_26.xlsx,CA
2025-10-02,Amazon,Los Angeles County,126.0,Closure Permanent,,ca_2025_26.xlsx,CA
2025-08-08,Adventist Health Sonora,Tuolumne County,1.0,Layoff Permanent,,ca_2025_26.xlsx,CA
2025-10-02,Amazon,Orange County,173.0,Closure Permanent,,ca_2025_26.xlsx,CA
2025-10-03,ZOLL Medical Corporation,Riverside County,96.0,Closure Permanent,,ca_2025_26.xlsx,CA
2025-10-01,Indian Health Center of Santa Clara Valley,Santa Clara County,21.0,Closure Permanent,,ca_2025_26.xlsx,CA
2025-10-03,Paramount Global (1575),Los Angeles County,65.0,Layoff Permanent,,ca_2025_26.xlsx,CA
2025-10-03,Paramount Global (5555),Los Angeles County,49.0,Layoff Permanent,,ca_2025_26.xlsx,CA
2025-09-05,"rPlanet Earth Los Angeles, LLC",Los Angeles County,178.0,Closure Permanent,,ca_2025_26.xlsx,CA
2025-10-06,"SAP America, Inc.",Santa Clara County,82.0,Layoff Permanent,,ca_2025_26.xlsx,CA
2025-10-06,Kaiser Foundation Hospitals (One),Alameda County,6.0,Layoff Permanent,,ca_2025_26.xlsx,CA
2025-10-06,Kaiser Foundation Hospitals (3600),Alameda County,74.0,Layoff Permanent,,ca_2025_26.xlsx,CA
2025-10-06,Kaiser Foundation Hospitals (4460),Alameda County,43.0,Layoff Permanent,,ca_2025_26.xlsx,CA
2025-10-06,Kaiser Foundation Hospitals (2500),Alameda County,40.0,Layoff Permanent,,ca_2025_26.xlsx,CA
2025-10-06,Kaiser Foundation Hospitals (501),Contra Costa County,1.0,Layoff Permanent,,ca_2025_26.xlsx,CA
2025-10-07,"The Academy of Magical Arts, Inc.",Los Angeles County,174.0,Layoff Permanent,,ca_2025_26.xlsx,CA
2025-10-06,Kaiser Foundation Hospitals (4841),Los Angeles County,1.0,Layoff Permanent,,ca_2025_26.xlsx,CA
2025-10-06,Kaiser Foundation Hospitals (12254),Los Angeles County,2.0,Layoff Permanent,,ca_2025_26.xlsx,CA
2025-10-06,Kaiser Foundation Hospitals (9521),Los Angeles County,1.0,Layoff Permanent,,ca_2025_26.xlsx,CA
2025-10-06,Kaiser Foundation Hospitals (99),Los Angeles County,7.0,Layoff Permanent,,ca_2025_26.xlsx,CA
2025-10-06,Kaiser Foundation Hospitals (393),Los Angeles County,1.0,Layoff Permanent,,ca_2025_26.xlsx,CA
2025-10-06,Kaiser Foundation Hospitals (74),Los Angeles County,15.0,Layoff Permanent,,ca_2025_26.xlsx,CA
2025-10-06,Kaiser Foundation Hospitals (75),Los Angeles County,1.0,Layoff Permanent,,ca_2025_26.xlsx,CA
2025-10-06,Kaiser Foundation Hospitals (1830),Riverside County,2.0,Layoff Permanent,,ca_2025_26.xlsx,CA
2025-10-06,Kaiser Foundation Hospitals (1850),Riverside County,1.0,Layoff Permanent,,ca_2025_26.xlsx,CA
2025-10-06,Kaiser Foundation Hospitals (8954),San Diego County,1.0,Layoff Permanent,,ca_2025_26.xlsx,CA
2025-10-06,Kaiser Foundation Hospitals (1100),San Mateo County,20.0,Layoff Permanent,,ca_2025_26.xlsx,CA
2025-10-07,"Polymer Technology Systems, Inc.",Santa Clara County,56.0,Closure Permanent,,ca_2025_26.xlsx,CA
2025-10-08,Ballast Point Brewing Company - Miramar Location,San Diego County,29.0,Closure Permanent,,ca_2025_26.xlsx,CA
2025-10-08,Ballast Point Brewing Company - Little Italy Location,San Diego County,8.0,Closure Permanent,,ca_2025_26.xlsx,CA
2025-10-08,"CRST Lincoln Sales, Inc. dba CRST Equipment Solutions, Inc.",San Joaquin County,21.0,Closure Permanent,,ca_2025_26.xlsx,CA
2025-09-30,North State Public Radio (NSPR),Butte County,12.0,Layoff Permanent,,ca_2025_26.xlsx,CA
2025-09-24,Canyon Ranch Woodside,San Mateo County,56.0,Closure Permanent,,ca_2025_26.xlsx,CA
2025-10-09,GAF Energy LLC,Santa Clara County,138.0,Closure Permanent,,ca_2025_26.xlsx,CA
2025-10-01,RGNext,Santa Barbara County,400.0,Layoff Permanent,,ca_2025_26.xlsx,CA
2025-10-10,RTX (2012),Los Angeles County,1.0,Layoff Permanent,,ca_2025_26.xlsx,CA
2025-10-10,RTX (2000),Los Angeles County,1.0,Layoff Permanent,,ca_2025_26.xlsx,CA
2025-10-13,Blue shield of California 601,Alameda County,31.0,Layoff Permanent,,ca_2025_26.xlsx,CA
2025-10-13,Blue Shield of California Building C,El Dorado County,18.0,Layoff Permanent,,ca_2025_26.xlsx,CA
2025-10-13,"Blue Shield of California, Building B",El Dorado County,24.0,Layoff Permanent,,ca_2025_26.xlsx,CA
2025-10-13,Blue Shield of California 3840,Los Angeles County,26.0,Layoff Permanent,,ca_2025_26.xlsx,CA
2025-10-13,Blue Shield of California 6300,Los Angeles County,17.0,Layoff Permanent,,ca_2025_26.xlsx,CA
2025-10-13,Blue Shield of California 3300,Sacramento County,13.0,Layoff Permanent,,ca_2025_26.xlsx,CA
2025-10-13,Blue Shield of California 3131,San Diego County,4.0,Layoff Permanent,,ca_2025_26.xlsx,CA
2025-10-13,Blue Shield of California 3021,San Joaquin County,6.0,Layoff Permanent,,ca_2025_26.xlsx,CA
2025-10-13,Blue Shield of California 4700,Shasta County,11.0,Layoff Permanent,,ca_2025_26.xlsx,CA
2025-10-10,Lucile Salter Packard Children's Hospital,Santa Clara County,87.0,Layoff Permanent,,ca_2025_26.xlsx,CA
2025-10-13,"Planned Parenthood/Orange and San Bernardino Counties, Inc. 801",Orange County,25.0,Layoff Permanent,,ca_2025_26.xlsx,CA
2025-10-13,"Planned Parenthood/Orange and San Bernardino Counties, Inc. 303",Orange County,4.0,Layoff Permanent,,ca_2025_26.xlsx,CA
2025-10-13,"Planned Parenthood/Orange and San Bernardino Counties, Inc. 1520",Orange County,6.0,Layoff Permanent,,ca_2025_26.xlsx,CA
2025-10-13,"Planned Parenthood/Orange and San Bernardino Counties, Inc. 26137",Orange County,7.0,Layoff Permanent,,ca_2025_26.xlsx,CA
2025-10-13,"Planned Parenthood/Orange and San Bernardino Counties, Inc. 700",Orange County,7.0,Layoff Permanent,,ca_2025_26.xlsx,CA
2025-10-13,"Planned Parenthood/Orange and San Bernardino Counties, Inc.  1421",Orange County,8.0,Layoff Permanent,,ca_2025_26.xlsx,CA
2025-10-13,"Planned Parenthood/Orange and San Bernardino Counties, Inc. 14372",Orange County,6.0,Layoff Permanent,,ca_2025_26.xlsx,CA
2025-10-13,"Planned Parenthood/Orange and San Bernardino Counties, Inc.  325",San Bernardino County,6.0,Layoff Permanent,,ca_2025_26.xlsx,CA
2025-10-13,Planned Parenthood/Orange and San Bernardino Inc. 1873,San Bernardino County,5.0,Layoff Permanent,,ca_2025_26.xlsx,CA
2025-10-13,"Planned Parenthood/Orange and San Bernardino Counties, Inc. 918",San Bernardino County,7.0,Layoff Permanent,,ca_2025_26.xlsx,CA
2025-08-22,Chevron,Contra Costa County,68.0,Layoff Permanent,,ca_2025_26.xlsx,CA
2025-08-22,Chevron,Kern County,52.0,Layoff Permanent,,ca_2025_26.xlsx,CA
2025-10-14,Warner Music Inc. (777),Los Angeles County,32.0,Layoff Permanent,,ca_2025_26.xlsx,CA
2025-10-14,Warner Music Inc. (11261),Los Angeles County,3.0,Layoff Permanent,,ca_2025_26.xlsx,CA
2025-10-13,Omnicare,Sacramento County,64.0,Closure Permanent,,ca_2025_26.xlsx,CA
2025-10-12,Hilton San Diego Bayfront,San Diego County,394.0,Layoff Temporary,,ca_2025_26.xlsx,CA
2025-10-14,Jet Propulsion Laboratory (California Institute of Technology),Los Angeles County,543.0,Layoff Permanent,,ca_2025_26.xlsx,CA
2025-10-13,Georg Fischer Signet LLC,Los Angeles County,100.0,Layoff Temporary,,ca_2025_26.xlsx,CA
2025-10-14,"National Distribution Centers, LLC (NDC)",San Bernardino County,45.0,Closure Permanent,,ca_2025_26.xlsx,CA
2025-10-15,Stryder Corp. dba Handshake,San Francisco County,96.0,Layoff Permanent,,ca_2025_26.xlsx,CA
2025-10-15,"BILL Operations, LLC",Santa Clara County,84.0,Layoff Permanent,,ca_2025_26.xlsx,CA
2025-10-15,Raytheon,Los Angeles County,2.0,Layoff Permanent,,ca_2025_26.xlsx,CA
2025-10-16,"Bumble Bee Foods, LLC",Los Angeles County,56.0,Layoff Permanent,,ca_2025_26.xlsx,CA
2025-10-15,"Nitto Avecia Pharma Services, Inc.",Orange County,24.0,Closure Permanent,,ca_2025_26.xlsx,CA
2025-10-13,Kaiser Foundation Hospitals,Alameda County,3.0,Layoff Permanent,,ca_2025_26.xlsx,CA
2025-10-13,Kaiser Foundation Hospitals,Marin County,2.0,Layoff Permanent,,ca_2025_26.xlsx,CA
2025-10-13,Kaiser Foundation Hospitals,Sacramento County,2.0,Layoff Permanent,,ca_2025_26.xlsx,CA
2025-10-13,Kaiser Foundation Hospitals,San Francisco County,2.0,Layoff Permanent,,ca_2025_26.xlsx,CA
2025-10-13,Kaiser Foundation Hospitals,Solano County,1.0,Layoff Permanent,,ca_2025_26.xlsx,CA
2025-10-13,Kaiser Foundation Hospitals,Sonoma County,1.0,Layoff Permanent,,ca_2025_26.xlsx,CA
2025-10-16,RTX,Los Angeles County,1.0,Layoff Permanent,,ca_2025_26.xlsx,CA
2025-10-17,"Marshalls of CA, LLC",Los Angeles County,62.0,Closure Permanent,,ca_2025_26.xlsx,CA
2025-10-17,"Marshalls of CA, LLC",Santa Clara County,64.0,Closure Permanent,,ca_2025_26.xlsx,CA
2025-10-17,University of Southern California,Los Angeles County,2.0,Layoff Permanent,,ca_2025_26.xlsx,CA
2025-10-17,"Judco Manufacturing, Inc.",Los Angeles County,53.0,Closure Permanent,,ca_2025_26.xlsx,CA
2025-10-10,"Magnesium Alloy Products Co., Inc.",Los Angeles County,61.0,Closure Permanent,,ca_2025_26.xlsx,CA
2025-10-17,The University Corporation at Monterey Bay,Monterey County,134.0,Layoff Not known at this time,,ca_2025_26.xlsx,CA
2025-10-17,"ReCircle Solutions, Inc. (Oroville Flexible Grocery Bags LLC and Oroville Flexible Packaging LLC)",Butte County,24.0,Layoff Permanent,,ca_2025_26.xlsx,CA
2025-10-17,Broadcom Inc.,Santa Clara County,247.0,Layoff Permanent,,ca_2025_26.xlsx,CA
2025-10-20,"Centene Management Company, LLC",Sacramento County,5.0,Closure Permanent,,ca_2025_26.xlsx,CA
2025-10-20,Kinetics Equipment Solutions Group,Alameda County,23.0,Closure Permanent,,ca_2025_26.xlsx,CA
2025-10-21,Corteva Agriscience LLC,Contra Costa County,3.0,Layoff Permanent,,ca_2025_26.xlsx,CA
2025-10-20,"L3Harris Technologies, Inc.",Los Angeles County,32.0,Closure Permanent,,ca_2025_26.xlsx,CA
2025-10-21,Anthony International,Los Angeles County,398.0,Closure Permanent,,ca_2025_26.xlsx,CA
2025-10-20,Ojai Valley Inn,Ventura County,773.0,Closure Temporary,,ca_2025_26.xlsx,CA
2025-08-27,Adventist Health Glendale,Los Angeles County,25.0,Layoff Permanent,,ca_2025_26.xlsx,CA
2025-10-21,RAND Corporation,Los Angeles County,73.0,Layoff Permanent,,ca_2025_26.xlsx,CA
2025-10-21,Alector LLC,San Mateo County,75.0,Layoff Permanent,,ca_2025_26.xlsx,CA
2025-10-22,"Science of Skincare, LLC (3333 N San Fernando Blvd)",Los Angeles County,37.0,Layoff Permanent,,ca_2025_26.xlsx,CA
2025-10-22,"Science of Skincare, LLC (7525 N Lockheed Dr)",Los Angeles County,26.0,Layoff Permanent,,ca_2025_26.xlsx,CA
2025-10-23,Leprino Foods Company,Kings County,268.0,Layoff Permanent,,ca_2025_26.xlsx,CA
2025-10-16,California College of ASU,Los Angeles County,75.0,Closure Permanent,,ca_2025_26.xlsx,CA
2025-10-23,"Hydro Extrusion USA, LLC",Los Angeles County,128.0,Closure Temporary,,ca_2025_26.xlsx,CA
2025-10-22,"Meta Platforms, Inc. (1 Hacker Way)",San Mateo County,22.0,Layoff Permanent,,ca_2025_26.xlsx,CA
2025-10-22,"Meta Platforms, Inc. (1 Meta Way)",San Mateo County,261.0,Layoff Permanent,,ca_2025_26.xlsx,CA
2025-10-22,"Meta Platforms, Inc. (180 Jefferson Drive)",San Mateo County,1.0,Layoff Permanent,,ca_2025_26.xlsx,CA
2025-10-22,"Meta Platforms, Inc. (190 Jefferson Drive)",San Mateo County,21.0,Layoff Permanent,,ca_2025_26.xlsx,CA
2025-10-22,"Meta Platforms, Inc. (305 Constitution Drive)",San Mateo County,3.0,Layoff Permanent,,ca_2025_26.xlsx,CA
2025-10-23,"Applied Materials, Inc. (3050 Bowers Ave)",Santa Clara County,38.0,Layoff Permanent,,ca_2025_26.xlsx,CA
2025-10-23,"Applied Materials, Inc. (3100 Bowers Ave)",Santa Clara County,21.0,Layoff Permanent,,ca_2025_26.xlsx,CA
2025-10-23,"Applied Materials, Inc. (3101 Scott Blvd)",Santa Clara County,20.0,Layoff Permanent,,ca_2025_26.xlsx,CA
2025-10-23,"Applied Materials, Inc. (3225 Oakmead Village Dr)",Santa Clara County,16.0,Layoff Permanent,,ca_2025_26.xlsx,CA
2025-10-23,"Applied Materials, Inc. (3320 Scott Blvd)",Santa Clara County,36.0,Layoff Permanent,,ca_2025_26.xlsx,CA
2025-10-23,"Applied Materials, Inc. (3325 Scott Blvd)",Santa Clara County,52.0,Layoff Permanent,,ca_2025_26.xlsx,CA
2025-10-23,"Applied Materials, Inc. (3330 Scott Blvd)",Santa Clara County,6.0,Layoff Permanent,,ca_2025_26.xlsx,CA
2025-10-23,"Applied Materials, Inc. (3333 Scott Blvd)",Santa Clara County,73.0,Layoff Permanent,,ca_2025_26.xlsx,CA
2025-10-23,"Applied Materials, Inc. (1140 E Arques Ave)",Santa Clara County,26.0,Layoff Permanent,,ca_2025_26.xlsx,CA
2025-10-23,"Applied Materials, Inc. (545 Oakmead Pkwy)",Santa Clara County,7.0,Layoff Permanent,,ca_2025_26.xlsx,CA
2025-10-23,"Applied Materials, Inc. (557 E. California Ave)",Santa Clara County,4.0,Layoff Permanent,,ca_2025_26.xlsx,CA
2025-10-23,"Applied Materials, Inc. (930 E. Arques Ave)",Santa Clara County,1.0,Layoff Permanent,,ca_2025_26.xlsx,CA
2025-10-23,"Applied Materials, Inc. (974 E. Arques Ave)",Santa Clara County,41.0,Layoff Permanent,,ca_2025_26.xlsx,CA
2025-10-23,"Applied Materials, Inc. (978 E. Arques Ave)",Santa Clara County,7.0,Layoff Permanent,,ca_2025_26.xlsx,CA
2025-10-23,"Applied Materials, Inc. (Remote)",Santa Clara County,15.0,Layoff Permanent,,ca_2025_26.xlsx,CA
2025-10-24,"Peabody Engineering & Supply, Inc.",Riverside County,19.0,Closure Permanent,,ca_2025_26.xlsx,CA
2025-10-22,"New Punch Bowl Sacramento, LLC",Sacramento County,83.0,Closure Permanent,,ca_2025_26.xlsx,CA
2025-08-25,Silgan Containers,Stanislaus County,180.0,Layoff Temporary,,ca_2025_26.xlsx,CA
2025-10-27,Wellpath,Monterey County,72.0,Layoff Permanent,,ca_2025_26.xlsx,CA
2025-10-24,"Genentech, Inc.",San Mateo County,118.0,Layoff Permanent,,ca_2025_26.xlsx,CA
2025-10-27,"Communications Test Design, Inc. (CTDI)",San Bernardino County,64.0,Layoff Permanent,,ca_2025_26.xlsx,CA
2025-10-27,"Communications Test Design, Inc. (CTDI)",San Bernardino County,15.0,Layoff Permanent,,ca_2025_26.xlsx,CA
2025-10-28,Disneyland Resort,Orange County,72.0,Layoff Permanent,,ca_2025_26.xlsx,CA
2025-10-27,University of Southern California,Los Angeles County,259.0,Layoff Permanent,,ca_2025_26.xlsx,CA
2025-10-28,TAO Group Hospitality,Los Angeles County,8.0,Layoff Permanent,,ca_2025_26.xlsx,CA
2025-10-28,LAVO Los Angeles,Los Angeles County,100.0,Closure Permanent,,ca_2025_26.xlsx,CA
2025-10-28,Fleur Room,Los Angeles County,26.0,Closure Permanent,,ca_2025_26.xlsx,CA
2025-10-23,"San Diego Imaging - Chula Vista, LLC",San Diego County,63.0,Layoff Permanent,,ca_2025_26.xlsx,CA
2025-10-23,San Diego Imaging - Kearny Mesa,San Diego County,32.0,Layoff Permanent,,ca_2025_26.xlsx,CA
2025-10-28,Louis Vuitton USA Inc.,San Diego County,9.0,Closure Permanent,,ca_2025_26.xlsx,CA
2025-10-29,Twelve Benefit Corporation (614 Bancroft Way Suite H),Alameda County,52.0,Layoff Permanent,,ca_2025_26.xlsx,CA
2025-10-29,Twelve Benefit Corporation (1135 Atlantic Ave),Alameda County,24.0,Layoff Permanent,,ca_2025_26.xlsx,CA
2025-10-29,Smurfit WestRock,Los Angeles County,141.0,Closure Permanent,,ca_2025_26.xlsx,CA
2025-10-28,Amazon LAX22,Los Angeles County,65.0,Layoff Permanent,,ca_2025_26.xlsx,CA
2025-10-28,Amazon LAX18,Los Angeles County,7.0,Layoff Permanent,,ca_2025_26.xlsx,CA
2025-10-28,Amazon LAX21,Los Angeles County,43.0,Layoff Permanent,,ca_2025_26.xlsx,CA
2025-10-28,Amazon LAX 35,Los Angeles County,37.0,Layoff Permanent,,ca_2025_26.xlsx,CA
2025-10-28,Amazon LAX10,Los Angeles County,62.0,Layoff Permanent,,ca_2025_26.xlsx,CA
2025-10-28,Amazon LAX16,Los Angeles County,3.0,Layoff Permanent,,ca_2025_26.xlsx,CA
2025-10-28,Amazon LAX78,Los Angeles County,65.0,Layoff Permanent,,ca_2025_26.xlsx,CA
2025-10-28,Amazon (SJC10),Santa Clara County,138.0,Layoff Permanent,,ca_2025_26.xlsx,CA
2025-10-28,Amazon (SJC11),Santa Clara County,28.0,Layoff Permanent,,ca_2025_26.xlsx,CA
2025-10-28,Amazon (SJC13),Santa Clara County,33.0,Layoff Permanent,,ca_2025_26.xlsx,CA
2025-10-28,Amazon (SJC14),Santa Clara County,80.0,Layoff Permanent,,ca_2025_26.xlsx,CA
2025-10-28,Amazon (SJC31),Santa Clara County,27.0,Layoff Permanent,,ca_2025_26.xlsx,CA
2025-10-28,Amazon (SJC32),Santa Clara County,85.0,Layoff Permanent,,ca_2025_26.xlsx,CA
2025-10-28,Amazon SFO12,Santa Clara County,18.0,Layoff Permanent,,ca_2025_26.xlsx,CA
2025-10-28,Amazon SFO22,Santa Clara County,69.0,Layoff Permanent,,ca_2025_26.xlsx,CA
2025-10-28,Amazon SFO24,Santa Clara County,75.0,Layoff Permanent,,ca_2025_26.xlsx,CA
2025-10-28,Amazon SFO36,Santa Clara County,12.0,Layoff Permanent,,ca_2025_26.xlsx,CA
2025-10-28,Amazon SFO39,Santa Clara County,2.0,Layoff Permanent,,ca_2025_26.xlsx,CA
2025-10-28,Amazon SJC25,Santa Clara County,8.0,Layoff Permanent,,ca_2025_26.xlsx,CA
2025-10-28,Amazon SJC38,Santa Clara County,50.0,Layoff Permanent,,ca_2025_26.xlsx,CA
2025-10-28,Amazon SJC44,Santa Clara County,18.0,Layoff Permanent,,ca_2025_26.xlsx,CA
2025-10-28,Amazon SNA11,Orange County,178.0,Layoff Permanent,,ca_2025_26.xlsx,CA
2025-10-28,Amazon SNA12,Orange County,17.0,Layoff Permanent,,ca_2025_26.xlsx,CA
2025-10-28,Amazon SNA16,Orange County,64.0,Layoff Permanent,,ca_2025_26.xlsx,CA
2025-10-28,Amazon SNA17,Orange County,12.0,Layoff Permanent,,ca_2025_26.xlsx,CA
2025-10-28,Amazon SNA18,Orange County,1.0,Layoff Permanent,,ca_2025_26.xlsx,CA
2025-10-28,Amazon SNA19,Orange County,16.0,Layoff Permanent,,ca_2025_26.xlsx,CA
2025-10-28,Amazon SNA3,Orange County,45.0,Layoff Permanent,,ca_2025_26.xlsx,CA
2025-10-28,Amazon (SAN 13),San Diego County,24.0,Layoff Permanent,,ca_2025_26.xlsx,CA
2025-10-28,Amazon (SAN 15),San Diego County,50.0,Layoff Permanent,,ca_2025_26.xlsx,CA
2025-10-28,Amazon (SAN 17),San Diego County,61.0,Layoff Permanent,,ca_2025_26.xlsx,CA
2025-10-28,Amazon (SAN 18),San Diego County,3.0,Layoff Permanent,,ca_2025_26.xlsx,CA
2025-10-28,Amazon (SAN 21),San Diego County,5.0,Layoff Permanent,,ca_2025_26.xlsx,CA
2025-10-28,Amazon (SAN 3),San Diego County,1.0,Layoff Permanent,,ca_2025_26.xlsx,CA
2025-10-28,Amazon (SAN 5),San Diego County,1.0,Layoff Permanent,,ca_2025_26.xlsx,CA
2025-10-27,WIS International,San Diego County,10.0,Layoff Permanent,,ca_2025_26.xlsx,CA
2025-10-28,Amazon (ONM212),San Francisco County,3.0,Layoff Permanent,,ca_2025_26.xlsx,CA
2025-10-28,Amazon (ONM213),San Francisco County,1.0,Layoff Permanent,,ca_2025_26.xlsx,CA
2025-10-28,Amazon (SFO13),San Francisco County,41.0,Layoff Permanent,,ca_2025_26.xlsx,CA
2025-10-28,Amazon (SFO19),San Francisco County,18.0,Layoff Permanent,,ca_2025_26.xlsx,CA
2025-10-28,Amazon (SFO28),San Francisco County,71.0,Layoff Permanent,,ca_2025_26.xlsx,CA
2025-10-28,Amazon (SFO38),San Francisco County,3.0,Layoff Permanent,,ca_2025_26.xlsx,CA
2025-09-30,Perikinetics Inc.,Santa Clara County,2.0,Closure Permanent,,ca_2025_26.xlsx,CA
2025-10-30,Warner Music Inc.,Los Angeles County,2.0,Layoff Permanent,,ca_2025_26.xlsx,CA
2025-10-29,Cepheid B1,Santa Clara County,15.0,Layoff Permanent,,ca_2025_26.xlsx,CA
2025-10-29,Cepheid B3,Santa Clara County,1.0,Layoff Permanent,,ca_2025_26.xlsx,CA
2025-10-29,Cepheid B5,Santa Clara County,4.0,Layoff Permanent,,ca_2025_26.xlsx,CA
2025-10-29,Cepheid B6,Santa Clara County,1.0,Layoff Permanent,,ca_2025_26.xlsx,CA
2025-10-29,Cepheid B7,Santa Clara County,1.0,Layoff Permanent,,ca_2025_26.xlsx,CA
2025-10-29,Cepheid B7+,Santa Clara County,9.0,Layoff Permanent,,ca_2025_26.xlsx,CA
2025-10-29,Cepheid B8,Santa Clara County,2.0,Layoff Permanent,,ca_2025_26.xlsx,CA
2025-10-29,Cepheid B4,Santa Cruz County,2.0,Layoff Permanent,,ca_2025_26.xlsx,CA
2025-10-30,Educational Testing Service (ETS),Sacramento County,757.0,Layoff Permanent,,ca_2025_26.xlsx,CA
2025-10-30,Hewlett Packard Enterprise Company (HPE),Santa Clara County,52.0,Layoff Permanent,,ca_2025_26.xlsx,CA
2025-10-30,Eastside Management Company,Stanislaus County,59.0,Closure Permanent,,ca_2025_26.xlsx,CA
2025-10-31,SEMSA/Riggs Ambulance Service,Merced County,181.0,Closure Permanent,,ca_2025_26.xlsx,CA
2025-10-31,"Hitachi Vantara, LLC",Santa Clara County,129.0,Layoff Permanent,,ca_2025_26.xlsx,CA
2025-10-31,J & J Snack Foods,San Bernardino County,129.0,Closure Permanent,,ca_2025_26.xlsx,CA
2025-10-31,"Fresno Economic Opportunities Commission (1101 E. Annandale, 101)",Fresno County,6.0,Layoff Temporary,,ca_2025_26.xlsx,CA
2025-10-31,Fresno Economic Opportunities Commission (112 - 4th St.),Fresno County,7.0,Layoff Temporary,,ca_2025_26.xlsx,CA
2025-10-31,Fresno Economic Opportunities Commission (115 W. Belmont Ave),Fresno County,3.0,Layoff Temporary,,ca_2025_26.xlsx,CA
2025-10-31,Fresno Economic Opportunities Commission (1189 Martin St),Fresno County,2.0,Layoff Temporary,,ca_2025_26.xlsx,CA
2025-10-31,Fresno Economic Opportunities Commission (1189 Martin St),Fresno County,33.0,Layoff Temporary,,ca_2025_26.xlsx,CA
2025-10-31,Fresno Economic Opportunities Commission (1240 E. Washington),Fresno County,14.0,Layoff Temporary,,ca_2025_26.xlsx,CA
2025-10-31,Fresno Economic Opportunities Commission (1325 Stillman St.),Fresno County,4.0,Layoff Temporary,,ca_2025_26.xlsx,CA
2025-10-31,Fresno Economic Opportunities Commission (1350 E. Annadale),Fresno County,7.0,Layoff Temporary,,ca_2025_26.xlsx,CA
2025-10-31,Fresno Economic Opportunities Commission (13660 E. Manning Ave),Fresno County,7.0,Layoff Temporary,,ca_2025_26.xlsx,CA
2025-10-31,Fresno Economic Opportunities Commission (1420 Second St.),Fresno County,4.0,Layoff Temporary,,ca_2025_26.xlsx,CA
2025-10-31,Fresno Economic Opportunities Commission (1441 Divisadero),Fresno County,17.0,Layoff Temporary,,ca_2025_26.xlsx,CA
2025-10-31,Fresno Economic Opportunities Commission (1504 N. Webser),Fresno County,9.0,Layoff Temporary,,ca_2025_26.xlsx,CA
2025-10-31,Fresno Economic Opportunities Commission (1620 W. Fairmont),Fresno County,19.0,Layoff Temporary,,ca_2025_26.xlsx,CA
2025-10-31,Fresno Economic Opportunities Commission (16641 Palmer St.),Fresno County,10.0,Layoff Temporary,,ca_2025_26.xlsx,CA
2025-10-31,Fresno Economic Opportunities Commission (1701 Alton St.),Fresno County,9.0,Layoff Temporary,,ca_2025_26.xlsx,CA
2025-10-31,Fresno Economic Opportunities Commission (1920 Mariposa Street),Fresno County,263.0,Layoff Temporary,,ca_2025_26.xlsx,CA
2025-10-31,Fresno Economic Opportunities Commission (2063 S. Cedar Ave),Fresno County,8.0,Layoff Temporary,,ca_2025_26.xlsx,CA
2025-10-31,Fresno Economic Opportunities Commission (2117 W. McKinley Ave),Fresno County,8.0,Layoff Temporary,,ca_2025_26.xlsx,CA
2025-10-31,Fresno Economic Opportunities Commission (2121 N. Van Ness Ave),Fresno County,9.0,Layoff Temporary,,ca_2025_26.xlsx,CA
2025-10-31,Fresno Economic Opportunities Commission (2420 W. Clemenceau Ave),Fresno County,5.0,Layoff Temporary,,ca_2025_26.xlsx,CA
2025-10-31,Fresno Economic Opportunities Commission (2529 Willow Ave),Fresno County,5.0,Layoff Temporary,,ca_2025_26.xlsx,CA
2025-10-31,Fresno Economic Opportunities Commission (2751 Fig Street),Fresno County,7.0,Layoff Temporary,,ca_2025_26.xlsx,CA
2025-10-31,Fresno Economic Opportunities Commission (295 W. Tuft St),Fresno County,9.0,Layoff Temporary,,ca_2025_26.xlsx,CA
2025-10-31,Fresno Economic Opportunities Commission (3037 S. Orchid Ave),Fresno County,12.0,Layoff Temporary,,ca_2025_26.xlsx,CA
2025-10-31,Fresno Economic Opportunities Commission (3110 W. Nielsen),Fresno County,4.0,Layoff Temporary,,ca_2025_26.xlsx,CA
2025-10-31,Fresno Economic Opportunities Commission (3257 E. Shields Ave),Fresno County,12.0,Layoff Temporary,,ca_2025_26.xlsx,CA
2025-10-31,Fresno Economic Opportunities Commission (388 S. Brawley Ave),Fresno County,8.0,Layoff Temporary,,ca_2025_26.xlsx,CA
2025-10-31,Fresno Economic Opportunities Commission (4156 E. Dakota Ave),Fresno County,28.0,Layoff Temporary,,ca_2025_26.xlsx,CA
2025-10-31,"Fresno Economic Opportunities Commission (4273 W. Richert, Ave, 107)",Fresno County,15.0,Layoff Temporary,,ca_2025_26.xlsx,CA
2025-10-31,Fresno Economic Opportunities Commission (4856 E. Cesar Chavez Blvd),Fresno County,15.0,Layoff Temporary,,ca_2025_26.xlsx,CA
2025-10-31,Fresno Economic Opportunities Commission (4995 E. Balch Ave),Fresno County,18.0,Layoff Temporary,,ca_2025_26.xlsx,CA
2025-10-31,Fresno Economic Opportunities Commission (510 Barstow Ave),Fresno County,4.0,Layoff Temporary,,ca_2025_26.xlsx,CA
2025-10-31,Fresno Economic Opportunities Commission (5104 N. West),Fresno County,11.0,Layoff Temporary,,ca_2025_26.xlsx,CA
2025-10-31,Fresno Economic Opportunities Commission (5244 E. Pine Ave),Fresno County,5.0,Layoff Temporary,,ca_2025_26.xlsx,CA
2025-10-31,Fresno Economic Opportunities Commission (5550 N. Fresno St),Fresno County,8.0,Layoff Temporary,,ca_2025_26.xlsx,CA
2025-10-31,Fresno Economic Opportunities Commission (710 N. Hughes Ave),Fresno County,8.0,Layoff Temporary,,ca_2025_26.xlsx,CA
2025-10-31,Fresno Economic Opportunities Commission (7171 N. Sugarpine Ave),Fresno County,4.0,Layoff Temporary,,ca_2025_26.xlsx,CA
2025-10-31,Fresno Economic Opportunities Commission (719 S. Madera Ave),Fresno County,4.0,Layoff Temporary,,ca_2025_26.xlsx,CA
2025-10-31,Fresno Economic Opportunities Commission (745 N. First St),Fresno County,4.0,Layoff Temporary,,ca_2025_26.xlsx,CA
2025-10-31,Fresno Economic Opportunities Commission (788 W. Shaw Ave),Fresno County,10.0,Layoff Temporary,,ca_2025_26.xlsx,CA
2025-10-31,Fresno Economic Opportunities Commission (8535 S 9th Street),Fresno County,4.0,Layoff Temporary,,ca_2025_26.xlsx,CA
2025-10-30,"Transdev Services, Inc.",San Mateo County,77.0,Closure Permanent,,ca_2025_26.xlsx,CA
2025-11-03,CommUnify - Chestnut Office,Santa Barbara County,11.0,Layoff Permanent,,ca_2025_26.xlsx,CA
2025-11-03,CommUnify - Filmore Center,Santa Barbara County,4.0,Layoff Permanent,,ca_2025_26.xlsx,CA
2025-11-03,CommUnify - I Center,Santa Barbara County,6.0,Layoff Permanent,,ca_2025_26.xlsx,CA
2025-11-03,CommUnify - Maple Center,Santa Barbara County,3.0,Layoff Permanent,,ca_2025_26.xlsx,CA
2025-11-03,CommUnify - Oak Valley Center,Santa Barbara County,1.0,Layoff Permanent,,ca_2025_26.xlsx,CA
2025-11-03,CommUnify - Adam Center,Santa Barbara County,4.0,Layoff Permanent,,ca_2025_26.xlsx,CA
2025-11-03,CommUnify - Alvin Center,Santa Barbara County,6.0,Layoff Permanent,,ca_2025_26.xlsx,CA
2025-11-03,CommUnify - Chapel Office,Santa Barbara County,13.0,Layoff Permanent,,ca_2025_26.xlsx,CA
2025-11-03,CommUnify - JC Washington Center,Santa Barbara County,3.0,Layoff Permanent,,ca_2025_26.xlsx,CA
2025-11-03,CommUnify - Little Village Center,Santa Barbara County,8.0,Layoff Permanent,,ca_2025_26.xlsx,CA
2025-11-03,CommUnify - Los Adobes Center,Santa Barbara County,1.0,Layoff Permanent,,ca_2025_26.xlsx,CA
2025-11-03,CommUnify - Los Padres Center,Santa Barbara County,4.0,Layoff Permanent,,ca_2025_26.xlsx,CA
2025-11-03,CommUnify - Meridian Center,Santa Barbara County,2.0,Layoff Permanent,,ca_2025_26.xlsx,CA
2025-11-03,CommUnify - Sierra Madre Center,Santa Barbara County,5.0,Layoff Permanent,,ca_2025_26.xlsx,CA
2025-11-03,CommUnify - Westgate Center,Santa Barbara County,7.0,Layoff Permanent,,ca_2025_26.xlsx,CA
2025-11-03,CommUnify - Cuyama Center,Santa Barbara County,2.0,Layoff Permanent,,ca_2025_26.xlsx,CA
2025-11-03,CommUnify - Jardin de Suenos,Santa Barbara County,6.0,Layoff Permanent,,ca_2025_26.xlsx,CA
2025-11-03,CommUnify - Maggie Espinoza Center,Santa Barbara County,5.0,Layoff Permanent,,ca_2025_26.xlsx,CA
2025-11-03,CommUnify - Betty Sanchez Center,Santa Barbara County,1.0,Layoff Permanent,,ca_2025_26.xlsx,CA
2025-11-03,CommUnify - Coronel Center,Santa Barbara County,1.0,Layoff Permanent,,ca_2025_26.xlsx,CA
2025-11-03,CommUnify - South County HS Office,Santa Barbara County,1.0,Layoff Permanent,,ca_2025_26.xlsx,CA
2025-11-03,CommUnify - South County HS Office,Santa Barbara County,1.0,Layoff Permanent,,ca_2025_26.xlsx,CA
2025-11-03,CommUnify - Goleta Center,Santa Barbara County,2.0,Layoff Permanent,,ca_2025_26.xlsx,CA
2025-11-03,DJI Services LLC,Los Angeles County,61.0,Layoff Permanent,,ca_2025_26.xlsx,CA
2025-11-03,DJI Services LLC,Los Angeles County,37.0,Layoff Permanent,,ca_2025_26.xlsx,CA
2025-10-23,"Dairyland Produce, LLC",San Mateo County,22.0,Layoff Permanent,,ca_2025_26.xlsx,CA
2025-11-04,"AFC Cable Systems, Inc.",San Bernardino County,54.0,Layoff Permanent,,ca_2025_26.xlsx,CA
2025-10-31,"Becton, Dickinson and Company (BD) (3750 Torrey View Court)",San Diego County,59.0,Layoff Permanent,,ca_2025_26.xlsx,CA
2025-10-31,"Becton, Dickinson and Company (BD) (10020 Pacific Mesa Boulevard)",San Diego County,7.0,Layoff Permanent,,ca_2025_26.xlsx,CA
2025-10-27,"Retail Service WIS Corporation, DBA WIS International",San Diego County,10.0,Layoff Permanent,,ca_2025_26.xlsx,CA
2025-11-04,International Business Machines Corporation,Santa Clara County,75.0,Layoff Permanent,,ca_2025_26.xlsx,CA
2025-10-31,Infineon,Los Angeles County,15.0,Layoff Permanent,,ca_2025_26.xlsx,CA
2025-10-31,Infineon,Orange County,1.0,Layoff Permanent,,ca_2025_26.xlsx,CA
2025-10-31,Infineon,Riverside County,7.0,Layoff Permanent,,ca_2025_26.xlsx,CA
2025-10-31,Infineon,San Diego County,3.0,Layoff Permanent,,ca_2025_26.xlsx,CA
2025-10-31,Infineon,Santa Clara County,46.0,Layoff Permanent,,ca_2025_26.xlsx,CA
2025-11-05,Safeway,Alameda County,76.0,Closure Permanent,,ca_2025_26.xlsx,CA
2025-11-05,University of Southern California,Los Angeles County,5.0,Layoff Permanent,,ca_2025_26.xlsx,CA
2025-11-04,Blue Plate Oysterette LLC,Los Angeles County,45.0,Closure Permanent,,ca_2025_26.xlsx,CA
2025-11-05,Consolidated Hospitality Supplies,San Bernardino County,22.0,Closure Permanent,,ca_2025_26.xlsx,CA
2025-10-23,"Dairyland Produce, LLC",Santa Clara County,21.0,Closure Permanent,,ca_2025_26.xlsx,CA
2025-11-05,Mojave Food Corporation,Los Angeles County,86.0,Closure Permanent,,ca_2025_26.xlsx,CA
2025-11-06,Clari Inc.,Santa Clara County,96.0,Layoff Permanent,,ca_2025_26.xlsx,CA
2025-11-05,"Illumina, Inc. Worldwide Headquarters",San Diego County,4.0,Layoff Permanent,,ca_2025_26.xlsx,CA
2025-10-31,Ceryx Management LLC (Blackstone),Fresno County,39.0,Layoff Permanent,,ca_2025_26.xlsx,CA
2025-10-31,Ceryx Management LLC (Sepulveda),Los Angeles County,4.0,Layoff Permanent,,ca_2025_26.xlsx,CA
2025-10-31,Ceryx Management LLC (Vermont),Los Angeles County,8.0,Layoff Permanent,,ca_2025_26.xlsx,CA
2025-10-31,Ceryx Management LLC (Figueroa),Los Angeles County,8.0,Layoff Permanent,,ca_2025_26.xlsx,CA
2025-10-31,Ceryx Management LLC (Hoover),Los Angeles County,3.0,Layoff Permanent,,ca_2025_26.xlsx,CA
2025-10-31,Ceryx Management LLC (Western),Los Angeles County,13.0,Layoff Permanent,,ca_2025_26.xlsx,CA
2025-10-31,Ceryx Management LLC (7226 S. Figueroa),Los Angeles County,12.0,Layoff Permanent,,ca_2025_26.xlsx,CA
2025-10-31,Ceryx Management LLC (7310 S. Figueroa),Los Angeles County,9.0,Layoff Permanent,,ca_2025_26.xlsx,CA
2025-10-31,Ceryx Management LLC (801 W 70th),Los Angeles County,9.0,Layoff Permanent,,ca_2025_26.xlsx,CA
2025-10-31,Ceryx Management LLC (7617 S. Figueroa),Los Angeles County,5.0,Layoff Permanent,,ca_2025_26.xlsx,CA
2025-10-31,Ceryx Management LLC (1540 S St. Andrews),Los Angeles County,18.0,Layoff Permanent,,ca_2025_26.xlsx,CA
2025-10-31,Ceryx Management LLC (7111 S Hoover),Los Angeles County,1.0,Layoff Permanent,,ca_2025_26.xlsx,CA
2025-10-31,Ceryx Management LLC (1904 E 113th),Los Angeles County,1.0,Layoff Permanent,,ca_2025_26.xlsx,CA
2025-10-31,Ceryx Management LLC (8320 S. Figueroa),Los Angeles County,1.0,Layoff Permanent,,ca_2025_26.xlsx,CA
2025-10-31,Ceryx Management LLC (9519 S. Figueroa),Los Angeles County,1.0,Layoff Permanent,,ca_2025_26.xlsx,CA
2025-11-07,Five Guys Operations Broadstone Marketplace,Sacramento County,16.0,Closure Permanent,,ca_2025_26.xlsx,CA
2025-11-06,"Illumina, Inc.",San Diego County,28.0,Layoff Permanent,,ca_2025_26.xlsx,CA
2025-10-29,Coca-Cola Company,Napa County,45.0,Closure Permanent,,ca_2025_26.xlsx,CA
2025-11-07,Paramount Skydance Corporation (Gower),Los Angeles County,81.0,Layoff Permanent,,ca_2025_26.xlsx,CA
2025-11-07,Paramount Skydance Corporation (Melrose),Los Angeles County,116.0,Layoff Permanent,,ca_2025_26.xlsx,CA
2025-11-12,"Synopsys, Inc.",Santa Clara County,172.0,Layoff Permanent,,ca_2025_26.xlsx,CA
2025-11-12,"Synopsys, Inc.",Santa Clara County,1.0,Layoff Permanent,,ca_2025_26.xlsx,CA
2025-11-12,"Synopsys, Inc.",Santa Clara County,1.0,Layoff Permanent,,ca_2025_26.xlsx,CA
2025-11-12,"Synopsys, Inc.",Santa Clara County,1.0,Layoff Permanent,,ca_2025_26.xlsx,CA
2025-11-12,"Gilead Sciences, Inc.",San Diego County,17.0,Layoff Permanent,,ca_2025_26.xlsx,CA
2025-11-10,AbbVie,Alameda County,48.0,Closure Permanent,,ca_2025_26.xlsx,CA
2025-11-10,AbbVie,Alameda County,9.0,Closure Permanent,,ca_2025_26.xlsx,CA
2025-11-10,AbbVie,Alameda County,2.0,Closure Permanent,,ca_2025_26.xlsx,CA
2025-10-28,"NBCUniversal (Bldgs. 1280, 1320, 1360, and 4250)",Los Angeles County,32.0,Layoff Permanent,,ca_2025_26.xlsx,CA
2025-10-28,NBCUniversal (Bldgs. 1126 and 1440),Los Angeles County,101.0,Layoff Permanent,,ca_2025_26.xlsx,CA
2025-10-28,NBCUniversal (Bldg. 2375),Los Angeles County,4.0,Layoff Permanent,,ca_2025_26.xlsx,CA
2025-10-24,"National Distribution Centers, LLC (NDC)",Los Angeles County,17.0,Layoff Not known at this time,,ca_2025_26.xlsx,CA
2025-11-13,"Couchbase, Inc.",Santa Clara County,48.0,Layoff Permanent,,ca_2025_26.xlsx,CA
2025-11-13,"Mattel, Inc.",Los Angeles County,89.0,Layoff Permanent,,ca_2025_26.xlsx,CA
2025-10-08,GUESS?,Los Angeles County,100.0,Layoff Not known at this time,,ca_2025_26.xlsx,CA
2025-11-14,International Paper,Los Angeles County,128.0,Closure Permanent,,ca_2025_26.xlsx,CA
2025-11-13,"Lakeshore Learning Materials, LLC (2161)",Los Angeles County,69.0,Closure Permanent,,ca_2025_26.xlsx,CA
2025-11-13,"Lakeshore Learning Materials, LLC (2649)",Los Angeles County,48.0,Closure Permanent,,ca_2025_26.xlsx,CA
2025-11-14,Middlebury Institute of International Studies at Monterey,Monterey County,123.0,Closure Permanent,,ca_2025_26.xlsx,CA
2025-11-13,"Illumina, Inc. Worldwide Headquarters",San Diego County,8.0,Layoff Permanent,,ca_2025_26.xlsx,CA
2025-11-13,SLO Brewing Co. LLC,San Luis Obispo County,61.0,Layoff Permanent,,ca_2025_26.xlsx,CA
2025-11-17,"HRL Laboratories, Malibu Campus",Los Angeles County,34.0,Layoff Permanent,,ca_2025_26.xlsx,CA
2025-11-17,"HRL Laboratories, Lost Hills Campus",Los Angeles County,4.0,Layoff Permanent,,ca_2025_26.xlsx,CA
2025-11-17,HRL Laboratories (Remote Employees),Los Angeles County,7.0,Layoff Permanent,,ca_2025_26.xlsx,CA
2025-11-17,"HRL Laboratories, Camarillo Campus",Ventura County,3.0,Layoff Permanent,,ca_2025_26.xlsx,CA
2025-11-17,"HRL Laboratories, Westlake Campus",Ventura County,10.0,Layoff Permanent,,ca_2025_26.xlsx,CA
2025-11-14,"Braga Fresh Foods, LLC",Monterey County,260.0,Closure Permanent,,ca_2025_26.xlsx,CA
2025-11-16,"Mettler-Toledo Rainin, LLC",Alameda County,89.0,Layoff Permanent,,ca_2025_26.xlsx,CA
2025-11-18,Corteva Agriscience LLC,Contra Costa County,4.0,Layoff Permanent,,ca_2025_26.xlsx,CA
2025-11-18,"R.C. Packing, LLC",Monterey County,161.0,Closure Permanent,,ca_2025_26.xlsx,CA
2025-11-17,"Nationstar Mortgage, LLC d/b/a Mr. Cooper",Orange County,88.0,Layoff Permanent,,ca_2025_26.xlsx,CA
2025-11-18,Blue Shield of California (Woodland Hills),Los Angeles County,1.0,Layoff Permanent,,ca_2025_26.xlsx,CA
2025-11-18,Blue Shield of California (Rancho Cordova),Sacramento County,5.0,Layoff Permanent,,ca_2025_26.xlsx,CA
2025-11-18,Blue Shield of California (San Diego),San Diego County,1.0,Layoff Permanent,,ca_2025_26.xlsx,CA
2025-11-19,"McDonald&rsquo;s Restaurants of California, Inc.",Los Angeles County,80.0,Closure Temporary,,ca_2025_26.xlsx,CA
2025-11-19,Lumileds LLC,Santa Clara County,60.0,Layoff Permanent,,ca_2025_26.xlsx,CA
2025-11-20,Building Materials Manufacturing LLC (a/k/a GAF),Kern County,69.0,Closure Permanent,,ca_2025_26.xlsx,CA
2025-11-20,"CRST Expedited, Inc.",Los Angeles County,12.0,Closure Permanent,,ca_2025_26.xlsx,CA
2025-11-20,Galleher LLC,Los Angeles County,86.0,Closure Permanent,,ca_2025_26.xlsx,CA
2025-11-07,"The French Gourmet, Inc.",San Diego County,102.0,Closure Permanent,,ca_2025_26.xlsx,CA
2025-11-19,"Zimeno, Inc. dba Monarch Tractor (Lawrence)",Alameda County,89.0,Layoff Not known at this time,,ca_2025_26.xlsx,CA
2025-11-19,"Zimeno, Inc. dba Monarch Tractor",Alameda County,8.0,Layoff Not known at this time,,ca_2025_26.xlsx,CA
2025-11-20,Henkel Corporation,Contra Costa County,13.0,Closure Permanent,,ca_2025_26.xlsx,CA
2025-11-20,Verizon,Contra Costa County,54.0,Layoff Permanent,,ca_2025_26.xlsx,CA
2025-11-20,University of Southern California,Los Angeles County,60.0,Layoff Permanent,,ca_2025_26.xlsx,CA
2025-11-20,Verizon,Orange County,139.0,Layoff Permanent,,ca_2025_26.xlsx,CA
2025-11-21,"Van Law Food Products, Inc.",Orange County,50.0,Layoff Permanent,,ca_2025_26.xlsx,CA
2025-11-20,"Illumina, Inc.",San Diego County,7.0,Layoff Permanent,,ca_2025_26.xlsx,CA
2025-11-20,Henkel Corporation,Solano County,7.0,Closure Permanent,,ca_2025_26.xlsx,CA
2025-11-25,"Shake Shack Enterprises, LLC",San Francisco County,26.0,Closure Permanent,,ca_2025_26.xlsx,CA
2025-11-24,Panasonic Well LLC,Santa Clara County,46.0,Layoff Permanent,,ca_2025_26.xlsx,CA
2025-12-01,Waldorf Astoria Employer LLC dba Waldorf Astoria Beverly Hills,Los Angeles County,57.0,Layoff Temporary,,ca_2025_26.xlsx,CA
2025-12-01,"Ovations FanFare, L.P. dba OVG Hospitality",Santa Clara County,90.0,Layoff Permanent,,ca_2025_26.xlsx,CA
2025-12-01,Cell Margue Corporation,Placer County,68.0,Closure Permanent,,ca_2025_26.xlsx,CA
2025-12-02,Shell Recharge Solutions,Los Angeles County,2.0,Closure Permanent,,ca_2025_26.xlsx,CA
2025-12-03,Roseburg Forest Product Co Weed Veneer,Siskiyou County,147.0,Closure Permanent,,ca_2025_26.xlsx,CA
2025-12-02,FreshRealm,Orange County,53.0,Closure Permanent,,ca_2025_26.xlsx,CA
2025-11-25,Palo Verde Hospital,Riverside County,99.0,Layoff Permanent,,ca_2025_26.xlsx,CA
2025-12-03,"CRST Expedited, Inc. dba CRST The Transportation Solution",Riverside County,4.0,Layoff Permanent,,ca_2025_26.xlsx,CA
2025-12-03,"CRST Expedited, Inc. dba CRST The Transportation Solution, Inc.",San Joaquin County,1.0,Layoff Permanent,,ca_2025_26.xlsx,CA
2025-12-03,Swift Beef Company,Riverside County,374.0,Closure Permanent,,ca_2025_26.xlsx,CA
2025-12-04,"Illumina, Inc.",San Diego County,3.0,Layoff Permanent,,ca_2025_26.xlsx,CA
2025-12-03,Intel Corporation (Robert Noyce Building),Santa Clara County,45.0,Layoff Permanent,,ca_2025_26.xlsx,CA
2025-12-03,Intel Corporation (SC-1),Santa Clara County,1.0,Layoff Permanent,,ca_2025_26.xlsx,CA
2025-12-03,Intel Corporation (SC-2),Santa Clara County,2.0,Layoff Permanent,,ca_2025_26.xlsx,CA
2025-12-03,Intel Corporation (SC-9),Santa Clara County,1.0,Layoff Permanent,,ca_2025_26.xlsx,CA
2025-12-03,Intel Corporation (SC-12),Santa Clara County,10.0,Layoff Permanent,,ca_2025_26.xlsx,CA
2025-12-08,"Jabil, Inc.",Solano County,21.0,Closure Permanent,,ca_2025_26.xlsx,CA
2025-12-01,Terzo Enterprises Incorporated,Kern County,58.0,Closure Permanent,,ca_2025_26.xlsx,CA
2025-12-08,"Nationstar Mortgage, LLC dba Mr. Cooper",Orange County,14.0,Layoff Permanent,,ca_2025_26.xlsx,CA
2025-12-08,Bluewater Grill,Santa Barbara County,47.0,Closure Permanent,,ca_2025_26.xlsx,CA
2025-12-09,Wells Fargo,Sacramento County,114.0,Layoff Permanent,,ca_2025_26.xlsx,CA
2025-12-10,Blue Diamond Growers,Sacramento County,1.0,Closure Permanent,,ca_2025_26.xlsx,CA
2025-12-09,AARP,Los Angeles County,18.0,Closure Permanent,,ca_2025_26.xlsx,CA
2025-12-05,"G&C Staffing, LLC (Gold Flora)",Riverside County,12.0,Closure Permanent,,ca_2025_26.xlsx,CA
2025-12-09,"bioMerieux, Inc.",Santa Clara County,121.0,Closure Permanent,,ca_2025_26.xlsx,CA
2025-12-05,"G&C Staffing, LLC (Gold Flora) (1695 S 7th Street)",Santa Clara County,36.0,Closure Permanent,,ca_2025_26.xlsx,CA
2025-12-05,"G&C Staffing, LLC (Gold Flora) (1190 Coleman Avenue)",Santa Clara County,6.0,Closure Permanent,,ca_2025_26.xlsx,CA
2025-12-11,Zebra Technologies Corporation,Santa Clara County,75.0,Closure Permanent,,ca_2025_26.xlsx,CA
2025-12-11,"Illumina, Inc.",San Diego County,7.0,Layoff Permanent,,ca_2025_26.xlsx,CA
2025-12-11,"Anheuser-Busch Commercial Strategy, LLC",Solano County,238.0,Closure Permanent,,ca_2025_26.xlsx,CA
2025-12-15,"Primo Brands, Inc.",Riverside County,2.0,Layoff Permanent,,ca_2025_26.xlsx,CA
2025-12-15,"Primo Brands, Inc.",Orange County,1.0,Layoff Permanent,,ca_2025_26.xlsx,CA
2025-12-15,Raytheon,Los Angeles County,1.0,Layoff Permanent,,ca_2025_26.xlsx,CA
2025-12-15,"Primo Brands, Inc.",Los Angeles County,1.0,Layoff Permanent,,ca_2025_26.xlsx,CA
2025-12-15,Leprino Foods Company,Kings County,100.0,Closure Permanent,,ca_2025_26.xlsx,CA
2025-12-17,Warner Music Inc.,Los Angeles County,5.0,Layoff Permanent,,ca_2025_26.xlsx,CA
2025-12-23,Collins Pine Company,Plumas County,79.0,Layoff Temporary,,ca_2025_26.xlsx,CA
2025-12-22,"Illumina, Inc.",San Diego County,1.0,Layoff Permanent,,ca_2025_26.xlsx,CA
2025-12-24,Fullstack Modular LLC,Los Angeles County,200.0,Layoff Not known at this time,,ca_2025_26.xlsx,CA
2025-12-30,"Mare Island Dry Dock, LLC",Solano County,84.0,Closure Permanent,,ca_2025_26.xlsx,CA
2026-01-05,"Advanced Uniform Dust Control & Linen, LLC",Monterey County,4.0,Closure Permanent,,ca_2025_26.xlsx,CA
2026-01-06,"FormFactor, Inc.",Los Angeles County,113.0,Closure Permanent,,ca_2025_26.xlsx,CA
2026-01-06,"FormFactor, Inc.",San Diego County,107.0,Closure Permanent,,ca_2025_26.xlsx,CA
2026-01-05,"Advanced Uniform Dust Control & Linen, LLC",Stanislaus County,89.0,Closure Permanent,,ca_2025_26.xlsx,CA
2025-12-29,"Bonduelle Americas dba Ready Pac Foods, Inc.",Los Angeles County,62.0,Layoff Permanent,,ca_2025_26.xlsx,CA
2026-01-06,Alameda Health System - Wilma Chan Highland Hospital,Alameda County,128.0,Layoff Permanent,,ca_2025_26.xlsx,CA
2026-01-06,Alameda Health System - San Leandro Hospital,Alameda County,22.0,Layoff Permanent,,ca_2025_26.xlsx,CA
2026-01-06,Alameda Health System - John George Hospital,Alameda County,16.0,Layoff Permanent,,ca_2025_26.xlsx,CA
2026-01-06,Alameda Health System - Alameda Hospital,Alameda County,9.0,Layoff Permanent,,ca_2025_26.xlsx,CA
2026-01-06,Alameda Health System - System Support Center,Alameda County,18.0,Layoff Permanent,,ca_2025_26.xlsx,CA
2026-01-06,Alameda Health System - Fairmont Rehabilitation and Wellness,Alameda County,44.0,Layoff Permanent,,ca_2025_26.xlsx,CA
2026-01-06,Alameda Health System - Park Bridge,Alameda County,3.0,Layoff Permanent,,ca_2025_26.xlsx,CA
2026-01-09,Local Initiative Health Authority for Los Angeles County dba L.A. Care Health Plan,Los Angeles County,225.0,Layoff Permanent,,ca_2025_26.xlsx,CA
2026-01-09,Macy's,San Diego County,77.0,Closure Permanent,,ca_2025_26.xlsx,CA
2026-01-09,Cucina Enoteca Del Mar,San Diego County,43.0,Layoff Permanent,,ca_2025_26.xlsx,CA
2026-01-07,Pomona Hospital Medical Center (1798),Los Angeles County,108.0,Layoff Permanent,,ca_2025_26.xlsx,CA
2026-01-07,Pomona Hospital Medical Center (1601),Los Angeles County,1.0,Layoff Permanent,,ca_2025_26.xlsx,CA
2026-01-07,Pomona Hospital Medical Center (300),Los Angeles County,4.0,Layoff Permanent,,ca_2025_26.xlsx,CA
2026-01-11,Hupp Draft Services,Butte County,75.0,Closure Permanent,,ca_2025_26.xlsx,CA
2026-01-12,Informatica LLC,San Mateo County,35.0,Layoff Permanent,,ca_2025_26.xlsx,CA
2026-01-12,"Nestle USA, Inc. Mira Loma Distribution Center",Riverside County,88.0,Closure Permanent,,ca_2025_26.xlsx,CA
2026-01-05,Wabash National LP,Riverside County,6.0,Layoff Permanent,,ca_2025_26.xlsx,CA
2026-01-05,Wabash National LP,Riverside County,94.0,Layoff Permanent,,ca_2025_26.xlsx,CA
2026-01-05,"Copan Diagnostics, Inc.",San Diego County,79.0,Closure Permanent,,ca_2025_26.xlsx,CA
2026-01-14,RR Donnelley,Alameda County,70.0,Closure Permanent,,ca_2025_26.xlsx,CA
2026-01-13,Valero Refining Company,Solano County,237.0,Layoff Permanent,,ca_2025_26.xlsx,CA
2026-01-14,Amy's Drive-Thru,Sonoma County,55.0,Closure Permanent,,ca_2025_26.xlsx,CA
2026-01-15,DHL Supply Chain,Alameda County,74.0,Layoff Permanent,,ca_2025_26.xlsx,CA
2026-01-08,Sealed Air Corporation,Los Angeles County,51.0,Closure Permanent,,ca_2025_26.xlsx,CA
2026-01-16,"Lakeshore Learning Materials, LLC",Los Angeles County,163.0,Layoff Permanent,,ca_2025_26.xlsx,CA
2026-01-15,"Nationstar Mortgage, LLC d/b/a Mr. Cooper",Orange County,8.0,Layoff Permanent,,ca_2025_26.xlsx,CA
2026-01-16,Albertsons Companies LLC,Riverside County,75.0,Closure Permanent,,ca_2025_26.xlsx,CA
2026-01-16,GCOM Software LLC dba Voyatek,Sacramento County,8.0,Layoff Permanent,,ca_2025_26.xlsx,CA
2026-01-15,James Hardie Fontana Manufacturing,San Bernardino County,94.0,Closure Permanent,,ca_2025_26.xlsx,CA
2026-01-16,The Vons Companies Inc.,San Bernardino County,70.0,Closure Permanent,,ca_2025_26.xlsx,CA
2026-01-16,Best Buy,San Diego County,46.0,Closure Permanent,,ca_2025_26.xlsx,CA
2026-01-16,Best Buy,Santa Clara County,60.0,Closure Permanent,,ca_2025_26.xlsx,CA
2026-01-15,UKG Inc.,Orange County,209.0,Closure Permanent,,ca_2025_26.xlsx,CA
2026-01-20,"Resonetics, LLC",San Mateo County,61.0,Closure Permanent,,ca_2025_26.xlsx,CA
2026-01-16,"Meta Platforms, Inc.",Los Angeles County,53.0,Layoff Permanent,,ca_2025_26.xlsx,CA
2026-01-21,"Pioneer Custom Electrical Products, LLC",Los Angeles County,47.0,Closure Permanent,,ca_2025_26.xlsx,CA
2026-01-16,"Meta Platforms, Inc.",San Mateo County,219.0,Layoff Permanent,,ca_2025_26.xlsx,CA
2026-01-05,McGee Air Services,Alameda County,32.0,Closure Permanent,,ca_2025_26.xlsx,CA
2026-01-16,"Primo Brands, Inc.",San Diego County,19.0,Layoff Permanent,,ca_2025_26.xlsx,CA
2026-01-20,Western Digital Technologies,Santa Clara County,87.0,Layoff Permanent,,ca_2025_26.xlsx,CA
2026-01-21,"Gilead Sciences, Inc.",San Diego County,34.0,Layoff Permanent,,ca_2025_26.xlsx,CA
2026-01-22,Corteva Agriscience,Contra Costa County,1.0,Layoff Permanent,,ca_2025_26.xlsx,CA
2026-01-14,"Illumina, Inc Worldwide Headquarters",San Diego County,1.0,Layoff Permanent,,ca_2025_26.xlsx,CA
2026-01-14,"Illumina, Inc. Worldwide Headquarters",San Diego County,4.0,Layoff Permanent,,ca_2025_26.xlsx,CA
2026-01-23,Autodesk,San Francisco County,104.0,Layoff Permanent,,ca_2025_26.xlsx,CA
2026-01-26,Phillips 66 - Wilmington,Los Angeles County,111.0,Closure Permanent,,ca_2025_26.xlsx,CA
2026-01-26,Phillips 66,Los Angeles County,44.0,Closure Permanent,,ca_2025_26.xlsx,CA
2026-01-27,"Schultz Industrial Services, Inc.",Los Angeles County,66.0,Closure Permanent,,ca_2025_26.xlsx,CA
2026-01-27,JBT Marel Corporation,Madera County,59.0,Closure Permanent,,ca_2025_26.xlsx,CA
2026-01-26,Google (BRGAS1265),Santa Clara County,1.0,Layoff Permanent,,ca_2025_26.xlsx,CA
2026-01-26,Google (HMBLT3),Santa Clara County,1.0,Layoff Permanent,,ca_2025_26.xlsx,CA
2026-01-26,Google (MP1),Santa Clara County,2.0,Layoff Permanent,,ca_2025_26.xlsx,CA
2026-01-26,Google (MP2),Santa Clara County,3.0,Layoff Permanent,,ca_2025_26.xlsx,CA
2026-01-26,Google (MP3),Santa Clara County,27.0,Layoff Permanent,,ca_2025_26.xlsx,CA
2026-01-26,Google (MP4),Santa Clara County,24.0,Layoff Permanent,,ca_2025_26.xlsx,CA
2026-01-26,Google (MPD237),Santa Clara County,19.0,Layoff Permanent,,ca_2025_26.xlsx,CA
2026-01-27,"Catholic Charities, Diocese of San Diego - Mission Valley ASIP",San Diego County,45.0,Layoff Permanent,,ca_2025_26.xlsx,CA
2026-01-27,"Catholic Charities, Diocese of San Diego - MG Suite A",San Diego County,7.0,Layoff Permanent,,ca_2025_26.xlsx,CA
2026-01-27,"Catholic Charities, Diocese of San Diego - MG Suite B",San Diego County,11.0,Layoff Permanent,,ca_2025_26.xlsx,CA
2026-01-27,"Catholic Charities, Diocese of San Diego - San Diego Migrant Shelter",San Diego County,7.0,Layoff Permanent,,ca_2025_26.xlsx,CA
2026-01-27,"Catholic Charities, Diocese of San Diego - Pastoral Center",San Diego County,6.0,Layoff Permanent,,ca_2025_26.xlsx,CA
2026-01-27,Thermo Fisher Scientific,San Diego County,173.0,Layoff Temporary,,ca_2025_26.xlsx,CA
2026-01-26,BEN Group. Inc (BENlabs),Los Angeles County,75.0,Closure Permanent,,ca_2025_26.xlsx,CA
2026-01-28,Amazon - MAB1,Los Angeles County,215.0,Closure Permanent,,ca_2025_26.xlsx,CA
2026-01-28,Amazon - MAB4,Los Angeles County,131.0,Closure Permanent,,ca_2025_26.xlsx,CA
2026-01-28,Amazon - MAB5,Los Angeles County,184.0,Closure Permanent,,ca_2025_26.xlsx,CA
2026-01-28,Amazon - MAC9,Los Angeles County,168.0,Closure Permanent,,ca_2025_26.xlsx,CA
2026-01-28,Amazon - MAF3,Los Angeles County,201.0,Closure Permanent,,ca_2025_26.xlsx,CA
2026-01-28,Amazon - MAF8,Los Angeles County,196.0,Closure Permanent,,ca_2025_26.xlsx,CA
2026-01-28,Amazon - MAF9,Los Angeles County,155.0,Closure Permanent,,ca_2025_26.xlsx,CA
2026-01-28,Amazon - MAG1,Los Angeles County,185.0,Closure Permanent,,ca_2025_26.xlsx,CA
2026-01-28,Amazon - MAK9,Los Angeles County,134.0,Closure Permanent,,ca_2025_26.xlsx,CA
2026-01-28,Amazon - MAB8,Orange County,191.0,Closure Permanent,,ca_2025_26.xlsx,CA
2026-01-28,Amazon - MAB9,Orange County,191.0,Closure Permanent,,ca_2025_26.xlsx,CA
2026-01-28,Amazon - MAC2,Orange County,175.0,Closure Permanent,,ca_2025_26.xlsx,CA
2026-01-28,Amazon - MBA6,Orange County,181.0,Closure Permanent,,ca_2025_26.xlsx,CA
2026-01-28,Amazon - MAQ9,Placer County,174.0,Closure Permanent,,ca_2025_26.xlsx,CA
2026-01-28,Amazon - MAH8,Riverside County,172.0,Closure Permanent,,ca_2025_26.xlsx,CA
2026-01-28,Amazon - MAI8,Riverside County,182.0,Closure Permanent,,ca_2025_26.xlsx,CA
2026-01-28,Amazon - MAJ8,Riverside County,160.0,Closure Permanent,,ca_2025_26.xlsx,CA
2026-01-28,Amazon - MAM9,Sacramento County,179.0,Closure Permanent,,ca_2025_26.xlsx,CA
2026-01-28,Amazon - MAQ8,Sacramento County,163.0,Closure Permanent,,ca_2025_26.xlsx,CA
2026-01-28,Amazon - MAF5,San Bernardino County,190.0,Closure Permanent,,ca_2025_26.xlsx,CA
2026-01-28,Amazon - MAO6,San Bernardino County,189.0,Closure Permanent,,ca_2025_26.xlsx,CA
2026-01-28,Amazon - MAM7,Ventura County,139.0,Closure Permanent,,ca_2025_26.xlsx,CA
2026-01-27,Pinterest Inc. (San Francisco),San Francisco County,98.0,Layoff Permanent,,ca_2025_26.xlsx,CA
2026-01-27,Pinterest Inc. (CA Remote),San Francisco County,4.0,Layoff Permanent,,ca_2025_26.xlsx,CA
2026-01-27,Pinterest Inc. (Palo Alto),Santa Clara County,16.0,Layoff Permanent,,ca_2025_26.xlsx,CA
2026-01-29,Shell Recharge Solutions,Los Angeles County,29.0,Layoff Permanent,,ca_2025_26.xlsx,CA
2026-01-26,"Innovation Bakers, LLC",Orange County,117.0,Layoff Permanent,,ca_2025_26.xlsx,CA
2026-01-28,First Foundation Inc.,Orange County,98.0,Layoff Permanent,,ca_2025_26.xlsx,CA
2026-01-30,"Mercury Systems, Inc.",Alameda County,18.0,Closure Permanent,,ca_2025_26.xlsx,CA
2026-01-29,Amazon (LAX10),Los Angeles County,2.0,Layoff Permanent,,ca_2025_26.xlsx,CA
2026-01-29,Amazon (LAX16),Los Angeles County,46.0,Layoff Permanent,,ca_2025_26.xlsx,CA
2026-01-29,Amazon (LAX78),Los Angeles County,45.0,Layoff Permanent,,ca_2025_26.xlsx,CA
2026-01-29,"Chan Zuckerberg Biohub, Inc.",San Francisco County,1.0,Layoff Permanent,,ca_2025_26.xlsx,CA
2026-01-29,"Chan Zuckerberg Initiative, LLC",San Mateo County,38.0,Layoff Permanent,,ca_2025_26.xlsx,CA
2026-01-29,"Chan Zuckerberg Initiative, LLC - Remote",San Mateo County,32.0,Layoff Permanent,,ca_2025_26.xlsx,CA
2026-01-29,Amazon (SJC25),Santa Clara County,43.0,Layoff Permanent,,ca_2025_26.xlsx,CA
2026-01-29,Amazon (SJC38),Santa Clara County,141.0,Layoff Permanent,,ca_2025_26.xlsx,CA
2026-01-29,Amazon (SJC44),Santa Clara County,49.0,Layoff Permanent,,ca_2025_26.xlsx,CA
2026-01-29,Amazon,Santa Clara County,72.0,Layoff Permanent,,ca_2025_26.xlsx,CA
2026-01-29,Amazon,Santa Clara County,32.0,Layoff Permanent,,ca_2025_26.xlsx,CA
2026-01-29,Amazon,Santa Clara County,3.0,Layoff Permanent,,ca_2025_26.xlsx,CA
2026-01-29,Amazon,Santa Clara County,11.0,Layoff Permanent,,ca_2025_26.xlsx,CA
2026-01-29,Amazon,Santa Clara County,58.0,Layoff Permanent,,ca_2025_26.xlsx,CA
2026-01-29,Amazon,Santa Clara County,87.0,Layoff Permanent,,ca_2025_26.xlsx,CA
2026-01-29,Amazon,Santa Clara County,81.0,Layoff Permanent,,ca_2025_26.xlsx,CA
2026-01-29,Amazon,Santa Clara County,89.0,Layoff Permanent,,ca_2025_26.xlsx,CA
2026-01-29,Amazon - SNA12,Orange County,5.0,Layoff Permanent,,ca_2025_26.xlsx,CA
2026-01-29,Amazon - SNA 16,Orange County,24.0,Layoff Permanent,,ca_2025_26.xlsx,CA
2026-01-29,Amazon - SNA 17,Orange County,1.0,Layoff Permanent,,ca_2025_26.xlsx,CA
2026-01-29,Amazon - SNA 20,Orange County,25.0,Layoff Permanent,,ca_2025_26.xlsx,CA
2026-01-29,Amazon - SNA 3,Orange County,34.0,Layoff Permanent,,ca_2025_26.xlsx,CA
2026-01-29,Amazon - SAN 13,San Diego County,38.0,Layoff Permanent,,ca_2025_26.xlsx,CA
2026-01-29,Amazon - SAN 15,San Diego County,1.0,Layoff Permanent,,ca_2025_26.xlsx,CA
2026-01-29,Amazon - SAN 17,San Diego County,19.0,Layoff Permanent,,ca_2025_26.xlsx,CA
2026-01-29,Amazon - SAN 18,San Diego County,13.0,Layoff Permanent,,ca_2025_26.xlsx,CA
2026-01-29,Amazon - SAN 21,San Diego County,2.0,Layoff Permanent,,ca_2025_26.xlsx,CA
2026-01-29,Amazon - SAN 3,San Diego County,1.0,Layoff Permanent,,ca_2025_26.xlsx,CA
2026-01-29,Amazon - SFO 13,San Francisco County,19.0,Layoff Permanent,,ca_2025_26.xlsx,CA
2026-01-29,Amazon - SFO 28,San Francisco County,84.0,Layoff Permanent,,ca_2025_26.xlsx,CA
2026-01-30,"MINACT, Inc.",San Francisco County,118.0,Layoff Temporary,,ca_2025_26.xlsx,CA
2026-02-02,Regal Rexnord,Fresno County,3.0,Closure Permanent,,ca_2025_26.xlsx,CA
2026-01-30,V2X - NASA Armstrong Flight Research Center MS 1714,Kern County,62.0,Closure Permanent,,ca_2025_26.xlsx,CA
2026-02-02,Phillips 66,Los Angeles County,82.0,Closure Permanent,,ca_2025_26.xlsx,CA
2026-02-02,Phillips 66,Los Angeles County,40.0,Closure Permanent,,ca_2025_26.xlsx,CA
2026-01-31,Legacy Supply Chain,Los Angeles County,8.0,Layoff Permanent,,ca_2025_26.xlsx,CA
2026-01-31,Legacy Supply Chain,Orange County,92.0,Layoff Permanent,,ca_2025_26.xlsx,CA
2026-01-31,Legacy Supply Chain,Riverside County,4.0,Layoff Permanent,,ca_2025_26.xlsx,CA
2026-01-31,Legacy Supply Chain,San Bernardino County,11.0,Layoff Permanent,,ca_2025_26.xlsx,CA
2026-01-31,Legacy Supply Chain,San Diego County,14.0,Layoff Permanent,,ca_2025_26.xlsx,CA
2026-02-02,"American Eagle Outfitters, Inc.",Orange County,108.0,Closure Permanent,,ca_2025_26.xlsx,CA
2026-01-30,Medical Device Components LLC dba Lighteum Medical,San Diego County,83.0,Layoff Permanent,,ca_2025_26.xlsx,CA
2026-01-31,"Intrepid Studios, Inc.",San Diego County,123.0,Closure Permanent,,ca_2025_26.xlsx,CA
2026-01-30,City National Bank,Los Angeles County,9.0,Layoff Not known at this time,,ca_2025_26.xlsx,CA
2026-02-03,"Constellation Brands, Inc.",Madera County,212.0,Layoff Permanent,,ca_2025_26.xlsx,CA
2026-02-02,"Meta Platforms, Inc. - 305 Constitution",San Mateo County,39.0,Layoff Permanent,,ca_2025_26.xlsx,CA
2026-02-02,"Meta Platforms, Inc. - 1 Hacker",San Mateo County,6.0,Layoff Permanent,,ca_2025_26.xlsx,CA
2026-02-02,"Meta Platforms, Inc. - 180 Jefferson",San Mateo County,2.0,Layoff Permanent,,ca_2025_26.xlsx,CA
2026-02-02,"Meta Platforms, Inc. - 190 Jefferson",San Mateo County,1.0,Layoff Permanent,,ca_2025_26.xlsx,CA
2026-02-02,"Meta Platforms, Inc. - 220 Jefferson",San Mateo County,2.0,Layoff Permanent,,ca_2025_26.xlsx,CA
2026-02-02,"Meta Platforms, Inc.",Santa Clara County,52.0,Layoff Permanent,,ca_2025_26.xlsx,CA
2026-01-27,"Western Digital Technologies, Inc.",Santa Clara County,47.0,Layoff Permanent,,ca_2025_26.xlsx,CA
2026-02-03,"First Brands Group, LLC",Stanislaus County,98.0,Closure Permanent,,ca_2025_26.xlsx,CA
2025-06-26,"genentech, Inc.",San Mateo County,141.0,Layoff Permanent,,ca_2025_26.xlsx,CA
2025-09-15,San Bruno CityNet Services,San Mateo County,13.0,Closure Permanent,,ca_2025_26.xlsx,CA
2026-02-03,"Small Precision Tools California, Inc.",Sonoma County,30.0,Layoff Permanent,,ca_2025_26.xlsx,CA
2026-02-03,HRL Laboratories,Los Angeles County,258.0,Layoff Permanent,,ca_2025_26.xlsx,CA
2026-02-03,HRL Laboratories,Los Angeles County,50.0,Layoff Permanent,,ca_2025_26.xlsx,CA
2026-02-03,HRL Laboratories,Los Angeles County,21.0,Layoff Permanent,,ca_2025_26.xlsx,CA
2026-02-03,HRL Laboratories (Remote),Los Angeles County,8.0,Layoff Permanent,,ca_2025_26.xlsx,CA
2026-02-03,HRL Laboratories,Ventura County,4.0,Layoff Permanent,,ca_2025_26.xlsx,CA
2026-02-03,HRL Laboratories,Ventura County,35.0,Layoff Permanent,,ca_2025_26.xlsx,CA
2026-02-04,Workday Inc.,Alameda County,154.0,Layoff Permanent,,ca_2025_26.xlsx,CA
2026-02-05,"Medtronic, Inc.",Los Angeles County,81.0,Layoff Permanent,,ca_2025_26.xlsx,CA
2025-08-28,"Natron Energy, Inc.",Santa Clara County,58.0,Closure Permanent,,ca_2025_26.xlsx,CA
2026-02-05,"Liberty Dental Plan of California, Inc.",Orange County,22.0,Layoff Permanent,,ca_2025_26.xlsx,CA
2026-02-04,RSVC Company (3051 Myers Street),Riverside County,13.0,Closure Permanent,,ca_2025_26.xlsx,CA
2026-02-04,RSVC Company (1825 Chicago Avenue),Riverside County,114.0,Closure Permanent,,ca_2025_26.xlsx,CA
2026-01-30,Del Monte Foods Corporation II Inc - Modesto,Stanislaus County,765.0,Closure Permanent,,ca_2025_26.xlsx,CA
2026-01-30,Del Monte Foods Corporation II Inc. - Hughson,Stanislaus County,11.0,Closure Permanent,,ca_2025_26.xlsx,CA
2026-01-23,"Super A Foods, Inc.",Los Angeles County,20.0,Closure Permanent,,ca_2025_26.xlsx,CA
2026-02-06,Searles Valley Minerals,San Bernardino County,270.0,Layoff Permanent,,ca_2025_26.xlsx,CA
2026-02-06,Fender Musical Instruments Corporation,Riverside County,60.0,Layoff Permanent,,ca_2025_26.xlsx,CA
2026-02-09,Riot Games,Los Angeles County,56.0,Layoff Permanent,,ca_2025_26.xlsx,CA
2026-02-06,Johns Manville,Glenn County,90.0,Closure Temporary,,ca_2025_26.xlsx,CA
2026-02-10,Clari Inc.,Santa Clara County,76.0,Layoff Permanent,,ca_2025_26.xlsx,CA
2026-02-11,Yanfeng International Automotive Technology US I LLC,Alameda County,43.0,Layoff Permanent,,ca_2025_26.xlsx,CA
2026-02-11,"Molina Healthcare, Inc.",Los Angeles County,156.0,Layoff Permanent,,ca_2025_26.xlsx,CA
2026-02-10,"Frito-Lay, Inc.",San Bernardino County,248.0,Closure Permanent,,ca_2025_26.xlsx,CA
2026-02-12,E.J. Gallo Winery - The Ranch Winery,Napa County,56.0,Closure Permanent,,ca_2025_26.xlsx,CA
2026-02-13,"Main Street Sports Group, LLC",Los Angeles County,97.0,Closure Permanent,,ca_2025_26.xlsx,CA
2026-02-13,Outdoor Research,Los Angeles County,50.0,Closure Permanent,,ca_2025_26.xlsx,CA
2026-02-13,LPL Financial LLC,San Diego County,72.0,Layoff Permanent,,ca_2025_26.xlsx,CA
2026-02-12,"Harbinger Production, Inc.",Solano County,290.0,Layoff Permanent,,ca_2025_26.xlsx,CA
2026-02-12,E.J. Gallo Winery - Louis M. Martini Winery,Napa County,15.0,Layoff Permanent,,ca_2025_26.xlsx,CA
2026-02-12,E. J. Gallo Wineries - Orin Swift Tasting Room,Napa County,2.0,Layoff Permanent,,ca_2025_26.xlsx,CA
2026-02-12,E. J. Gallo Wineries - J Vineyards & Winery,Sonoma County,11.0,Layoff Permanent,,ca_2025_26.xlsx,CA
2026-02-12,E. J. Gallo Wineries - Frei Ranch,Sonoma County,9.0,Layoff Permanent,,ca_2025_26.xlsx,CA
2026-02-17,California Resources Corporation (Ming),Kern County,9.0,Layoff Permanent,,ca_2025_26.xlsx,CA
2026-02-17,California Resources Corporation - (River Run),Kern County,46.0,Layoff Permanent,,ca_2025_26.xlsx,CA
2026-02-13,Topanga Social Manager. LLC - Topanga Social Food Hall,Los Angeles County,131.0,Closure Permanent,,ca_2025_26.xlsx,CA
2026-02-12,Renova Energy Corporation,Riverside County,49.0,Closure Permanent,,ca_2025_26.xlsx,CA
2026-02-16,"Red O La Jolla, LCC",San Diego County,91.0,Closure Permanent,,ca_2025_26.xlsx,CA
2026-02-18,Corteva Agriscience LLC,Contra Costa County,3.0,Closure Permanent,,ca_2025_26.xlsx,CA
2026-02-13,De La Pena Eye Clinic - DLP Commerce,Los Angeles County,38.0,Closure Permanent,,ca_2025_26.xlsx,CA
2026-02-13,De La Pena Eye Clinic - DLP El Monte,Los Angeles County,5.0,Closure Permanent,,ca_2025_26.xlsx,CA
2026-02-13,De La Pena Eye Clinic - DLP Huntington Park,Los Angeles County,15.0,Closure Permanent,,ca_2025_26.xlsx,CA
2026-02-13,De La Pena Eye Clinic - DLP Long Beach,Los Angeles County,3.0,Closure Permanent,,ca_2025_26.xlsx,CA
2026-02-13,De La Pena Eye Clinic - DLP Los Angeles,Los Angeles County,12.0,Closure Permanent,,ca_2025_26.xlsx,CA
2026-02-13,De La Pena Eye Clinic - DLP Montebello,Los Angeles County,38.0,Closure Permanent,,ca_2025_26.xlsx,CA
2026-02-13,De La Pena Eye Clinic - DLP Van Nuys,Los Angeles County,19.0,Closure Permanent,,ca_2025_26.xlsx,CA
2026-02-13,De La Pena Eye Clinic - DLP Santa Ana,Orange County,6.0,Closure Permanent,,ca_2025_26.xlsx,CA
2026-02-13,Med-Laser Surgical Center LLC,Los Angeles County,22.0,Closure Permanent,,ca_2025_26.xlsx,CA
2026-02-19,Wescom Financial,Los Angeles County,15.0,Layoff Permanent,,ca_2025_26.xlsx,CA
2026-02-19,Wescom Financial,Los Angeles County,1.0,Layoff Permanent,,ca_2025_26.xlsx,CA
2026-02-19,Wescom Financial,Los Angeles County,1.0,Layoff Permanent,,ca_2025_26.xlsx,CA
2026-02-19,Wescom Financial,Los Angeles County,1.0,Layoff Permanent,,ca_2025_26.xlsx,CA
2026-02-19,Wescom Financial,Los Angeles County,1.0,Layoff Permanent,,ca_2025_26.xlsx,CA
2026-02-19,Wescom Financial,Monterey County,2.0,Layoff Permanent,,ca_2025_26.xlsx,CA
2026-02-19,Wescom Financial,Monterey County,1.0,Layoff Permanent,,ca_2025_26.xlsx,CA
2026-02-19,Wescom Financial,Orange County,40.0,Layoff Permanent,,ca_2025_26.xlsx,CA
2026-02-19,Wescom Financial,Orange County,1.0,Layoff Permanent,,ca_2025_26.xlsx,CA
2026-02-19,Wescom Financial,Orange County,1.0,Layoff Permanent,,ca_2025_26.xlsx,CA
2026-02-19,Wescom Financial,Orange County,1.0,Layoff Permanent,,ca_2025_26.xlsx,CA
2026-02-19,Wescom Financial,Orange County,1.0,Layoff Permanent,,ca_2025_26.xlsx,CA
2026-02-19,Wescom Financial,Riverside County,1.0,Layoff Permanent,,ca_2025_26.xlsx,CA
2026-02-19,Wescom Financial,San Bernardino County,1.0,Layoff Permanent,,ca_2025_26.xlsx,CA
2026-02-19,Wescom Financial,San Bernardino County,1.0,Layoff Permanent,,ca_2025_26.xlsx,CA
2026-02-19,Wescom Financial,Ventura County,1.0,Layoff Permanent,,ca_2025_26.xlsx,CA
2026-02-19,Wescom Financial,Ventura County,1.0,Layoff Permanent,,ca_2025_26.xlsx,CA
2026-02-19,Wescom Financial,Ventura County,1.0,Layoff Permanent,,ca_2025_26.xlsx,CA
2026-02-12,Jackson Family Wines (Carneros Hills Winery),Sonoma County,13.0,Closure Permanent,,ca_2025_26.xlsx,CA
2026-02-20,"Lucid Group, Inc.",Alameda County,319.0,Layoff Permanent,,ca_2025_26.xlsx,CA
2026-02-20,Tony's Fine Foods,Riverside County,24.0,Closure Permanent,,ca_2025_26.xlsx,CA
2026-02-20,Wells Fargo,San Francisco County,21.0,Layoff Permanent,,ca_2025_26.xlsx,CA
2026-02-20,Raley's,Contra Costa County,43.0,Closure Permanent,,ca_2025_26.xlsx,CA
2026-02-23,"C3.ai, Inc.",San Mateo County,71.0,Layoff Permanent,,ca_2025_26.xlsx,CA
2026-02-21,Ferrara Candy Company (One Jelly Belly),Solano County,2.0,Layoff Permanent,,ca_2025_26.xlsx,CA
2026-02-21,Ferrara Candy Company (2400),Solano County,17.0,Layoff Permanent,,ca_2025_26.xlsx,CA
2026-02-21,Ferrara Candy Company (2500),Solano County,33.0,Layoff Permanent,,ca_2025_26.xlsx,CA
2026-02-21,Ferrara Candy Company (2385),Solano County,16.0,Layoff Permanent,,ca_2025_26.xlsx,CA
2026-02-21,Ferrara Candy Company (Courage Drive),Solano County,1.0,Layoff Permanent,,ca_2025_26.xlsx,CA
2026-02-23,"Safari West, Inc.",Sonoma County,134.0,Closure Permanent,,ca_2025_26.xlsx,CA
2026-02-24,VCA Bay Area Veterinary Specialists & Emergency Hospital,Alameda County,91.0,Closure Permanent,,ca_2025_26.xlsx,CA
2026-02-13,Commute is Great Logistics LLC,Kern County,132.0,Closure Permanent,,ca_2025_26.xlsx,CA
2026-02-24,Lumileds LLC,Santa Clara County,24.0,Closure Permanent,,ca_2025_26.xlsx,CA
2026-02-24,Riot Games,Los Angeles County,26.0,Layoff Permanent,,ca_2025_26.xlsx,CA
2026-02-25,Angel City Brewery,Los Angeles County,66.0,Closure Permanent,,ca_2025_26.xlsx,CA
2026-01-06,"Med-Pharmex, Inc.",Los Angeles County,130.0,Closure Permanent,,ca_2025_26.xlsx,CA
2026-02-25,eBay - San Francisco,San Francisco County,28.0,Layoff Permanent,,ca_2025_26.xlsx,CA
2026-02-25,eBay Inc.,Santa Clara County,243.0,Layoff Permanent,,ca_2025_26.xlsx,CA
2026-02-26,Anaheim Transportation Network,Orange County,132.0,Closure Permanent,,ca_2025_26.xlsx,CA
2026-02-26,Del Monte Foods Corporation II Inc.,Stanislaus County,21.0,Layoff Permanent,,ca_2025_26.xlsx,CA
2026-02-24,"Monroe Operations, LLC dba Newport Healthcare",Alameda County,30.0,Closure Permanent,,ca_2025_26.xlsx,CA
2026-02-24,"Monroe Operations, LLC dba Newport Healthcare",Alameda County,16.0,Closure Permanent,,ca_2025_26.xlsx,CA
2026-02-27,FreshKO Produce Services LLC,Fresno County,58.0,Closure Permanent,,ca_2025_26.xlsx,CA
2026-02-27,"CJ Logistics America, LLC",San Bernardino County,71.0,Layoff Permanent,,ca_2025_26.xlsx,CA
2026-02-27,Raytheon,Los Angeles County,55.0,Layoff Permanent,,ca_2025_26.xlsx,CA
2026-02-27,Foods Co #784,Fresno County,49.0,Closure Permanent,,ca_2025_26.xlsx,CA
2026-02-02,"IPIC Theaters, LLC - Westwood",Los Angeles County,103.0,Closure Permanent,,ca_2025_26.xlsx,CA
2026-02-02,"IPIC Theaters, LLC - Pasadena",Los Angeles County,91.0,Closure Permanent,,ca_2025_26.xlsx,CA
2026-02-27,"Supernal, LLC",Alameda County,48.0,Layoff Permanent,,ca_2025_26.xlsx,CA
2026-02-27,"Supernal, LLC",Kern County,13.0,Layoff Permanent,,ca_2025_26.xlsx,CA
2026-02-27,"Supernal, LLC",Kern County,1.0,Layoff Permanent,,ca_2025_26.xlsx,CA
2026-02-27,"Supernal, LLC (15555 Laguna Canyon Road)",Orange County,176.0,Layoff Permanent,,ca_2025_26.xlsx,CA
2026-02-27,"Supernal, LLC. (117 Waterworks Way)",Orange County,58.0,Layoff Permanent,,ca_2025_26.xlsx,CA
2026-02-27,Foods Co #371,Sacramento County,58.0,Closure Permanent,,ca_2025_26.xlsx,CA
2026-03-02,The Vons Companies Inc.,San Diego County,65.0,Closure Permanent,,ca_2025_26.xlsx,CA
2026-02-27,Food 4 Less #364,Los Angeles County,64.0,Closure Permanent,,ca_2025_26.xlsx,CA
2026-02-26,David & Margaret,Los Angeles County,83.0,Layoff Permanent,,ca_2025_26.xlsx,CA
2026-03-02,"Salesforce, Inc.",San Francisco County,51.0,Layoff Permanent,,ca_2025_26.xlsx,CA
2026-03-04,"MedImpact Healthcare Systems, Inc.",San Diego County,125.0,Layoff Permanent,,ca_2025_26.xlsx,CA
2026-03-03,Wells Fargo,San Francisco County,6.0,Layoff Permanent,,ca_2025_26.xlsx,CA
2026-02-26,Foreside Home Care & Nursing,Orange County,300.0,Closure Permanent,,ca_2025_26.xlsx,CA
2026-03-04,Kintetsu World Express,San Diego County,5.0,Closure Permanent,,ca_2025_26.xlsx,CA
2026-03-06,Saks & Company LLC,Los Angeles County,97.0,Closure Permanent,,ca_2025_26.xlsx,CA
2026-03-06,Saks & Company LLC,Orange County,76.0,Closure Permanent,,ca_2025_26.xlsx,CA
2026-03-06,Saks & Company LLC,Riverside County,58.0,Closure Permanent,,ca_2025_26.xlsx,CA
2026-03-05,Liberty Dental Plan Corporation,Orange County,16.0,Layoff Permanent,,ca_2025_26.xlsx,CA
2026-03-06,KBR Services LLC,San Bernardino County,758.0,Layoff Permanent,,ca_2025_26.xlsx,CA
2026-03-05,Endologix LLC,Santa Clara County,23.0,Closure Permanent,,ca_2025_26.xlsx,CA
2026-03-05,Endologix LLC,Santa Clara County,6.0,Closure Permanent,,ca_2025_26.xlsx,CA
2026-03-05,Endologix LLC,Santa Clara County,2.0,Closure Permanent,,ca_2025_26.xlsx,CA
2026-03-09,Sky Chefs' Customer Service Center,San Bernardino County,14.0,Closure Permanent,,ca_2025_26.xlsx,CA
2026-03-11,Experian,Orange County,28.0,Layoff Permanent,,ca_2025_26.xlsx,CA
2026-03-12,Sanitation Specialists,Alameda County,21.0,Closure Permanent,,ca_2025_26.xlsx,CA
2026-03-11,Union of Pan Asian Communities (Neighborhood Enterprise Center),San Diego County,16.0,Closure Permanent,,ca_2025_26.xlsx,CA
2026-03-11,"Atlassian US, Inc.",San Francisco County,252.0,Layoff Permanent,,ca_2025_26.xlsx,CA
2026-03-12,Sanitation Specialists,San Mateo County,15.0,Closure Permanent,,ca_2025_26.xlsx,CA
2026-03-06,American Eagle Flights (Santa Maria Airport),Santa Barbara County,20.0,Closure Permanent,,ca_2025_26.xlsx,CA
2026-03-11,Westside Equipment Co. (OXBO),Stanislaus County,2.0,Closure Permanent,,ca_2025_26.xlsx,CA
2026-03-13,Blue Shield of California,Alameda County,7.0,Layoff Permanent,,ca_2025_26.xlsx,CA
2026-03-13,Blue Shield of California (Building C),El Dorado County,5.0,Layoff Permanent,,ca_2025_26.xlsx,CA
2026-03-13,Blue Shield of California (Building B),El Dorado County,7.0,Layoff Permanent,,ca_2025_26.xlsx,CA
2026-03-13,Blue Shield of California,Los Angeles County,14.0,Layoff Permanent,,ca_2025_26.xlsx,CA
2026-03-13,Blue Shield of California,Los Angeles County,8.0,Layoff Permanent,,ca_2025_26.xlsx,CA
2026-03-13,Blue Shield of California,Sacramento County,6.0,Layoff Permanent,,ca_2025_26.xlsx,CA
2026-03-13,Blue Shield of California,San Diego County,3.0,Layoff Permanent,,ca_2025_26.xlsx,CA
2026-03-13,Blue Shield of California,San Joaquin County,17.0,Layoff Permanent,,ca_2025_26.xlsx,CA
2026-03-13,Blue Shield of California,Shasta County,2.0,Layoff Permanent,,ca_2025_26.xlsx,CA
2026-03-16,Calvary Murrieta Christian School,Riverside County,74.0,Closure Permanent,,ca_2025_26.xlsx,CA
2026-03-17,Corteva Agriscience,Contra Costa County,3.0,Layoff Permanent,,ca_2025_26.xlsx,CA
2026-02-27,Heritage Bank of Commerce (Livermore),Alameda County,1.0,Layoff Permanent,,ca_2025_26.xlsx,CA
2026-02-27,Heritage Bank of Commerce (Oakland),Alameda County,1.0,Layoff Permanent,,ca_2025_26.xlsx,CA
2026-02-27,Heritage Bank of Commerce (Danville),Contra Costa County,4.0,Layoff Permanent,,ca_2025_26.xlsx,CA
2026-02-27,Heritage Bank of Commerce (Walnut Creek),Contra Costa County,4.0,Layoff Permanent,,ca_2025_26.xlsx,CA
2026-02-27,Heritage Bank of Commerce (San Rafael),Marin County,3.0,Layoff Permanent,,ca_2025_26.xlsx,CA
2026-02-27,Heritage Bank of Commerce (Hollister),San Benito County,1.0,Layoff Permanent,,ca_2025_26.xlsx,CA
2026-02-27,Heritage Bank of Commerce (San Francisco),San Francisco County,3.0,Layoff Permanent,,ca_2025_26.xlsx,CA
2026-02-27,Heritage Bank of Commerce (Mateo),San Mateo County,5.0,Layoff Permanent,,ca_2025_26.xlsx,CA
2026-02-27,Heritage Bank of Commerce (San Jose),Santa Clara County,85.0,Layoff Permanent,,ca_2025_26.xlsx,CA
2026-02-27,Heritage Bank of Commerce (Los Altos),Santa Clara County,1.0,Layoff Permanent,,ca_2025_26.xlsx,CA
2026-02-27,Heritage Bank of Commerce (Morgan Hill),Santa Clara County,1.0,Layoff Permanent,,ca_2025_26.xlsx,CA
2026-02-27,Heritage Bank of Commerce (Remote-San Jose),Santa Clara County,12.0,Layoff Permanent,,ca_2025_26.xlsx,CA
2026-03-17,Experian (Experian Health and Experian Information Solutions),Orange County,5.0,Layoff Permanent,,ca_2025_26.xlsx,CA
2026-03-12,Total Storage Solutions (Best RV & Self Storage),Los Angeles County,3.0,Layoff Permanent,,ca_2025_26.xlsx,CA
2026-03-12,Total Storage Solutions (Crenshaw Self Storage),Los Angeles County,2.0,Layoff Permanent,,ca_2025_26.xlsx,CA
2026-03-12,Total Storage Solutions (El Monte Stor It Now),Los Angeles County,3.0,Layoff Permanent,,ca_2025_26.xlsx,CA
2026-03-12,Total Storage Solutions (Studebaker Self Storage),Los Angeles County,3.0,Layoff Permanent,,ca_2025_26.xlsx,CA
2026-03-12,Total Storage Solutions (Arcadia 210 Self Storage),Los Angeles County,1.0,Layoff Permanent,,ca_2025_26.xlsx,CA
2026-03-12,Total Storage Solutions (All Size Self Storage),Orange County,3.0,Layoff Permanent,,ca_2025_26.xlsx,CA
2026-03-12,Total Storage Solutions (All Size Laguna Niguel),Orange County,3.0,Layoff Permanent,,ca_2025_26.xlsx,CA
2026-03-12,Total Storage Solutions (Garden Grove Secured Storage),Orange County,3.0,Layoff Permanent,,ca_2025_26.xlsx,CA
2026-03-12,Total Storage Solutions (Townsend Self Storage),Orange County,3.0,Layoff Permanent,,ca_2025_26.xlsx,CA
2026-03-12,Total Storage Solutions (Airport Mini Storage),Riverside County,3.0,Layoff Permanent,,ca_2025_26.xlsx,CA
2026-03-12,Total Storage Solutions (Aware Self Storage),Riverside County,2.0,Layoff Permanent,,ca_2025_26.xlsx,CA
2026-03-12,Total Storage Solutions (Beaumont RV & Self Storage),Riverside County,3.0,Layoff Permanent,,ca_2025_26.xlsx,CA
2026-03-12,Total Storage Solutions (Beaumont Self Storage),Riverside County,3.0,Layoff Permanent,,ca_2025_26.xlsx,CA
2026-03-12,Total Storage Solutions (Jefferson Self Storage),Riverside County,4.0,Layoff Permanent,,ca_2025_26.xlsx,CA
2026-03-12,Total Storage Solutions (Sun City Mini Storage),Riverside County,3.0,Layoff Permanent,,ca_2025_26.xlsx,CA
2026-03-12,Total Storage Solutions (Tri-City Self Storage),Riverside County,3.0,Layoff Permanent,,ca_2025_26.xlsx,CA
2026-03-12,Total Storage Solutions (Western States Self Storage),Riverside County,3.0,Layoff Permanent,,ca_2025_26.xlsx,CA
2026-03-12,Total Storage Solutions (Riverside Self Storage),Riverside County,4.0,Layoff Permanent,,ca_2025_26.xlsx,CA
2026-03-12,Total Storage Solutions (E Street Self Storage),San Bernardino County,2.0,Layoff Permanent,,ca_2025_26.xlsx,CA
2026-03-12,Total Storage Solutions (Citrus Plaza Self Storage),San Diego County,2.0,Layoff Permanent,,ca_2025_26.xlsx,CA
2026-03-18,"Lodging Dynamics Hospitality Group, LLC (Courtyard & TownePlace Suites)",Los Angeles County,97.0,Layoff Permanent,,ca_2025_26.xlsx,CA
2026-03-18,"Lodging Dynamics Hospitality Group, LLC (Midici Restaurant)",Los Angeles County,9.0,Layoff Permanent,,ca_2025_26.xlsx,CA
2026-03-18,"Lodging Dynamics Hospitality Group, LLC (Hilton Garden Inn)",Los Angeles County,36.0,Layoff Permanent,,ca_2025_26.xlsx,CA
2026-03-18,"Lodging Dynamics Hospitality Group, LLC (Residence Inn)",Los Angeles County,43.0,Layoff Permanent,,ca_2025_26.xlsx,CA
2026-03-18,"Lodging Dynamics Hospitality Group, LLC (Homewood Suites)",Los Angeles County,51.0,Layoff Permanent,,ca_2025_26.xlsx,CA
2026-03-20,NSI-Lynn Electronics,Orange County,52.0,Closure Permanent,,ca_2025_26.xlsx,CA
2026-03-18,"ERN Services, Inc.",Los Angeles County,74.0,Layoff Permanent,,ca_2025_26.xlsx,CA
2026-03-19,Waymakers,Orange County,67.0,Layoff Permanent,,ca_2025_26.xlsx,CA
2026-03-19,Waymakers,Orange County,3.0,Layoff Permanent,,ca_2025_26.xlsx,CA
2026-03-19,SSP America,Sacramento County,44.0,Closure Permanent,,ca_2025_26.xlsx,CA
2026-03-20,"Primo Brands, Inc.",Orange County,23.0,Layoff Permanent,,ca_2025_26.xlsx,CA
2026-03-20,City National Bank (555 S. Flower Street),Los Angeles County,9.0,Layoff Not known at this time,,ca_2025_26.xlsx,CA
2026-03-20,City National Bank (350 S. Grand Ave.),Los Angeles County,3.0,Layoff Not known at this time,,ca_2025_26.xlsx,CA
2026-03-23,"Synopsys, Inc.",Santa Clara County,55.0,Layoff Permanent,,ca_2025_26.xlsx,CA
2026-03-19,"Summit Funding, Inc.",Sacramento County,163.0,Layoff Permanent,,ca_2025_26.xlsx,CA
2026-03-23,Pernod Ricard Kenwood Holding LLC,Sonoma County,14.0,Closure Permanent,,ca_2025_26.xlsx,CA
2026-03-23,"Mattel, Inc.",Los Angeles County,65.0,Layoff Permanent,,ca_2025_26.xlsx,CA
2026-03-25,"MAG Brand Group, LLC",Los Angeles County,53.0,Closure Permanent,,ca_2025_26.xlsx,CA
2026-03-23,Nob Hill Foods,Santa Clara County,50.0,Closure Permanent,,ca_2025_26.xlsx,CA
2026-03-23,Experian,Orange County,35.0,Layoff Permanent,,ca_2025_26.xlsx,CA
2026-03-24,"Bedabox, LLC (dba ShipMonk)",San Bernardino County,145.0,Closure Permanent,,ca_2025_26.xlsx,CA
2026-03-25,Comprehensive Autism Center,Riverside County,27.0,Closure Permanent,,ca_2025_26.xlsx,CA
2026-03-25,Comprehensive Autism Center,San Diego County,35.0,Closure Permanent,,ca_2025_26.xlsx,CA
2026-03-25,"Gilead Sciences, Inc.",San Mateo County,51.0,Layoff Permanent,,ca_2025_26.xlsx,CA
2026-03-26,DASH Industries,Sacramento County,80.0,Closure Permanent,,ca_2025_26.xlsx,CA
2026-03-26,"Kay and Associates, Inc.",San Diego County,103.0,Layoff Permanent,,ca_2025_26.xlsx,CA
2026-03-26,Welcome Palm Springs LLC dba Riviera Resort & Spa Palm Springs,Riverside County,233.0,Layoff Permanent,,ca_2025_26.xlsx,CA
2026-03-27,Rb Wine Associates LLC dba Rack & Riddle,San Joaquin County,32.0,Closure Permanent,,ca_2025_26.xlsx,CA
2026-03-30,"Sentinel Transportation, LLC",Butte County,10.0,Layoff Permanent,,ca_2025_26.xlsx,CA
2026-03-30,"Sentinel Transportation, LLC",Calaveras County,3.0,Layoff Permanent,,ca_2025_26.xlsx,CA
2026-03-30,"Sentinel Transportation, LLC",Colusa County,3.0,Layoff Permanent,,ca_2025_26.xlsx,CA
2026-03-30,"Sentinel Transportation, LLC",Contra Costa County,7.0,Layoff Permanent,,ca_2025_26.xlsx,CA
2026-03-30,"Sentinel Transportation, LLC",El Dorado County,2.0,Layoff Permanent,,ca_2025_26.xlsx,CA
2026-03-30,"Sentinel Transportation, LLC",Glenn County,3.0,Layoff Permanent,,ca_2025_26.xlsx,CA
2026-03-30,"Sentinel Transportation, LLC",Los Angeles County,2.0,Layoff Permanent,,ca_2025_26.xlsx,CA
2026-03-30,"Sentinel Transportation, LLC",Merced County,1.0,Layoff Permanent,,ca_2025_26.xlsx,CA
2026-03-30,"Sentinel Transportation, LLC",Nevada County,3.0,Layoff Permanent,,ca_2025_26.xlsx,CA
2026-03-30,"Sentinel Transportation, LLC",Plumas County,3.0,Layoff Permanent,,ca_2025_26.xlsx,CA
2026-03-30,"Sentinel Transportation, LLC",Sacramento County,24.0,Layoff Permanent,,ca_2025_26.xlsx,CA
2026-03-30,"Sentinel Transportation, LLC",Sacramento County,3.0,Layoff Permanent,,ca_2025_26.xlsx,CA
2026-03-30,"Sentinel Transportation, LLC",San Joaquin County,2.0,Layoff Permanent,,ca_2025_26.xlsx,CA
2026-03-30,"Sentinel Transportation, LLC",Santa Clara County,2.0,Layoff Permanent,,ca_2025_26.xlsx,CA
2026-03-30,"Sentinel Transportation, LLC",Santa Clara County,2.0,Layoff Permanent,,ca_2025_26.xlsx,CA
2026-03-30,"Sentinel Transportation, LLC",Shasta County,5.0,Layoff Permanent,,ca_2025_26.xlsx,CA
2026-03-30,"Sentinel Transportation, LLC",Solano County,5.0,Layoff Permanent,,ca_2025_26.xlsx,CA
2026-03-30,"Sentinel Transportation, LLC",Solano County,4.0,Layoff Permanent,,ca_2025_26.xlsx,CA
2026-03-30,"Sentinel Transportation, LLC",Stanislaus County,24.0,Layoff Permanent,,ca_2025_26.xlsx,CA
2026-03-30,"Sentinel Transportation, LLC",Stanislaus County,1.0,Layoff Permanent,,ca_2025_26.xlsx,CA
2026-03-30,"Sentinel Transportation, LLC",Sutter County,1.0,Layoff Permanent,,ca_2025_26.xlsx,CA
2026-03-30,"Sentinel Transportation, LLC",Tehama County,1.0,Layoff Permanent,,ca_2025_26.xlsx,CA
2026-03-30,"Sentinel Transportation, LLC",Tuolumne County,3.0,Layoff Permanent,,ca_2025_26.xlsx,CA
2026-03-30,"Sentinel Transportation, LLC",Yolo County,8.0,Layoff Permanent,,ca_2025_26.xlsx,CA
2026-03-30,"Sentinel Transportation, LLC",Yuba County,4.0,Layoff Permanent,,ca_2025_26.xlsx,CA
2026-03-30,F10 Oceanside LLC,San Diego County,58.0,Closure Permanent,,ca_2025_26.xlsx,CA
2026-03-30,John Adams Academy - El Dorado,El Dorado County,6.0,Layoff Permanent,,ca_2025_26.xlsx,CA
2026-03-30,John Adams Academy,Placer County,13.0,Closure Permanent,,ca_2025_26.xlsx,CA
2026-03-30,John Adams academy,Placer County,49.0,Layoff Permanent,,ca_2025_26.xlsx,CA
2026-03-30,"Meta Platforms, Inc.",San Mateo County,124.0,Layoff Permanent,,ca_2025_26.xlsx,CA
2026-03-30,"Meta Platforms, Inc.",Santa Clara County,74.0,Layoff Permanent,,ca_2025_26.xlsx,CA
2026-03-30,Experian,Orange County,3.0,Layoff Permanent,,ca_2025_26.xlsx,CA
2026-04-01,"Oracle America, Inc.",Alameda County,158.0,Layoff Permanent,,ca_2025_26.xlsx,CA
2026-04-01,Morgan Technical Ceramics,Alameda County,94.0,Closure Permanent,,ca_2025_26.xlsx,CA
2026-04-01,"Oracle America, Inc.",Los Angeles County,50.0,Layoff Permanent,,ca_2025_26.xlsx,CA
2026-04-01,"Oracle America, Inc.",San Mateo County,310.0,Layoff Permanent,,ca_2025_26.xlsx,CA
2026-04-01,"Oracle America, Inc.",Santa Clara County,184.0,Layoff Permanent,,ca_2025_26.xlsx,CA
2026-03-27,Crittenton (100 E. Valley View),Orange County,81.0,Closure Permanent,,ca_2025_26.xlsx,CA
2026-03-27,Crittenton (600 N. Harbor Blvd),Orange County,26.0,Closure Permanent,,ca_2025_26.xlsx,CA
2026-03-27,Crittenton (201 W. Amerige Ave),Orange County,37.0,Closure Permanent,,ca_2025_26.xlsx,CA
2026-04-01,Think Together,Riverside County,114.0,Layoff Permanent,,ca_2025_26.xlsx,CA
2026-04-02,Qualcomm Incorporated (5775 Morehouse Drive),San Diego County,19.0,Layoff Permanent,,ca_2025_26.xlsx,CA
2026-04-02,Qualcomm Incorporated (5565 Morehouse Drive),San Diego County,13.0,Layoff Permanent,,ca_2025_26.xlsx,CA
2026-04-02,Qualcomm Incorporated (6455 Lusk Blvd),San Diego County,5.0,Layoff Permanent,,ca_2025_26.xlsx,CA
2026-04-02,Qualcomm Incorporated (5545 Morehouse Drive),San Diego County,15.0,Layoff Permanent,,ca_2025_26.xlsx,CA
2026-04-02,Qualcomm Incorporated (5745 Pacific Center Blvd),San Diego County,2.0,Layoff Permanent,,ca_2025_26.xlsx,CA
2026-04-02,Qualcomm Incorporated (10185 McKellar Court),San Diego County,4.0,Layoff Permanent,,ca_2025_26.xlsx,CA
2026-04-02,Qualcomm Incorporated (10350 Sorrento Valley Road),San Diego County,3.0,Layoff Permanent,,ca_2025_26.xlsx,CA
2026-04-02,Qualcomm Incorporated (5737 Pacific Center Blvd),San Diego County,1.0,Layoff Permanent,,ca_2025_26.xlsx,CA
2026-04-02,Qualcomm Incorporated (4243 Campus Point Ct),San Diego County,1.0,Layoff Permanent,,ca_2025_26.xlsx,CA
2026-04-02,Qualcomm Incorporated (10001 Pacific Heights Blvd),San Diego County,2.0,Layoff Permanent,,ca_2025_26.xlsx,CA
2026-04-02,Qualcomm Incorporated (5535 Morehouse Drive),San Diego County,2.0,Layoff Permanent,,ca_2025_26.xlsx,CA
2026-04-01,Union of Pan Asian Communities - Positive Solutions and Elder Multicultural Access & Support Service,San Diego County,14.0,Layoff Permanent,,ca_2025_26.xlsx,CA
2026-04-01,Union of Pan Asian Communities - East Wind Clubhouse,San Diego County,5.0,Layoff Permanent,,ca_2025_26.xlsx,CA
2026-04-01,Consolidated Entertainment LLC (Reading Cinemas,San Diego County,63.0,Closure Permanent,,ca_2025_26.xlsx,CA
2026-04-01,Victoria Nursery,Ventura County,62.0,Closure Permanent,,ca_2025_26.xlsx,CA
2026-04-02,"Good Sports Plus, Ltd dba ARC - Barbara Worth Junior High School",Imperial County,5.0,Layoff Permanent,,ca_2025_26.xlsx,CA
2026-04-02,"Good Sports Plus, Ltd. dba Arc -  J.W. Oakley Elementary School",Imperial County,15.0,Layoff Permanent,,ca_2025_26.xlsx,CA
2026-04-02,"Good Sports Plus, Ltd. dba Arc - Miguel Hidalgo Elementary School",Imperial County,5.0,Layoff Permanent,,ca_2025_26.xlsx,CA
2026-04-02,Good Sports Plus dba Arc - Myron D. Witter Elementary School,Imperial County,15.0,Layoff Permanent,,ca_2025_26.xlsx,CA
2026-04-02,Good Sports Plus dba Arc - Padilla-Pace Middle School,Imperial County,7.0,Layoff Permanent,,ca_2025_26.xlsx,CA
2026-04-02,"Good Sports Plus Ltd, dba Arc Phil D. Swing Elementary School",Imperial County,13.0,Layoff Permanent,,ca_2025_26.xlsx,CA
2026-04-02,Good Sports Plus Ltd. dba Brawley Union High School,Imperial County,6.0,Layoff Permanent,,ca_2025_26.xlsx,CA
2026-04-02,Good Sports Plus Ltd. dba Arc - Desert Valley High School,Imperial County,3.0,Layoff Permanent,,ca_2025_26.xlsx,CA
2026-04-02,Good Sports Plus Ltd. dba Arc - Central Union High School,Imperial County,3.0,Layoff Permanent,,ca_2025_26.xlsx,CA
2026-04-02,Good Sports Plus Ltd. dba Arc - Phoenix Rising/Desert Oasis High School,Imperial County,2.0,Layoff Permanent,,ca_2025_26.xlsx,CA
2026-04-02,Good Sports Plus Ltd. dba Arc - Southwest High School,Imperial County,4.0,Layoff Permanent,,ca_2025_26.xlsx,CA
2026-04-02,Good Sports Plus Ltd. dba Arc,Imperial County,4.0,Layoff Permanent,,ca_2025_26.xlsx,CA
2026-04-03,ProYouth,Tulare County,81.0,Layoff Permanent,,ca_2025_26.xlsx,CA
2026-04-03,Super 7,Napa County,6.0,Closure Permanent,,ca_2025_26.xlsx,CA
2026-04-03,PUC eCALS,Los Angeles County,22.0,Closure Permanent,,ca_2025_26.xlsx,CA
2026-04-03,Partnerships to Uplift Communities Los Angeles,Los Angeles County,26.0,Closure Permanent,,ca_2025_26.xlsx,CA
2026-04-06,Amethod Public Schools,Alameda County,17.0,Closure Permanent,,ca_2025_26.xlsx,CA
2026-04-07,Wellpath and CFMG - South Placer Jail,Placer County,35.0,Closure Permanent,,ca_2025_26.xlsx,CA
2026-04-07,Wellpath and CFMG - Placer Jail - Auburn,Placer County,50.0,Closure Permanent,,ca_2025_26.xlsx,CA
2026-04-07,Wellpath and CFMG - Placer Juvi Detention,Placer County,4.0,Closure Permanent,,ca_2025_26.xlsx,CA
2026-04-07,Prepa Tec Los Angeles campus,Los Angeles County,42.0,Closure Permanent,,ca_2025_26.xlsx,CA
2026-03-30,South Coast Behavioral Health,Orange County,36.0,Closure Permanent,,ca_2025_26.xlsx,CA
2026-03-30,South Coast Behavioral Health,Orange County,1.0,Closure Permanent,,ca_2025_26.xlsx,CA
2026-03-12,America's Finest Charter School - High School Program,San Diego County,10.0,Closure Permanent,,ca_2025_26.xlsx,CA
2026-03-23,JPMorgan Chase,San Francisco County,53.0,Layoff Permanent,,ca_2025_26.xlsx,CA
2026-04-08,"Montessori West, Inc.",Alameda County,35.0,Closure Permanent,,ca_2025_26.xlsx,CA
2026-03-16,"Gossamer Bio, Inc.",San Diego County,65.0,Layoff Permanent,,ca_2025_26.xlsx,CA
2026-04-08,Sony Pictures Entertainment Inc.,Los Angeles County,111.0,Layoff Permanent,,ca_2025_26.xlsx,CA
2026-04-08,Sony Pictures Entertainment Inc.,Los Angeles County,6.0,Layoff Permanent,,ca_2025_26.xlsx,CA
2026-04-08,Sony Pictures Entertainment Inc.,Los Angeles County,7.0,Layoff Permanent,,ca_2025_26.xlsx,CA
2026-04-08,Sony Pictures Entertainment Inc.,Los Angeles County,9.0,Layoff Permanent,,ca_2025_26.xlsx,CA
2026-04-08,Qualcomm Incorporated (5565 Morehouse Drive),San Diego County,10.0,Layoff Permanent,,ca_2025_26.xlsx,CA
2026-04-08,Qualcomm Incorporated (5525 Morehouse Drive),San Diego County,11.0,Layoff Permanent,,ca_2025_26.xlsx,CA
2026-04-08,Qualcomm Incorporated (5665 Morehouse Drive),San Diego County,6.0,Layoff Permanent,,ca_2025_26.xlsx,CA
2026-04-08,Qualcomm Incorporated (10145 Pacific Heights Blvd.),San Diego County,3.0,Layoff Permanent,,ca_2025_26.xlsx,CA
2026-04-08,Qualcomm Incorporated (6455 Lusk Blvd.),San Diego County,2.0,Layoff Permanent,,ca_2025_26.xlsx,CA
2026-04-08,Qualcomm Incorporated (10185 McKellar Ct.),San Diego County,1.0,Layoff Permanent,,ca_2025_26.xlsx,CA
2026-04-08,Qualcomm Incorporated (5745 Pacific Center Blvd.),San Diego County,2.0,Layoff Permanent,,ca_2025_26.xlsx,CA
2026-04-08,Qualcomm Incorporated (10160 Pacific Mesa Blvd.),San Diego County,1.0,Layoff Permanent,,ca_2025_26.xlsx,CA
2026-04-08,Qualcomm Incorporated (10445 Pacific Center Court),San Diego County,2.0,Layoff Permanent,,ca_2025_26.xlsx,CA
2026-04-06,Del Monte Foods Corporation II Inc.,Stanislaus County,25.0,Closure Permanent,,ca_2025_26.xlsx,CA
2026-04-09,Sumisho Air Lease Corporation,Los Angeles County,53.0,Layoff Permanent,,ca_2025_26.xlsx,CA
2026-04-10,Mills College Children's School at Northwestern University,Alameda County,21.0,Closure Permanent,,ca_2025_26.xlsx,CA
2026-04-10,eBay Inc.,San Francisco County,198.0,Closure Permanent,,ca_2025_26.xlsx,CA
2026-04-10,Phillips 66,Los Angeles County,10.0,Closure Permanent,,ca_2025_26.xlsx,CA
2026-04-10,Phillips 66,Los Angeles County,6.0,Closure Permanent,,ca_2025_26.xlsx,CA
2026-04-13,Boeing Company,Los Angeles County,13.0,Closure Permanent,,ca_2025_26.xlsx,CA
2026-04-13,Boeing Company - Edwards AFB,Kern County,2.0,Layoff Permanent,,ca_2025_26.xlsx,CA
2026-04-13,Boeing Company - El Segundo,Los Angeles County,2.0,Layoff Permanent,,ca_2025_26.xlsx,CA
2026-04-13,Boeing Company - Huntington Beach,Orange County,1.0,Layoff Permanent,,ca_2025_26.xlsx,CA
2026-04-13,Boeing Company - San Diego,San Diego County,1.0,Layoff Permanent,,ca_2025_26.xlsx,CA
2026-04-13,The Gambrinus Company (Trumer Brewery and Taproom),Alameda County,6.0,Layoff Permanent,,ca_2025_26.xlsx,CA
2026-04-13,"Trumer Brewery, Comeback Brewing II dba Trumer Brewery",Alameda County,27.0,Closure Permanent,,ca_2025_26.xlsx,CA
2026-04-14,McGee Air Services,Los Angeles County,29.0,Layoff Permanent,,ca_2025_26.xlsx,CA
2026-04-14,Redding Cement Plant,Shasta County,53.0,Layoff Temporary,,ca_2025_26.xlsx,CA
2026-03-30,Chen-Tech Industries LLC,Orange County,98.0,Layoff Permanent,,ca_2025_26.xlsx,CA
2026-04-13,Blue Diamond Growers,Sacramento County,49.0,Closure Permanent,,ca_2025_26.xlsx,CA
2026-04-14,Ventura Coastal,Tulare County,69.0,Layoff Temporary,,ca_2025_26.xlsx,CA
2026-04-15,Snap Inc.,Los Angeles County,247.0,Layoff Permanent,,ca_2025_26.xlsx,CA
2026-04-14,Block by Block,San Francisco County,47.0,Layoff Permanent,,ca_2025_26.xlsx,CA
2026-04-15,The Primary School,Alameda County,147.0,Closure Permanent,,ca_2025_26.xlsx,CA
2026-04-16,Paramount Skydance Corporation (1575 N. Gower Street),Los Angeles County,2.0,Layoff Permanent,,ca_2025_26.xlsx,CA
2026-04-16,Paramount Skydance Corporation (5555 Melrose Avenue),Los Angeles County,5.0,Layoff Permanent,,ca_2025_26.xlsx,CA
2026-04-15,Snap Inc.,Santa Clara County,73.0,Layoff Permanent,,ca_2025_26.xlsx,CA
2026-04-07,"Noa Technologies, Inc.",Santa Clara County,69.0,Layoff Permanent,,ca_2025_26.xlsx,CA
2026-04-16,Disney Entertainment Operations LLC,Los Angeles County,53.0,Layoff Permanent,,ca_2025_26.xlsx,CA
2026-04-17,"FM Restaurants HQ, LLC",Orange County,49.0,Closure Permanent,,ca_2025_26.xlsx,CA
2026-04-17,"Best Formulations PC, LLC",Orange County,32.0,Closure Permanent,,ca_2025_26.xlsx,CA
2026-04-20,Yanfeng International Automotive Technology,Alameda County,17.0,Closure Permanent,,ca_2025_26.xlsx,CA
2026-04-17,YMCA Arellanes Elementary School,Santa Barbara County,6.0,Layoff Permanent,,ca_2025_26.xlsx,CA
2026-04-17,YMCA Arellanes Junior High,Santa Barbara County,4.0,Layoff Permanent,,ca_2025_26.xlsx,CA
2026-04-17,YMCA Bonita Elementary School,Santa Barbara County,6.0,Layoff Permanent,,ca_2025_26.xlsx,CA
2026-04-17,YMCA Robert Bruce Elementary School,Santa Barbara County,8.0,Layoff Permanent,,ca_2025_26.xlsx,CA
2026-04-17,YMCA El Camino Jr. High School,Santa Barbara County,3.0,Layoff Permanent,,ca_2025_26.xlsx,CA
2026-04-17,YMCA Fairlawn Elementary School,Santa Barbara County,6.0,Layoff Permanent,,ca_2025_26.xlsx,CA
2026-04-17,YMCA Fesler Jr. High School,Santa Barbara County,3.0,Layoff Permanent,,ca_2025_26.xlsx,CA
2026-04-17,YMCA Roberto & Dr. Francisco Jimenez Elementary School,Santa Barbara County,12.0,Layoff Permanent,,ca_2025_26.xlsx,CA
2026-04-17,YMCA Tommie Kunst Jr. High School,Santa Barbara County,3.0,Layoff Permanent,,ca_2025_26.xlsx,CA
2026-04-17,YMCA Bill Libbon Elementary School,Santa Barbara County,11.0,Layoff Permanent,,ca_2025_26.xlsx,CA
2026-04-17,YMCA Liberty Elementary School,Santa Barbara County,9.0,Layoff Permanent,,ca_2025_26.xlsx,CA
2026-04-17,YMCA Juan Pacifico Ontiveros Elementary School,Santa Barbara County,10.0,Layoff Permanent,,ca_2025_26.xlsx,CA
2026-04-17,YMCA Rice Elementary School,Santa Barbara County,11.0,Layoff Permanent,,ca_2025_26.xlsx,CA
2026-04-17,YMCA Sanchez Elementary School,Santa Barbara County,8.0,Layoff Permanent,,ca_2025_26.xlsx,CA
2026-04-17,YMCA Taylor Elementary School,Santa Barbara County,10.0,Layoff Permanent,,ca_2025_26.xlsx,CA
2026-04-17,YMCA Tunnel Elementary School,Santa Barbara County,10.0,Layoff Permanent,,ca_2025_26.xlsx,CA
2026-04-17,YMCA Santa Maria Valley,Santa Barbara County,7.0,Layoff Permanent,,ca_2025_26.xlsx,CA
2026-04-17,YMCA Oakley Elementary School,Santa Barbara County,9.0,Layoff Permanent,,ca_2025_26.xlsx,CA
2026-04-07,"Guayabito Farms, LLC",Ventura County,98.0,Closure Permanent,,ca_2025_26.xlsx,CA
2026-04-07,"Premier Berry Farms, LLC",Ventura County,74.0,Closure Permanent,,ca_2025_26.xlsx,CA
2026-04-21,Corteva Agriscience LLC,Contra Costa County,2.0,Layoff Permanent,,ca_2025_26.xlsx,CA
2026-04-21,City National Bank,Los Angeles County,1.0,Layoff Permanent,,ca_2025_26.xlsx,CA
2025-12-01,"Ample Joy ABA Consulting Services, LLC",Riverside County,100.0,Layoff Permanent,,ca_2025_26.xlsx,CA
2026-04-06,ODS Technologies LP and Betfair Interactive US LLC,Los Angeles County,174.0,Layoff Permanent,,ca_2025_26.xlsx,CA
2026-04-16,Paramount Skydance Corporation - 1575 N. Gower,Los Angeles County,5.0,Layoff Permanent,,ca_2025_26.xlsx,CA
2026-04-16,Paramount Skydance Corporation,Los Angeles County,2.0,Layoff Permanent,,ca_2025_26.xlsx,CA
2026-04-22,Next Stop Logistics Inc.,Los Angeles County,80.0,Closure Permanent,,ca_2025_26.xlsx,CA
2026-04-22,Joe's Crab Shack,Orange County,44.0,Closure Permanent,,ca_2025_26.xlsx,CA
2026-04-22,Freudenberg Medical LLC,Santa Barbara County,80.0,Layoff Permanent,,ca_2025_26.xlsx,CA
2026-04-23,Epic Games Inc.,Marin County,16.0,Layoff Permanent,,ca_2025_26.xlsx,CA
2026-04-23,Epic Games Inc.,San Diego County,28.0,Layoff Permanent,,ca_2025_26.xlsx,CA
2026-04-23,Epic Games Inc. (Remote Employees in San Francisco),San Diego County,28.0,Layoff Permanent,,ca_2025_26.xlsx,CA
2026-04-23,Epic Games Inc. (Remote Employees in Los Angeles),San Diego County,61.0,Layoff Permanent,,ca_2025_26.xlsx,CA
2026-04-23,Epic Games Inc. (Remote Employees in El Segundo),San Diego County,2.0,Layoff Permanent,,ca_2025_26.xlsx,CA
2026-04-24,Blue Diamond Growers,Sacramento County,3.0,Closure Permanent,,ca_2025_26.xlsx,CA
2026-04-24,"Constellation Brands, Inc.",Sonoma County,7.0,Closure Permanent,,ca_2025_26.xlsx,CA
2026-04-10,"Aramark Campus, LLC",Kern County,49.0,Layoff Permanent,,ca_2025_26.xlsx,CA
2026-04-26,"FM Restaurants HQ, LLC",Orange County,43.0,Closure Permanent,,ca_2025_26.xlsx,CA
2026-04-26,"Lodging Dynamics Hospitality Group, LLC",Santa Clara County,42.0,Layoff Permanent,,ca_2025_26.xlsx,CA
2026-04-27,Veritiv Visual,Orange County,46.0,Closure Permanent,,ca_2025_26.xlsx,CA
2026-04-27,Black Tiger Medical Transportation,San Diego County,82.0,Layoff Permanent,,ca_2025_26.xlsx,CA
2026-04-23,Apple Inc.,San Diego County,57.0,Closure Permanent,,ca_2025_26.xlsx,CA
2026-04-27,"FreshRealm, Inc.",San Joaquin County,228.0,Closure Permanent,,ca_2025_26.xlsx,CA
2026-04-27,"First Transit, Inc.",Contra Costa County,194.0,Closure Permanent,,ca_2025_26.xlsx,CA
2026-04-28,"Five Guys Operations, LLC",Merced County,13.0,Closure Permanent,,ca_2025_26.xlsx,CA
2026-04-10,"Satco, Inc.",Los Angeles County,34.0,Closure Permanent,,ca_2025_26.xlsx,CA
2026-04-29,Dudek,Butte County,36.0,Closure Permanent,,ca_2025_26.xlsx,CA
2026-04-28,The Primary School (750 Fargo Ave),Alameda County,25.0,Closure Permanent,,ca_2025_26.xlsx,CA
2026-04-28,The Primary School (2086 Clarke Ave),San Mateo County,100.0,Closure Permanent,,ca_2025_26.xlsx,CA
2026-04-28,The Primary School (1765 East Bayshore Rd. Ste. 111),San Mateo County,22.0,Closure Permanent,,ca_2025_26.xlsx,CA
2026-04-28,"Raytheon, An RTX Business",Los Angeles County,1.0,Layoff Permanent,,ca_2025_26.xlsx,CA
2026-04-30,Altura Management Services,Los Angeles County,113.0,Layoff Permanent,,ca_2025_26.xlsx,CA
2026-04-30,Five Guys Operations,Los Angeles County,15.0,Closure Permanent,,ca_2025_26.xlsx,CA
2026-04-30,Manteca District Ambulance Service - Striker Court,Tuolumne County,18.0,Layoff Permanent,,ca_2025_26.xlsx,CA
2026-04-30,Manteca District Ambulance Service,Tuolumne County,6.0,Layoff Permanent,,ca_2025_26.xlsx,CA
2026-04-30,Manteca District Ambulance Service - Hwy 49,Tuolumne County,6.0,Layoff Permanent,,ca_2025_26.xlsx,CA
2026-04-30,Manteca District Ambulance Service - Powder House,Tuolumne County,6.0,Layoff Permanent,,ca_2025_26.xlsx,CA
2026-04-30,Manteca District Ambulance Service - Jamestown,Tuolumne County,6.0,Layoff Permanent,,ca_2025_26.xlsx,CA
2026-04-30,Propark Mobility,Riverside County,123.0,Layoff Permanent,,ca_2025_26.xlsx,CA
2026-04-28,California Academy of Sciences,San Francisco County,53.0,Layoff Permanent,,ca_2025_26.xlsx,CA
2026-04-29,"C&K Market, Inc.",Lake County,32.0,Closure Permanent,,ca_2025_26.xlsx,CA
2026-05-01,First Student,Fresno County,170.0,Layoff Permanent,,ca_2025_26.xlsx,CA
2026-04-30,Children's Institute Inc.,Los Angeles County,47.0,Layoff Permanent,,ca_2025_26.xlsx,CA
2026-04-27,Quixote Studio Services - Griffith Park,Los Angeles County,2.0,Layoff Permanent,,ca_2025_26.xlsx,CA
2026-04-27,Quixote Studio Services - North Valley Campus A,Los Angeles County,9.0,Layoff Permanent,,ca_2025_26.xlsx,CA
2026-04-27,Quixote Studio Services - North Valley,Los Angeles County,7.0,Layoff Permanent,,ca_2025_26.xlsx,CA
2026-04-27,Quixote Studio Services - Sun valley,Los Angeles County,4.0,Layoff Permanent,,ca_2025_26.xlsx,CA
2026-04-27,Quixote Studio Services - Sylmar North,Los Angeles County,17.0,Layoff Permanent,,ca_2025_26.xlsx,CA
2026-04-27,Quixote Studio Services - Sylmar South,Los Angeles County,3.0,Layoff Permanent,,ca_2025_26.xlsx,CA
2026-04-27,Quixote Studio Services - West Hollywood,Los Angeles County,10.0,Layoff Permanent,,ca_2025_26.xlsx,CA
2026-04-30,"Gilead Sciences, Inc.",San Mateo County,108.0,Layoff Permanent,,ca_2025_26.xlsx,CA
2026-04-29,"Skyline Avatar House, LP",Santa Clara County,49.0,Layoff Permanent,,ca_2025_26.xlsx,CA
2026-04-30,Brite Horizons Nonpublic School (Abrite),Santa Cruz County,59.0,Closure Permanent,,ca_2025_26.xlsx,CA
2026-05-03,Five Guys Operations - Store No. 1795,Kings County,14.0,Closure Permanent,,ca_2025_26.xlsx,CA
2026-05-03,Five Guys Operations - Store No. 1323,Los Angeles County,13.0,Closure Permanent,,ca_2025_26.xlsx,CA
2026-05-04,Zenlen Inc. (Native),San Francisco County,53.0,Closure Permanent,,ca_2025_26.xlsx,CA
2026-04-28,Geodis,San Bernardino County,238.0,Layoff Permanent,,ca_2025_26.xlsx,CA
2026-05-06,"FM Restaurants HQ, LLC",Orange County,56.0,Closure Permanent,,ca_2025_26.xlsx,CA
2026-05-06,"Eclipse Advantage, LLC",San Bernardino County,10.0,Closure Permanent,,ca_2025_26.xlsx,CA
2026-05-06,"Streamland Media Midco, LLC",Los Angeles County,71.0,Closure Permanent,,ca_2025_26.xlsx,CA
2026-05-07,GladUDid LLC (Chick-fil-A),San Bernardino County,98.0,Closure Temporary,,ca_2025_26.xlsx,CA
2026-05-07,"Fresh Venture Foods, LLC",Santa Barbara County,185.0,Closure Permanent,,ca_2025_26.xlsx,CA
2026-05-07,"Cloudflare, Inc.",San Francisco County,224.0,Layoff Permanent,,ca_2025_26.xlsx,CA
2026-05-07,"Mercedes-Benz Research & Development North America, Inc.",Los Angeles County,72.0,Closure Permanent,,ca_2025_26.xlsx,CA
2026-05-08,"Reyes Coca-Cola Bottling, L.L.C.",Ventura County,85.0,Closure Permanent,,ca_2025_26.xlsx,CA
2026-04-27,The People Concern - Cloverfield,Los Angeles County,20.0,Layoff Permanent,,ca_2025_26.xlsx,CA
2026-04-27,The People Concern - Arlington HQ,Los Angeles County,5.0,Layoff Permanent,,ca_2025_26.xlsx,CA
2026-04-27,The People Concern - Nest 2,Los Angeles County,15.0,Layoff Permanent,,ca_2025_26.xlsx,CA
2026-04-27,The People Concern - 316 W,Los Angeles County,5.0,Layoff Permanent,,ca_2025_26.xlsx,CA
2026-04-27,The People Concern - Admin,Los Angeles County,3.0,Layoff Permanent,,ca_2025_26.xlsx,CA
2026-04-29,Transdev,Tulare County,126.0,Closure Permanent,,ca_2025_26.xlsx,CA
2026-05-06,"Kidango, Inc. - Skyway Office",Alameda County,59.0,Layoff Permanent,,ca_2025_26.xlsx,CA
2026-05-06,"Kidango, Inc. - Peixoto Center",Alameda County,6.0,Layoff Permanent,,ca_2025_26.xlsx,CA
2026-05-06,"Kidango, Inc. - Castlemont Center",Alameda County,2.0,Layoff Permanent,,ca_2025_26.xlsx,CA
2026-05-06,"Kidango, Inc. - CCELC Center",Santa Clara County,6.0,Layoff Permanent,,ca_2025_26.xlsx,CA
2026-05-11,"National Distribution Centers, LLC",Los Angeles County,50.0,Closure Permanent,,ca_2025_26.xlsx,CA
2026-05-07,Alain LeRoyLocke College Preparatory Academy (Green Dot Public Schools),Los Angeles County,113.0,Closure Permanent,,ca_2025_26.xlsx,CA
2026-05-13,PET CLUB,Placer County,6.0,Closure Permanent,,ca_2025_26.xlsx,CA
2026-05-13,Liberty Healthcare Corporation,San Bernardino County,113.0,Layoff Permanent,,ca_2025_26.xlsx,CA
2026-05-01,Stepping Stone,Los Angeles County,8.0,Closure Permanent,,ca_2025_26.xlsx,CA
2026-05-13,Durham School Services,Los Angeles County,51.0,Layoff Permanent,,ca_2025_26.xlsx,CA
2026-04-09,Carnegie Science Institution of Washington,Santa Clara County,27.0,Closure Permanent,,ca_2025_26.xlsx,CA
2026-05-13,Boys & Girls Club of the LA Harbor - Banning High,Los Angeles County,5.0,Layoff Temporary,,ca_2025_26.xlsx,CA
2026-05-13,Boys and Girls Club of the LA Harbor - Fries Ave Elementary,Los Angeles County,4.0,Layoff Temporary,,ca_2025_26.xlsx,CA
2026-05-13,Boys & Girls Club of the LA Harbor - Gulf Ave Elementary,Los Angeles County,1.0,Layoff Temporary,,ca_2025_26.xlsx,CA
2026-05-13,Boys & Girls Club of LA Harbor - Harry Bridges Span School,Los Angeles County,3.0,Layoff Temporary,,ca_2025_26.xlsx,CA
2026-05-13,Boys & Girls Club of the LA Harbor - Harbor Teacher Prep Academy,Los Angeles County,7.0,Layoff Temporary,,ca_2025_26.xlsx,CA
2026-05-13,Boys & Girls Club of the LA Harbor - Wilmington Club,Los Angeles County,3.0,Layoff Temporary,,ca_2025_26.xlsx,CA
2026-05-13,Boys & Girls Club of LA Harbor - Wilmington Park ES,Los Angeles County,3.0,Layoff Temporary,,ca_2025_26.xlsx,CA
2026-05-13,Boys & Girls Club of the LA Harbor - Barton Hill Elementary,Los Angeles County,3.0,Layoff Temporary,,ca_2025_26.xlsx,CA
2026-05-13,Boys & Girls Club of the LA Harbor - Dana Middle School,Los Angeles County,3.0,Layoff Temporary,,ca_2025_26.xlsx,CA
2026-05-13,Boys & Girls Club of the LA Harbor - Park Western Elementary,Los Angeles County,8.0,Layoff Temporary,,ca_2025_26.xlsx,CA
2026-05-13,Boys & Girls Club of LA Harbor - Point Fermin Elementary,Los Angeles County,5.0,Layoff Temporary,,ca_2025_26.xlsx,CA
2026-05-13,Boys & Girls Club of the LA Harbor - South Shores Elementary,Los Angeles County,3.0,Layoff Temporary,,ca_2025_26.xlsx,CA
2026-05-13,Boys & Girls Club of the LA Harbor - Taper Ave. Elementary,Los Angeles County,8.0,Layoff Temporary,,ca_2025_26.xlsx,CA
2026-05-13,Boy& Girls Club of the LA Harbor - White Point Elementary,Los Angeles County,5.0,Layoff Temporary,,ca_2025_26.xlsx,CA
2026-05-13,Boys & Girls Club of the La Harbor - Cheryl Green/Torrance Club,Los Angeles County,1.0,Layoff Temporary,,ca_2025_26.xlsx,CA
2026-05-13,Boys & Girls Club of the LA Harbor - Environmental Charter MS,Los Angeles County,4.0,Layoff Temporary,,ca_2025_26.xlsx,CA
2026-05-13,Boys & Girls Club of the LA Harbor - Fleming Middle School,Los Angeles County,7.0,Layoff Temporary,,ca_2025_26.xlsx,CA
2026-05-13,Boys &Girls Club of the La Harbor - Harbor City Elementary School,Los Angeles County,10.0,Layoff Temporary,,ca_2025_26.xlsx,CA
2026-05-13,Boys & Girls Club at the LA Harbor - Narbonne High School,Los Angeles County,2.0,Layoff Temporary,,ca_2025_26.xlsx,CA
2026-04-27,City National Bank - Flower Street,Los Angeles County,1.0,Layoff Permanent,,ca_2025_26.xlsx,CA
2026-04-27,City National Bank,Los Angeles County,2.0,Layoff Permanent,,ca_2025_26.xlsx,CA
2026-05-15,Blue Diamond Growers,Sacramento County,7.0,Closure Permanent,,ca_2025_26.xlsx,CA
2026-05-15,LinkedIn Corporation,San Francisco County,108.0,Layoff Permanent,,ca_2025_26.xlsx,CA
2026-05-15,LinkedIn Corporation,Santa Barbara County,21.0,Layoff Permanent,,ca_2025_26.xlsx,CA
2026-05-15,LinkedIn Corporation,Santa Clara County,59.0,Layoff Permanent,,ca_2025_26.xlsx,CA
2026-05-15,LinkedIn Corporation,Santa Clara County,352.0,Layoff Permanent,,ca_2025_26.xlsx,CA
2026-05-15,LinkedIn Corporation (Home Office),Santa Clara County,66.0,Layoff Permanent,,ca_2025_26.xlsx,CA
2026-05-18,"NBC Manteca Merchants, Inc.",San Joaquin County,68.0,Closure Permanent,,ca_2025_26.xlsx,CA
2026-05-18,"Eclipse Advantage, LLC",Los Angeles County,6.0,Closure Permanent,,ca_2025_26.xlsx,CA
2026-05-19,Canteen Vending Services,Alameda County,110.0,Layoff Permanent,,ca_2025_26.xlsx,CA
2026-05-01,"Bayless Manufacturing, LLC",Los Angeles County,16.0,Layoff Permanent,,ca_2025_26.xlsx,CA
2026-05-01,"Bayless Manufacturing, LLC",Los Angeles County,3.0,Layoff Permanent,,ca_2025_26.xlsx,CA
2026-05-01,"Bayless Manufacturing, LLC",Los Angeles County,43.0,Layoff Permanent,,ca_2025_26.xlsx,CA
2026-05-19,AbbVie Inc.,Orange County,85.0,Layoff Permanent,,ca_2025_26.xlsx,CA
2026-05-18,TeamOne,Riverside County,725.0,Layoff Permanent,,ca_2025_26.xlsx,CA
2026-05-15,"ACT Lighting, Inc.",Los Angeles County,9.0,Closure Permanent,,ca_2025_26.xlsx,CA
2026-05-19,Alliance (Margaret M. Bloomfield),Los Angeles County,1.0,Layoff Permanent,,ca_2025_26.xlsx,CA
2026-05-19,Alliance (Collins Family College),Los Angeles County,2.0,Layoff Permanent,,ca_2025_26.xlsx,CA
2026-05-19,Alliance (College-Ready Middle),Los Angeles County,2.0,Layoff Permanent,,ca_2025_26.xlsx,CA
2026-05-19,Alliance (Piera Barbaglia Shaheen Health),Los Angeles County,4.0,Layoff Permanent,,ca_2025_26.xlsx,CA
2026-05-19,Alliance (Kory Hunter),Los Angeles County,2.0,Layoff Permanent,,ca_2025_26.xlsx,CA
2026-05-19,Alliance (Leichtman-Levine Family),Los Angeles County,12.0,Layoff Permanent,,ca_2025_26.xlsx,CA
2026-05-19,Alliance (Marine - Innovation),Los Angeles County,6.0,Layoff Permanent,,ca_2025_26.xlsx,CA
2026-05-19,Alliance (Gertz-Ressler),Los Angeles County,1.0,Layoff Permanent,,ca_2025_26.xlsx,CA
2026-05-19,Alliance (Dr. Olga Mohan),Los Angeles County,6.0,Layoff Permanent,,ca_2025_26.xlsx,CA
2026-05-19,Alliance (Patti & Peter Neuwirth),Los Angeles County,2.0,Layoff Permanent,,ca_2025_26.xlsx,CA
2026-05-19,Alliance (Ouchi-O Donovan),Los Angeles County,2.0,Layoff Permanent,,ca_2025_26.xlsx,CA
2026-05-19,Alliance (Virgil Roberts),Los Angeles County,1.0,Layoff Permanent,,ca_2025_26.xlsx,CA
2026-05-19,Alliance (Cindy & Bill Simon),Los Angeles County,5.0,Layoff Permanent,,ca_2025_26.xlsx,CA
2026-05-19,Alliance (Jack H. Skirball),Los Angeles County,4.0,Layoff Permanent,,ca_2025_26.xlsx,CA
2026-05-19,Alliance (Susan and Eric Smidt),Los Angeles County,4.0,Layoff Permanent,,ca_2025_26.xlsx,CA
2026-05-19,Alliance (Ted K. Tajima),Los Angeles County,3.0,Layoff Permanent,,ca_2025_26.xlsx,CA
2026-05-19,Alliance (College-Ready Public Schools),Los Angeles County,5.0,Layoff Permanent,,ca_2025_26.xlsx,CA
2026-05-20,Intuit Inc.,Santa Clara County,493.0,Layoff Permanent,,ca_2025_26.xlsx,CA
2026-05-20,"Credit Karma, LLC",Alameda County,117.0,Layoff Permanent,,ca_2025_26.xlsx,CA
2026-05-20,"Flagship Facilities Services, LLC",San Francisco County,178.0,Layoff Permanent,,ca_2025_26.xlsx,CA
2026-05-20,Intuit Inc.,Los Angeles County,90.0,Layoff Permanent,,ca_2025_26.xlsx,CA
2026-05-20,Intuit Inc.,San Diego County,277.0,Layoff Permanent,,ca_2025_26.xlsx,CA
2026-05-20,Intuit Inc.,San Francisco County,50.0,Layoff Permanent,,ca_2025_26.xlsx,CA
2026-05-20,"NetApp, Inc.",Santa Clara County,77.0,Layoff Permanent,,ca_2025_26.xlsx,CA
2026-05-18,"National Distribution Centers, LLC (19688 Van Ness Ave)",Los Angeles County,1.0,Closure Permanent,,ca_2025_26.xlsx,CA
2026-05-18,"National Distribution Centers, LLC (19788 Van Ness Ave)",Los Angeles County,89.0,Closure Permanent,,ca_2025_26.xlsx,CA
2026-05-22,"Meta Platforms, Inc.",Alameda County,81.0,Layoff Permanent,,ca_2025_26.xlsx,CA
2026-05-22,"Meta Platforms, Inc.",San Mateo County,338.0,Layoff Permanent,,ca_2025_26.xlsx,CA
2026-05-22,"Meta Platforms, Inc.",San Francisco County,252.0,Layoff Permanent,,ca_2025_26.xlsx,CA
2026-05-22,"Meta Platforms, Inc.",Los Angeles County,74.0,Layoff Permanent,,ca_2025_26.xlsx,CA
2026-05-22,"Meta Platforms, Inc.",San Mateo County,2212.0,Layoff Permanent,,ca_2025_26.xlsx,CA
2026-05-22,"Meta Platforms, Inc.",Santa Clara County,313.0,Layoff Permanent,,ca_2025_26.xlsx,CA
2026-05-24,KBR Services LLC,San Bernardino County,650.0,Layoff Temporary,,ca_2025_26.xlsx,CA
2026-05-26,"Transdev Services, Inc.",Yolo County,84.0,Closure Permanent,,ca_2025_26.xlsx,CA
2026-05-25,"CHW Entertainment, Inc. dba The Shout! House and Garage",San Diego County,77.0,Layoff Permanent,,ca_2025_26.xlsx,CA
2026-05-29,Centria Autism,Fresno County,48.0,Layoff Permanent,,ca_2025_26.xlsx,CA
2026-05-29,"NYDJ Apparel, LLC",Kern County,2.0,Layoff Permanent,,ca_2025_26.xlsx,CA
2026-05-29,"Sunrise Brands, Warehousing Facility LLC",Kern County,83.0,Layoff Permanent,,ca_2025_26.xlsx,CA
2026-05-29,Blue Shield of California,Alameda County,3.0,Layoff Permanent,,ca_2025_26.xlsx,CA
2026-05-29,Blue Shield of California (Building C),El Dorado County,4.0,Layoff Permanent,,ca_2025_26.xlsx,CA
2026-05-29,Blue Shield of California (Building B),El Dorado County,5.0,Layoff Permanent,,ca_2025_26.xlsx,CA
2026-05-29,Blue Shield of California,Los Angeles County,24.0,Layoff Permanent,,ca_2025_26.xlsx,CA
2026-05-29,Blue Shield of California,Los Angeles County,9.0,Layoff Permanent,,ca_2025_26.xlsx,CA
2026-05-29,Blue Shield of California,San Diego County,8.0,Layoff Permanent,,ca_2025_26.xlsx,CA
2026-05-29,Blue Shield of California,San Joaquin County,4.0,Layoff Permanent,,ca_2025_26.xlsx,CA
2026-05-29,Blue Shield of California,Shasta County,12.0,Layoff Permanent,,ca_2025_26.xlsx,CA
2026-05-29,"Tricor Industrial, Inc DBA Astrolite Alloys",Ventura County,6.0,Closure Permanent,,ca_2025_26.xlsx,CA
2026-06-01,"HealthCare Partners Medical Group, P.C.",Los Angeles County,1.0,Layoff Permanent,,ca_2025_26.xlsx,CA
2026-05-28,Acumen LLC & The SPHERE,Los Angeles County,11.0,Layoff Permanent,,ca_2025_26.xlsx,CA
2026-06-01,"HealthCare Partners Medical Group, P.C.",Los Angeles County,4.0,Layoff Permanent,,ca_2025_26.xlsx,CA
2026-05-28,Acumen LLC & The SPHERE,San Mateo County,58.0,Layoff Permanent,,ca_2025_26.xlsx,CA
2026-06-01,"Bylt, LLC",Orange County,67.0,Closure Permanent,,ca_2025_26.xlsx,CA
2026-06-01,IntelliPower Inc.,Orange County,40.0,Closure Permanent,,ca_2025_26.xlsx,CA
2026-06-01,"HealthCare Partners Medical Group, P.C.",Los Angeles County,2.0,Layoff Permanent,,ca_2025_26.xlsx,CA
2026-06-01,"Optum Care, Inc.",Los Angeles County,1.0,Layoff Permanent,,ca_2025_26.xlsx,CA
2026-06-01,"HealthCare Partners Medical Group, P.C.",Los Angeles County,1.0,Closure Permanent,,ca_2025_26.xlsx,CA
2026-06-01,"HealthCare Partners Group, P.C.",Los Angeles County,1.0,Layoff Permanent,,ca_2025_26.xlsx,CA
2026-06-01,"Optum Care, Inc.",Los Angeles County,2.0,Layoff Permanent,,ca_2025_26.xlsx,CA
2026-06-01,"Optum Care, Inc.",Ventura County,80.0,Layoff Permanent,,ca_2025_26.xlsx,CA
2026-06-02,"Off Duty Officers, Inc. (4873 Lone Tree Way)",Contra Costa County,5.0,Layoff Permanent,,ca_2025_26.xlsx,CA
2026-06-02,"Off Duty Officers, Inc. (375 M St.)",Del Norte County,1.0,Layoff Permanent,,ca_2025_26.xlsx,CA
2026-06-02,"Off Duty Officers, Inc. (3477 E. Gage Ave.)",Los Angeles County,2.0,Layoff Permanent,,ca_2025_26.xlsx,CA
2026-06-02,"Off Duty Officers, Inc. (13533 Seal Beach Blvd.)",Orange County,8.0,Layoff Permanent,,ca_2025_26.xlsx,CA
2026-06-02,"Off Duty Officers, Inc. (12855 Black Mountain Rd.)",San Diego County,2.0,Layoff Permanent,,ca_2025_26.xlsx,CA
2026-06-02,"Off Duty Officers, Inc. (1196 3rd Ave.)",San Diego County,1.0,Layoff Permanent,,ca_2025_26.xlsx,CA
2026-06-02,"Off Duty Officers, Inc. (1081-1139 South Mission Rd.)",San Diego County,2.0,Layoff Permanent,,ca_2025_26.xlsx,CA
2026-06-02,"Off Duty Officers, Inc. (1250 Delevan Dr.)",San Diego County,5.0,Layoff Permanent,,ca_2025_26.xlsx,CA
2026-06-02,"Off Duty Officers, Inc. (789 W Harbor Dr.)",San Diego County,5.0,Layoff Permanent,,ca_2025_26.xlsx,CA
2026-06-02,"Off Duty Officers, Inc. (999 Woodlake Dr.)",San Diego County,1.0,Layoff Permanent,,ca_2025_26.xlsx,CA
2026-06-02,"Off Duty Officers, Inc. (151 Van Houten Ave.)",San Diego County,3.0,Layoff Permanent,,ca_2025_26.xlsx,CA
2026-06-02,"Off Duty Officers, Inc. (123 35th St.)",San Diego County,2.0,Layoff Permanent,,ca_2025_26.xlsx,CA
2026-06-02,"Off Duty Officers, Inc. (3333 National Ave.)",San Diego County,2.0,Layoff Permanent,,ca_2025_26.xlsx,CA
2026-06-02,"Off Duty Officers, Inc. (8 Crestwood Rd.)",San Diego County,1.0,Layoff Permanent,,ca_2025_26.xlsx,CA
2026-06-02,"Off Duty Officers, Inc. (4058 Willows Rd.)",San Diego County,1.0,Layoff Permanent,,ca_2025_26.xlsx,CA
2026-06-02,"Off Duty Officers, Inc. (8725 Ariva Ct.)",San Diego County,3.0,Layoff Permanent,,ca_2025_26.xlsx,CA
2026-06-02,"Off Duty Officers, Inc. (262 North El Camino Real)",San Diego County,3.0,Layoff Permanent,,ca_2025_26.xlsx,CA
2026-06-02,"Off Duty Officers, Inc. (1500-1552 Encinitas Blvd.)",San Diego County,2.0,Layoff Permanent,,ca_2025_26.xlsx,CA
2026-06-02,"Off Duty Officers, Inc. (105-133 North El Camino Real)",San Diego County,2.0,Layoff Permanent,,ca_2025_26.xlsx,CA
2026-06-02,"Off Duty Officers, Inc. (3439 Via Montebello)",San Diego County,4.0,Layoff Permanent,,ca_2025_26.xlsx,CA
2026-06-02,"Off Duty Officers, Inc. (10615 Tierrasanta Blvd.)",San Diego County,2.0,Layoff Permanent,,ca_2025_26.xlsx,CA
2026-05-27,"Trifecta JLS, Inc./Plank",Alameda County,70.0,Closure Permanent,,ca_2025_26.xlsx,CA
2026-06-03,Highlands Community Charter and Technical Schools (1111 Howe Ave),Sacramento County,43.0,Layoff Permanent,,ca_2025_26.xlsx,CA
2026-06-03,Highlands Community Charter and Technical Schools (5961 Franklin Blvd),Sacramento County,9.0,Layoff Permanent,,ca_2025_26.xlsx,CA
2026-06-03,Highlands Community Charter and Technical Schools (901 Arden Way),Sacramento County,1.0,Layoff Permanent,,ca_2025_26.xlsx,CA
2026-06-03,Highlands Community Charter and Technical Schools (800 Todhunter Ave),Sacramento County,5.0,Layoff Permanent,,ca_2025_26.xlsx,CA
2026-06-03,Highlands Community Charter and Technical Schools (8180 Industrial Parkway),Sacramento County,1.0,Layoff Permanent,,ca_2025_26.xlsx,CA
2026-06-03,Highlands Community Charter and Technical Schools (3727 Marconi Ave),Sacramento County,10.0,Layoff Permanent,,ca_2025_26.xlsx,CA
2026-06-03,Highlands Community Charter and Technical Schools (7817 Old Auburn Road),Sacramento County,1.0,Layoff Permanent,,ca_2025_26.xlsx,CA
2026-06-03,Highlands Community Charter and Technical Schools (4541 College Oak Drive),Sacramento County,1.0,Layoff Permanent,,ca_2025_26.xlsx,CA
2026-06-03,Highlands Community Charter and Technical Schools (2520 33rd Street),Sacramento County,1.0,Layoff Permanent,,ca_2025_26.xlsx,CA
2026-06-03,Highlands Community Charter and Technical Schools (3301 37th Ave),Sacramento County,2.0,Layoff Permanent,,ca_2025_26.xlsx,CA
2026-06-03,Highlands Community Charter and Technical Schools (5655 Hillsdale Blvd),Sacramento County,5.0,Layoff Permanent,,ca_2025_26.xlsx,CA
2026-06-01,"GXO Logistics Worldwide, LLC",San Bernardino County,31.0,Closure Permanent,,ca_2025_26.xlsx,CA
2026-05-18,"Telecare Corporation - Brighter Tomorrow, Program 162 &quot;Casa B&quot;",Ventura County,25.0,Closure Permanent,,ca_2025_26.xlsx,CA
2026-05-18,"Telecare Corporation - House of Transitions, Program 163 &quot;Casa C&quot;",Ventura County,15.0,Closure Permanent,,ca_2025_26.xlsx,CA
2026-05-18,"Telecare Corporation - Recovery Starship, Program 164 &quot;Casa D&quot;",Ventura County,18.0,Closure Permanent,,ca_2025_26.xlsx,CA
2026-05-18,"Telecare Corproation - Stonehenge, Program 165 &quot;Casa E&quot;",Ventura County,18.0,Closure Permanent,,ca_2025_26.xlsx,CA
2026-06-03,"Quizlet, Inc.",San Francisco County,79.0,Layoff Permanent,,ca_2025_26.xlsx,CA
2026-06-05,Morgan Advance Ceramics Inc.,Alameda County,96.0,Closure Permanent,,ca_2025_26.xlsx,CA
2026-05-01,"CAT Restaurant Management, LLC",Los Angeles County,57.0,Closure Permanent,,ca_2025_26.xlsx,CA
2026-06-02,"Dwyer Instruments, LLC",Los Angeles County,53.0,Closure Permanent,,ca_2025_26.xlsx,CA
2026-06-05,Blue Diamond Growers,Sacramento County,40.0,Closure Permanent,,ca_2025_26.xlsx,CA
2026-06-03,"St. Vincent de Paul Society of Lane County, Inc.",San Joaquin County,8.0,Closure Permanent,,ca_2025_26.xlsx,CA
2026-06-08,Verily Health Inc.,San Mateo County,58.0,Layoff Permanent,,ca_2025_26.xlsx,CA
2026-06-08,"Salesforce, Inc.",San Francisco County,86.0,Layoff Permanent,,ca_2025_26.xlsx,CA
2026-06-10,"ServiceNow, Inc.",Santa Clara County,54.0,Layoff Permanent,,ca_2025_26.xlsx,CA
2026-06-10,"Veritone, Inc.",Orange County,31.0,Layoff Permanent,,ca_2025_26.xlsx,CA
2026-06-10,"ServiceNow, Inc.",San Diego County,63.0,Layoff Permanent,,ca_2025_26.xlsx,CA
2026-06-10,Ubisoft,San Francisco County,93.0,Layoff Permanent,,ca_2025_26.xlsx,CA
2026-06-11,Hy-Tek Intralogistics,San Bernardino County,200.0,Layoff Permanent,,ca_2025_26.xlsx,CA
2026-06-15,Leggett & Platt,San Bernardino County,125.0,Closure Permanent,,ca_2025_26.xlsx,CA
2026-06-12,"Uber Technologies, Inc.",San Francisco County,3.0,Layoff Permanent,,ca_2025_26.xlsx,CA
2026-06-15,United Natural Foods West,Los Angeles County,11.0,Closure Permanent,,ca_2025_26.xlsx,CA
2026-06-17,Lumileds LLC,Santa Clara County,11.0,Closure Permanent,,ca_2025_26.xlsx,CA
2026-06-18,Blue Diamond Growers,Sacramento County,56.0,Closure Permanent,,ca_2025_26.xlsx,CA
2026-06-18,Chick-fil-A,San Diego County,147.0,Closure Temporary,,ca_2025_26.xlsx,CA
2026-06-03,"Uber Technologies, Inc. (1655 3rd Street)",San Francisco County,2.0,Layoff Permanent,,ca_2025_26.xlsx,CA
2026-06-03,"Uber Technologies, Inc. (1725 3rd St.)",San Francisco County,22.0,Layoff Permanent,,ca_2025_26.xlsx,CA
2026-06-03,"Uber Technologies, Inc. (Remote)",San Francisco County,5.0,Layoff Permanent,,ca_2025_26.xlsx,CA
2026-06-17,"Comedy Club Oxnard, LLC",Ventura County,69.0,Closure Permanent,,ca_2025_26.xlsx,CA
2026-06-19,Walmart (1345 Crossman Ave.),Santa Clara County,67.0,Layoff Permanent,,ca_2025_26.xlsx,CA
2026-06-19,Walmart (1375 Crossman Ave.),Santa Clara County,63.0,Layoff Permanent,,ca_2025_26.xlsx,CA
2026-06-19,Walmart (1395 Crossman Ave.),Santa Clara County,68.0,Layoff Permanent,,ca_2025_26.xlsx,CA
2026-06-19,Walmart (640 W. California Ave.),Santa Clara County,3.0,Layoff Permanent,,ca_2025_26.xlsx,CA
2026-06-19,Walmart (809 11th Ave),Santa Clara County,49.0,Layoff Permanent,,ca_2025_26.xlsx,CA
2026-06-19,Walmart (815 Eleventh Ave),Santa Clara County,54.0,Layoff Permanent,,ca_2025_26.xlsx,CA
2026-06-19,Walmart (840 W California Ave),Santa Clara County,1.0,Layoff Permanent,,ca_2025_26.xlsx,CA
2026-06-19,Walmart (860 W California Ave),Santa Clara County,1.0,Layoff Permanent,,ca_2025_26.xlsx,CA
2026-06-22,"Lucid Group, Inc.",Alameda County,136.0,Layoff Permanent,,ca_2025_26.xlsx,CA
2026-06-21,"Vine Hospitality (LB Steak Bishop Ranch, LP)",Contra Costa County,51.0,Closure Permanent,,ca_2025_26.xlsx,CA
2026-06-21,"Vine Hospitality (Left Bank Tiburon, LP)",Marin County,20.0,Closure Permanent,,ca_2025_26.xlsx,CA
2026-06-21,"Vine Hospitality (Blue Rock Restaurant Partners, LP)",Marin County,54.0,Closure Permanent,,ca_2025_26.xlsx,CA
2026-06-21,"Vine Hospitality (Left Bank Menlo Park Partners, LP)",San Mateo County,42.0,Closure Permanent,,ca_2025_26.xlsx,CA
2026-06-21,"Vine Hospitality (Meso Santana Row, LP)",Santa Clara County,54.0,Closure Permanent,,ca_2025_26.xlsx,CA
2026-06-21,"Vine Hospitality (La Rive Gauche San Jose, LLC)",Santa Clara County,73.0,Closure Permanent,,ca_2025_26.xlsx,CA
2026-06-21,"Vine Hospitality (Santana Grill Partners, LP)",Santa Clara County,59.0,Closure Permanent,,ca_2025_26.xlsx,CA
2026-06-21,"Vine Hospitality (Vine Dining Enterprises, Inc)",Santa Clara County,12.0,Closure Permanent,,ca_2025_26.xlsx,CA
2026-06-22,"GXO Logistics Worldwide, LLC",San Bernardino County,53.0,Closure Permanent,,ca_2025_26.xlsx,CA
2026-06-22,Keywords International Limited Group,San Francisco County,128.0,Layoff Permanent,,ca_2025_26.xlsx,CA
2026-06-23,Corteva Agriscience,Contra Costa County,1.0,Layoff Permanent,,ca_2025_26.xlsx,CA
2026-06-23,Valley Children's Hospital,Madera County,88.0,Layoff Permanent,,ca_2025_26.xlsx,CA
2026-06-22,"Sangamo Therapeutics, Inc.",Contra Costa County,47.0,Layoff Permanent,,ca_2025_26.xlsx,CA
2026-06-19,Walmart,San Mateo County,88.0,Layoff Permanent,,ca_2025_26.xlsx,CA
2026-06-22,"Sangamo Therapeutics, Inc.",San Mateo County,4.0,Layoff Permanent,,ca_2025_26.xlsx,CA
2026-06-16,"Cisco Systems, Inc.",Santa Clara County,154.0,Layoff Permanent,,ca_2025_26.xlsx,CA
2026-06-22,Frick Paper Company (Paper Mart),Orange County,78.0,Closure Permanent,,ca_2025_26.xlsx,CA
2026-06-16,"Cisco Systems, Inc.",San Francisco County,81.0,Layoff Permanent,,ca_2025_26.xlsx,CA
2026-06-08,ODS Technologies LP and Betfair Interactive US LLC,Los Angeles County,28.0,Layoff Permanent,,ca_2025_26.xlsx,CA
2026-06-16,"Cisco Systems, Inc.",Santa Clara County,236.0,Layoff Permanent,,ca_2025_26.xlsx,CA
2026-06-24,"BILL Operations, LLC",Santa Clara County,129.0,Layoff Permanent,,ca_2025_26.xlsx,CA
2026-06-24,Raytheon,Los Angeles County,1.0,Layoff Permanent,,ca_2025_26.xlsx,CA
2026-06-23,"Nestle USA, Inc.",Stanislaus County,57.0,Closure Temporary,,ca_2025_26.xlsx,CA
2026-06-26,"Flagship Facilities Services, LLC",Santa Clara County,2.0,Layoff Permanent,,ca_2025_26.xlsx,CA
2026-06-25,Adventist Health Bakersfield,Kern County,15.0,Layoff Permanent,,ca_2025_26.xlsx,CA
2026-06-25,Adventist Health Delano,Kern County,3.0,Layoff Permanent,,ca_2025_26.xlsx,CA
2026-06-25,Adventist Health Specialty Bakersfield,Kern County,1.0,Layoff Permanent,,ca_2025_26.xlsx,CA
2026-06-25,Adventist Health Tehachapi Valley,Kern County,3.0,Layoff Permanent,,ca_2025_26.xlsx,CA
2026-06-25,Adventist Health Hanford,Kings County,12.0,Layoff Permanent,,ca_2025_26.xlsx,CA
2026-06-25,Adventist Health Clear Lake,Lake County,4.0,Layoff Permanent,,ca_2025_26.xlsx,CA
2026-06-25,Adventist Health Glendale,Los Angeles County,12.0,Layoff Permanent,,ca_2025_26.xlsx,CA
2026-06-25,Adventist Health White Memorial Montebello,Los Angeles County,2.0,Layoff Permanent,,ca_2025_26.xlsx,CA
2026-06-25,Adventist Health White Memorial Cesar E. Chavez,Los Angeles County,11.0,Layoff Permanent,,ca_2025_26.xlsx,CA
2026-06-25,Adventist Health Howard Memorial,Mendocino County,6.0,Layoff Permanent,,ca_2025_26.xlsx,CA
2026-06-25,Adventist Health Mendocino Coast,Mendocino County,3.0,Layoff Permanent,,ca_2025_26.xlsx,CA
2026-06-25,Adventist Health Ukiah Valley,Mendocino County,5.0,Layoff Permanent,,ca_2025_26.xlsx,CA
2026-06-25,Adventist Health St. Helena,Napa County,3.0,Layoff Permanent,,ca_2025_26.xlsx,CA
2026-06-25,Adventist Health Roseville,Placer County,2.0,Layoff Permanent,,ca_2025_26.xlsx,CA
2026-06-25,Adventist Health Lodi Memorial,San Joaquin County,7.0,Layoff Permanent,,ca_2025_26.xlsx,CA
2026-06-25,Adventist Health Sierra Vista,San Luis Obispo County,5.0,Layoff Permanent,,ca_2025_26.xlsx,CA
2026-06-25,Adventist Health Twin Cities,San Luis Obispo County,4.0,Layoff Permanent,,ca_2025_26.xlsx,CA
2026-06-25,Adventist Health Vallejo,Solano County,3.0,Layoff Permanent,,ca_2025_26.xlsx,CA
2026-06-25,Adventist Health Sonora,Tuolumne County,8.0,Layoff Permanent,,ca_2025_26.xlsx,CA
2026-06-25,Adventist Health Simi Valley,Ventura County,7.0,Layoff Permanent,,ca_2025_26.xlsx,CA
2026-06-25,Adventist Health and Rideout,Yuba County,9.0,Layoff Permanent,,ca_2025_26.xlsx,CA
2026-06-26,International Paper Company,Sacramento County,130.0,Closure Permanent,,ca_2025_26.xlsx,CA
2026-06-26,Blue Diamond Growers,Sacramento County,93.0,Closure Permanent,,ca_2025_26.xlsx,CA
2026-06-26,"Flagship Facilities Services, LLC",San Francisco County,13.0,Layoff Permanent,,ca_2025_26.xlsx,CA
2026-06-26,VCA Corporate Support Office,Los Angeles County,100.0,Layoff Permanent,,ca_2025_26.xlsx,CA
2026-06-26,"Flagship Facilities Services, LLC",San Mateo County,5.0,Layoff Permanent,,ca_2025_26.xlsx,CA
2026-06-16,"Robinhood Markets, Inc.",San Mateo County,63.0,Layoff Permanent,,ca_2025_26.xlsx,CA
2026-06-29,Dignity Health (Bakersfield Memorial Hospital),Kern County,57.0,Layoff Permanent,,ca_2025_26.xlsx,CA
2026-06-29,Dignity Health (California Hospital Medical Center),Los Angeles County,82.0,Layoff Permanent,,ca_2025_26.xlsx,CA
2026-06-30,Fox Sports En Espanol LLC,Los Angeles County,133.0,Layoff Permanent,,ca_2025_26.xlsx,CA
2026-06-30,Federal Express Corporation,San Diego County,57.0,Closure Permanent,,ca_2025_26.xlsx,CA
2026-06-29,Ballast Point Brewing Company,San Francisco County,19.0,Closure Permanent,,ca_2025_26.xlsx,CA
2026-06-30,McDonald's Corporation,Los Angeles County,2.0,Closure Permanent,,ca_2025_26.xlsx,CA
2026-06-26,"Genentech, Inc.",San Mateo County,103.0,Layoff Permanent,,ca_2025_26.xlsx,CA
2026-06-30,Athwal FDS Corporation,San Bernardino County,35.0,Layoff Permanent,,ca_2025_26.xlsx,CA
2026-07-02,Blue Diamond Growers,Sacramento County,31.0,Closure Permanent,,ca_2025_26.xlsx,CA
2026-07-02,"Kingdom Animalia, LLC (Hourglass Cosmetics)",Los Angeles County,7.0,Closure Permanent,,ca_2025_26.xlsx,CA
