fips,state_name,county_name,per_gop,per_dem,total_votes
01001,Alabama,Autauga County,0.714368023046453,0.2701836514223982,27770
01003,Alabama,Baldwin County,0.7617137282433283,0.22409029987509,109679
01005,Alabama,Barbour County,0.5345122646891044,0.4578817265639855,10518
01007,Alabama,Bibb County,0.7842626367899947,0.2069828035435122,9595
01009,Alabama,Blount County,0.8957155284906481,0.0956937799043062,27588
01011,Alabama,Bullock County,0.2484283546499024,0.7470192933015392,4613
01013,Alabama,Butler County,0.5752529510961214,0.4178962900505902,9488
01015,Alabama,Calhoun County,0.6884843967597042,0.2984524253182433,50983
01017,Alabama,Chambers County,0.5726903951845067,0.4164485736718136,15284
01019,Alabama,Cherokee County,0.8603365580034144,0.1320217868465978,12301
01021,Alabama,Chilton County,0.8329880890730191,0.1591403417918177,19310
01023,Alabama,Choctaw County,0.5755627009646302,0.4189442658092175,7464
01025,Alabama,Clarke County,0.5575942139322421,0.4381423677198325,13135
01027,Alabama,Clay County,0.8082251082251082,0.1828282828282828,6930
01029,Alabama,Cleburne County,0.8971910889719109,0.0933997509339975,7227
01031,Alabama,Coffee County,0.7586531986531987,0.2278787878787878,22275
01033,Alabama,Colbert County,0.688625116545937,0.2991823854263788,27886
01035,Alabama,Conecuh County,0.5343890700201832,0.4604875019406924,6441
01037,Alabama,Coosa County,0.6627121737543348,0.3277970432560686,5479
01039,Alabama,Covington County,0.8368330464716007,0.1561101549053356,17430
01041,Alabama,Crenshaw County,0.7350763185733716,0.2569140093698051,6617
01043,Alabama,Cullman County,0.8812214761893383,0.1069986380253757,41851
01045,Alabama,Dale County,0.724642820954504,0.2619313000303982,19738
01047,Alabama,Dallas County,0.3092252575011195,0.6846171070309002,17864
01049,Alabama,DeKalb County,0.8436776127537812,0.1458304946177953,29356
01051,Alabama,Elmore County,0.7351693882524982,0.2526687789422374,41030
01053,Alabama,Escambia County,0.6831552482715273,0.3091137649277184,15910
01055,Alabama,Etowah County,0.7443848474689909,0.2423524974857526,47728
01057,Alabama,Fayette County,0.8327629477526808,0.1591375770020534,8766
01059,Alabama,Franklin County,0.8249324216886628,0.1658451264111941,12578
01061,Alabama,Geneva County,0.8647269828616979,0.1271422877640494,12545
01063,Alabama,Greene County,0.1832460732984293,0.8134031413612566,4775
01065,Alabama,Hale County,0.4026760918959858,0.5916435243625348,7922
01067,Alabama,Henry County,0.7105829210582921,0.2802753280275328,9298
01069,Alabama,Houston County,0.7064301648149351,0.2797522361553288,46173
01071,Alabama,Jackson County,0.8322051108478592,0.157260111694026,23636
01073,Alabama,Jefferson County,0.426097444207115,0.5575851317178562,325848
01075,Alabama,Lamar County,0.858334491867093,0.1359655220353121,7193
01077,Alabama,Lauderdale County,0.7154198335551095,0.2687250501815557,44339
01079,Alabama,Lawrence County,0.7686357681991142,0.2221944981598153,16031
01081,Alabama,Lee County,0.590924995451301,0.38992848045459,71449
01083,Alabama,Limestone County,0.7035645374225652,0.2776886361328323,49235
01085,Alabama,Lowndes County,0.2686174103877103,0.7274323335771763,6835
01087,Alabama,Macon County,0.1766594061676029,0.8148572738736674,8723
01089,Alabama,Madison County,0.5277074658438031,0.4481560017867503,194767
01091,Alabama,Marengo County,0.4901834862385321,0.50348623853211,10900
01093,Alabama,Marion County,0.8839718983124502,0.105960744549866,13807
01095,Alabama,Marshall County,0.8369940738872778,0.1498676081200353,39655
01097,Alabama,Mobile County,0.5527450809110961,0.4338953069380445,183164
01099,Alabama,Monroe County,0.5762092238470191,0.4176040494938133,10668
01101,Alabama,Montgomery County,0.3360029857069367,0.6508941990538537,99139
01103,Alabama,Morgan County,0.7383194966680318,0.2463422806299095,53722
01105,Alabama,Perry County,0.2560229445506692,0.7380497131931166,5230
01107,Alabama,Pickens County,0.5786098469176665,0.4160115846090194,9668
01109,Alabama,Pike County,0.5810273824145654,0.4071960118488548,13841
01111,Alabama,Randolph County,0.7897942234935867,0.2032850419857894,10837
01113,Alabama,Russell County,0.462468939003235,0.5264194289465047,21329
01115,Alabama,St. Clair County,0.8137980693503747,0.1742535046466101,44441
01117,Alabama,Shelby County,0.6933449325793823,0.289412788168769,114950
01119,Alabama,Sumter County,0.2540136703226832,0.7388332538547131,6291
01121,Alabama,Talladega County,0.623475310545944,0.3683930123657572,35663
01123,Alabama,Tallapoosa County,0.7128293077985803,0.2791196226954409,20991
01125,Alabama,Tuscaloosa County,0.566883289712993,0.4188107172958346,90172
01127,Alabama,Walker County,0.8341995508501765,0.1550850176451716,31170
01129,Alabama,Washington County,0.7395223073456512,0.254393871113114,8876
01131,Alabama,Wilcox County,0.3105200745383703,0.6857530069456209,5903
01133,Alabama,Winston County,0.903491669620702,0.086316908897554,11284
02901,Alaska,District 1,0.4770380434782608,0.4724184782608696,7360
02902,Alaska,District 2,0.5963317643239734,0.3415030027592923,6161
02903,Alaska,District 3,0.7246273106738224,0.2269528920691711,8385
02904,Alaska,District 4,0.4429961273259658,0.5048644564088033,10587
02905,Alaska,District 5,0.4682977257064094,0.4828853664139674,8706
02906,Alaska,District 6,0.6062197940743854,0.3437696995167051,9518
02907,Alaska,District 7,0.7271316225165563,0.2292011589403973,9664
02908,Alaska,District 8,0.7650898865120016,0.1961434166917746,9957
02909,Alaska,District 9,0.7048972571738934,0.25065628677469,11047
02910,Alaska,District 10,0.7179282160625444,0.2422707889125799,11256
02911,Alaska,District 11,0.6640464158712334,0.2929066067752199,10686
02912,Alaska,District 12,0.6997340425531915,0.2621453900709219,11280
02913,Alaska,District 13,0.5990985189954926,0.3433354797166774,7765
02914,Alaska,District 14,0.5821050806311774,0.369429512744928,11534
02915,Alaska,District 15,0.4775612372608618,0.4688002860718755,5593
02916,Alaska,District 16,0.4303549571603427,0.5231334149326805,8170
02917,Alaska,District 17,0.3864667858616421,0.5688350983358548,7271
02918,Alaska,District 18,0.3557159427761309,0.6032993942518365,7759
02919,Alaska,District 19,0.3699887598351442,0.5841139003372049,5338
02920,Alaska,District 20,0.3158801696712619,0.6470042417815483,7544
02921,Alaska,District 21,0.3891584053997047,0.5709765872178865,9482
02922,Alaska,District 22,0.4880691882880066,0.4744190892987392,9597
02923,Alaska,District 23,0.4688301693175987,0.4887121600820934,7796
02924,Alaska,District 24,0.5129721480351012,0.4517359786341091,10484
02925,Alaska,District 25,0.4703810438680755,0.4909808944391077,9369
02926,Alaska,District 26,0.2583776857875025,0.2246205401143307,20292
02927,Alaska,District 27,0.2271366286704838,0.2544518569102274,19037
02928,Alaska,District 28,0.2408913213448006,0.2448788115715402,25580
02929,Alaska,District 29,0.6921364985163204,0.2767989614243323,10784
02930,Alaska,District 30,0.7021318208488168,0.2579698806962644,10226
02931,Alaska,District 31,0.5585289640253185,0.4035734316160564,12481
02932,Alaska,District 32,0.5310369573017582,0.419327831599091,8361
02933,Alaska,District 33,0.2776870007262164,0.6840050835148874,11016
02934,Alaska,District 34,0.420881971465629,0.5339077265147304,10794
02935,Alaska,District 35,0.4698985121686865,0.4937432259335895,10149
02936,Alaska,District 36,0.550365906155833,0.4085234610417563,9292
02937,Alaska,District 37,0.4562693498452012,0.4953560371517028,5168
02938,Alaska,District 38,0.3277976976788073,0.6042649556520098,5299
02939,Alaska,District 39,0.3269814502529511,0.6037099494097807,5930
02940,Alaska,District 40,0.4308556611927398,0.5008643042350908,4628
04001,Arizona,Apache County,0.3252138817042321,0.662052695904272,35183
04003,Arizona,Cochise County,0.5879814131926645,0.3924396011443123,60473
04005,Arizona,Coconino County,0.3688272025741008,0.6094129195866168,73346
04007,Arizona,Gila County,0.6639569333044295,0.3231086061131584,27678
04009,Arizona,Graham County,0.716791144305148,0.2690050680181381,14996
04011,Arizona,Greenlee County,0.65970715835141,0.3204989154013015,3688
04012,Arizona,La Paz County,0.6875335120643432,0.2997319034852547,7460
04013,Arizona,Maricopa County,0.4811196076299545,0.5029169233742857,2069475
04015,Arizona,Mohave County,0.7500596915142543,0.2371519984718972,104705
04017,Arizona,Navajo County,0.5340942007994902,0.4515574609427804,51783
04019,Arizona,Pima County,0.3989706856654536,0.5856740952691868,520735
04021,Arizona,Pinal County,0.57867885882283,0.4058971989385906,185037
04023,Arizona,Santa Cruz County,0.3166504779919227,0.6716425540616533,19561
04025,Arizona,Yavapai County,0.6387981574539363,0.3461892797319933,143280
04027,Arizona,Yuma County,0.5224666075565598,0.4606298086548637,69926
05001,Arkansas,Arkansas County,0.684043229497775,0.2889383343928798,6292
05003,Arkansas,Ashley County,0.6999747665909665,0.2681049709815796,7926
05005,Arkansas,Baxter County,0.7538439567763127,0.2206407388013519,21007
05007,Arkansas,Benton County,0.6168273400493696,0.3523333778103943,119912
05009,Arkansas,Boone County,0.7977094776206615,0.1790347084258501,17114
05011,Arkansas,Bradley County,0.6390257252326218,0.3322386425834702,3654
05013,Arkansas,Calhoun County,0.7497708524289642,0.2195233730522456,2182
05015,Arkansas,Carroll County,0.6293125370856998,0.3410189031109604,11797
05017,Arkansas,Chicot County,0.4270046307579819,0.5508164757494516,4103
05019,Arkansas,Clark County,0.5498511018463371,0.4095294818344253,8395
05021,Arkansas,Clay County,0.78834651746093,0.1856067914335327,5183
05023,Arkansas,Cleburne County,0.8145110410094637,0.156782334384858,12680
05025,Arkansas,Cleveland County,0.7963888888888889,0.1808333333333333,3600
05027,Arkansas,Columbia County,0.638347260909935,0.3266016713091922,8616
05029,Arkansas,Conway County,0.6556131260794473,0.3010938399539435,8685
05031,Arkansas,Craighead County,0.6636545402612241,0.3095479213731141,38511
05033,Arkansas,Crawford County,0.7723631231580258,0.2058445062471462,24091
05035,Arkansas,Crittenden County,0.4480356815543471,0.5201930714242072,16367
05037,Arkansas,Cross County,0.7124747911264765,0.2552578507634687,6942
05039,Arkansas,Dallas County,0.5938089845224613,0.3635334088335221,2649
05041,Arkansas,Desha County,0.4613352545629203,0.484149855907781,4164
05043,Arkansas,Drew County,0.6295599305153445,0.3511870295309786,6908
05045,Arkansas,Faulkner County,0.6324134636584111,0.3370875284779893,54428
05047,Arkansas,Franklin County,0.7963248702482817,0.1823537663066348,7129
05049,Arkansas,Fulton County,0.7737839421762063,0.2021879273295565,5119
05051,Arkansas,Garland County,0.6576845629991629,0.3177673703024955,44199
05053,Arkansas,Grant County,0.8285365853658536,0.1546341463414634,8200
05055,Arkansas,Greene County,0.7869565217391304,0.1899378881987577,16100
05057,Arkansas,Hempstead County,0.6527453271028038,0.3122079439252336,6848
05059,Arkansas,Hot Spring County,0.7328183483316079,0.2454407899976109,12557
05061,Arkansas,Howard County,0.6965246172941664,0.2772031443938767,4834
05063,Arkansas,Independence County,0.7752205071664829,0.1933572216097023,14512
05065,Arkansas,Izard County,0.7970740103270224,0.1757314974182444,5810
05067,Arkansas,Jackson County,0.7057552543704577,0.2681202121390689,5091
05069,Arkansas,Jefferson County,0.3784482073296764,0.5954765879640671,25158
05071,Arkansas,Johnson County,0.7304695725415877,0.2403663929248262,9498
05073,Arkansas,Lafayette County,0.6558417319895483,0.3131765584173199,2679
05075,Arkansas,Lawrence County,0.7800921973706676,0.1843947413351545,5857
05077,Arkansas,Lee County,0.4515449438202247,0.4996488764044944,2848
05079,Arkansas,Lincoln County,0.704258064516129,0.2663225806451613,3875
05081,Arkansas,Little River County,0.7175970639366428,0.2368166892022407,5177
05083,Arkansas,Logan County,0.7831003039513678,0.1877203647416413,8225
05085,Arkansas,Lonoke County,0.7463309634074751,0.2180549214010827,30662
05087,Arkansas,Madison County,0.7696911984763978,0.2126241327710515,7351
05089,Arkansas,Marion County,0.7707583633213382,0.204051712648274,7503
05091,Arkansas,Miller County,0.7211567547946034,0.2568213443039506,16529
05093,Arkansas,Mississippi County,0.5911521633446767,0.3693080538000324,12342
05095,Arkansas,Monroe County,0.5486505681818182,0.4073153409090909,2816
05097,Arkansas,Montgomery County,0.7864704363542474,0.1887425768138394,3873
05099,Arkansas,Nevada County,0.6351995235259082,0.3204288266825491,3358
05101,Arkansas,Newton County,0.7983991995997999,0.1773386693346673,3998
05103,Arkansas,Ouachita County,0.5497974867587496,0.4148925122027209,9629
05105,Arkansas,Perry County,0.7518910741301059,0.2187162308191052,4627
05107,Arkansas,Phillips County,0.387215636014098,0.5804229413649471,6242
05109,Arkansas,Pike County,0.8287800282618936,0.1516721620348563,4246
05111,Arkansas,Poinsett County,0.7868634490094403,0.1893365243983512,7521
05113,Arkansas,Polk County,0.8286219081272085,0.1467608951707891,8490
05115,Arkansas,Pope County,0.7400540275049116,0.2362475442043222,24432
05117,Arkansas,Prairie County,0.7971387696709585,0.1871244635193133,3495
05119,Arkansas,Pulaski County,0.3747263997740592,0.5998434889030102,169956
05121,Arkansas,Randolph County,0.7861127422196125,0.1783617146212566,6812
05123,Arkansas,St. Francis County,0.456105796285875,0.5070343275182893,7108
05125,Arkansas,Saline County,0.6944644393335557,0.2819571972822556,56959
05127,Arkansas,Scott County,0.8341312306392565,0.1360180230920867,3551
05129,Arkansas,Searcy County,0.8372729534710127,0.1463050510077133,4019
05131,Arkansas,Sebastian County,0.6618158676283411,0.3073186253712346,47140
05133,Arkansas,Sevier County,0.746635909265667,0.2145328719723183,5202
05135,Arkansas,Sharp County,0.7848268569918054,0.1847739888977002,7566
05137,Arkansas,Stone County,0.7773661165375547,0.1987201077803974,5938
05139,Arkansas,Union County,0.6309387607635335,0.3362437526344312,16607
05141,Arkansas,Van Buren County,0.7728961188676828,0.2040476495452798,7807
05143,Arkansas,Washington County,0.5039356713979589,0.4648972057793902,94266
05145,Arkansas,White County,0.7829690788408613,0.1935567427553828,30885
05147,Arkansas,Woodruff County,0.6231825525040388,0.345718901453958,2476
05149,Arkansas,Yell County,0.7752558967512239,0.1904761904761904,6741
06001,California,Alameda County,0.1770559475439818,0.8022962497272246,769864
06003,California,Alpine County,0.3292847503373819,0.6423751686909581,741
06005,California,Amador County,0.6091381938839566,0.3655725943861537,22302
06007,California,Butte County,0.4775484604378589,0.4941690676388154,102042
06009,California,Calaveras County,0.6080842291267855,0.369827713149757,27164
06011,California,Colusa County,0.5727581436297321,0.4067412904037228,7951
06013,California,Contra Costa County,0.2630232438105397,0.716387660650689,581230
06015,California,Del Norte County,0.5641809290953546,0.4084002794271743,11452
06017,California,El Dorado County,0.5324527717026296,0.4444798429454614,116138
06019,California,Fresno County,0.4508222110748364,0.5291124944834146,364809
06021,California,Glenn County,0.625487070492384,0.3537902940134608,11292
06023,California,Humboldt County,0.3162956936130645,0.6504329633288778,68828
06025,California,Imperial County,0.3675552734581614,0.6114108395923693,56718
06027,California,Inyo County,0.4872903702141124,0.4887670076996097,9481
06029,California,Kern County,0.5388924927758448,0.4369418070544449,305226
06031,California,Kings County,0.5488622372201195,0.4263532308814811,43858
06033,California,Lake County,0.4556597222222222,0.5187847222222223,28800
06035,California,Lassen County,0.7484355444305382,0.2335419274092615,11985
06037,California,Los Angeles County,0.2686865990702819,0.7104316863154967,4263443
06039,California,Madera County,0.5468523137634489,0.4312572130598265,53722
06041,California,Marin County,0.157970744732062,0.8234093491055898,155801
06043,California,Mariposa County,0.5787937743190662,0.3976653696498054,10280
06045,California,Mendocino County,0.3061426989108362,0.664159128669005,43336
06047,California,Merced County,0.4351288366596348,0.5410918810262754,90541
06049,California,Modoc County,0.7166897187644076,0.2650991240202858,4338
06051,California,Mono County,0.3730146949680867,0.5956657265845332,6737
06053,California,Monterey County,0.2825125241788349,0.6953314254681694,163883
06055,California,Napa County,0.2866809018052744,0.6907323701505782,72122
06057,California,Nevada County,0.4136519509407149,0.5616330439618153,64738
06059,California,Orange County,0.4445599566281687,0.5349251671622665,1521725
06061,California,Placer County,0.5211878289655641,0.4547288068522702,235017
06063,California,Plumas County,0.5725835110163469,0.4052061122956645,11256
06065,California,Riverside County,0.4504334662442428,0.5299822517758263,996156
06067,California,Sacramento County,0.3611424355065503,0.6136908490999458,718290
06069,California,San Benito County,0.3674404080358072,0.6116373477672531,28821
06071,California,San Bernardino County,0.4355375173468453,0.5420884709922693,840931
06073,California,San Diego County,0.374655526989078,0.6022580697524289,1601722
06075,California,San Francisco County,0.1272206161575617,0.8527436645634987,443458
06077,California,San Joaquin County,0.419833381291971,0.5586441688652524,288443
06079,California,San Luis Obispo County,0.4223169945077999,0.5530401237467201,159681
06081,California,San Mateo County,0.2019655848911364,0.7788837273947046,374138
06083,California,Santa Barbara County,0.328207381370826,0.6488806119188368,200288
06085,California,Santa Clara County,0.2523297457326207,0.7265737982086296,850522
06087,California,Santa Cruz County,0.1860341445896295,0.7890135086604603,144796
06089,California,Shasta County,0.6543487621097955,0.3229278794402583,92900
06091,California,Sierra County,0.5917098445595855,0.3782383419689119,1930
06093,California,Siskiyou County,0.5667377398720682,0.4090831556503198,23450
06095,California,Solano County,0.3367131287318237,0.6395489503524736,205831
06097,California,Sonoma County,0.2304735845399102,0.7453364746581572,268252
06099,California,Stanislaus County,0.4846748822576742,0.4925678065488933,214876
06101,California,Sutter County,0.5716463414634146,0.4072936210131332,42640
06103,California,Tehama County,0.6664461543818112,0.3102607847916159,28721
06105,California,Trinity County,0.5094279322467242,0.45557686161713,6258
06107,California,Tulare County,0.5283521303258145,0.4502084014383785,146832
06109,California,Tuolumne County,0.5818558600046051,0.3940001973619288,30401
06111,California,Ventura County,0.3837420569768487,0.5947224732551373,422698
06113,California,Yolo County,0.2805971376871196,0.6949950649777924,97264
06115,California,Yuba County,0.593413233961124,0.377010105079397,29787
08001,Colorado,Adams County,0.4040678395674488,0.5668870255771221,236735
08003,Colorado,Alamosa County,0.4883452868852459,0.4814293032786885,7808
08005,Colorado,Arapahoe County,0.3635898944266283,0.60998677834161,350183
08007,Colorado,Archuleta County,0.5674759405074365,0.4087926509186351,9144
08009,Colorado,Baca County,0.8391011235955056,0.1424719101123595,2225
08011,Colorado,Bent County,0.6609498680738787,0.3218997361477572,2274
08013,Colorado,Boulder County,0.206204423829878,0.7718607934559534,206111
08014,Colorado,Broomfield County,0.3494381540572997,0.6235417738891749,46632
08015,Colorado,Chaffee County,0.4535977254501713,0.521980024786761,13717
08017,Colorado,Cheyenne County,0.8741197183098591,0.1153169014084507,1136
08019,Colorado,Clear Creek County,0.4205864386072083,0.550397067806964,6548
08021,Colorado,Conejos County,0.5275790445418879,0.4521117009000692,4333
08023,Colorado,Costilla County,0.3538681948424069,0.6260744985673352,2094
08025,Colorado,Crowley County,0.7262857142857143,0.2497142857142857,1750
08027,Colorado,Custer County,0.6807925151348376,0.3059988992845349,3634
08029,Colorado,Delta County,0.6753226639132679,0.3039235931853381,19370
08031,Colorado,Denver County,0.1818514220711124,0.7955091956620547,393827
08033,Colorado,Dolores County,0.7515527950310559,0.2353347135955831,1449
08035,Colorado,Douglas County,0.5236205683098805,0.4518715538495416,231599
08037,Colorado,Eagle County,0.3394646533973919,0.6378860672614962,29140
08039,Colorado,Elbert County,0.7389243006900912,0.236527419269873,18983
08041,Colorado,El Paso County,0.5353795311588522,0.4274552658183075,378849
08043,Colorado,Fremont County,0.6854090855734241,0.2883358766678405,25557
08045,Colorado,Garfield County,0.4762166709811027,0.4991910432306498,30904
08047,Colorado,Gilpin County,0.4378881987577639,0.531055900621118,4186
08049,Colorado,Grand County,0.4947315096251266,0.4772036474164133,9870
08051,Colorado,Gunnison County,0.3337801608579088,0.6373547810545129,11190
08053,Colorado,Hinsdale County,0.5585443037974683,0.4034810126582278,632
08055,Colorado,Huerfano County,0.5,0.4711756695415343,4406
08057,Colorado,Jackson County,0.7773972602739726,0.1997716894977169,876
08059,Colorado,Jefferson County,0.393306603561084,0.5787516860691599,377357
08061,Colorado,Kiowa County,0.8803986710963455,0.1085271317829457,903
08063,Colorado,Kit Carson County,0.812193231723069,0.1710152415396538,3871
08065,Colorado,Lake County,0.3779348649330977,0.5814188336278717,3961
08067,Colorado,La Plata County,0.3990523453051841,0.5761067653573331,35667
08069,Colorado,Larimer County,0.4078176679831325,0.5621874136347832,224338
08071,Colorado,Las Animas County,0.5381233513377717,0.4392664238161035,7961
08073,Colorado,Lincoln County,0.8053564692568842,0.1772915880799698,2651
08075,Colorado,Logan County,0.7678503608051652,0.2105962780098746,10532
08077,Colorado,Mesa County,0.6278166449647988,0.3479949681092891,90622
08079,Colorado,Mineral County,0.5648148148148148,0.4193121693121693,756
08081,Colorado,Moffat County,0.807002561912895,0.1712211784799316,7026
08083,Colorado,Montezuma County,0.6003870967741936,0.376516129032258,15500
08085,Colorado,Montrose County,0.6728994462723698,0.3084423401011155,24922
08087,Colorado,Morgan County,0.697977299185099,0.2820139697322468,13744
08089,Colorado,Otero County,0.6010860484544696,0.3764619883040935,9576
08091,Colorado,Ouray County,0.3922885572139303,0.5883084577114428,4020
08093,Colorado,Park County,0.5688364524003254,0.3989422294548413,12290
08095,Colorado,Phillips County,0.7879275653923541,0.1955734406438631,2485
08097,Colorado,Pitkin County,0.2324997909174542,0.7517772016392071,11957
08099,Colorado,Prowers County,0.7207336809926272,0.2621830606006114,5561
08101,Colorado,Pueblo County,0.4785105154078755,0.4957247533947156,88299
08103,Colorado,Rio Blanco County,0.8293145489027364,0.1519913302628014,3691
08105,Colorado,Rio Grande County,0.5804916732751785,0.3957176843774782,6305
08107,Colorado,Routt County,0.3510903057596586,0.62704432329936,16876
08109,Colorado,Saguache County,0.4169371496016524,0.5559161994688698,3389
08111,Colorado,San Juan County,0.3587921847246891,0.6074600355239786,563
08113,Colorado,San Miguel County,0.2207110938410724,0.7623858558383524,5147
08115,Colorado,Sedgwick County,0.7752420470262794,0.2081604426002766,1446
08117,Colorado,Summit County,0.2880025975431571,0.6835326586936522,18479
08119,Colorado,Teller County,0.6636165062872661,0.3115886415963162,16939
08121,Colorado,Washington County,0.8626994680851063,0.1226728723404255,3008
08123,Colorado,Weld County,0.5758289013463658,0.395644674428633,166968
08125,Colorado,Yuma County,0.8245332262597872,0.1575988757277655,4981
09001,Connecticut,Fairfield County,0.3573838770375695,0.6289879278631684,472990
09003,Connecticut,Hartford County,0.3539088788790571,0.6306372069008492,449336
09005,Connecticut,Litchfield County,0.5170069924867962,0.4664509410101912,107544
09007,Connecticut,Middlesex County,0.4099170387992298,0.5730471860730019,99203
09009,Connecticut,New Haven County,0.4064596392171874,0.5804799272692474,417980
09011,Connecticut,New London County,0.4090856995501561,0.5691742356952523,139604
09013,Connecticut,Tolland County,0.4322871402676731,0.5463461872718695,80546
09015,Connecticut,Windham County,0.510555915692836,0.4678066471608529,57077
10001,Delaware,Kent County,0.4712324044814708,0.5119448434357943,87025
10003,Delaware,New Castle County,0.3072109250329413,0.6780654514607156,287633
10005,Delaware,Sussex County,0.5506679448327045,0.4381996412888861,129352
11001,District of Columbia,District of Columbia,0.0539732137671479,0.9214969392140692,344356
12001,Florida,Alachua County,0.3574373790356511,0.629042663599899,142604
12003,Florida,Baker County,0.8472153069208336,0.1448893946937904,14059
12005,Florida,Bay County,0.7105370657034744,0.2753482972136223,93024
12007,Florida,Bradford County,0.7580692488262911,0.2318075117370892,13632
12009,Florida,Brevard County,0.5762298899003226,0.4117622600924704,360764
12011,Florida,Broward County,0.3481452940046279,0.646100126139221,957672
12013,Florida,Calhoun County,0.8081520073551947,0.1852589641434263,6526
12015,Florida,Charlotte County,0.629559910606842,0.3633574007220216,116340
12017,Florida,Citrus County,0.7011415329156295,0.290661745772895,93208
12019,Florida,Clay County,0.6790723845504602,0.3080020899481532,124405
12021,Florida,Collier County,0.6204948560759895,0.3735047012289599,207818
12023,Florida,Columbia County,0.7213849040614975,0.2697778584831427,33042
12027,Florida,DeSoto County,0.6566869420965321,0.336440477130895,12659
12029,Florida,Dixie County,0.8275988735153668,0.1671360352638667,8167
12031,Florida,Duval County,0.4743354571648878,0.5124710847774036,492820
12033,Florida,Escambia County,0.5674289202451107,0.4163184091282605,170372
12035,Florida,Flagler County,0.6001868481231525,0.3926738803056501,71716
12037,Florida,Franklin County,0.6825813987443422,0.3095342385749745,6849
12039,Florida,Gadsden County,0.3141570574867435,0.6797828465617373,23762
12041,Florida,Gilchrist County,0.8151781104801239,0.1755291688177594,9685
12043,Florida,Glades County,0.7282880801078375,0.2667051800500674,5193
12045,Florida,Gulf County,0.7488668381722406,0.2431704030380987,8163
12047,Florida,Hamilton County,0.6543739279588336,0.3367066895368782,5830
12049,Florida,Hardee County,0.7215085444902769,0.2708308780200353,8485
12051,Florida,Hendry County,0.6109737248840804,0.3809119010819165,12940
12053,Florida,Hernando County,0.6464442445052423,0.3444575016984631,108922
12055,Florida,Highlands County,0.668449300364194,0.3246693502012651,52170
12057,Florida,Hillsborough County,0.459787968199443,0.5285585685536252,712063
12059,Florida,Holmes County,0.8910454344949272,0.1018967798853109,9068
12061,Florida,Indian River County,0.6039144885314514,0.3882072955561938,97484
12063,Florida,Jackson County,0.6908425888755074,0.3017975824077791,22419
12065,Florida,Jefferson County,0.5299964501242457,0.4611288604898828,8451
12067,Florida,Lafayette County,0.8551120831055221,0.1394204483324221,3658
12069,Florida,Lake County,0.5956018058434368,0.3951702206195519,211314
12071,Florida,Lee County,0.5921492565353047,0.4003437429391798,393899
12073,Florida,Leon County,0.3526259904621031,0.6353503673379202,162929
12075,Florida,Levy County,0.7236552171095268,0.2680924605746381,23145
12077,Florida,Liberty County,0.7992137040157259,0.1948890761022184,3561
12079,Florida,Madison County,0.594456289978678,0.3994669509594882,9380
12081,Florida,Manatee County,0.5760884595175103,0.4155919578904672,216958
12083,Florida,Marion County,0.6254452577602067,0.366275883665401,204376
12085,Florida,Martin County,0.6195733646658428,0.3736908210603083,98726
12086,Florida,Miami-Dade County,0.4606030691138435,0.5341074120689894,1156816
12087,Florida,Monroe County,0.5349476358033688,0.4555789210685211,48029
12089,Florida,Nassau County,0.7237761643230008,0.2646443692506504,58811
12091,Florida,Okaloosa County,0.6857088843632114,0.2942950684437111,116373
12093,Florida,Okeechobee County,0.7189419581296227,0.2751661025448163,15954
12095,Florida,Orange County,0.3790498344925803,0.6101516366158328,647403
12097,Florida,Osceola County,0.4261291145700434,0.5642499246097102,172436
12099,Florida,Palm Beach County,0.4329141003520625,0.5607805907718733,773158
12101,Florida,Pasco County,0.5948306123124814,0.3943206278769414,301970
12103,Florida,Pinellas County,0.493481503979704,0.4956987038046148,559715
12105,Florida,Polk County,0.5668830260796607,0.4225679958981052,343256
12107,Florida,Putnam County,0.7014543754983091,0.2894179748714706,36373
12109,Florida,St. Johns County,0.6281550429731291,0.3615064940947334,176622
12111,Florida,St. Lucie County,0.5043358560484176,0.4886884398468946,172169
12113,Florida,Santa Rosa County,0.7237112823582224,0.258229836899596,106928
12115,Florida,Sarasota County,0.5483507345467985,0.4439064954264067,270575
12117,Florida,Seminole County,0.4801909399382704,0.5081302839177194,260815
12119,Florida,Sumter County,0.6786073417310915,0.3172514461804617,92485
12121,Florida,Suwannee County,0.7793132924918079,0.2129933038894429,21057
12123,Florida,Taylor County,0.7653796780882789,0.2270168855534709,10127
12125,Florida,Union County,0.821937550040032,0.1686148919135308,6245
12127,Florida,Volusia County,0.5653837021327808,0.4247183994223244,307439
12129,Florida,Wakulla County,0.6995218430775918,0.2907520104325147,18404
12131,Florida,Walton County,0.7537461966095491,0.2365079728214865,43711
12133,Florida,Washington County,0.8011681674373327,0.1903950677374868,12327
13001,Georgia,Appling County,0.7830750893921334,0.2126340882002383,8390
13003,Georgia,Atkinson County,0.7290015847860539,0.2614896988906497,3155
13005,Georgia,Bacon County,0.8607242339832869,0.133919005785301,4667
13007,Georgia,Baker County,0.5768488745980708,0.4192926045016077,1555
13009,Georgia,Baldwin County,0.4878088871842638,0.500794477014958,18251
13011,Georgia,Banks County,0.885694807408249,0.1058970571525963,8801
13013,Georgia,Barrow County,0.7068378998444134,0.2756520133962712,37921
13015,Georgia,Bartow County,0.7465123652504756,0.2395965440710209,50464
13017,Georgia,Ben Hill County,0.6262949421084705,0.3645642900670323,6564
13019,Georgia,Berrien County,0.8290068448921607,0.1638899651297946,7743
13021,Georgia,Bibb County,0.3755833356902452,0.613852985264587,70714
13023,Georgia,Bleckley County,0.7584092501751927,0.2298528381219341,5708
13025,Georgia,Brantley County,0.902439024390244,0.0903342366757,7749
13027,Georgia,Brooks County,0.6000563300943529,0.3930432333474158,7101
13029,Georgia,Bryan County,0.6674478556362784,0.3158190766346379,21335
13031,Georgia,Bulloch County,0.6110667996011964,0.3738118976404121,30090
13033,Georgia,Burke County,0.5054759898904801,0.4875035102499298,10683
13035,Georgia,Butts County,0.71412794155127,0.2781411944609633,11771
13037,Georgia,Calhoun County,0.4199272065514103,0.5746132848043676,2198
13039,Georgia,Camden County,0.6437980241492866,0.3363590306510174,23686
13043,Georgia,Candler County,0.707063868201309,0.2863913337846987,4431
13045,Georgia,Carroll County,0.6879864884711412,0.2980613893376413,54472
13047,Georgia,Catoosa County,0.7721596661859909,0.21268370509005,32593
13049,Georgia,Charlton County,0.7484676007005254,0.2419001751313485,4568
13051,Georgia,Chatham County,0.3990165507315903,0.586524046533941,133408
13053,Georgia,Chattahoochee County,0.5562579013906448,0.4216182048040455,1582
13055,Georgia,Chattooga County,0.8023880597014925,0.1844776119402985,10050
13057,Georgia,Cherokee County,0.6876704761247109,0.2954044815799468,144815
13059,Georgia,Clarke County,0.2814240641919526,0.7021968605149379,51346
13061,Georgia,Clay County,0.4439024390243902,0.551219512195122,1435
13063,Georgia,Clayton County,0.1407549185435769,0.8498709160509214,112330
13065,Georgia,Clinch County,0.7357567284166375,0.2600489339391821,2861
13067,Georgia,Cobb County,0.4201783972691807,0.5634524341677504,393728
13069,Georgia,Coffee County,0.6952806625476535,0.29650322071776,15214
13071,Georgia,Colquitt County,0.7321273156782295,0.2604749471590202,16086
13073,Georgia,Columbia County,0.6207012100527459,0.3627924294135898,80575
13075,Georgia,Cook County,0.6965174129353234,0.2926794598436389,7035
13077,Georgia,Coweta County,0.6705946692014219,0.315238479667704,76799
13079,Georgia,Crawford County,0.7256637168141593,0.2646673221894461,6102
13081,Georgia,Crisp County,0.6205651686791983,0.3712187227685796,8033
13083,Georgia,Dade County,0.8159806295399515,0.1696260425073984,7434
13085,Georgia,Dawson County,0.833157141968783,0.1545923760960139,16081
13087,Georgia,Decatur County,0.5810752688172043,0.4113548387096774,11625
13089,Georgia,DeKalb County,0.1574582058875888,0.8311944026368457,370746
13091,Georgia,Dodge County,0.7239499442448272,0.2691116342460661,8071
13093,Georgia,Dooly County,0.5259439707673569,0.4655298416565164,4105
13095,Georgia,Dougherty County,0.2958880040808229,0.696233740470995,35287
13097,Georgia,Douglas County,0.3683327062773131,0.6195409949931988,69106
13099,Georgia,Early County,0.5223592906707787,0.4722436391673091,5188
13101,Georgia,Echols County,0.871616932685635,0.1158917418459403,1441
13103,Georgia,Effingham County,0.7399512210572994,0.2444648569890089,31571
13105,Georgia,Elbert County,0.6788790753462,0.3139243266819321,9171
13107,Georgia,Emanuel County,0.6894266175697001,0.3036296685954761,9505
13109,Georgia,Evans County,0.6800094184129974,0.3117494702142689,4247
13111,Georgia,Fannin County,0.8195164657552697,0.1730756279884167,14849
13113,Georgia,Fayette County,0.527210600883407,0.4592327138372642,71994
13115,Georgia,Floyd County,0.6992090176822041,0.2882610483539343,41341
13117,Georgia,Forsyth County,0.65828119804193,0.326406879538477,129311
13119,Georgia,Franklin County,0.8424523920111472,0.1479795633999071,10765
13121,Georgia,Fulton County,0.2620322693349676,0.7259015729916625,523779
13123,Georgia,Gilmer County,0.8126475037821482,0.1774281391830559,16525
13125,Georgia,Glascock County,0.8958466453674121,0.0990415335463258,1565
13127,Georgia,Glynn County,0.6101028865390111,0.3782509288368105,41988
13129,Georgia,Gordon County,0.8074314484250822,0.1824158448799567,24033
13131,Georgia,Grady County,0.6569533949752498,0.3380031754926683,10707
13133,Georgia,Greene County,0.6284240483813589,0.3634827463536108,11244
13135,Georgia,Gwinnett County,0.4019100388142688,0.5844940981539672,414023
13137,Georgia,Habersham County,0.8143017962899516,0.1743429102833928,20431
13139,Georgia,Hall County,0.7089145874062538,0.2764946927775384,90537
13141,Georgia,Hancock County,0.2778714182518661,0.7165904165663376,4153
13143,Georgia,Haralson County,0.8655061069773972,0.1257195002105854,14246
13145,Georgia,Harris County,0.7162723225451453,0.2729728377769996,19991
13147,Georgia,Hart County,0.7436360779384035,0.2480358265241986,12728
13149,Georgia,Heard County,0.8377827215424546,0.1527623285131627,5394
13151,Georgia,Henry County,0.392355973267858,0.5971072700369112,122998
13153,Georgia,Houston County,0.5550656083807691,0.4307838263983538,74838
13155,Georgia,Irwin County,0.7519193857965452,0.2418426103646833,4168
13157,Georgia,Jackson County,0.7830656934306569,0.2028400796284008,37675
13159,Georgia,Jasper County,0.7616431187859759,0.2303767660910518,7644
13161,Georgia,Jeff Davis County,0.8135505111765725,0.1781320395078842,5771
13163,Georgia,Jefferson County,0.463018719727713,0.5312213640528866,7639
13165,Georgia,Jenkins County,0.6254703328509407,0.3664254703328509,3455
13167,Georgia,Johnson County,0.6951219512195121,0.2980487804878048,4100
13169,Georgia,Jones County,0.6655952859247355,0.3269050488817464,14934
13171,Georgia,Lamar County,0.6999447208402432,0.2896627971254837,9045
13173,Georgia,Lanier County,0.7016219239373602,0.2849552572706935,3576
13175,Georgia,Laurens County,0.6375874356605516,0.3551977475693986,22731
13177,Georgia,Lee County,0.7183798013641259,0.2727055163336125,16714
13179,Georgia,Liberty County,0.3720201925773581,0.6125081798635131,21394
13181,Georgia,Lincoln County,0.6836888601594484,0.3085541909071321,4641
13183,Georgia,Long County,0.6234753402863709,0.3597313063461198,5657
13185,Georgia,Lowndes County,0.5542444180778773,0.433955344623018,46355
13187,Georgia,Lumpkin County,0.7831433906380787,0.2012748696156075,15531
13189,Georgia,McDuffie County,0.5900526064084171,0.3986609277857484,10455
13191,Georgia,McIntosh County,0.5997610513739546,0.3900836320191159,6696
13193,Georgia,Macon County,0.3823718636071199,0.6129101436843234,4663
13195,Georgia,Madison County,0.7582513222199906,0.2283591082546696,14937
13197,Georgia,Marion County,0.6275862068965518,0.3619310344827586,3625
13199,Georgia,Meriwether County,0.5997977383469707,0.3941344120621495,10877
13201,Georgia,Miller County,0.7290049400141143,0.2639378969654199,2834
13205,Georgia,Mitchell County,0.5506583351930373,0.4455478687792903,8962
13207,Georgia,Monroe County,0.7092366901860166,0.2812700449005773,15590
13209,Georgia,Montgomery County,0.7461557852281321,0.2470380640282329,3967
13211,Georgia,Morgan County,0.7031436869981206,0.2864343071928925,11706
13213,Georgia,Murray County,0.8411202807199948,0.1495223861199558,15389
13215,Georgia,Muscogee County,0.3739349678316814,0.6141292197630226,80514
13217,Georgia,Newton County,0.4401113692517608,0.5492679868717041,54234
13219,Georgia,Oconee County,0.6593690400508583,0.3243006993006993,25168
13221,Georgia,Oglethorpe County,0.6875691626706013,0.299889339727038,8133
13223,Georgia,Paulding County,0.6385817364006935,0.3478306704774399,85372
13225,Georgia,Peach County,0.5182824822751534,0.4717597387078786,12553
13227,Georgia,Pickens County,0.8219257878487797,0.1645016601619386,17167
13229,Georgia,Pierce County,0.8729965734497623,0.1215872664971813,9047
13231,Georgia,Pike County,0.8513992537313433,0.1403917910447761,10720
13233,Georgia,Polk County,0.781041618762934,0.2102207404000919,17396
13235,Georgia,Pulaski County,0.6897819161970106,0.3013967164910561,4081
13237,Georgia,Putnam County,0.699367355546183,0.2908477435681147,11855
13239,Georgia,Quitman County,0.546112115732369,0.4493670886075949,1106
13241,Georgia,Rabun County,0.7811454849498328,0.2073578595317725,9568
13243,Georgia,Randolph County,0.4523267165636186,0.5437683045883501,3073
13245,Georgia,Richmond County,0.307784252203795,0.6794584468273397,87009
13247,Georgia,Rockdale County,0.2912647434032362,0.6991114791522124,44681
13249,Georgia,Schley County,0.7912087912087912,0.203076923076923,2275
13251,Georgia,Screven County,0.5907650520597555,0.4015391579900407,6627
13253,Georgia,Seminole County,0.6720679012345679,0.3230452674897119,3888
13255,Georgia,Spalding County,0.5992519281056569,0.3915130250570984,30211
13257,Georgia,Stephens County,0.7881363062684056,0.2007572570466975,11885
13259,Georgia,Stewart County,0.4025125628140703,0.5939698492462312,1990
13261,Georgia,Sumter County,0.4719295357260454,0.5197563384919328,12148
13263,Georgia,Talbot County,0.3952299829642248,0.6002271436683703,3522
13265,Georgia,Taliaferro County,0.3879310344827586,0.6045258620689655,928
13267,Georgia,Tattnall County,0.7396456933414783,0.2519242516799022,8185
13269,Georgia,Taylor County,0.6298802706923478,0.3612701717855284,3842
13271,Georgia,Telfair County,0.6518227964928472,0.3433317951084448,4334
13273,Georgia,Terrell County,0.453804347826087,0.5380434782608695,4416
13275,Georgia,Thomas County,0.5929498902706657,0.398134601316752,21872
13277,Georgia,Tift County,0.6624485533509429,0.326678542908041,16279
13279,Georgia,Toombs County,0.7213670514934946,0.2691955286787612,10914
13281,Georgia,Towns County,0.800100263190876,0.1942599323223461,7979
13283,Georgia,Treutlen County,0.682807929801755,0.3093922651933701,3077
13285,Georgia,Troup County,0.6037873997404067,0.3852963690218657,30047
13287,Georgia,Turner County,0.619625428646795,0.3716697441308362,3791
13289,Georgia,Twiggs County,0.5333033303330333,0.4599459945994599,4444
13291,Georgia,Union County,0.813086514976218,0.1799717187299138,15558
13293,Georgia,Upson County,0.6668733049205734,0.3256877179387834,12905
13295,Georgia,Walker County,0.7894324453226136,0.1965660557334605,29354
13297,Georgia,Walton County,0.7405906875697258,0.2482336132151175,51093
13299,Georgia,Ware County,0.6979350200859821,0.2938191556839805,14189
13301,Georgia,Warren County,0.44,0.5539622641509434,2650
13303,Georgia,Washington County,0.4925609370053814,0.5004748338081672,9477
13305,Georgia,Wayne County,0.781516550590813,0.2103450974254636,12779
13307,Georgia,Webster County,0.5377426312005751,0.4601006470165348,1391
13309,Georgia,Wheeler County,0.6927789934354486,0.3015317286652079,2285
13311,Georgia,White County,0.8249190064794817,0.1627294816414687,14816
13313,Georgia,Whitfield County,0.6974922482728608,0.2904857749007234,36766
13315,Georgia,Wilcox County,0.7325404086611772,0.262580054894785,3279
13317,Georgia,Wilkes County,0.5612326043737574,0.4294234592445328,5030
13319,Georgia,Wilkinson County,0.5587002096436059,0.4348008385744235,4770
13321,Georgia,Worth County,0.7355950457727517,0.2579429186860528,9285
15001,Hawaii,Hawaii County,0.3062951237843624,0.6688113512651741,87814
15003,Hawaii,Honolulu County,0.3565925352120048,0.6251249627074643,382114
15007,Hawaii,Kauai County,0.3457623070722751,0.6336388333283578,33497
15009,Hawaii,Maui County,0.311440797252407,0.6658549631214459,71044
16001,Idaho,Ada County,0.5038725620593009,0.4647035919025093,259389
16003,Idaho,Adams County,0.7505800464037123,0.228538283062645,2586
16005,Idaho,Bannock County,0.5898667610547872,0.3711981392056228,39553
16007,Idaho,Bear Lake County,0.8790346907993967,0.1055806938159879,3315
16009,Idaho,Benewah County,0.779810979288156,0.1964608887995174,4973
16011,Idaho,Bingham County,0.7611724893002887,0.2052353936498457,20094
16013,Idaho,Blaine County,0.3033564118001204,0.671207104154124,13288
16015,Idaho,Boise County,0.7230290456431535,0.2497925311203319,4820
16017,Idaho,Bonner County,0.6715779467680608,0.3038169055279321,27352
16019,Idaho,Bonneville County,0.700157421983517,0.2639874062413186,53995
16021,Idaho,Boundary County,0.7820370663709805,0.1932520196420085,6313
16023,Idaho,Butte County,0.8494699646643109,0.1328621908127208,1415
16025,Idaho,Camas County,0.6724137931034483,0.1976127320954907,754
16027,Idaho,Canyon County,0.6828877241867357,0.2861739534266569,90438
16029,Idaho,Caribou County,0.8507025761124122,0.1261709601873536,3416
16031,Idaho,Cassia County,0.8211652300342714,0.1520407103541385,9629
16033,Idaho,Clark County,0.8488745980707395,0.1318327974276527,311
16035,Idaho,Clearwater County,0.781398506449423,0.1984611903145508,4419
16037,Idaho,Custer County,0.7626871120847024,0.2201533406352683,2739
16039,Idaho,Elmore County,0.7100440960313572,0.254875061244488,10205
16041,Idaho,Franklin County,0.8771008403361344,0.0985894357743097,6664
16043,Idaho,Fremont County,0.8257181128144069,0.1485340080369102,6719
16045,Idaho,Gem County,0.7984535047198232,0.1810604539064069,9958
16047,Idaho,Gooding County,0.7700826446280992,0.2076033057851239,6050
16049,Idaho,Idaho County,0.8150385336388253,0.1625702978546136,9602
16051,Idaho,Jefferson County,0.8536654201651026,0.1171946659140619,14173
16053,Idaho,Jerome County,0.7339989759344598,0.2423195084485407,7812
16055,Idaho,Kootenai County,0.6991366074011438,0.2705000111261932,89878
16057,Idaho,Latah County,0.4604764219737481,0.4976178901312591,20570
16059,Idaho,Lemhi County,0.7581257914731955,0.2178134233853947,4738
16061,Idaho,Lewis County,0.7962566844919786,0.1866310160427807,1870
16063,Idaho,Lincoln County,0.7572164948453608,0.2134020618556701,1940
16065,Idaho,Madison County,0.7923679289387564,0.1557971014492753,17112
16067,Idaho,Minidoka County,0.7838108344801702,0.1939196797197548,7993
16069,Idaho,Nez Perce County,0.6552201077884294,0.3188820527495588,20967
16071,Idaho,Oneida County,0.8763769889840881,0.1015911872705018,2451
16073,Idaho,Owyhee County,0.8053563897089836,0.1720792914382117,4742
16075,Idaho,Payette County,0.7847339059594439,0.1913574780837687,11293
16077,Idaho,Power County,0.6856772521062865,0.280298120544394,3086
16079,Idaho,Shoshone County,0.6969747065630683,0.2798809720614977,6049
16081,Idaho,Teton County,0.4502914762880101,0.5227666614148416,6347
16083,Idaho,Twin Falls County,0.7060250817884406,0.2560250817884406,36680
16085,Idaho,Valley County,0.5588276936146114,0.4213507008353391,7063
16087,Idaho,Washington County,0.7773203592814372,0.2007859281437125,5344
17001,Illinois,Adams County,0.7224028395024905,0.2574939600918662,33527
17003,Illinois,Alexander County,0.5660952380952381,0.4243809523809523,2625
17005,Illinois,Bond County,0.6906925343811395,0.280943025540275,8144
17007,Illinois,Boone County,0.5557868609632091,0.4220345089875495,24979
17009,Illinois,Brown County,0.7647524752475248,0.1924752475247524,2525
17011,Illinois,Bureau County,0.5971664563496616,0.3825283927956865,17434
17013,Illinois,Calhoun County,0.7378290659935088,0.2441399206635413,2773
17015,Illinois,Carroll County,0.6362163509471586,0.3424725822532403,8024
17017,Illinois,Cass County,0.6806233571160345,0.3032294404806609,5326
17019,Illinois,Champaign County,0.369213544282605,0.5971350242759083,95568
17021,Illinois,Christian County,0.7135892372253765,0.2675265366576154,16204
17023,Illinois,Clark County,0.745182525433872,0.2385397965290245,8355
17025,Illinois,Clay County,0.815915350050732,0.1636469053486012,6899
17027,Illinois,Clinton County,0.7444571666493182,0.2338399084001249,19214
17029,Illinois,Coles County,0.6209413430062816,0.3568521631425285,22606
17031,Illinois,Cook County,0.2404881711416262,0.7435055326550929,2321399
17033,Illinois,Crawford County,0.7460014828937612,0.2332380044486812,9441
17035,Illinois,Cumberland County,0.7864957264957265,0.1952136752136752,5850
17037,Illinois,DeKalb County,0.4564587718018713,0.5135135135135135,47989
17039,Illinois,De Witt County,0.7018943170488534,0.2730558325024925,8024
17041,Illinois,Douglas County,0.7108447488584475,0.2665525114155251,8760
17043,Illinois,DuPage County,0.399145267428628,0.5797626704929659,485064
17045,Illinois,Edgar County,0.7556124938994632,0.2302342606149341,8196
17047,Illinois,Edwards County,0.8411520190023754,0.1448931116389548,3368
17049,Illinois,Effingham County,0.7863543468008175,0.1947282921972436,19083
17051,Illinois,Fayette County,0.7994243747518857,0.1812227074235808,10076
17053,Illinois,Ford County,0.7245586335582029,0.2517582890770776,6967
17055,Illinois,Franklin County,0.7296587926509186,0.254968128983877,18669
17057,Illinois,Fulton County,0.5899904329107869,0.388842382205214,16724
17059,Illinois,Gallatin County,0.7547663551401869,0.2325233644859813,2675
17061,Illinois,Greene County,0.7660189497350249,0.2166372249879556,6227
17063,Illinois,Grundy County,0.6176129779837776,0.3598101147534855,26753
17065,Illinois,Hamilton County,0.7938931297709924,0.1906083738144806,4323
17067,Illinois,Hancock County,0.7360119364808697,0.2467227965469466,9383
17069,Illinois,Hardin County,0.7821461609620721,0.2076780758556891,2162
17071,Illinois,Henderson County,0.6548140043763676,0.324671772428884,3656
17073,Illinois,Henry County,0.5953307392996109,0.3812062256809339,25700
17075,Illinois,Iroquois County,0.774494446026773,0.2070635146681857,14044
17077,Illinois,Jackson County,0.4793977812995245,0.4922081352350766,22716
17079,Illinois,Jasper County,0.8045112781954887,0.1802721088435374,5586
17081,Illinois,Jefferson County,0.7155310851112641,0.264280798348245,17436
17083,Illinois,Jersey County,0.728428093645485,0.2475752508361204,11960
17085,Illinois,Jo Daviess County,0.5735094037615046,0.4088835534213685,12495
17087,Illinois,Johnson County,0.7843410852713179,0.1986046511627907,6450
17089,Illinois,Kane County,0.4173566906449999,0.561360382273284,231876
17091,Illinois,Kankakee County,0.5701952477067888,0.4051040188652851,50039
17093,Illinois,Kendall County,0.4593411728058562,0.5165952807413753,64205
17095,Illinois,Knox County,0.5175177763413058,0.461236802413273,23205
17097,Illinois,Lake County,0.3698691629059481,0.6105890661846562,334156
17099,Illinois,LaSalle County,0.5609410800439618,0.4180466814447777,53683
17101,Illinois,Lawrence County,0.7608221737776394,0.2209592027405792,6422
17103,Illinois,Lee County,0.5857664233576643,0.3897201946472019,16440
17105,Illinois,Livingston County,0.710841970420403,0.2687201583789449,17174
17107,Illinois,Logan County,0.6872273205957575,0.2888521137355198,13294
17109,Illinois,McDonough County,0.571998371998372,0.4063492063492063,12285
17111,Illinois,McHenry County,0.4998237917583152,0.4748751351942544,164578
17113,Illinois,McLean County,0.4634679421895204,0.5027291764409708,87389
17115,Illinois,Macon County,0.5788770324174378,0.4018668880474619,49387
17117,Illinois,Macoupin County,0.6710843373493975,0.305982550893228,24070
17119,Illinois,Madison County,0.5527195801043924,0.4204481018915657,137558
17121,Illinois,Marion County,0.7247884747313057,0.2586325177223874,17492
17123,Illinois,Marshall County,0.6614657210401891,0.3159968479117415,6345
17125,Illinois,Mason County,0.6878510198049069,0.2933786579958616,6766
17127,Illinois,Massac County,0.7329128776767381,0.2530067468465826,6818
17129,Illinois,Menard County,0.6850733390854185,0.2907679033649698,6954
17131,Illinois,Mercer County,0.6078079425622616,0.3679605115548575,8914
17133,Illinois,Monroe County,0.6668867301707064,0.3097708195793643,21206
17135,Illinois,Montgomery County,0.6935542475110821,0.2837729816147082,13761
17137,Illinois,Morgan County,0.6489271505902302,0.3310506750146742,15333
17139,Illinois,Moultrie County,0.736061684460261,0.24644128113879,6744
17141,Illinois,Ogle County,0.6168564920273348,0.3579347000759301,26340
17143,Illinois,Peoria County,0.4555273718933467,0.5189525204530028,83973
17145,Illinois,Perry County,0.7261443749379406,0.2593585542647205,10071
17147,Illinois,Piatt County,0.6342503299157446,0.3379352350015226,9851
17149,Illinois,Pike County,0.794978028876334,0.18631512868801,7965
17151,Illinois,Pope County,0.7917241379310345,0.1990804597701149,2175
17153,Illinois,Pulaski County,0.6457620676548841,0.338654503990878,2631
17155,Illinois,Putnam County,0.587905604719764,0.3946902654867256,3390
17157,Illinois,Randolph County,0.7428571428571429,0.2409121395036888,14910
17159,Illinois,Richland County,0.7551779734590103,0.2269626689817685,8063
17161,Illinois,Rock Island County,0.4280796803208764,0.5491267192480955,66817
17163,Illinois,St. Clair County,0.4461219009554736,0.5333557109848248,128104
17165,Illinois,Saline County,0.730724141040671,0.2515105059067544,11089
17167,Illinois,Sangamon County,0.5105917843266413,0.4669836087483652,104751
17169,Illinois,Schuyler County,0.7077590607452782,0.2725880551301684,3918
17171,Illinois,Scott County,0.7712513681138271,0.2086829624224735,2741
17173,Illinois,Shelby County,0.7792014549061751,0.2069934694552368,12097
17175,Illinois,Stark County,0.6943866943866944,0.2823977823977824,2886
17177,Illinois,Stephenson County,0.5678973149492017,0.4106948476052249,22048
17179,Illinois,Tazewell County,0.6156753703784159,0.3594299865316939,69051
17181,Illinois,Union County,0.6919362084456424,0.2896451033243486,8904
17183,Illinois,Vermilion County,0.6549838821819102,0.3262436002781114,31642
17185,Illinois,Wabash County,0.7556625646513287,0.2234706616729088,5607
17187,Illinois,Warren County,0.5901060070671378,0.3899545683997981,7924
17189,Illinois,Washington County,0.7719984850397678,0.2071708117661911,7921
17191,Illinois,Wayne County,0.8443346276032474,0.139663489822332,8499
17193,Illinois,White County,0.7793029201991657,0.2041447988157717,7431
17195,Illinois,Whiteside County,0.5306666666666666,0.4475981735159817,27375
17197,Illinois,Will County,0.4479677473387511,0.5311379113167334,346266
17199,Illinois,Williamson County,0.6760058110231552,0.3025882771502268,33729
17201,Illinois,Winnebago County,0.4765562602771905,0.5015738783180643,127710
17203,Illinois,Woodford County,0.6883896176388501,0.2865382826309424,21498
18001,Indiana,Adams County,0.7520585544373285,0.2277429798015342,14209
18003,Indiana,Allen County,0.5446055759927136,0.432860978696727,169082
18005,Indiana,Bartholomew County,0.6184628121981509,0.3569477024975852,36235
18007,Indiana,Benton County,0.7309188138065144,0.2452600875060768,4114
18009,Indiana,Blackford County,0.7179439252336448,0.2571962616822429,5350
18011,Indiana,Boone County,0.5802440290758047,0.395742471443406,38520
18013,Indiana,Brown County,0.643246854470549,0.3380469880859592,8981
18015,Indiana,Carroll County,0.7462875197472354,0.2342285413375461,9495
18017,Indiana,Cass County,0.6943018818265562,0.2831951572575339,15198
18019,Indiana,Clark County,0.5817968169486254,0.3990564896576751,57869
18021,Indiana,Clay County,0.7743539577728866,0.2080378250591016,12267
18023,Indiana,Clinton County,0.720827863155456,0.259556722526836,12949
18025,Indiana,Crawford County,0.7044902912621359,0.2740695792880259,4944
18027,Indiana,Daviess County,0.8010707712899447,0.1814455412414254,11954
18029,Indiana,Dearborn County,0.7693338060906906,0.2145530473151321,25383
18031,Indiana,Decatur County,0.7792789126719297,0.1985024822983641,12287
18033,Indiana,DeKalb County,0.7253413490931323,0.2530059099245975,19628
18035,Indiana,Delaware County,0.5566807080160195,0.4248511132784129,48191
18037,Indiana,Dubois County,0.6905374368396876,0.2890215893431327,21770
18039,Indiana,Elkhart County,0.6314544207993332,0.3509753048247677,74387
18041,Indiana,Fayette County,0.7650947119179163,0.2206985003946329,10136
18043,Indiana,Floyd County,0.5597818286206402,0.4189034017511124,41802
18045,Indiana,Fountain County,0.7705985474580516,0.2039819684447783,7986
18047,Indiana,Franklin County,0.8075833333333333,0.1780833333333333,12000
18049,Indiana,Fulton County,0.7318246419591122,0.2492620531321744,9147
18051,Indiana,Gibson County,0.7312047521811769,0.248932615555968,16161
18053,Indiana,Grant County,0.6827570970948856,0.295113958540447,27159
18055,Indiana,Greene County,0.7510146103896104,0.2292343073593073,14784
18057,Indiana,Hamilton County,0.5236470291083974,0.4556209052623982,193999
18059,Indiana,Hancock County,0.6757241732889003,0.3005056978397147,42911
18061,Indiana,Harrison County,0.7197568689464321,0.2640343941490413,20236
18063,Indiana,Hendricks County,0.6078978588780295,0.3683859668945257,88505
18065,Indiana,Henry County,0.7153114598193058,0.263623395149786,21030
18067,Indiana,Howard County,0.6509721880383953,0.327418163918287,40630
18069,Indiana,Huntington County,0.7373941331538505,0.2386561220483481,17829
18071,Indiana,Jackson County,0.7565755276016218,0.2236199189104896,19238
18073,Indiana,Jasper County,0.7355735056542811,0.2454281098546042,15475
18075,Indiana,Jay County,0.7518023874246543,0.2276326675333884,8461
18077,Indiana,Jefferson County,0.6574811185956317,0.3219024290671565,14697
18079,Indiana,Jennings County,0.774630642396539,0.2059423720512611,12251
18081,Indiana,Johnson County,0.6598855935478883,0.3186889639001262,77618
18083,Indiana,Knox County,0.7279370432827431,0.2540128661545188,16011
18085,Indiana,Kosciusko County,0.7404644144521754,0.2337161539106379,35787
18087,Indiana,LaGrange County,0.7627198344775699,0.2214802971879996,10633
18089,Indiana,Lake County,0.417174343959701,0.5677044499809053,219956
18091,Indiana,LaPorte County,0.5263402980239715,0.4540613864593456,49392
18093,Indiana,Lawrence County,0.7420214030915576,0.2359571938168846,21025
18095,Indiana,Madison County,0.6026876218794045,0.3769621377406213,51793
18097,Indiana,Marion County,0.3443748893149461,0.6359340791901832,389619
18099,Indiana,Marshall County,0.6947357856175039,0.2866462588447834,19927
18101,Indiana,Martin County,0.7832426127527217,0.1965396578538102,5144
18103,Indiana,Miami County,0.7548538658191114,0.2235196572928902,14473
18105,Indiana,Monroe County,0.3494956532754826,0.6312014061535051,63151
18107,Indiana,Montgomery County,0.736073962088615,0.2449703453889987,17198
18109,Indiana,Morgan County,0.7608617494952847,0.2151884731325534,36159
18111,Indiana,Newton County,0.7498103474434835,0.2289485662266727,6591
18113,Indiana,Noble County,0.7397081813444503,0.2428348097967691,19190
18115,Indiana,Ohio County,0.7560050568900126,0.2370417193426043,3164
18117,Indiana,Orange County,0.7282608695652174,0.2518115942028985,8832
18119,Indiana,Owen County,0.7356623586429726,0.2443457189014539,9904
18121,Indiana,Parke County,0.7699329624875196,0.214377406931964,7011
18123,Indiana,Perry County,0.6128181609722541,0.3672322861728961,8722
18125,Indiana,Pike County,0.7543408360128617,0.227491961414791,6220
18127,Indiana,Porter County,0.5202695673282549,0.4594435261071102,86509
18129,Indiana,Posey County,0.695527349652463,0.2879268661226957,13236
18131,Indiana,Pulaski County,0.7313124354116431,0.2519807096107475,5806
18133,Indiana,Putnam County,0.7397722479966259,0.2377538109296861,16597
18135,Indiana,Randolph County,0.7508581752484191,0.2270099367660343,11070
18137,Indiana,Ripley County,0.7890827552378951,0.1943802116179665,14271
18139,Indiana,Rush County,0.7608421583459405,0.2211296016137166,7932
18141,Indiana,St. Joseph County,0.4613408771412208,0.5197591072389316,115238
18143,Indiana,Scott County,0.7211888593642358,0.2655250467473674,10161
18145,Indiana,Shelby County,0.7287279275674053,0.2512630683807713,19991
18147,Indiana,Spencer County,0.6831646392422694,0.2983563933512861,10769
18149,Indiana,Starke County,0.7255587949465501,0.2575315840621963,10290
18151,Indiana,Steuben County,0.7008414800148497,0.2792352431629749,16162
18153,Indiana,Sullivan County,0.7439404047142539,0.2393818100956193,8994
18155,Indiana,Switzerland County,0.7542128069330766,0.2320654790563312,4154
18157,Indiana,Tippecanoe County,0.4840023513604299,0.4901046915239055,71448
18159,Indiana,Tipton County,0.7528339083292263,0.2259733859043864,8116
18161,Indiana,Union County,0.7717484926787253,0.2113120872810795,3483
18163,Indiana,Vanderburgh County,0.538796322525817,0.4431382143133063,77662
18165,Indiana,Vermillion County,0.692955487234327,0.2867263734794814,7481
18167,Indiana,Vigo County,0.5630361976418773,0.4157223471119879,43594
18169,Indiana,Wabash County,0.73848898648185,0.2397584574212584,14573
18171,Indiana,Warren County,0.7605098389982111,0.2177996422182468,4472
18173,Indiana,Warrick County,0.6304058647905643,0.3524490821484525,33829
18175,Indiana,Washington County,0.7508031963094159,0.2293434385039953,12139
18177,Indiana,Wayne County,0.6346688825463348,0.3440875754181871,27679
18179,Indiana,Wells County,0.7725978647686833,0.2083985765124555,14050
18181,Indiana,White County,0.7126097080422712,0.2715385993193623,11166
18183,Indiana,Whitley County,0.7326270221007063,0.2411711095921622,17556
19001,Iowa,Adair County,0.6983480967201341,0.2868087143883169,4177
19003,Iowa,Adams County,0.7083333333333334,0.2731481481481481,2160
19005,Iowa,Allamakee County,0.6379682026407977,0.3470762597682565,7422
19007,Iowa,Appanoose County,0.6924493554327809,0.2902087170042971,6516
19009,Iowa,Audubon County,0.6710526315789473,0.3131578947368421,3420
19011,Iowa,Benton County,0.6275099030187133,0.3524108728315804,14642
19013,Iowa,Black Hawk County,0.4450918264682474,0.5352965026354122,66593
19015,Iowa,Boone County,0.5668187744458931,0.4108865710560626,15340
19017,Iowa,Bremer County,0.5701911178330813,0.4095971401072459,14546
19019,Iowa,Buchanan County,0.5958789678856506,0.386950064971227,10774
19021,Iowa,Buena Vista County,0.6190767723766377,0.3625566303416187,8167
19023,Iowa,Butler County,0.6843665102494443,0.2993331686836256,8098
19025,Iowa,Calhoun County,0.701597565614302,0.2795739825028528,5258
19027,Iowa,Carroll County,0.682576091751213,0.3047198941332157,11335
19029,Iowa,Cass County,0.6829301814183617,0.3025013743815283,7276
19031,Iowa,Cedar County,0.5756330000934318,0.4052134915444268,10703
19033,Iowa,Cerro Gordo County,0.5227511449098777,0.4596865677912692,23801
19035,Iowa,Cherokee County,0.6896287204664008,0.2970236268794108,6518
19037,Iowa,Chickasaw County,0.6496757653445936,0.336751621173277,6631
19039,Iowa,Clarke County,0.6732334047109207,0.3139186295503212,4670
19041,Iowa,Clay County,0.684245735310514,0.2968000891961199,8969
19043,Iowa,Clayton County,0.6364394413174901,0.3481342505732749,9594
19045,Iowa,Clinton County,0.541216024628347,0.4379633005225422,24687
19047,Iowa,Crawford County,0.6785015376013419,0.3103159071847917,7154
19049,Iowa,Dallas County,0.4995715968726572,0.4797936524936632,56022
19051,Iowa,Davis County,0.7391516333495856,0.2469527059970745,4102
19053,Iowa,Decatur County,0.687434279705573,0.2944269190325972,3804
19055,Iowa,Delaware County,0.6664000799760071,0.3156053184044786,10003
19057,Iowa,Des Moines County,0.5307676889156143,0.4456303868510723,19956
19059,Iowa,Dickinson County,0.6615083600142299,0.325595873354678,11244
19061,Iowa,Dubuque County,0.5046545265734526,0.4757816266735897,53926
19063,Iowa,Emmet County,0.6727797238821348,0.3132083247475788,4853
19065,Iowa,Fayette County,0.6032790104064402,0.3764971529550363,10186
19067,Iowa,Floyd County,0.5891434262948207,0.3949203187250996,8032
19069,Iowa,Franklin County,0.6670565302144249,0.3169590643274854,5130
19071,Iowa,Fremont County,0.7028778843660877,0.2800103707544724,3857
19073,Iowa,Greene County,0.6373343879770615,0.3498121415859205,5057
19075,Iowa,Grundy County,0.6774326553051127,0.3031885651456844,7276
19077,Iowa,Guthrie County,0.6705383770208758,0.3115680426934547,6371
19079,Iowa,Hamilton County,0.6239456124889841,0.357925217172353,7943
19081,Iowa,Hancock County,0.7112767336357745,0.2726830848995463,6172
19083,Iowa,Hardin County,0.6507954166203137,0.3310713093781288,8989
19085,Iowa,Harrison County,0.6828939301042305,0.299202942979767,8155
19087,Iowa,Henry County,0.6518733720697255,0.3280905630134241,9982
19089,Iowa,Howard County,0.6306978620411456,0.3574021782977007,4958
19091,Iowa,Humboldt County,0.7169138351792754,0.2706964520367937,5327
19093,Iowa,Ida County,0.7482462977396727,0.2382436996622499,3849
19095,Iowa,Iowa County,0.6168137959351263,0.364093615274071,9742
19097,Iowa,Jackson County,0.6232599910193085,0.3618320610687023,11135
19099,Iowa,Jasper County,0.598692033293698,0.3833234244946492,20184
19101,Iowa,Jefferson County,0.4959258845853332,0.4820850541355062,8959
19103,Iowa,Johnson County,0.2734016290801541,0.7057399434711572,83851
19105,Iowa,Jones County,0.598052598052598,0.3833833833833834,10989
19107,Iowa,Keokuk County,0.7160098057703187,0.2666415236658495,5303
19109,Iowa,Kossuth County,0.6903190319031903,0.2965896589658965,9090
19111,Iowa,Lee County,0.5840205569499223,0.390880841400741,16734
19113,Iowa,Linn County,0.4186790942898837,0.5560576817461438,127458
19115,Iowa,Louisa County,0.6564141035258815,0.3237059264816204,5332
19117,Iowa,Lucas County,0.7099352051835853,0.2773218142548596,4630
19119,Iowa,Lyon County,0.83156054203701,0.1554713682063237,6863
19121,Iowa,Madison County,0.6623574918566775,0.319014657980456,9824
19123,Iowa,Mahaska County,0.7275517362329007,0.2537706068046299,11404
19125,Iowa,Marion County,0.6584338602329451,0.3212354409317803,19232
19127,Iowa,Marshall County,0.5277348919276577,0.4508160564622849,18136
19129,Iowa,Mills County,0.6754958877600387,0.3033381712626996,8268
19131,Iowa,Mitchell County,0.6315699072483683,0.3526279628993473,5822
19133,Iowa,Monona County,0.6869712351945855,0.2975888324873096,4728
19135,Iowa,Monroe County,0.7277397260273972,0.2636986301369863,4088
19137,Iowa,Montgomery County,0.6868781678242913,0.2971653838933734,5327
19139,Iowa,Muscatine County,0.5235837646944995,0.453388805573025,20671
19141,Iowa,O'Brien County,0.776188584293471,0.2077870480731029,7551
19143,Iowa,Osceola County,0.8082932692307693,0.1805889423076923,3328
19145,Iowa,Page County,0.7065621679064825,0.2770988310308183,7528
19147,Iowa,Palo Alto County,0.6797095603065753,0.3063735377168213,4958
19149,Iowa,Plymouth County,0.7394981674654638,0.2462644488299971,14188
19151,Iowa,Pocahontas County,0.7392100444676956,0.2440491760397593,3823
19153,Iowa,Polk County,0.4127456474271028,0.565206469440204,258755
19155,Iowa,Pottawattamie County,0.5737801678908709,0.4060641832808674,45744
19157,Iowa,Poweshiek County,0.5578895463510848,0.42465483234714,10140
19159,Iowa,Ringgold County,0.7251289609432572,0.261238025055269,2714
19161,Iowa,Sac County,0.7336946702800361,0.2509485094850948,5535
19163,Iowa,Scott County,0.471743755332131,0.5067657318113586,92599
19165,Iowa,Shelby County,0.691243561442237,0.2883002207505519,6795
19167,Iowa,Sioux County,0.8230539079313421,0.1584693716865256,19051
19169,Iowa,Story County,0.3985265880324464,0.5716329009757436,51038
19171,Iowa,Tama County,0.5860963748894783,0.3953359858532272,9048
19173,Iowa,Taylor County,0.7580794090489381,0.2296091104955371,3249
19175,Iowa,Union County,0.6483427647534358,0.3332255456750202,6185
19177,Iowa,Van Buren County,0.7541545766288579,0.2308098127143234,3791
19179,Iowa,Wapello County,0.6087123392822875,0.3723533550821979,15633
19181,Iowa,Warren County,0.5728921679177809,0.4051032571925642,31039
19183,Iowa,Washington County,0.5925201869953252,0.387675308117297,11765
19185,Iowa,Wayne County,0.752010292698617,0.2338372467031199,3109
19187,Iowa,Webster County,0.6137358321176074,0.3710582426214791,17822
19189,Iowa,Winnebago County,0.6209380234505862,0.3576214405360134,5970
19191,Iowa,Winneshiek County,0.5168269230769231,0.4656001326259947,12064
19193,Iowa,Woodbury County,0.5673471187337419,0.4123274987875314,45362
19195,Iowa,Worth County,0.6197374377546401,0.3612494341330919,4418
19197,Iowa,Wright County,0.6613367444835305,0.3191557403261912,6254
20001,Kansas,Allen County,0.7112290311537145,0.2668606641561109,5842
20003,Kansas,Anderson County,0.7725806451612903,0.2056451612903226,3720
20005,Kansas,Atchison County,0.6600109409190372,0.3164660831509847,7312
20007,Kansas,Barber County,0.8612191958495461,0.1227842628620838,2313
20009,Kansas,Barton County,0.7736520390475322,0.2100173341848371,10961
20011,Kansas,Bourbon County,0.749618320610687,0.2297709923664122,6550
20013,Kansas,Brown County,0.7292993630573248,0.2474977252047315,4396
20015,Kansas,Butler County,0.6964878232016528,0.2818193201026732,31946
20017,Kansas,Chase County,0.7537212449255751,0.2307171853856563,1478
20019,Kansas,Chautauqua County,0.8549571603427173,0.1297429620563035,1634
20021,Kansas,Cherokee County,0.7403018446059251,0.2418110676355505,8945
20023,Kansas,Cheyenne County,0.8271428571428572,0.1571428571428571,1400
20025,Kansas,Clark County,0.8444656488549618,0.1364503816793893,1048
20027,Kansas,Clay County,0.7568940493468795,0.2135945815191098,4134
20029,Kansas,Cloud County,0.7623382846190704,0.2139434595112601,4174
20031,Kansas,Coffey County,0.7659622302158273,0.2086330935251798,4448
20033,Kansas,Comanche County,0.8241150442477876,0.1393805309734513,904
20035,Kansas,Cowley County,0.6787434404428151,0.2998346632161598,13911
20037,Kansas,Crawford County,0.6008493838975955,0.3696016269888743,16718
20039,Kansas,Decatur County,0.8449931412894376,0.1426611796982167,1458
20041,Kansas,Dickinson County,0.7619511139952412,0.2206359506813757,9246
20043,Kansas,Doniphan County,0.8026673924877518,0.1845400108873162,3674
20045,Kansas,Douglas County,0.2908759124087591,0.6853667014250956,57540
20047,Kansas,Edwards County,0.7975937721160651,0.1889596602972399,1413
20049,Kansas,Elk County,0.8389012620638456,0.1417965850037119,1347
20051,Kansas,Ellis County,0.7087623139026739,0.2690911784312273,13501
20053,Kansas,Ellsworth County,0.7505345687811832,0.2302209550962223,2806
20055,Kansas,Finney County,0.6173905459619745,0.3623757195185766,11466
20057,Kansas,Ford County,0.651186440677966,0.3306214689265537,8850
20059,Kansas,Franklin County,0.6798399608067281,0.2958275496039846,12247
20061,Kansas,Geary County,0.5577274191816132,0.4108044248738052,9311
20063,Kansas,Gove County,0.8764829030006979,0.1137473831123517,1433
20065,Kansas,Graham County,0.8079877112135176,0.1705069124423963,1302
20067,Kansas,Grant County,0.7789559543230016,0.2026916802610114,2452
20069,Kansas,Gray County,0.8352678571428571,0.1504464285714285,2240
20071,Kansas,Greeley County,0.8537360890302067,0.12241653418124,629
20073,Kansas,Greenwood County,0.7933993399339934,0.1854785478547854,3030
20075,Kansas,Hamilton County,0.8172043010752689,0.1600955794504181,837
20077,Kansas,Harper County,0.8103579588728104,0.1725057121096725,2626
20079,Kansas,Harvey County,0.58794176353176,0.3905130914641305,17034
20081,Kansas,Haskell County,0.7975415762834418,0.1887201735357917,1383
20083,Kansas,Hodgeman County,0.8383349467570184,0.1461761858664085,1033
20085,Kansas,Jackson County,0.6856833642547928,0.2863327149041434,6468
20087,Kansas,Jefferson County,0.6463834672789897,0.32418327940716,9581
20089,Kansas,Jewell County,0.8513681592039801,0.1312189054726368,1608
20091,Kansas,Johnson County,0.4454414315399014,0.5273794599669134,349386
20093,Kansas,Kearny County,0.802547770700637,0.1804670912951167,1413
20095,Kansas,Kingman County,0.7895138712140494,0.1896156782896411,3929
20097,Kansas,Kiowa County,0.8402107111501317,0.1343283582089552,1139
20099,Kansas,Labette County,0.6701925362491087,0.3098407416211077,8414
20101,Kansas,Lane County,0.8524774774774775,0.1283783783783783,888
20103,Kansas,Leavenworth County,0.591942406202409,0.3808112972449121,36115
20105,Kansas,Lincoln County,0.810828025477707,0.1694267515923566,1570
20107,Kansas,Linn County,0.8035896389965327,0.176014684886804,4903
20109,Kansas,Logan County,0.8566457898399443,0.1287404314544189,1437
20111,Kansas,Lyon County,0.5418440757598003,0.4315078549405373,13622
20113,Kansas,McPherson County,0.6895010095183155,0.2867753100663398,13868
20115,Kansas,Marion County,0.7332886580666779,0.2450996816887251,5969
20117,Kansas,Marshall County,0.7290463866215409,0.2466653394385825,5023
20119,Kansas,Meade County,0.8345323741007195,0.1444382955174322,1807
20121,Kansas,Miami County,0.6874716295960055,0.2912505674080798,17624
20123,Kansas,Mitchell County,0.807502467917078,0.179993418887792,3039
20125,Kansas,Montgomery County,0.7412916445321394,0.2388252257721788,13177
20127,Kansas,Morris County,0.7318357318357318,0.253071253071253,2849
20129,Kansas,Morton County,0.8632846087704213,0.1263972484952708,1163
20131,Kansas,Nemaha County,0.8199111111111111,0.1635555555555555,5625
20133,Kansas,Neosho County,0.723336853220697,0.2605219490119173,6629
20135,Kansas,Ness County,0.8843308675184937,0.0988567585743107,1487
20137,Kansas,Norton County,0.8271966527196652,0.1510460251046025,2390
20139,Kansas,Osage County,0.7083491701507665,0.2659318383377676,7893
20141,Kansas,Osborne County,0.8372827804107424,0.1448130595050026,1899
20143,Kansas,Ottawa County,0.8170307059195948,0.1595441595441595,3159
20145,Kansas,Pawnee County,0.7477876106194691,0.2341445427728613,2712
20147,Kansas,Phillips County,0.8677325581395349,0.1155523255813953,2752
20149,Kansas,Pottawatomie County,0.7215762777994538,0.2541552867733125,12815
20151,Kansas,Pratt County,0.7516435354273192,0.224981738495252,4107
20153,Kansas,Rawlins County,0.8375668449197861,0.1430481283422459,1496
20155,Kansas,Reno County,0.6587630757937236,0.3157276564507249,27245
20157,Kansas,Republic County,0.8217934165720772,0.1589103291713961,2643
20159,Kansas,Rice County,0.7534278959810875,0.2252955082742316,4230
20161,Kansas,Riley County,0.4684133305386711,0.5005239991616014,23855
20163,Kansas,Rooks County,0.8620819240886884,0.1247651258925216,2661
20165,Kansas,Rush County,0.8152173913043478,0.1664759725400457,1748
20167,Kansas,Russell County,0.8063575386410032,0.1723534558180227,3429
20169,Kansas,Saline County,0.640416544686546,0.3354941240433273,23911
20171,Kansas,Scott County,0.8574504737295435,0.1248923341946597,2322
20173,Kansas,Sedgwick County,0.550933730426313,0.4252828350940286,213552
20175,Kansas,Seward County,0.6442439694057658,0.3404589135124534,5099
20177,Kansas,Shawnee County,0.4696012633241216,0.499465873992708,86122
20179,Kansas,Sheridan County,0.8854688618468146,0.1030780243378668,1397
20181,Kansas,Sherman County,0.831275720164609,0.1444070332959222,2673
20183,Kansas,Smith County,0.8288718929254302,0.1567877629063097,2092
20185,Kansas,Stafford County,0.8086266732771443,0.1760039662865642,2017
20187,Kansas,Stanton County,0.7913950456323338,0.1916558018252933,767
20189,Kansas,Stevens County,0.8668002003004507,0.1166750125187781,1997
20191,Kansas,Sumner County,0.7419983300862789,0.2366638834771314,10779
20193,Kansas,Thomas County,0.8186610437532946,0.1639430680021086,3794
20195,Kansas,Trego County,0.8365564566437929,0.148471615720524,1603
20197,Kansas,Wabaunsee County,0.7285677285677286,0.2476042476042476,3861
20199,Kansas,Wallace County,0.9326805385556916,0.0538555691554467,817
20201,Kansas,Washington County,0.8202602884277173,0.1642631023566655,2843
20203,Kansas,Wichita County,0.8355879292403746,0.1529656607700312,961
20205,Kansas,Wilson County,0.7978968966401642,0.1823544498589382,3899
20207,Kansas,Woodson County,0.7953177257525084,0.1892976588628762,1495
20209,Kansas,Wyandotte County,0.3359282849728709,0.6453989511314352,55107
21001,Kentucky,Adair County,0.8298357664233577,0.1587591240875912,8768
21003,Kentucky,Allen County,0.8102306706535668,0.1753524134985049,9364
21005,Kentucky,Anderson County,0.7289120265580202,0.2526029877772748,13254
21007,Kentucky,Ballard County,0.7943195266272189,0.1952662721893491,4225
21009,Kentucky,Barren County,0.7303628389154705,0.2555322966507177,20064
21011,Kentucky,Bath County,0.7083703572063267,0.2795450506486582,5627
21013,Kentucky,Bell County,0.8104340900039825,0.1781162883313421,10044
21015,Kentucky,Boone County,0.668885638377265,0.3119645362548136,66998
21017,Kentucky,Bourbon County,0.6415837479270315,0.3416252072968491,9648
21019,Kentucky,Boyd County,0.657211162705163,0.325640200450554,21751
21021,Kentucky,Boyle County,0.6127918220748723,0.3659345213427269,14478
21023,Kentucky,Bracken County,0.8002826189354687,0.1884126236457842,4246
21025,Kentucky,Breathitt County,0.7534004592828122,0.2298180533474651,5661
21027,Kentucky,Breckinridge County,0.7549259876482698,0.2303695716106264,10201
21029,Kentucky,Bullitt County,0.7311776751273871,0.2512500595266441,41998
21031,Kentucky,Butler County,0.809795918367347,0.1761632653061224,6125
21033,Kentucky,Caldwell County,0.7625116568231272,0.2227230338824992,6434
21035,Kentucky,Calloway County,0.6502835538752363,0.3320730938878387,17457
21037,Kentucky,Campbell County,0.5827161504153198,0.3963746470804861,48878
21039,Kentucky,Carlisle County,0.8184230477634572,0.1755117513267627,2638
21041,Kentucky,Carroll County,0.7142166344294004,0.269825918762089,4136
21043,Kentucky,Carter County,0.7573795960642155,0.2280338339375107,11586
21045,Kentucky,Casey County,0.8616650397434109,0.1280156184632547,7171
21047,Kentucky,Christian County,0.6319406612747769,0.347651175459917,23863
21049,Kentucky,Clark County,0.6511384310050168,0.3309995038315232,18139
21051,Kentucky,Clay County,0.8795942563562114,0.109471742853379,7591
21053,Kentucky,Clinton County,0.8678021086780211,0.1222627737226277,4932
21055,Kentucky,Crittenden County,0.8135313531353136,0.1723243752946723,4242
21057,Kentucky,Cumberland County,0.8368087035358114,0.1535207011181626,3309
21059,Kentucky,Daviess County,0.629476332501471,0.3507212855316818,49287
21061,Kentucky,Edmonson County,0.7873450750163079,0.2000978473581213,6132
21063,Kentucky,Elliott County,0.7499165275459099,0.2377295492487479,2995
21065,Kentucky,Estill County,0.7798165137614679,0.2071865443425076,6540
21067,Kentucky,Fayette County,0.3849272784346552,0.5924976457047191,152912
21069,Kentucky,Fleming County,0.7829654782116582,0.208545557441992,7068
21071,Kentucky,Floyd County,0.7490980248272489,0.237509937014615,16353
21073,Kentucky,Franklin County,0.4947836759742252,0.48527155569193,26072
21075,Kentucky,Fulton County,0.6619950535861501,0.3272877164056059,2426
21077,Kentucky,Gallatin County,0.7677318784099766,0.2135619641465315,3849
21079,Kentucky,Garrard County,0.7757868136917069,0.2101998621640248,8706
21081,Kentucky,Grant County,0.7854699315808427,0.1985055815628376,11108
21083,Kentucky,Graves County,0.7759562841530054,0.2091779775544979,17019
21085,Kentucky,Grayson County,0.7887359198998748,0.2002503128911139,11985
21087,Kentucky,Green County,0.8324156916724019,0.1582931865106676,5812
21089,Kentucky,Greenup County,0.71875,0.2681007922535211,18176
21091,Kentucky,Hancock County,0.6856333115325921,0.2945280139524744,4587
21093,Kentucky,Hardin County,0.6095502748207025,0.3698534970678981,48941
21095,Kentucky,Harlan County,0.8537963722541245,0.1361771944216571,10971
21097,Kentucky,Harrison County,0.7149791172818603,0.2709109380291229,8859
21099,Kentucky,Hart County,0.7580645161290323,0.2279569892473118,8370
21101,Kentucky,Henderson County,0.6150649852635648,0.3690873073392279,20697
21103,Kentucky,Henry County,0.7204685573366214,0.264118372379778,8110
21105,Kentucky,Hickman County,0.7794452023647113,0.2082764893133242,2199
21107,Kentucky,Hopkins County,0.7324748977314987,0.2528356266269989,21512
21109,Kentucky,Jackson County,0.8920333715033535,0.0989694094552592,6113
21111,Kentucky,Jefferson County,0.3896396804171441,0.590638570826296,386629
21113,Kentucky,Jessamine County,0.6505327245053273,0.3259893455098934,26280
21115,Kentucky,Johnson County,0.8290816326530612,0.1577708006279435,10192
21117,Kentucky,Kenton County,0.5855251952602253,0.3926007932066473,82198
21119,Kentucky,Knott County,0.7645553422904671,0.2258477287268074,6252
21121,Kentucky,Knox County,0.8296541851879756,0.159270699917125,13273
21123,Kentucky,Larue County,0.7786604574715792,0.2059991781947678,7301
21125,Kentucky,Laurel County,0.8266159154779268,0.1591903525310376,28111
21127,Kentucky,Lawrence County,0.809920920201294,0.1780014378145219,6955
21129,Kentucky,Lee County,0.8114958943234559,0.1717243841485184,2801
21131,Kentucky,Leslie County,0.8977768543527945,0.0926656970704342,4813
21133,Kentucky,Letcher County,0.7910235358511221,0.1969348659003831,9135
21135,Kentucky,Lewis County,0.847526772055074,0.1398946115927248,5883
21137,Kentucky,Lincoln County,0.777808319589518,0.2065237309877222,10914
21139,Kentucky,Livingston County,0.8013589128697043,0.1876498800959232,5004
21141,Kentucky,Logan County,0.73417004048583,0.2505263157894737,12350
21143,Kentucky,Lyon County,0.7332071901608326,0.2582781456953642,4228
21145,Kentucky,McCracken County,0.6503919639929655,0.3336910191063817,33549
21147,Kentucky,McCreary County,0.8797763280521901,0.1126126126126126,6438
21149,Kentucky,McLean County,0.759723964868256,0.2245922208281054,4782
21151,Kentucky,Madison County,0.6223354642036536,0.3544600404941193,43957
21153,Kentucky,Magoffin County,0.7662933724986231,0.222874977051588,5447
21155,Kentucky,Marion County,0.6846998207885304,0.3048835125448029,8928
21157,Kentucky,Marshall County,0.7553826052377436,0.2312673976026813,17603
21159,Kentucky,Martin County,0.8882113821138211,0.1023882113821138,3936
21161,Kentucky,Mason County,0.6882382508167881,0.2968082432772053,7958
21163,Kentucky,Meade County,0.7216750513710763,0.2573513781619783,14113
21165,Kentucky,Menifee County,0.745003223726628,0.241779497098646,3102
21167,Kentucky,Mercer County,0.7248402215594376,0.2584576054537708,11735
21169,Kentucky,Metcalfe County,0.789904229848364,0.1945331205107741,5012
21171,Kentucky,Monroe County,0.8682926829268293,0.123264540337711,5330
21173,Kentucky,Montgomery County,0.7002803301666407,0.2826662513627161,12842
21175,Kentucky,Morgan County,0.7757936507936508,0.2119408369408369,5544
21177,Kentucky,Muhlenberg County,0.7374077976817703,0.2490340709518791,14235
21179,Kentucky,Nelson County,0.6752235982112144,0.3090815273477812,23256
21181,Kentucky,Nicholas County,0.7090694935217904,0.2812131919905771,3396
21183,Kentucky,Ohio County,0.7711384670680205,0.2160122203252763,11129
21185,Kentucky,Oldham County,0.5965346534653465,0.3819517590056878,37976
21187,Kentucky,Owen County,0.786368633198974,0.2011725906925613,5458
21189,Kentucky,Owsley County,0.8813291139240507,0.1139240506329113,1896
21191,Kentucky,Pendleton County,0.7963898916967509,0.1909025270758122,6925
21193,Kentucky,Perry County,0.7650103519668737,0.2217203086768304,10626
21195,Kentucky,Pike County,0.7987399094309904,0.1916125221500295,25395
21197,Kentucky,Powell County,0.7340599455040872,0.2483197093551317,5505
21199,Kentucky,Pulaski County,0.8062236587761827,0.1795481192762303,31557
21201,Kentucky,Robertson County,0.7713787085514834,0.2207678883071553,1146
21203,Kentucky,Rockcastle County,0.8449383350462487,0.14568345323741,7784
21205,Kentucky,Rowan County,0.5955290611028315,0.3854942871336314,10065
21207,Kentucky,Russell County,0.83964265773311,0.1486320491345617,8955
21209,Kentucky,Scott County,0.6133107804894887,0.3647692360799475,28969
21211,Kentucky,Shelby County,0.6392781316348195,0.3429723991507431,23550
21213,Kentucky,Simpson County,0.674301420064132,0.3070316078790655,8732
21215,Kentucky,Spencer County,0.7641913758418613,0.221289250415464,11433
21217,Kentucky,Taylor County,0.7490612766637373,0.2367180634337301,12517
21219,Kentucky,Todd County,0.7574118963266828,0.2246876748088756,5363
21221,Kentucky,Trigg County,0.7438991323210412,0.2428145336225596,7376
21223,Kentucky,Trimble County,0.7469907407407408,0.2342592592592592,4320
21225,Kentucky,Union County,0.7549034514216209,0.2324768131366884,6577
21227,Kentucky,Warren County,0.5738344073211675,0.4057507987220447,55401
21229,Kentucky,Washington County,0.72,0.2640963855421687,6225
21231,Kentucky,Wayne County,0.8041125541125541,0.1839826839826839,9240
21233,Kentucky,Webster County,0.7518771900550643,0.2356082095778408,5993
21235,Kentucky,Whitley County,0.8183771815576973,0.166189111747851,15356
21237,Kentucky,Wolfe County,0.7039274924471299,0.2816381336018798,2979
21239,Kentucky,Woodford County,0.5497337453158898,0.4292945894418513,15211
22001,Louisiana,Acadia Parish,0.794934036939314,0.1914863676341248,28425
22003,Louisiana,Allen Parish,0.7720693170234455,0.2148827726809378,9810
22005,Louisiana,Ascension Parish,0.6528198957079824,0.3273004412354592,62325
22007,Louisiana,Assumption Parish,0.6471740097908322,0.3411659991099243,11235
22009,Louisiana,Avoyelles Parish,0.6955817719176498,0.2879366180892898,17292
22011,Louisiana,Beauregard Parish,0.8299199119642966,0.1554074708076053,16357
22013,Louisiana,Bienville Parish,0.5519148936170213,0.4350354609929078,7050
22015,Louisiana,Bossier Parish,0.6966242795718598,0.2865611563443417,54655
22017,Louisiana,Caddo Parish,0.4577264755223425,0.5252973921000458,104912
22019,Louisiana,Calcasieu Parish,0.6661505147405732,0.3143123283694035,82663
22021,Louisiana,Caldwell Parish,0.8349433011339773,0.1564468710625787,4762
22023,Louisiana,Cameron Parish,0.9088883386976976,0.0802178757118098,4039
22025,Louisiana,Catahoula Parish,0.7289007822149033,0.2612186084808563,4858
22027,Louisiana,Claiborne Parish,0.5729483282674772,0.4150455927051671,6580
22029,Louisiana,Concordia Parish,0.6286814680561849,0.3598776619845945,8828
22031,Louisiana,De Soto Parish,0.6183496199782845,0.3703175895765472,14736
22033,Louisiana,East Baton Rouge Parish,0.424724519891249,0.5551728775782728,208182
22035,Louisiana,East Carroll Parish,0.3557312252964427,0.6258234519104084,3036
22037,Louisiana,East Feliciana Parish,0.5770292130554763,0.407269959082691,10509
22039,Louisiana,Evangeline Parish,0.7171684401764858,0.2697897742019206,15412
22041,Louisiana,Franklin Parish,0.7170781893004116,0.2734567901234568,9720
22043,Louisiana,Grant Parish,0.8642461669505963,0.1231899488926746,9392
22045,Louisiana,Iberia Parish,0.649619417357014,0.3370831168037171,32713
22047,Louisiana,Iberville Parish,0.47209761349363,0.5092409833123991,16719
22049,Louisiana,Jackson Parish,0.7067610062893082,0.2807914046121593,7632
22051,Louisiana,Jefferson Parish,0.5468815328312677,0.4360485823272235,193733
22053,Louisiana,Jefferson Davis Parish,0.7696920692675696,0.216157940839566,14841
22055,Louisiana,Lafayette Parish,0.6332375721483396,0.346530330681709,114521
22057,Louisiana,Lafourche Parish,0.793689962104521,0.191063717282101,45388
22059,Louisiana,LaSalle Parish,0.901229334463756,0.0901511940087607,7077
22061,Louisiana,Lincoln Parish,0.586822308690013,0.392166018158236,19275
22063,Louisiana,Livingston Parish,0.8412846849609076,0.1417905871531504,65230
22065,Louisiana,Madison Parish,0.4132762312633833,0.5683083511777302,4670
22067,Louisiana,Morehouse Parish,0.5624675997926387,0.4273371349576637,11574
22069,Louisiana,Natchitoches Parish,0.5653014377189803,0.416576054125891,16554
22071,Louisiana,Orleans Parish,0.1499502302903514,0.8314859491955303,177819
22073,Louisiana,Ouachita Parish,0.6109215510510945,0.3746493942110285,69166
22075,Louisiana,Plaquemines Parish,0.6729616851280189,0.3099691301979299,11014
22077,Louisiana,Pointe Coupee Parish,0.6064990704065961,0.37854660092151,12371
22079,Louisiana,Rapides Parish,0.6514397349868343,0.330841756561624,58865
22081,Louisiana,Red River Parish,0.5839787028073572,0.3978702807357212,4132
22083,Louisiana,Richland Parish,0.6646881287726358,0.3244466800804829,9940
22085,Louisiana,Sabine Parish,0.8282370705926765,0.1633635334088335,10596
22087,Louisiana,St. Bernard Parish,0.633371104815864,0.3484985835694051,17650
22089,Louisiana,St. Charles Parish,0.6393730055756216,0.3436546621313602,28517
22091,Louisiana,St. Helena Parish,0.4407275089314713,0.543358233192595,6158
22093,Louisiana,St. James Parish,0.4729150119142176,0.517077045274027,12590
22095,Louisiana,St. John the Baptist Parish,0.3517170586039567,0.6337252706233669,21432
22097,Louisiana,St. Landry Parish,0.5630315400690091,0.4221217864606114,41154
22099,Louisiana,St. Martin Parish,0.6732376655078038,0.3121162807899992,27038
22101,Louisiana,St. Mary Parish,0.6387906495298887,0.3474079185715518,23186
22103,Louisiana,St. Tammany Parish,0.7113410891442438,0.2694026122332453,140110
22105,Louisiana,Tangipahoa Parish,0.6556598047206951,0.3275524184457432,57661
22107,Louisiana,Tensas Parish,0.4686765857478465,0.5203602192638997,2554
22109,Louisiana,Terrebonne Parish,0.7426254325259516,0.2421712802768166,46240
22111,Louisiana,Union Parish,0.7505579858941166,0.2369431300776716,11201
22113,Louisiana,Vermilion Parish,0.8025911286780852,0.1833186941882594,27324
22115,Louisiana,Vernon Parish,0.8169446374797313,0.1678248783877692,17268
22117,Louisiana,Washington Parish,0.6819556193307026,0.3059498795674678,19513
22119,Louisiana,Webster Parish,0.6494290733421169,0.3388230127360562,18216
22121,Louisiana,West Baton Rouge Parish,0.5450805135844506,0.4398098886287863,14097
22123,Louisiana,West Carroll Parish,0.8545130641330166,0.1405384006334125,5052
22125,Louisiana,West Feliciana Parish,0.6163050414805361,0.3666241225271219,6268
22127,Louisiana,Winn Parish,0.7420080321285141,0.2478714859437751,6225
23001,Maine,Androscoggin County,0.4985436149011191,0.4704209038104485,58707
23003,Maine,Aroostook County,0.5897163318972752,0.3904213058803782,35746
23005,Maine,Cumberland County,0.3075065156245968,0.6645111346218358,193765
23007,Maine,Franklin County,0.5033927544565843,0.4640023001725129,17390
23009,Maine,Hancock County,0.4241188959660297,0.5483085633404104,35325
23011,Maine,Kennebec County,0.4831890673272287,0.4857079239611456,71858
23013,Maine,Knox County,0.3878915054014145,0.5871609543794202,25734
23015,Maine,Lincoln County,0.4346867847757905,0.5375943036365177,23594
23017,Maine,Oxford County,0.5284246984354473,0.4405529678729248,33492
23019,Maine,Penobscot County,0.5256892891906789,0.4422826584104422,85269
23021,Maine,Piscataquis County,0.6200040371417037,0.3549656842955188,9908
23023,Maine,Sagadahoc County,0.4058157916631999,0.5627756052916216,24038
23025,Maine,Somerset County,0.6035245485531946,0.3698237725723403,27578
23027,Maine,Waldo County,0.4603618421052631,0.5076069078947368,24320
23029,Maine,Washington County,0.5873134758310768,0.3895258397188454,17357
23031,Maine,York County,0.4227782105368698,0.54904788715014,129659
24001,Maryland,Allegany County,0.6816357168499723,0.2988805848373095,30641
24003,Maryland,Anne Arundel County,0.412835858496142,0.5581831746964798,309617
24005,Maryland,Baltimore County,0.3523517106417437,0.6227743341077574,414932
24009,Maryland,Calvert County,0.5160856817071184,0.4599079654666884,49112
24011,Maryland,Caroline County,0.6510700265923769,0.3225908572875776,15794
24013,Maryland,Carroll County,0.6002172894634545,0.3633717742980454,100327
24015,Maryland,Cecil County,0.6202646327588387,0.354157009818381,47462
24017,Maryland,Charles County,0.2858052693914948,0.6946635679009587,89498
24019,Maryland,Dorchester County,0.5485385241284346,0.4291794454528385,15977
24021,Maryland,Frederick County,0.4373313188888507,0.5334271881330906,145615
24023,Maryland,Garrett County,0.7688168599064762,0.2101723143936967,15611
24025,Maryland,Harford County,0.5461379617507727,0.4257824625808106,148186
24027,Maryland,Howard County,0.2643366728212299,0.7070446078377818,183062
24029,Maryland,Kent County,0.4812858995738373,0.4937002038169353,10794
24031,Maryland,Montgomery County,0.1896455784900223,0.7860880611080614,533743
24033,Maryland,Prince George's County,0.0873003730684586,0.8925586376528463,424855
24035,Maryland,Queen Anne's County,0.6187190491911522,0.3535490260812149,30290
24037,Maryland,St. Mary's County,0.553777059193389,0.4156651396748406,55665
24039,Maryland,Somerset County,0.5655858874544201,0.4179560461220065,10147
24041,Maryland,Talbot County,0.4853025936599424,0.4904455774772777,22555
24043,Maryland,Washington County,0.5934581507546586,0.3842488086280411,67779
24045,Maryland,Wicomico County,0.496451445386879,0.4771940453522589,46216
24047,Maryland,Worcester County,0.5860023350478054,0.3963270329115522,31691
24510,Maryland,Baltimore city,0.1068554415251346,0.8728170099511078,237461
25001,Massachusetts,Barnstable County,0.3679427906203226,0.6119674039580908,150325
25003,Massachusetts,Berkshire County,0.2530858143607706,0.7244133099824869,71375
25005,Massachusetts,Bristol County,0.4292195259937195,0.5491891620923879,279279
25007,Massachusetts,Dukes County,0.2055789967182372,0.7746522894202219,12798
25009,Massachusetts,Essex County,0.34385935756511,0.634358158638209,421210
25011,Massachusetts,Franklin County,0.2638136511375948,0.7072872014696877,42458
25013,Massachusetts,Hampden County,0.4002163381107999,0.5772744148099938,218177
25015,Massachusetts,Hampshire County,0.2536139504177385,0.7212192956496005,87854
25017,Massachusetts,Middlesex County,0.2628092225707725,0.7146971260235045,863577
25019,Massachusetts,Nantucket County,0.2619764577059951,0.7173555981385162,7306
25021,Massachusetts,Norfolk County,0.3072806688395614,0.6702914278567067,407751
25023,Massachusetts,Plymouth County,0.401658626447902,0.5752842791634638,301816
25025,Massachusetts,Suffolk County,0.1747232175328353,0.806416225980886,335462
25027,Massachusetts,Worcester County,0.3974014731004088,0.5758447642900462,432014
26001,Michigan,Alcona County,0.6862967157417894,0.3032276330690827,7064
26003,Michigan,Alger County,0.5877535101404057,0.4003510140405616,5128
26005,Michigan,Allegan County,0.6169255074969446,0.3643992011208156,67094
26007,Michigan,Alpena County,0.6297365784666156,0.3535859508515528,16969
26009,Michigan,Antrim County,0.6111981942441532,0.3736911405103768,15949
26011,Michigan,Arenac County,0.6712716566640244,0.3141207111312422,8831
26013,Michigan,Baraga County,0.6220901436354631,0.3660227835562159,4038
26015,Michigan,Barry County,0.6536972566494917,0.3285614816877872,35905
26017,Michigan,Bay County,0.54974690897021,0.4340054767239233,60255
26019,Michigan,Benzie County,0.538329799380199,0.4469091502201924,12262
26021,Michigan,Berrien County,0.5282008957289024,0.4543942906385406,82391
26023,Michigan,Branch County,0.6848461238800155,0.2999123490455785,20536
26025,Michigan,Calhoun County,0.5464763657760142,0.4356753820853638,66281
26027,Michigan,Cass County,0.6369774183704607,0.3482606042111688,26216
26029,Michigan,Charlevoix County,0.5788823529411765,0.4081764705882353,17000
26031,Michigan,Cheboygan County,0.6419208469876481,0.3426392740105873,15868
26033,Michigan,Chippewa County,0.6054302233306881,0.3768280240335563,17642
26035,Michigan,Clare County,0.6670966156869971,0.3193292795282845,16281
26037,Michigan,Clinton County,0.5236714169466063,0.4583637615540301,47927
26039,Michigan,Crawford County,0.6471186871899249,0.339905864393843,7861
26041,Michigan,Delta County,0.6244149212803177,0.3596047468204813,21151
26043,Michigan,Dickinson County,0.6591952841181712,0.325176502844609,14589
26045,Michigan,Eaton County,0.4943180934910691,0.4865608531409828,64327
26047,Michigan,Emmet County,0.5471885286558146,0.4356766018848356,22177
26049,Michigan,Genesee County,0.445943259848211,0.5393476689555475,221360
26051,Michigan,Gladwin County,0.677463534890091,0.3097993562966514,14603
26053,Michigan,Gogebic County,0.5564964916525527,0.4318896685216549,8266
26055,Michigan,Grand Traverse County,0.5063749252938442,0.4761770369878478,60236
26057,Michigan,Gratiot County,0.6327181471218696,0.3499241909342814,19127
26059,Michigan,Hillsdale County,0.7311389580293537,0.2524675993476954,23302
26061,Michigan,Houghton County,0.5609426517485542,0.4188962758769796,18501
26063,Michigan,Huron County,0.6905136410478928,0.2977707870043933,18437
26065,Michigan,Ingham County,0.3295676236596333,0.651760636457973,144550
26067,Michigan,Ionia County,0.6413424819149927,0.3384457760253345,32209
26069,Michigan,Iosco County,0.6352274946299551,0.3497363796133567,15363
26071,Michigan,Iron County,0.6210045662100456,0.3672116659301812,6789
26073,Michigan,Isabella County,0.5035518847082017,0.4782978144862513,29421
26075,Michigan,Jackson County,0.5858448448572241,0.3956790047117893,80861
26077,Michigan,Kalamazoo County,0.3962165478963002,0.5835274101552149,143414
26079,Michigan,Kalkaska County,0.6994638321888815,0.282381713855705,10631
26081,Michigan,Kent County,0.4590553056657286,0.5204709623097206,361048
26083,Michigan,Keweenaw County,0.5536287732819525,0.4315992292870905,1557
26085,Michigan,Lake County,0.6240708524434604,0.3618535505298118,6323
26087,Michigan,Lapeer County,0.6739221272554606,0.3108641975308642,52650
26089,Michigan,Leelanau County,0.4684023668639053,0.520414201183432,16900
26091,Michigan,Lenawee County,0.5909320843091335,0.3919063231850117,53375
26093,Michigan,Livingston County,0.6052186765411134,0.3790969912812409,127197
26095,Michigan,Luce County,0.7027657447517495,0.2805731422859047,3001
26097,Michigan,Mackinac County,0.6135424091233072,0.3751960085531005,7015
26099,Michigan,Macomb County,0.5338589718688291,0.4531093198666278,494256
26101,Michigan,Manistee County,0.5677925622654384,0.4167178437393381,14655
26103,Michigan,Marquette County,0.4347338636484971,0.5462869040627836,37462
26105,Michigan,Mason County,0.5915729685869944,0.394227425524516,17254
26107,Michigan,Mecosta County,0.6302912252363533,0.3503729393320348,21049
26109,Michigan,Menominee County,0.6438486555088443,0.3423494883794717,12607
26111,Michigan,Midland County,0.5637834093872229,0.417474739243807,49088
26113,Michigan,Missaukee County,0.7593375214163335,0.2246716162193032,8755
26115,Michigan,Monroe County,0.6048331573874328,0.3783793087621058,87148
26117,Michigan,Montcalm County,0.679595015576324,0.3022741433021806,32100
26119,Michigan,Montmorency County,0.7118962280252603,0.277863116572794,5859
26121,Michigan,Muskegon County,0.4882198952879581,0.4937367487343689,92444
26123,Michigan,Newaygo County,0.6942675159235668,0.2898641434409632,27161
26125,Michigan,Oakland County,0.4231460723748005,0.56357167057614,770351
26127,Michigan,Oceana County,0.6323424832882947,0.3515858341629924,14062
26129,Michigan,Ogemaw County,0.6931216931216931,0.2918451331149744,11907
26131,Michigan,Ontonagon County,0.6198738170347003,0.3656677181913775,3804
26133,Michigan,Osceola County,0.7241463216805905,0.2606861870386893,12329
26135,Michigan,Oscoda County,0.7111202297907263,0.275338530980714,4874
26137,Michigan,Otsego County,0.6626685640712882,0.321406789997967,14757
26139,Michigan,Ottawa County,0.5981341094047288,0.3835211275953838,168713
26141,Michigan,Presque Isle County,0.6402205177372963,0.3488734419942473,8344
26143,Michigan,Roscommon County,0.6438939938740178,0.3439872153415901,15018
26145,Michigan,Saginaw County,0.4913932403796843,0.4943250539434344,103349
26147,Michigan,St. Clair County,0.64286800486618,0.3406651894334376,92064
26149,Michigan,St. Joseph County,0.6488760022909508,0.3315435280641466,27936
26151,Michigan,Sanilac County,0.7214648489708634,0.2657934598592176,22446
26153,Michigan,Schoolcraft County,0.6512118018967334,0.3348788198103266,4745
26155,Michigan,Shiawassee County,0.5901743830307975,0.3912655517030389,39224
26157,Michigan,Tuscola County,0.6893190694515198,0.2958736627610799,29445
26159,Michigan,Van Buren County,0.5526800798648441,0.4301182614037782,39066
26161,Michigan,Washtenaw County,0.2598720993632692,0.72607638920977,216418
26163,Michigan,Wayne County,0.3032233810026488,0.6844598490032311,872469
26165,Michigan,Wexford County,0.6625787024363536,0.3196277032575965,18265
27001,Minnesota,Aitkin County,0.6242394014962593,0.3598004987531172,10025
27003,Minnesota,Anoka County,0.4968550480268268,0.4778669268514484,211132
27005,Minnesota,Becker County,0.6411009741765888,0.3396216689861347,19401
27007,Minnesota,Beltrami County,0.5038653933606184,0.4723634709992145,24189
27009,Minnesota,Benton County,0.6460916442048518,0.3270440251572327,22260
27011,Minnesota,Big Stone County,0.6264290517821116,0.3540685944855413,2974
27013,Minnesota,Blue Earth County,0.4640925355746026,0.5084463676458351,36051
27015,Minnesota,Brown County,0.6526819268875982,0.3247693884523402,14635
27017,Minnesota,Carlton County,0.4806814276596789,0.4957533506799548,20369
27019,Minnesota,Carver County,0.5124847425445669,0.4637362306173807,66361
27021,Minnesota,Cass County,0.6353545847230576,0.3467658155175241,18289
27023,Minnesota,Chippewa County,0.6428679473604598,0.3367115413704432,6611
27025,Minnesota,Chisago County,0.6339600809950824,0.3415099797512294,34570
27027,Minnesota,Clay County,0.4666087657805763,0.5073668538106021,32239
27029,Minnesota,Clearwater County,0.7162276975361087,0.2676295666949873,4708
27031,Minnesota,Cook County,0.3160798738833421,0.6558066211245402,3806
27033,Minnesota,Cottonwood County,0.6820042574095301,0.3003111183887342,6107
27035,Minnesota,Crow Wing County,0.6391357379334379,0.3416722674433077,40173
27037,Minnesota,Dakota County,0.418052383330982,0.5572926000632962,262259
27039,Minnesota,Dodge County,0.6386313284647576,0.3347009108065972,12187
27041,Minnesota,Douglas County,0.6537968135733498,0.3255948686116284,24165
27043,Minnesota,Faribault County,0.6559262067222643,0.3198129896386151,7914
27045,Minnesota,Fillmore County,0.6013507948274442,0.3748455646157647,12141
27047,Minnesota,Freeborn County,0.5695088595552384,0.4096206445475086,16818
27049,Minnesota,Goodhue County,0.5605531498812684,0.4122782511523956,28636
27051,Minnesota,Grant County,0.6209633278598796,0.3557744937055281,3654
27053,Minnesota,Hennepin County,0.2724622305941117,0.7045566683289923,755969
27055,Minnesota,Houston County,0.5536713286713286,0.4242132867132867,11440
27057,Minnesota,Hubbard County,0.63262630158118,0.344157346702661,12965
27059,Minnesota,Isanti County,0.6804621415308438,0.2945327006395709,24235
27061,Minnesota,Itasca County,0.5737359286171454,0.4060841082790558,26561
27063,Minnesota,Jackson County,0.6784670905653892,0.2998797044165664,5819
27065,Minnesota,Kanabec County,0.679290196927072,0.3001514823631249,9242
27067,Minnesota,Kandiyohi County,0.6178371207258099,0.3611931356186074,23367
27069,Minnesota,Kittson County,0.5858279651383099,0.381205001894657,2639
27071,Minnesota,Koochiching County,0.596792834440913,0.3841375325050563,6922
27073,Minnesota,Lac qui Parle County,0.6257425742574257,0.3579207920792079,4040
27075,Minnesota,Lake County,0.4711191335740072,0.5063871146903638,7202
27077,Minnesota,Lake of the Woods County,0.707641196013289,0.2786544850498338,2408
27079,Minnesota,Le Sueur County,0.6406826019740754,0.3372577000832441,16818
27081,Minnesota,Lincoln County,0.6808988764044944,0.3008025682182985,3115
27083,Minnesota,Lyon County,0.6188629488869929,0.359419840223377,12893
27085,Minnesota,McLeod County,0.6681316581474227,0.3063583815028902,20933
27087,Minnesota,Mahnomen County,0.4956597222222222,0.4826388888888889,2304
27089,Minnesota,Marshall County,0.727752787013495,0.2532759632309798,5113
27091,Minnesota,Martin County,0.6794440911981107,0.3002089199745663,11009
27093,Minnesota,Meeker County,0.6917732278808485,0.2858304383176879,13529
27095,Minnesota,Mille Lacs County,0.6775137858261284,0.2998161889849547,14689
27097,Minnesota,Morrison County,0.7577973207894467,0.2232845894263217,19558
27099,Minnesota,Mower County,0.5182217627293875,0.4600155078831739,19345
27101,Minnesota,Murray County,0.6868872549019608,0.2959558823529412,4896
27103,Minnesota,Nicollet County,0.4715294117647058,0.5031111111111111,19125
27105,Minnesota,Nobles County,0.642570281124498,0.3365461847389558,8715
27107,Minnesota,Norman County,0.5675675675675675,0.4080209241499564,3441
27109,Minnesota,Olmsted County,0.4343382393171746,0.5415659025004104,91385
27111,Minnesota,Otter Tail County,0.6538641171460754,0.3285255089425534,36399
27113,Minnesota,Pennington County,0.6227841143328294,0.3528926755531125,7277
27115,Minnesota,Pine County,0.6409599400037498,0.3386663333541653,16001
27117,Minnesota,Pipestone County,0.7192307692307692,0.2643724696356275,4940
27119,Minnesota,Polk County,0.632615108375016,0.3487879953828395,15594
27121,Minnesota,Pope County,0.6290230703503276,0.3527485046995158,7022
27123,Minnesota,Ramsey County,0.2614257188903192,0.7149879889315723,295977
27125,Minnesota,Red Lake County,0.6621129326047359,0.3146630236794171,2196
27127,Minnesota,Redwood County,0.6966441332689522,0.2842829550941574,8284
27129,Minnesota,Renville County,0.672613188976378,0.3070866141732283,8128
27131,Minnesota,Rice County,0.4893795886341983,0.4876422126324048,35686
27133,Minnesota,Rock County,0.6837786259541985,0.2969465648854962,5240
27135,Minnesota,Roseau County,0.7202232513953212,0.2598266239163995,8421
27137,Minnesota,St. Louis County,0.4100777204239904,0.5664137336757828,119531
27139,Minnesota,Scott County,0.521480134144262,0.4551810379128062,87965
27141,Minnesota,Sherburne County,0.6513342444076818,0.3248399625980004,55612
27143,Minnesota,Sibley County,0.69380028395646,0.2859678182678656,8452
27145,Minnesota,Stearns County,0.6006836800848706,0.3757765073377733,84835
27147,Minnesota,Steele County,0.5990155244225672,0.3747160166603559,21128
27149,Minnesota,Stevens County,0.5986234021632252,0.3779744346116027,5085
27151,Minnesota,Swift County,0.6385518967841325,0.3435393799345272,5193
27153,Minnesota,Todd County,0.7356868069699027,0.2478690503130421,13257
27155,Minnesota,Traverse County,0.628755364806867,0.3546137339055794,1864
27157,Minnesota,Wabasha County,0.6212756229520688,0.3578450049531357,13123
27159,Minnesota,Wadena County,0.719030871434154,0.2635143936433503,7677
27161,Minnesota,Waseca County,0.6375974588507075,0.3365097699489845,10389
27163,Minnesota,Washington County,0.4422673365870037,0.5346072212295996,166786
27165,Minnesota,Watonwan County,0.5966160353778119,0.382041915016343,5201
27167,Minnesota,Wilkin County,0.6787172011661807,0.2991253644314869,3430
27169,Minnesota,Winona County,0.4867699554705038,0.4906708865417878,27173
27171,Minnesota,Wright County,0.6305413340450828,0.3449154393031325,82426
27173,Minnesota,Yellow Medicine County,0.6754703328509407,0.3053545586107091,5528
28001,Mississippi,Adams County,0.4139835743876735,0.5754051893306199,13759
28003,Mississippi,Alcorn County,0.8107014104104737,0.1759534501296565,15811
28005,Mississippi,Amite County,0.6248092132648814,0.3635354516442348,7207
28007,Mississippi,Attala County,0.5862771739130435,0.4010416666666667,8832
28009,Mississippi,Benton County,0.5987884436160298,0.391192917054986,4292
28011,Mississippi,Bolivar County,0.3395856052344602,0.6473282442748092,13755
28013,Mississippi,Calhoun County,0.7012888551933283,0.2884003032600455,6595
28015,Mississippi,Carroll County,0.6878177037686241,0.3030674846625767,5705
28017,Mississippi,Chickasaw County,0.5123956799214531,0.46759941089838,8148
28019,Mississippi,Choctaw County,0.7102958579881656,0.2804733727810651,4225
28021,Mississippi,Claiborne County,0.135414327419717,0.8470693914215136,4453
28023,Mississippi,Clarke County,0.6489756798849886,0.3400023960704444,8347
28025,Mississippi,Clay County,0.4096609837350578,0.5726043503821282,10206
28027,Mississippi,Coahoma County,0.279181850240978,0.7076525214529211,8507
28029,Mississippi,Copiah County,0.484608823757463,0.5016670543537257,12897
28031,Mississippi,Covington County,0.624693202433038,0.3645288656493437,9371
28033,Mississippi,DeSoto County,0.609353687965586,0.3706982478228937,76248
28035,Mississippi,Forrest County,0.5449960598896769,0.4335697399527187,31725
28037,Mississippi,Franklin County,0.6547939068100358,0.3315412186379928,4464
28039,Mississippi,George County,0.8778922631959508,0.1100867678958785,11064
28041,Mississippi,Greene County,0.8242778541953233,0.1660935350756533,5816
28043,Mississippi,Grenada County,0.5569191317886253,0.4335561864639619,10919
28045,Mississippi,Hancock County,0.7697666650761082,0.214916257097867,20957
28047,Mississippi,Harrison County,0.6171752455018783,0.3654913332893956,75865
28049,Mississippi,Hinds County,0.2509307223203681,0.7340978730624507,100191
28051,Mississippi,Holmes County,0.1686999383857055,0.811829944547135,8115
28053,Mississippi,Humphreys County,0.266889472427787,0.7199809023633326,4189
28055,Mississippi,Issaquena County,0.4556213017751479,0.5251479289940828,676
28057,Mississippi,Itawamba County,0.8717901348605209,0.1153704045815629,10826
28059,Mississippi,Jackson County,0.6644636874576644,0.3180894494992952,54623
28061,Mississippi,Jasper County,0.4921070693205216,0.4965682910089224,8742
28063,Mississippi,Jefferson County,0.1357709025824597,0.8506775760675019,3911
28065,Mississippi,Jefferson Davis County,0.4078544986319009,0.5792692741026879,6213
28067,Mississippi,Jones County,0.7053936392941411,0.283041440962414,30091
28069,Mississippi,Kemper County,0.3776415891800507,0.6101014370245139,4732
28071,Mississippi,Lafayette County,0.5514671436480558,0.4288573740471019,23481
28073,Mississippi,Lamar County,0.725794012479843,0.2573091215031901,28526
28075,Mississippi,Lauderdale County,0.5746497793129918,0.4145077720207253,31266
28077,Mississippi,Lawrence County,0.6475744294997733,0.3415445065739761,6617
28079,Mississippi,Leake County,0.5680139069969579,0.4234028683181225,9204
28081,Mississippi,Lee County,0.6541902007945302,0.3294057238602275,37003
28083,Mississippi,Leflore County,0.2872486918204351,0.7021022675112457,10893
28085,Mississippi,Lincoln County,0.689499345938875,0.2996789154477345,16818
28087,Mississippi,Lowndes County,0.5059949400505995,0.4798518681479852,27273
28089,Mississippi,Madison County,0.5518949143516464,0.4338333185408716,56335
28091,Mississippi,Marion County,0.6784484172543874,0.3105625717566016,12194
28093,Mississippi,Marshall County,0.4779532533164877,0.5089703095388503,15830
28095,Mississippi,Monroe County,0.646854563342786,0.3399502286011922,17279
28097,Mississippi,Montgomery County,0.5744387554155179,0.417684127609295,5078
28099,Mississippi,Neshoba County,0.7098976109215017,0.2781569965870307,11720
28101,Mississippi,Newton County,0.6867209735989793,0.3017960545686525,10189
28103,Mississippi,Noxubee County,0.2321662609998127,0.7564126568058416,5341
28105,Mississippi,Oktibbeha County,0.4544720371492025,0.5198364627498486,19812
28107,Mississippi,Panola County,0.5155100735529261,0.4734889670610809,15635
28109,Mississippi,Pearl River County,0.8145576987030263,0.1724309943465247,24056
28111,Mississippi,Perry County,0.7598784194528876,0.2299898682877406,5922
28113,Mississippi,Pike County,0.4884216589861751,0.4980414746543778,17360
28115,Mississippi,Pontotoc County,0.8033664881407804,0.1818181818181818,14377
28117,Mississippi,Prentiss County,0.7851045868117438,0.2019510364881343,10661
28119,Mississippi,Quitman County,0.3177454320222979,0.6658408175905853,3229
28121,Mississippi,Rankin County,0.7203311867525299,0.2667468685867949,70655
28123,Mississippi,Scott County,0.5849776619508563,0.4030156366344006,10744
28125,Mississippi,Sharkey County,0.315162620247366,0.6710948236371965,2183
28127,Mississippi,Simpson County,0.6459390862944162,0.3415397631133672,11820
28129,Mississippi,Smith County,0.7755494175573436,0.2150834634322084,8327
28131,Mississippi,Stone County,0.7570449352627571,0.2287382584412287,7878
28133,Mississippi,Sunflower County,0.2890633068263968,0.7002994939584839,9683
28135,Mississippi,Tallahatchie County,0.4371815146722896,0.5455983131259884,5691
28137,Mississippi,Tate County,0.6646057552858561,0.3192886039233646,13101
28139,Mississippi,Tippah County,0.7972678677489606,0.1917442090675113,10102
28141,Mississippi,Tishomingo County,0.8672788892533071,0.115775664152181,9147
28143,Mississippi,Tunica County,0.2597475455820477,0.7237026647966339,3565
28145,Mississippi,Union County,0.8178664353859497,0.1703067097689821,12683
28147,Mississippi,Walthall County,0.5925301881493963,0.3980623420387532,7122
28149,Mississippi,Warren County,0.4922587386018237,0.4959156534954407,21056
28151,Mississippi,Washington County,0.2940360610263522,0.6936477115117892,18025
28153,Mississippi,Wayne County,0.6266269249875808,0.3600596125186289,10065
28155,Mississippi,Webster County,0.7943354313217327,0.1930766382821177,5402
28157,Mississippi,Wilkinson County,0.3205811138014527,0.6656174334140436,4130
28159,Mississippi,Winston County,0.5530073561228905,0.4370402423193423,9244
28161,Mississippi,Yalobusha County,0.561486693178342,0.4259712450290608,6538
28163,Mississippi,Yazoo County,0.4627909204099224,0.5263863614596304,10441
29001,Missouri,Adair County,0.620452786377709,0.3589396284829721,10336
29003,Missouri,Andrew County,0.7439499589827727,0.241078753076292,9752
29005,Missouri,Atchison County,0.7814498933901919,0.2004264392324093,2814
29007,Missouri,Audrain County,0.7256006006006006,0.2537537537537537,10656
29009,Missouri,Barry County,0.7965764841646364,0.1889985895627644,15598
29011,Missouri,Barton County,0.850419614941583,0.1388843179200263,6077
29013,Missouri,Bates County,0.7838640684410646,0.1986692015209125,8416
29015,Missouri,Benton County,0.7740549828178694,0.2080946926307751,10476
29017,Missouri,Bollinger County,0.863613571786729,0.1253551729901387,5983
29019,Missouri,Boone County,0.4238987363987364,0.5491400491400491,91168
29021,Missouri,Buchanan County,0.6134214984425378,0.3673698016285043,36598
29023,Missouri,Butler County,0.8049170387519983,0.1819635080756297,18141
29025,Missouri,Caldwell County,0.7956001708671507,0.1915847928235796,4682
29027,Missouri,Callaway County,0.7006715853197124,0.277620128641695,21144
29029,Missouri,Camden County,0.7597130420764147,0.2277930033854586,24812
29031,Missouri,Cape Girardeau County,0.716797262447927,0.2668121404483237,40328
29033,Missouri,Carroll County,0.8177405119152692,0.1734333627537511,4532
29035,Missouri,Carter County,0.8460476354849845,0.144287193648602,2897
29037,Missouri,Cass County,0.6479410535117057,0.3318701226309922,57408
29039,Missouri,Cedar County,0.8216922203293583,0.1625496876774559,7044
29041,Missouri,Chariton County,0.7630610743193524,0.2246750061319598,4077
29043,Missouri,Christian County,0.745532569013002,0.2376438438053758,46839
29045,Missouri,Clark County,0.7872716558632882,0.1997642899233942,3394
29047,Missouri,Clay County,0.5104330444263603,0.4693092305382834,126569
29049,Missouri,Clinton County,0.7162931667891257,0.2659808963997061,10888
29051,Missouri,Cole County,0.6599205646487389,0.3211313213084065,39529
29053,Missouri,Cooper County,0.7215000575175429,0.2587139077418612,8693
29055,Missouri,Crawford County,0.7951335095233756,0.1925635651143716,10973
29057,Missouri,Dade County,0.8288419519300801,0.1592619567856275,4119
29059,Missouri,Dallas County,0.8167571569595261,0.1702862783810464,8104
29061,Missouri,Daviess County,0.793147532600358,0.1907440552288417,3911
29063,Missouri,DeKalb County,0.7904191616766467,0.1920297336361759,4843
29065,Missouri,Dent County,0.8382805936712405,0.1478577429291515,7142
29067,Missouri,Douglas County,0.8425714285714285,0.1451428571428571,7000
29069,Missouri,Dunklin County,0.7807851041366733,0.2111527017947979,10419
29071,Missouri,Franklin County,0.7089131042190556,0.2713793424606501,53685
29073,Missouri,Gasconade County,0.7853085952290799,0.2020699230089612,7923
29075,Missouri,Gentry County,0.797343219029966,0.189372876119864,3237
29077,Missouri,Greene County,0.5897743300423132,0.3883497884344146,141800
29079,Missouri,Grundy County,0.8079783637592968,0.1800766283524904,4437
29081,Missouri,Harrison County,0.8358599059069525,0.1560376372190277,3826
29083,Missouri,Henry County,0.7440674823878384,0.2427697441601779,10788
29085,Missouri,Hickory County,0.7807086614173229,0.2078740157480315,5080
29087,Missouri,Holt County,0.8433632095603927,0.1442594963721724,2343
29089,Missouri,Howard County,0.6977611940298507,0.2774941084053417,5092
29091,Missouri,Howell County,0.8139946380697051,0.1725469168900804,18650
29093,Missouri,Iron County,0.7831010452961672,0.2057926829268292,4592
29095,Missouri,Jackson County,0.3799131095318303,0.600012610226894,333063
29097,Missouri,Jasper County,0.7206601466992665,0.2588057762836185,52352
29099,Missouri,Jefferson County,0.6602735499794323,0.3215669134786781,116688
29101,Missouri,Johnson County,0.6698525277861869,0.3016044630886995,23123
29103,Missouri,Knox County,0.8015102481121898,0.1833872707659115,1854
29105,Missouri,Laclede County,0.8195081283868278,0.1655451676293693,16793
29107,Missouri,Lafayette County,0.719613016710642,0.262210495455878,17055
29109,Missouri,Lawrence County,0.8056967327562133,0.1795029321418598,17905
29111,Missouri,Lewis County,0.7708830548926014,0.2134953352137123,4609
29113,Missouri,Lincoln County,0.7529119856640706,0.2276862636983941,29018
29115,Missouri,Linn County,0.7619629758994062,0.2226685295144952,5726
29117,Missouri,Livingston County,0.7793725954424386,0.2086416099437703,6758
29119,Missouri,McDonald County,0.8245885341875622,0.1589528333149232,9053
29121,Missouri,Macon County,0.7753956100051046,0.2120980091883614,7836
29123,Missouri,Madison County,0.8076109936575053,0.1795278365045806,5676
29125,Missouri,Maries County,0.8157618947809684,0.1706141270173967,4771
29127,Missouri,Marion County,0.7428079112975726,0.2398861252622115,13348
29129,Missouri,Mercer County,0.8662169758291175,0.1247892074198988,1779
29131,Missouri,Miller County,0.821838152156356,0.1645937651429494,12382
29133,Missouri,Mississippi County,0.7436921783010934,0.2476871320437342,4756
29135,Missouri,Moniteau County,0.802570909598994,0.1827581388850077,7157
29137,Missouri,Monroe County,0.775596698639304,0.2087887575284407,4483
29139,Missouri,Montgomery County,0.7735620235620235,0.2092862092862092,5772
29141,Missouri,Morgan County,0.784441867819121,0.2028038368293454,9487
29143,Missouri,New Madrid County,0.7513103448275862,0.241103448275862,7250
29145,Missouri,Newton County,0.7787361380038725,0.2048230945256116,28405
29147,Missouri,Nodaway County,0.6939249974729607,0.2883857272819165,9893
29149,Missouri,Oregon County,0.8117746359991559,0.1736653302384469,4739
29151,Missouri,Osage County,0.8522350444356015,0.1375513993898395,7539
29153,Missouri,Ozark County,0.8355263157894737,0.1546052631578947,4864
29155,Missouri,Pemiscot County,0.7183958151700087,0.2720139494333042,5735
29157,Missouri,Perry County,0.8105218587911507,0.1761405737271091,9447
29159,Missouri,Pettis County,0.7254542598313871,0.2504581871498141,19097
29161,Missouri,Phelps County,0.6888798037612428,0.2880723630417007,19568
29163,Missouri,Pike County,0.7619233268356075,0.2231319038336582,7695
29165,Missouri,Platte County,0.5049240440020953,0.4745765671381177,57270
29167,Missouri,Polk County,0.7866436537440255,0.1915161975570897,15064
29169,Missouri,Pulaski County,0.7165949771055918,0.2594699597613431,14414
29171,Missouri,Putnam County,0.8403218975010589,0.1529013130029648,2361
29173,Missouri,Ralls County,0.7764040974920523,0.2128223242670434,5662
29175,Missouri,Randolph County,0.746276991809382,0.2312918838421444,10744
29177,Missouri,Ray County,0.7163705039059147,0.2668898617907116,11649
29179,Missouri,Reynolds County,0.8286840509399637,0.1604002425712553,3298
29181,Missouri,Ripley County,0.8464229490991779,0.1457057897498688,5717
29183,Missouri,St. Charles County,0.578284545778026,0.4032574082164879,222017
29185,Missouri,St. Clair County,0.7905106554081223,0.1986328910333735,4974
29186,Missouri,Ste. Genevieve County,0.6990721214677351,0.2860607338675664,9484
29187,Missouri,St. Francois County,0.7325095532302418,0.2515624441984215,28001
29189,Missouri,St. Louis County,0.3718789962083788,0.6117130149166925,536446
29195,Missouri,Saline County,0.6776972371047378,0.3050740624015127,9519
29197,Missouri,Schuyler County,0.8017973040439341,0.1862206689965052,2003
29199,Missouri,Scotland County,0.7862903225806451,0.1955645161290322,1984
29201,Missouri,Scott County,0.7770754557254924,0.2118065353575258,17719
29203,Missouri,Shannon County,0.8102918586789555,0.180747567844342,3906
29205,Missouri,Shelby County,0.8059701492537313,0.1767164179104477,3350
29207,Missouri,Stoddard County,0.8553552807984508,0.1354833904364665,13426
29209,Missouri,Stone County,0.8007358112860467,0.1896878212411405,18483
29211,Missouri,Sullivan County,0.7988668555240793,0.1934439498178874,2471
29213,Missouri,Taney County,0.7801278149726111,0.203096469872185,26288
29215,Missouri,Texas County,0.8376491383119753,0.1516570923552806,11315
29217,Missouri,Vernon County,0.778987479586282,0.2071856287425149,9185
29219,Missouri,Warren County,0.7195646258503401,0.2595374149659863,18375
29221,Missouri,Washington County,0.806635926222935,0.1808340016038492,9976
29223,Missouri,Wayne County,0.8484178291936033,0.1437563797209935,5878
29225,Missouri,Webster County,0.7923744608339102,0.1902657223494328,18779
29227,Missouri,Worth County,0.7922312556458898,0.1942186088527552,1107
29229,Missouri,Wright County,0.8528435747797231,0.1336537361254148,8739
29510,Missouri,St. Louis city,0.1604129471789163,0.8223759402989534,133867
30001,Montana,Beaverhead County,0.6929871047518106,0.2840487546369899,5661
30003,Montana,Big Horn County,0.4613294314381271,0.5206939799331104,4784
30005,Montana,Blaine County,0.4712864934231633,0.5097850497273019,3117
30007,Montana,Broadwater County,0.7744691237490847,0.2038076641444959,4097
30009,Montana,Carbon County,0.6292071539219828,0.3409378960709759,7101
30011,Montana,Carter County,0.8969907407407407,0.0856481481481481,864
30013,Montana,Cascade County,0.5845555973423593,0.387514103046258,39885
30015,Montana,Chouteau County,0.6358439811701412,0.3332212508406187,2974
30017,Montana,Custer County,0.7147713751487337,0.2573516913139554,5883
30019,Montana,Daniels County,0.7879684418145957,0.1923076923076923,1014
30021,Montana,Dawson County,0.77692784783957,0.1988836055406243,4837
30023,Montana,Deer Lodge County,0.446943365364956,0.5238192598650583,4891
30025,Montana,Fallon County,0.873015873015873,0.1092063492063492,1575
30027,Montana,Fergus County,0.7455213596692697,0.2290613994794059,6531
30029,Montana,Flathead County,0.6359487536924557,0.3364532510206113,60258
30031,Montana,Gallatin County,0.4432573034807781,0.5180471841917574,71507
30033,Montana,Garfield County,0.939729397293973,0.050430504305043,813
30035,Montana,Glacier County,0.3341017910977124,0.6401844298634509,5639
30037,Montana,Golden Valley County,0.8230616302186878,0.1550695825049702,503
30039,Montana,Granite County,0.6750713606089439,0.3035204567078972,2102
30041,Montana,Hill County,0.5509607351712615,0.4150654413812308,7182
30043,Montana,Jefferson County,0.6525454767427664,0.3204736906360639,8191
30045,Montana,Judith Basin County,0.7738095238095238,0.2046130952380952,1344
30047,Montana,Lake County,0.5606880789125466,0.4159749789486346,16626
30049,Montana,Lewis and Clark County,0.5039190302459692,0.4647051900670825,42485
30051,Montana,Liberty County,0.7580794090489381,0.2299168975069252,1083
30053,Montana,Lincoln County,0.7382310377117562,0.2413382140120882,11747
30055,Montana,McCone County,0.8475177304964538,0.1374113475177305,1128
30057,Montana,Madison County,0.6855880909537052,0.2897104531326681,6113
30059,Montana,Meagher County,0.7504504504504504,0.2324324324324324,1110
30061,Montana,Mineral County,0.7132266874756145,0.2676550916894264,2563
30063,Montana,Missoula County,0.3660017225571639,0.6022976689911927,71986
30065,Montana,Musselshell County,0.8410274210343631,0.1433530024297119,2881
30067,Montana,Park County,0.5185918402478912,0.4544672060595627,11618
30069,Montana,Petroleum County,0.8490028490028491,0.1111111111111111,351
30071,Montana,Phillips County,0.8113998323554066,0.1743503772003352,2386
30073,Montana,Pondera County,0.6781302170283806,0.3015025041736227,2995
30075,Montana,Powder River County,0.8538732394366197,0.1355633802816901,1136
30077,Montana,Powell County,0.7370892018779343,0.2353677621283255,3195
30079,Montana,Prairie County,0.8104838709677419,0.1693548387096774,744
30081,Montana,Ravalli County,0.6705019819693409,0.307398182902445,28507
30083,Montana,Richland County,0.8278716798896171,0.1509141083132114,5798
30085,Montana,Roosevelt County,0.4955312810327706,0.4741807348560079,4028
30087,Montana,Rosebud County,0.6569767441860465,0.3168604651162791,3784
30089,Montana,Sanders County,0.7396759017250392,0.2378463146889702,7652
30091,Montana,Sheridan County,0.6911330049261084,0.2827586206896552,2030
30093,Montana,Silver Bow County,0.4113772773144951,0.5519732299357306,18827
30095,Montana,Stillwater County,0.7772165128026476,0.2013586483191081,5741
30097,Montana,Sweet Grass County,0.7522485690923958,0.2244480784955028,2446
30099,Montana,Teton County,0.7058186738836265,0.272530446549391,3695
30101,Montana,Toole County,0.7517663683466792,0.2199717381064531,2123
30103,Montana,Treasure County,0.8108695652173913,0.1695652173913043,460
30105,Montana,Valley County,0.7338483146067416,0.2411048689138576,4272
30107,Montana,Wheatland County,0.7705992509363296,0.2106741573033707,1068
30109,Montana,Wibaux County,0.862876254180602,0.12876254180602,598
30111,Montana,Yellowstone County,0.6057193304780425,0.3660061321148638,83821
31001,Nebraska,Adams County,0.6882549648536136,0.2875179144202552,14653
31003,Nebraska,Antelope County,0.8632430923806865,0.1261512698855707,3583
31005,Nebraska,Arthur County,0.912280701754386,0.0736842105263157,285
31007,Nebraska,Banner County,0.8807785888077859,0.1046228710462287,411
31009,Nebraska,Blaine County,0.8832807570977917,0.1104100946372239,317
31011,Nebraska,Boone County,0.8223806571605704,0.1546807191568505,3226
31013,Nebraska,Box Butte County,0.7696153846153846,0.2021153846153846,5200
31015,Nebraska,Boyd County,0.8744588744588745,0.1168831168831168,1155
31017,Nebraska,Brown County,0.8729216152019003,0.1134204275534441,1684
31019,Nebraska,Buffalo County,0.7017839821180043,0.2678081902914259,23711
31021,Nebraska,Burt County,0.6900240706071142,0.2843006151377373,3739
31023,Nebraska,Butler County,0.783975210270031,0.1932270916334661,4518
31025,Nebraska,Cass County,0.6603810518073862,0.3090826047239984,15326
31027,Nebraska,Cedar County,0.8323030907278165,0.1445663010967098,5015
31029,Nebraska,Chase County,0.87,0.113,2000
31031,Nebraska,Cherry County,0.8699908228816152,0.1141021719180177,3269
31033,Nebraska,Cheyenne County,0.7983668341708543,0.1790201005025125,4776
31035,Nebraska,Clay County,0.7977591036414566,0.1770308123249299,3570
31037,Nebraska,Colfax County,0.7074610842726785,0.2750939345142243,3726
31039,Nebraska,Cuming County,0.7864992150706437,0.195111011437542,4459
31041,Nebraska,Custer County,0.8469217970049917,0.1307820299500832,6010
31043,Nebraska,Dakota County,0.5759131582807686,0.4025231040046941,6817
31045,Nebraska,Dawes County,0.706094916887497,0.2606600819079739,4151
31047,Nebraska,Dawson County,0.7098248286367098,0.2716788162332716,9191
31049,Nebraska,Deuel County,0.8423597678916828,0.1363636363636363,1034
31051,Nebraska,Dixon County,0.7546864899806076,0.2104072398190045,3094
31053,Nebraska,Dodge County,0.6484827016176644,0.3273113708820404,16938
31055,Nebraska,Douglas County,0.4308924567874448,0.5436826498879005,276540
31057,Nebraska,Dundy County,0.8803589232303091,0.1046859421734795,1003
31059,Nebraska,Fillmore County,0.7493646759847522,0.2201397712833545,3148
31061,Nebraska,Franklin County,0.8315972222222222,0.1597222222222222,1728
31063,Nebraska,Frontier County,0.8499308437067773,0.1307053941908713,1446
31065,Nebraska,Furnas County,0.8312836279784781,0.1533435818601076,2602
31067,Nebraska,Gage County,0.6695746020325569,0.3044338519651047,11119
31069,Nebraska,Garden County,0.8466666666666667,0.1341666666666666,1200
31071,Nebraska,Garfield County,0.8671003717472119,0.1236059479553903,1076
31073,Nebraska,Gosper County,0.7966101694915254,0.191793041926851,1121
31075,Nebraska,Grant County,0.9328358208955224,0.0497512437810945,402
31077,Nebraska,Greeley County,0.806989674344718,0.181890389197776,1259
31079,Nebraska,Hall County,0.6621267893660532,0.3141513292433537,24450
31081,Nebraska,Hamilton County,0.7741645706072584,0.2008623787279913,5566
31083,Nebraska,Harlan County,0.8350568769389866,0.1458117890382626,1934
31085,Nebraska,Hayes County,0.9216417910447762,0.0634328358208955,536
31087,Nebraska,Hitchcock County,0.8598639455782313,0.119047619047619,1470
31089,Nebraska,Holt County,0.8592792792792793,0.1236036036036036,5550
31091,Nebraska,Hooker County,0.8506787330316742,0.1334841628959276,442
31093,Nebraska,Howard County,0.7935061236115067,0.184562802620336,3511
31095,Nebraska,Jefferson County,0.7013404825737265,0.2723860589812332,3730
31097,Nebraska,Johnson County,0.6798029556650246,0.2897447380206001,2233
31099,Nebraska,Kearney County,0.7802045894387614,0.1938070223942493,3617
31101,Nebraska,Keith County,0.8111696040283818,0.1746395056076905,4369
31103,Nebraska,Keya Paha County,0.8981132075471698,0.0924528301886792,530
31105,Nebraska,Kimball County,0.8327117741076185,0.1427810335641982,1877
31107,Nebraska,Knox County,0.79035683942226,0.1922259983007646,4708
31109,Nebraska,Lancaster County,0.445835321057151,0.5234424196164488,157215
31111,Nebraska,Lincoln County,0.7615801433315854,0.2151139078249723,17163
31113,Nebraska,Logan County,0.9044444444444444,0.0844444444444444,450
31115,Nebraska,Loup County,0.8149779735682819,0.1651982378854625,454
31117,Nebraska,McPherson County,0.9105960264900662,0.0562913907284768,302
31119,Nebraska,Madison County,0.7547885454200645,0.2198621910360958,15819
31121,Nebraska,Merrick County,0.7984586641756188,0.1735170481083605,4282
31123,Nebraska,Morrill County,0.8260359655981235,0.1508991399530883,2558
31125,Nebraska,Nance County,0.7843886462882096,0.1959606986899563,1832
31127,Nebraska,Nemaha County,0.7074592074592074,0.2683566433566433,3432
31129,Nebraska,Nuckolls County,0.8056399132321042,0.1774403470715835,2305
31131,Nebraska,Otoe County,0.6761220825852783,0.2980251346499102,8355
31133,Nebraska,Pawnee County,0.7494751574527642,0.225332400279916,1429
31135,Nebraska,Perkins County,0.8550161812297734,0.1288025889967637,1545
31137,Nebraska,Phelps County,0.8279227245568612,0.1497709619597689,5021
31139,Nebraska,Pierce County,0.8629112662013958,0.1196410767696909,4012
31141,Nebraska,Platte County,0.7751415304369951,0.2073659436422619,15721
31143,Nebraska,Polk County,0.7935573259438864,0.1835815725666782,2887
31145,Nebraska,Red Willow County,0.8272394881170019,0.1482632541133455,5470
31147,Nebraska,Richardson County,0.743347847121432,0.2409288824383164,4134
31149,Nebraska,Rock County,0.8836104513064132,0.0997624703087886,842
31151,Nebraska,Saline County,0.6282006920415225,0.343598615916955,5780
31153,Nebraska,Sarpy County,0.5403615647708253,0.4283679685632011,96193
31155,Nebraska,Saunders County,0.7123416236508682,0.2605193180040669,12786
31157,Nebraska,Scotts Bluff County,0.7054882762174697,0.270291162071631,15524
31159,Nebraska,Seward County,0.7055114686378954,0.2650288074790738,9199
31161,Nebraska,Sheridan County,0.8539493293591655,0.1266766020864381,2684
31163,Nebraska,Sherman County,0.7776470588235294,0.2017647058823529,1700
31165,Nebraska,Sioux County,0.8782489740082079,0.0984952120383036,731
31167,Nebraska,Stanton County,0.8091627172195892,0.1680884676145339,3165
31169,Nebraska,Thayer County,0.7721646035463365,0.2087654734024757,2989
31171,Nebraska,Thomas County,0.882903981264637,0.1053864168618267,427
31173,Nebraska,Thurston County,0.4960067255149222,0.4716267339218158,2379
31175,Nebraska,Valley County,0.8110068259385665,0.1757679180887372,2344
31177,Nebraska,Washington County,0.6884575278735863,0.2850725916419347,12467
31179,Nebraska,Wayne County,0.7242769084874348,0.2422949265054528,4218
31181,Nebraska,Webster County,0.8054371002132196,0.1785714285714285,1876
31183,Nebraska,Wheeler County,0.8707753479125249,0.1172962226640159,503
31185,Nebraska,York County,0.7452869710934227,0.2276218405250663,7161
32001,Nevada,Churchill County,0.7270752521334368,0.2366951124903025,12890
32003,Nevada,Clark County,0.4431111248213386,0.5366032225889709,972510
32005,Nevada,Douglas County,0.6338461538461538,0.339076923076923,34125
32007,Nevada,Elko County,0.7620976919925343,0.2074475349387718,21967
32009,Nevada,Esmeralda County,0.8213552361396304,0.1519507186858316,487
32011,Nevada,Eureka County,0.880039331366765,0.103244837758112,1017
32013,Nevada,Humboldt County,0.7562733238965385,0.2173465448462231,7771
32015,Nevada,Lander County,0.7949367088607595,0.179385171790235,2765
32017,Nevada,Lincoln County,0.8450531479967294,0.1349141455437449,2446
32019,Nevada,Lyon County,0.6916462729016469,0.2802103313711224,30238
32021,Nevada,Mineral County,0.6094218415417559,0.3550321199143469,2335
32023,Nevada,Nye County,0.6906769642997872,0.2871778705965797,25378
32027,Nevada,Pershing County,0.7461206896551724,0.2357758620689655,2320
32029,Nevada,Storey County,0.6631908237747653,0.313521028849496,2877
32031,Nevada,Washoe County,0.4630723957135265,0.5081581013873135,252142
32033,Nevada,White Pine County,0.7788967727168689,0.1966124971389334,4369
32510,Nevada,Carson City,0.5418137798849995,0.4282255623928175,29739
33001,New Hampshire,Belknap County,0.5434946558135906,0.4393415338205081,38453
33003,New Hampshire,Carroll County,0.4853931233469584,0.500390718922818,33272
33005,New Hampshire,Cheshire County,0.4047414378138714,0.5769805003845632,44206
33007,New Hampshire,Coos County,0.5213576960309777,0.462245885769603,16528
33009,New Hampshire,Grafton County,0.3686862138583786,0.6145696345551872,53989
33011,New Hampshire,Hillsborough County,0.452843663434903,0.5295360110803324,231040
33013,New Hampshire,Merrimack County,0.441788022739662,0.5399334720259882,89887
33015,New Hampshire,Rockingham County,0.4818365059338604,0.5029782399983915,198943
33017,New Hampshire,Strafford County,0.4135279198144556,0.565869603548129,73729
33019,New Hampshire,Sullivan County,0.4719681745478407,0.5081409178526022,24383
34001,New Jersey,Atlantic County,0.4588261262736665,0.5255445347156457,140441
34003,New Jersey,Bergen County,0.4109214811241105,0.574854259638966,497460
34005,New Jersey,Burlington County,0.393470397867885,0.5885969921949362,262650
34007,New Jersey,Camden County,0.3245757702400988,0.6591327527588583,265599
34009,New Jersey,Cape May County,0.5723508190495917,0.4132532408126629,57933
34011,New Jersey,Cumberland County,0.4626767878545745,0.5232441070715141,62575
34013,New Jersey,Essex County,0.2185710851956642,0.7726947592170537,345311
34015,New Jersey,Gloucester County,0.480475979083671,0.4998587513620404,173453
34017,New Jersey,Hudson County,0.2623114454319686,0.7244807512636849,250458
34019,New Jersey,Hunterdon County,0.5096429794621662,0.4659927013333648,84673
34021,New Jersey,Mercer County,0.2913899437431936,0.6914001004384307,177223
34023,New Jersey,Middlesex County,0.381873981878773,0.6022220329418779,375692
34025,New Jersey,Monmouth County,0.5069055736145247,0.4791114987182536,378390
34027,New Jersey,Morris County,0.4690130501101632,0.5113735681267592,300917
34029,New Jersey,Ocean County,0.6352809369037129,0.3485263139467711,342746
34031,New Jersey,Passaic County,0.4101502251147862,0.5754780903133776,224330
34033,New Jersey,Salem County,0.5530521120968216,0.4253275365724693,34042
34035,New Jersey,Somerset County,0.3852298933603009,0.5948547549106163,186891
34037,New Jersey,Sussex County,0.5851367258239768,0.3902684715682724,88352
34039,New Jersey,Union County,0.3149176707696789,0.6701477320589984,254041
34041,New Jersey,Warren County,0.5694514961429484,0.4078320258119462,61057
35001,New Mexico,Bernalillo County,0.3656758714065304,0.6100853301426368,317590
35003,New Mexico,Catron County,0.7300085984522786,0.2558039552880481,2326
35005,New Mexico,Chaves County,0.6975894488259146,0.2843202780376955,22443
35006,New Mexico,Cibola County,0.4464787150398742,0.5329664158148939,8903
35007,New Mexico,Colfax County,0.543716755319149,0.4340093085106383,6016
35009,New Mexico,Curry County,0.691609827163764,0.2852128998079597,15101
35011,New Mexico,De Baca County,0.7280799112097669,0.2563817980022198,901
35013,New Mexico,Doña Ana County,0.3969216248593313,0.5803051753972,82641
35015,New Mexico,Eddy County,0.7516148479889759,0.2335716131254844,23222
35017,New Mexico,Grant County,0.4539660547280914,0.5258053342570143,14435
35019,New Mexico,Guadalupe County,0.4189127455459114,0.5637277295568753,2189
35021,New Mexico,Harding County,0.6316831683168317,0.3544554455445544,505
35023,New Mexico,Hidalgo County,0.5673758865248227,0.4169199594731509,1974
35025,New Mexico,Lea County,0.7902763170475189,0.1941390190266756,20918
35027,New Mexico,Lincoln County,0.6735882010479333,0.3099165534640015,10306
35028,New Mexico,Los Alamos County,0.348002928495892,0.6144960546652567,12293
35029,New Mexico,Luna County,0.543996050845366,0.4397136862890287,8103
35031,New Mexico,McKinley County,0.2945329608094842,0.6806992373329306,26486
35033,New Mexico,Mora County,0.3361876396128071,0.6496649292628444,2686
35035,New Mexico,Otero County,0.6160536252174282,0.3599762419922786,23571
35037,New Mexico,Quay County,0.6800929512006196,0.3020914020139427,3873
35039,New Mexico,Rio Arriba County,0.3252345441424104,0.6609333654077459,16628
35041,New Mexico,Roosevelt County,0.701271186440678,0.2726997578692494,6608
35043,New Mexico,Sandoval County,0.4463572007000862,0.5301324416812518,76562
35045,New Mexico,San Juan County,0.6286380846751062,0.3457949286725054,52294
35047,New Mexico,San Miguel County,0.2966785187754748,0.6840690313069118,11531
35049,New Mexico,Santa Fe County,0.2229073175477641,0.7604558113515025,82227
35051,New Mexico,Sierra County,0.5957947855340623,0.3809924306139613,5945
35053,New Mexico,Socorro County,0.454608938547486,0.5198324022346369,7160
35055,New Mexico,Taos County,0.216227227751586,0.7636924509632734,17181
35057,New Mexico,Torrance County,0.6554044774069496,0.3219338003021563,7281
35059,New Mexico,Union County,0.7758524315259921,0.2140860816098378,1789
35061,New Mexico,Valencia County,0.537968212659169,0.4418936084518388,32277
36001,New York,Albany County,0.3314774076741877,0.6455117098526291,154101
36003,New York,Allegany County,0.6801559041478202,0.2910210759310942,20782
36005,New York,Bronx County,0.1591205383883584,0.8347697403192277,425715
36007,New York,Broome County,0.4720132767204776,0.5066060305623208,92794
36009,New York,Cattaraugus County,0.6358157554885924,0.3409097431482278,34845
36011,New York,Cayuga County,0.5357348782295929,0.4433980395925427,36421
36013,New York,Chautauqua County,0.5877006610009443,0.3892992041009038,59304
36015,New York,Chemung County,0.5562547576757169,0.4221263638670388,39410
36017,New York,Chenango County,0.6050623821919038,0.372049187685127,22282
36019,New York,Clinton County,0.4660101024353077,0.5182154245562548,35437
36021,New York,Columbia County,0.4071842801644051,0.5738978661111424,35522
36023,New York,Cortland County,0.497693514161823,0.4783190331211366,21678
36025,New York,Delaware County,0.5814115092290988,0.3970901194353963,23025
36027,New York,Dutchess County,0.4425034078426701,0.5389221953123966,151122
36029,New York,Erie County,0.4175861113988596,0.564824817502817,473021
36031,New York,Essex County,0.4660678124513214,0.5164857988472922,19259
36033,New York,Franklin County,0.5017645837658293,0.4802262819182064,19268
36035,New York,Fulton County,0.6476583557951483,0.3340212264150943,23744
36037,New York,Genesee County,0.6460622240476435,0.329431495362289,29217
36039,New York,Greene County,0.5664443915217909,0.4106533301579741,25194
36041,New York,Hamilton County,0.6430635838150289,0.3404624277456647,3460
36043,New York,Herkimer County,0.6436099457689552,0.3389269756812988,29319
36045,New York,Jefferson County,0.5844964422550629,0.3947044334975369,43848
36047,New York,Kings County,0.2220343697098043,0.7701210845708604,913246
36049,New York,Lewis County,0.6871137206427689,0.2954264524103832,12944
36051,New York,Livingston County,0.5790261456641508,0.3973440336295022,31401
36053,New York,Madison County,0.5408073329807862,0.4350138080968329,34038
36055,New York,Monroe County,0.3823293952748547,0.5925356249491447,380983
36057,New York,Montgomery County,0.6030566859089619,0.3774486609255228,21134
36059,New York,Nassau County,0.445872841709928,0.5411132764521888,732756
36061,New York,New York County,0.1225852779664529,0.86780332247332,694904
36063,New York,Niagara County,0.5387009992313605,0.4422463489623366,104080
36065,New York,Oneida County,0.5675659579536656,0.4125920632084648,100746
36067,New York,Onondaga County,0.3860480967899972,0.5917055402901144,234735
36069,New York,Ontario County,0.4866273418909407,0.4863927338539397,59674
36071,New York,Orange County,0.4938785234080384,0.4920656133969401,172099
36073,New York,Orleans County,0.6679519665087584,0.3077558664757078,18154
36075,New York,Oswego County,0.5897854691600448,0.3880090290139656,54491
36077,New York,Otsego County,0.5134961439588689,0.4632604970008569,28008
36079,New York,Putnam County,0.5325246867555329,0.4537816654239939,54989
36081,New York,Queens County,0.2699273982687279,0.7222577615312366,787860
36083,New York,Rensselaer County,0.4596456321071919,0.5159238877205354,79409
36085,New York,Richmond County,0.5705218063131208,0.4209842102584743,216153
36087,New York,Rockland County,0.4867093616370395,0.5041065645179525,150369
36089,New York,St. Lawrence County,0.5479769300999844,0.4311354577237402,44907
36091,New York,Saratoga County,0.4621386302815574,0.5161584561456409,132655
36093,New York,Schenectady County,0.4108331328682543,0.5675166386015557,74826
36095,New York,Schoharie County,0.6303628262253341,0.3402291534054742,15710
36097,New York,Schuyler County,0.57556829817735,0.3996518533688306,9766
36099,New York,Seneca County,0.5328854766474728,0.4423544465770953,15630
36101,New York,Steuben County,0.6382693057300013,0.3419377192602538,46178
36103,New York,Suffolk County,0.4941448348175923,0.493844137900643,771541
36105,New York,Sullivan County,0.5387190810171155,0.4470516927872543,34647
36107,New York,Tioga County,0.5906005430442421,0.3846829579939307,25044
36109,New York,Tompkins County,0.2426150650486498,0.7350825407237346,45735
36111,New York,Ulster County,0.3858550605625128,0.5950523506466845,97420
36113,New York,Warren County,0.4898563560377515,0.4882787633887797,36131
36115,New York,Washington County,0.5665292487028218,0.4110100220342597,28138
36117,New York,Wayne County,0.5860356935188085,0.3903922708771302,44714
36119,New York,Westchester County,0.3131489087297294,0.6759492082177434,462122
36121,New York,Wyoming County,0.7164286818908191,0.2615083251714006,19399
36123,New York,Yates County,0.5801326978787029,0.3942622184842538,10701
37001,North Carolina,Alamance County,0.5349688120709482,0.4509762925276742,86091
37003,North Carolina,Alexander County,0.7851354022534097,0.2048329709428741,20236
37005,North Carolina,Alleghany County,0.7450625411454904,0.2445687952600395,6076
37007,North Carolina,Anson County,0.4753439342504913,0.5171520457387886,11194
37009,North Carolina,Ashe County,0.7241052232199318,0.2633109902617933,15814
37011,North Carolina,Avery County,0.7582998519771622,0.231655741171495,9458
37013,North Carolina,Beaufort County,0.6246247387421623,0.3660649819494584,26315
37015,North Carolina,Bertie County,0.3888945491594498,0.6050942435048395,9815
37017,North Carolina,Bladen County,0.5650218978102189,0.4277956204379562,17125
37019,North Carolina,Brunswick County,0.6193512614360965,0.3693928472414749,90175
37021,North Carolina,Buncombe County,0.3862869733674158,0.5973608798717576,161569
37023,North Carolina,Burke County,0.6954620869019327,0.2941123716425272,44602
37025,North Carolina,Cabarrus County,0.539440572564341,0.4449657502111288,117227
37027,North Carolina,Caldwell County,0.7499357911695347,0.2392070793154171,42829
37029,North Carolina,Camden County,0.7243406685704686,0.2581891483285738,5953
37031,North Carolina,Carteret County,0.7033142054104696,0.283241597376742,42695
37033,North Carolina,Caswell County,0.5882499377645009,0.4032860343539955,12051
37035,North Carolina,Catawba County,0.6783098591549296,0.3079292777944261,83425
37037,North Carolina,Chatham County,0.4359348957797485,0.5511841807444597,48599
37039,North Carolina,Cherokee County,0.768921634293369,0.2181696401388297,16423
37041,North Carolina,Chowan County,0.5743833504624871,0.4171377183967112,7784
37043,North Carolina,Clay County,0.7416219352966777,0.246481938198172,6893
37045,North Carolina,Cleveland County,0.6587276837920012,0.3304552896234505,51308
37047,North Carolina,Columbus County,0.6364667624593511,0.3571806700446192,26446
37049,North Carolina,Craven County,0.5847922359370583,0.3985301045887119,53065
37051,North Carolina,Cumberland County,0.407964661909616,0.5740332993544003,147150
37053,North Carolina,Currituck County,0.7219297702359572,0.2598005821514833,16147
37055,North Carolina,Dare County,0.5751898316275998,0.4100363156157147,24232
37057,North Carolina,Davidson County,0.7304833133741555,0.2557335562735838,88514
37059,North Carolina,Davie County,0.7201611947374659,0.2652206550511635,25311
37061,North Carolina,Duplin County,0.6072198987453225,0.385956416464891,22715
37063,North Carolina,Durham County,0.1804139755661038,0.804206454194782,179914
37065,North Carolina,Edgecombe County,0.3613455273383836,0.6315107744239903,25477
37067,North Carolina,Forsyth County,0.4226362597505838,0.561598847319521,201270
37069,North Carolina,Franklin County,0.5595834114213809,0.4251291799416347,37351
37071,North Carolina,Gaston County,0.6323312957800135,0.3546295173942406,115498
37073,North Carolina,Gates County,0.5638921453692849,0.426394238820968,5971
37075,North Carolina,Graham County,0.7952840300107181,0.1939978563772776,4665
37077,North Carolina,Granville County,0.52683714159124,0.4609468953731249,31598
37079,North Carolina,Greene County,0.5568376556609163,0.4377927567691077,8753
37081,North Carolina,Guilford County,0.3771503694382149,0.6084165828898435,284486
37083,North Carolina,Halifax County,0.3913195388019721,0.6034783959004619,25759
37085,North Carolina,Harnett County,0.6034515293431458,0.3789991937282349,58293
37087,North Carolina,Haywood County,0.6248700125882546,0.3596956926276613,36542
37089,North Carolina,Henderson County,0.5855114010326016,0.3979903760366237,68371
37091,North Carolina,Hertford County,0.3271581719014482,0.6673876246003385,10634
37093,North Carolina,Hoke County,0.4368501317066408,0.5454965571421969,21639
37095,North Carolina,Hyde County,0.5690208667736758,0.4197431781701444,2492
37097,North Carolina,Iredell County,0.6545799103261666,0.3310312490842133,102371
37099,North Carolina,Jackson County,0.5299607989546388,0.4475919357849542,21428
37101,North Carolina,Johnston County,0.6138186193952783,0.3704930987724166,111357
37103,North Carolina,Jones County,0.5936651583710407,0.3976470588235294,5525
37105,North Carolina,Lee County,0.5677399338113623,0.4186086596800882,29008
37107,North Carolina,Lenoir County,0.5135696434228589,0.4788975324721039,28409
37109,North Carolina,Lincoln County,0.7236792321325447,0.264332795666806,50217
37111,North Carolina,McDowell County,0.733947745946181,0.2535321479806982,23003
37113,North Carolina,Macon County,0.6850985874752928,0.3003422841440486,20743
37115,North Carolina,Madison County,0.6102018966044662,0.3748088100336494,13076
37117,North Carolina,Martin County,0.5208931419457735,0.471371610845295,12540
37119,North Carolina,Mecklenburg County,0.3160392414818368,0.6667930510904625,567053
37121,North Carolina,Mitchell County,0.7842052870257715,0.2065037053423294,9041
37123,North Carolina,Montgomery County,0.6546034710872441,0.3367577243365242,12849
37125,North Carolina,Moore County,0.6301787826325442,0.3561768285366564,58339
37127,North Carolina,Nash County,0.4940980658491324,0.4963937938818848,52271
37129,North Carolina,New Hanover County,0.4803989987104604,0.5016915724797087,131830
37131,North Carolina,Northampton County,0.394598872292017,0.6003561183104165,10109
37133,North Carolina,Onslow County,0.6378902194227175,0.3359313352253062,72235
37135,North Carolina,Orange County,0.2373730837558972,0.7481911126275045,84997
37137,North Carolina,Pamlico County,0.6354344122657581,0.3555235224741187,7631
37139,North Carolina,Pasquotank County,0.4910287983113032,0.4941448459566769,19897
37141,North Carolina,Pender County,0.6425707512657672,0.3430887646697299,34169
37143,North Carolina,Perquimans County,0.6551309460181721,0.3329770176376269,7484
37145,North Carolina,Person County,0.6021741116287568,0.386635607929113,21894
37147,North Carolina,Pitt County,0.4451371998218629,0.5395726993479726,87573
37149,North Carolina,Polk County,0.6221880563197928,0.3655931380482278,12358
37151,North Carolina,Randolph County,0.7760106934366304,0.2130230781821157,73316
37153,North Carolina,Richmond County,0.5697635216490873,0.4216153735009392,20763
37155,North Carolina,Robeson County,0.589259981351191,0.4030685767568026,47188
37157,North Carolina,Rockingham County,0.6547093643456253,0.3344976887196971,47809
37159,North Carolina,Rowan County,0.6715480601569311,0.3148703138622493,73408
37161,North Carolina,Rutherford County,0.7229661041563797,0.2653286473612362,34429
37163,North Carolina,Sampson County,0.608393318890209,0.3831854077853099,28618
37165,North Carolina,Scotland County,0.5057868020304569,0.4863620981387478,14775
37167,North Carolina,Stanly County,0.7501104923539291,0.2395179586905919,33939
37169,North Carolina,Stokes County,0.7837049142056729,0.2056729310143574,25701
37171,North Carolina,Surry County,0.7516239969430646,0.2380315519406081,36638
37173,North Carolina,Swain County,0.5887096774193549,0.3933220147142048,7068
37175,North Carolina,Transylvania County,0.5702803371887865,0.413840423446383,20404
37177,North Carolina,Tyrrell County,0.5745734727572922,0.4171711612548156,1817
37179,North Carolina,Union County,0.6135515338406698,0.3719153353535199,131011
37181,North Carolina,Vance County,0.3995904566884137,0.5919805705033573,20999
37183,North Carolina,Wake County,0.3580029438298276,0.6225345425193486,631830
37185,North Carolina,Warren County,0.3645195764111532,0.6217817934518605,10293
37187,North Carolina,Washington County,0.4481869460112812,0.547300564061241,6205
37189,North Carolina,Watauga County,0.4485102420856611,0.5314090626939789,32220
37191,North Carolina,Wayne County,0.5529466841925204,0.4360156292201595,55537
37193,North Carolina,Wilkes County,0.7779845485817403,0.2117802966221169,35466
37195,North Carolina,Wilson County,0.480692279366638,0.5094881551491347,40735
37197,North Carolina,Yadkin County,0.7997289564824575,0.188877177131958,19923
37199,North Carolina,Yancey County,0.6620859760394644,0.324876673713883,11352
38001,North Dakota,Adams County,0.7730496453900709,0.2033096926713948,1269
38003,North Dakota,Barnes County,0.6411500449236298,0.3270440251572327,5565
38005,North Dakota,Benson County,0.5578786333503315,0.4191738908720041,1961
38007,North Dakota,Billings County,0.8519685039370078,0.1133858267716535,635
38009,North Dakota,Bottineau County,0.7418611351195621,0.2365312590031691,3471
38011,North Dakota,Bowman County,0.8418829209414604,0.1375980687990344,1657
38013,North Dakota,Burke County,0.8606060606060606,0.1186147186147186,1155
38015,North Dakota,Burleigh County,0.6845703702244202,0.2827025003448072,50753
38017,North Dakota,Cass County,0.4952645462679976,0.4684438659895645,86053
38019,North Dakota,Cavalier County,0.7420792079207921,0.2346534653465346,2020
38021,North Dakota,Dickey County,0.7186468646864687,0.2508250825082508,2424
38023,North Dakota,Divide County,0.7520798668885191,0.2204658901830282,1202
38025,North Dakota,Dunn County,0.8344739093242087,0.146278870829769,2338
38027,North Dakota,Eddy County,0.6772402854877082,0.3037272006344171,1261
38029,North Dakota,Emmons County,0.8651070184171229,0.1179691388750622,2009
38031,North Dakota,Foster County,0.766029246344207,0.2097862767154105,1778
38033,North Dakota,Golden Valley County,0.8489278752436648,0.1335282651072124,1026
38035,North Dakota,Grand Forks County,0.5484985469809494,0.4158863416209234,30970
38037,North Dakota,Grant County,0.8291093410572049,0.1498913830557567,1381
38039,North Dakota,Griggs County,0.7256,0.2464,1250
38041,North Dakota,Hettinger County,0.8315548780487805,0.149390243902439,1312
38043,North Dakota,Kidder County,0.8321917808219178,0.1513698630136986,1460
38045,North Dakota,LaMoure County,0.7413249211356467,0.2374943668319062,2219
38047,North Dakota,Logan County,0.8643122676579925,0.1189591078066914,1076
38049,North Dakota,McHenry County,0.7872127872127872,0.1878121878121878,3003
38051,North Dakota,McIntosh County,0.7924398625429553,0.179381443298969,1455
38053,North Dakota,McKenzie County,0.8270898689795165,0.1502122162760657,5419
38055,North Dakota,McLean County,0.7583092485549133,0.2221820809248555,5536
38057,North Dakota,Mercer County,0.824812834224599,0.1505882352941176,4675
38059,North Dakota,Morton County,0.7366869246043685,0.2329863409350743,16619
38061,North Dakota,Mountrail County,0.678031212484994,0.3015606242496998,4165
38063,North Dakota,Nelson County,0.6420934158694429,0.3297692740574001,1777
38065,North Dakota,Oliver County,0.8611632270168855,0.1210131332082551,1066
38067,North Dakota,Pembina County,0.7385169618733113,0.235965175622936,3331
38069,North Dakota,Pierce County,0.7448308270676691,0.2335526315789473,2128
38071,North Dakota,Ramsey County,0.6658600148920327,0.3051005212211466,5372
38073,North Dakota,Ransom County,0.5778321108394459,0.3850855745721271,2454
38075,North Dakota,Renville County,0.8074298711144806,0.1667930250189537,1319
38077,North Dakota,Richland County,0.6492575524833589,0.3213005632360471,7812
38079,North Dakota,Rolette County,0.3304416403785489,0.6524710830704522,3804
38081,North Dakota,Sargent County,0.6115942028985507,0.3565217391304348,2070
38083,North Dakota,Sheridan County,0.8472906403940886,0.1280788177339901,812
38085,North Dakota,Sioux County,0.2175379426644182,0.6779089376053963,1186
38087,North Dakota,Slope County,0.8899297423887588,0.1030444964871194,427
38089,North Dakota,Stark County,0.8046511627906977,0.1660465116279069,15050
38091,North Dakota,Steele County,0.5992647058823529,0.3602941176470588,1088
38093,North Dakota,Stutsman County,0.7022793453157947,0.2687016768751882,9959
38095,North Dakota,Towner County,0.706984667802385,0.2700170357751277,1174
38097,North Dakota,Traill County,0.6097678916827853,0.3609767891682785,4136
38099,North Dakota,Walsh County,0.6949613213464353,0.2786953794689525,4783
38101,North Dakota,Ward County,0.7071443744246974,0.2581958507399278,28246
38103,North Dakota,Wells County,0.7973883740522325,0.1861836562763268,2374
38105,North Dakota,Williams County,0.8189619087484303,0.1513185433235663,14334
39001,Ohio,Adams County,0.8126801152737753,0.177521613832853,12145
39003,Ohio,Allen County,0.6898304378619339,0.2947339915843853,48006
39005,Ohio,Ashland County,0.7349744366597235,0.2477182351827305,26405
39007,Ohio,Ashtabula County,0.6091014111944186,0.3736833759938388,44147
39009,Ohio,Athens County,0.4168233623700065,0.5668674929966614,26059
39011,Ohio,Auglaize County,0.8068433099274547,0.1804321682119719,25777
39013,Ohio,Belmont County,0.7120406189555126,0.2761726305609284,33088
39015,Ohio,Brown County,0.7811907470610542,0.207622298065984,21096
39017,Ohio,Butler County,0.612583473012847,0.3727863251524871,186737
39019,Ohio,Carroll County,0.7560512243174782,0.2287503518153673,14212
39021,Ohio,Champaign County,0.730472661726417,0.25345483677148,19972
39023,Ohio,Clark County,0.6078614589173363,0.3749454930542578,64212
39025,Ohio,Clermont County,0.6749637943519189,0.3085807385952208,110480
39027,Ohio,Clinton County,0.7545184391289521,0.2288205777756126,20527
39029,Ohio,Columbiana County,0.7165262735659848,0.2679302045728038,49860
39031,Ohio,Coshocton County,0.7363044387358862,0.2464304916661688,16739
39033,Ohio,Crawford County,0.7462051629121145,0.2376486512617229,20686
39035,Ohio,Cuyahoga County,0.323971102977608,0.6651685393258427,625670
39037,Ohio,Darke County,0.8109383061841232,0.1743568954079752,27134
39039,Ohio,Defiance County,0.6727207058459316,0.3086012073680408,19381
39041,Ohio,Delaware County,0.5263425081304037,0.4579598635678591,126070
39043,Ohio,Erie County,0.5493987851741664,0.4336928226106359,40335
39045,Ohio,Fairfield County,0.6097274069450612,0.3747884433028051,83311
39047,Ohio,Fayette County,0.7511100539169046,0.2358864573422137,12612
39049,Ohio,Franklin County,0.3349900170795953,0.648840664978266,630577
39051,Ohio,Fulton County,0.6908651734738691,0.2926657883179622,22770
39053,Ohio,Gallia County,0.7714327125153997,0.216682368287557,13799
39055,Ohio,Geauga County,0.6094678781171347,0.3784473679513039,56021
39057,Ohio,Greene County,0.5874349920467493,0.3925634285843213,88643
39059,Ohio,Guernsey County,0.7354360943499726,0.2510696653867252,18230
39061,Ohio,Hamilton County,0.4127965395691633,0.5714769718445498,430929
39063,Ohio,Hancock County,0.6785999845245158,0.303242113951149,38771
39065,Ohio,Hardin County,0.7510379708613271,0.2311466747188042,13247
39067,Ohio,Harrison County,0.756629653821032,0.2309601567602874,7655
39069,Ohio,Henry County,0.7097670008127879,0.2751286914115416,14764
39071,Ohio,Highland County,0.7968082943687741,0.1930778613539337,19676
39073,Ohio,Hocking County,0.7043547453703703,0.2806712962962963,13824
39075,Ohio,Holmes County,0.8338611261296053,0.1540125125511701,12947
39077,Ohio,Huron County,0.6971680764987127,0.285362265538801,27190
39079,Ohio,Jackson County,0.7644315262944437,0.223806948763012,14794
39081,Ohio,Jefferson County,0.6842515436724417,0.300281757688388,33362
39083,Ohio,Knox County,0.7115102872794445,0.2735524555704185,31398
39085,Ohio,Lake County,0.5614785187228467,0.4253653004773617,130509
39087,Ohio,Lawrence County,0.7219397731716856,0.2662566217513421,28127
39089,Ohio,Licking County,0.6317163783037895,0.35086508863178,94210
39091,Ohio,Logan County,0.7687435809654228,0.2163214652516261,23368
39093,Ohio,Lorain County,0.5050909252589925,0.48061764388295,157437
39095,Ohio,Lucas County,0.4075454957806433,0.5752630555818625,200623
39097,Ohio,Madison County,0.6968018131453034,0.2869806094182826,19855
39099,Ohio,Mahoning County,0.5035304204562648,0.4845165845703814,118966
39101,Ohio,Marion County,0.6838378028614566,0.2972535768207635,27818
39103,Ohio,Medina County,0.6104228679423577,0.3760926057169856,105825
39105,Ohio,Meigs County,0.7593827047758196,0.2275591270203634,10951
39107,Ohio,Mercer County,0.8186524136189555,0.1696056563275956,23761
39109,Ohio,Miami County,0.7136376181604913,0.2701821569033326,57972
39111,Ohio,Monroe County,0.7642697257974258,0.2245383324006715,7148
39113,Ohio,Montgomery County,0.4805646077354239,0.5030222900877078,268505
39115,Ohio,Morgan County,0.7362348473784139,0.2519351540820797,6847
39117,Ohio,Morrow County,0.762691661700168,0.2193205829766484,18457
39119,Ohio,Muskingum County,0.6886692203138515,0.295835907574447,40465
39121,Ohio,Noble County,0.8095538388775028,0.1844553050606968,6343
39123,Ohio,Ottawa County,0.6093222810013746,0.3752238930311992,24007
39125,Ohio,Paulding County,0.7484947713108694,0.2337593746699059,9467
39127,Ohio,Perry County,0.7410494752623689,0.2457571214392803,16675
39129,Ohio,Pickaway County,0.7284142761133316,0.2583566198578048,28271
39131,Ohio,Pike County,0.7377537866580728,0.250563970351273,12412
39133,Ohio,Portage County,0.5549522154648132,0.4303142195192586,82872
39135,Ohio,Preble County,0.7805034618735385,0.2060158650098583,21809
39137,Ohio,Putnam County,0.8238542241855329,0.1603835148837909,19921
39139,Ohio,Richland County,0.6914881200500208,0.2941225510629429,59975
39141,Ohio,Ross County,0.6690290999729721,0.3170365476440734,33299
39143,Ohio,Sandusky County,0.6283168185143313,0.3523309170712243,30074
39145,Ohio,Scioto County,0.705495054139233,0.2833338534028146,32047
39147,Ohio,Seneca County,0.6619914761720264,0.3202634637737311,25810
39149,Ohio,Shelby County,0.8085359094148389,0.1767756750336527,25258
39151,Ohio,Stark County,0.5850936649129183,0.399749314036834,189879
39153,Ohio,Summit County,0.4450802751066948,0.5407579339187729,280473
39155,Ohio,Trumbull County,0.5464698369323076,0.4407778140810487,101001
39157,Ohio,Tuscarawas County,0.6919913665795752,0.2928319890946268,44015
39159,Ohio,Union County,0.647899536552549,0.3331140678726267,33445
39161,Ohio,Van Wert County,0.7784831272970264,0.2049448713665219,14965
39163,Ohio,Vinton County,0.7681592039800995,0.2207296849087894,6030
39165,Ohio,Warren County,0.6464952240999265,0.3384937545922116,136100
39167,Ohio,Washington County,0.6964190940026849,0.2885642034279292,32031
39169,Ohio,Wayne County,0.6771733323508281,0.3069100823462226,54283
39171,Ohio,Williams County,0.7212481904455526,0.2596107447321859,18651
39173,Ohio,Wood County,0.5289731792831043,0.452934301818128,67597
39175,Ohio,Wyandot County,0.7429323968393328,0.2399473222124671,11390
40001,Oklahoma,Adair County,0.7857343837929094,0.1951322453573438,7108
40003,Oklahoma,Alfalfa County,0.874447391688771,0.1025641025641025,2262
40005,Oklahoma,Atoka County,0.8456114306921507,0.1419558359621451,5389
40007,Oklahoma,Beaver County,0.9035812672176308,0.0872359963269054,2178
40009,Oklahoma,Beckham County,0.8514091595369905,0.1318570709612481,7948
40011,Oklahoma,Blaine County,0.803896436811074,0.1763650346065111,3901
40013,Oklahoma,Bryan County,0.7726589884827241,0.2079994992488733,15976
40015,Oklahoma,Caddo County,0.7113297494674916,0.2708185414342225,9859
40017,Oklahoma,Canadian County,0.7030997739748144,0.2702938327413626,61940
40019,Oklahoma,Carter County,0.7546075260536989,0.2294778992761435,19479
40021,Oklahoma,Cherokee County,0.6335666704301682,0.3402393586993338,17714
40023,Oklahoma,Choctaw County,0.8055555555555556,0.1855281207133059,5832
40025,Oklahoma,Cimarron County,0.920303605313093,0.0664136622390891,1054
40027,Oklahoma,Cleveland County,0.5566715089582394,0.4159945899914842,119778
40029,Oklahoma,Coal County,0.8284469096671949,0.1481774960380348,2524
40031,Oklahoma,Comanche County,0.5867082035306335,0.3858157222643203,35631
40033,Oklahoma,Cotton County,0.823094867807154,0.1527993779160186,2572
40035,Oklahoma,Craig County,0.7768567639257294,0.2017572944297082,6032
40037,Oklahoma,Creek County,0.763612522537289,0.2156039993443697,30505
40039,Oklahoma,Custer County,0.7539051538677393,0.2215882518005799,10691
40041,Oklahoma,Delaware County,0.7861409104088142,0.201333719918817,17245
40043,Oklahoma,Dewey County,0.9003815175922001,0.0907164052564646,2359
40045,Oklahoma,Ellis County,0.9012279765082756,0.0864922584089695,1873
40047,Oklahoma,Garfield County,0.7565760142666073,0.2193045028979046,22430
40049,Oklahoma,Garvin County,0.8128547885002747,0.1707562717451016,10922
40051,Oklahoma,Grady County,0.8024760832864378,0.1793861737587117,23101
40053,Oklahoma,Grant County,0.8607367475292004,0.1257861635220125,2226
40055,Oklahoma,Greer County,0.8134820070957932,0.1662442980233147,1973
40057,Oklahoma,Harmon County,0.8006430868167203,0.1897106109324758,933
40059,Oklahoma,Harper County,0.8924008069939475,0.0914593140551445,1487
40061,Oklahoma,Haskell County,0.8306741124850419,0.1561627443159154,5014
40063,Oklahoma,Hughes County,0.7978175828700844,0.1892114473955116,4857
40065,Oklahoma,Jackson County,0.7775209828488019,0.2002189514657584,8221
40067,Oklahoma,Jefferson County,0.8494758909853249,0.1337526205450733,2385
40069,Oklahoma,Johnston County,0.8094565984474241,0.173606210303458,4251
40071,Oklahoma,Kay County,0.7440431329352426,0.2342164763174676,17249
40073,Oklahoma,Kingfisher County,0.8539829853054911,0.1320959010054137,6465
40075,Oklahoma,Kiowa County,0.7799824919754887,0.2039684855558798,3427
40077,Oklahoma,Latimer County,0.8088962108731467,0.179336314426924,4249
40079,Oklahoma,Le Flore County,0.8089869715501197,0.1754320659399096,18805
40081,Oklahoma,Lincoln County,0.8068914562063407,0.1752418054809242,14888
40083,Oklahoma,Logan County,0.7234634282006118,0.2528506535644758,21574
40085,Oklahoma,Love County,0.8108439646712463,0.1744357212953876,4076
40087,Oklahoma,McClain County,0.7951237263464338,0.1862133499688084,19236
40089,Oklahoma,McCurtain County,0.8271561873201361,0.1620301735414668,11467
40091,Oklahoma,McIntosh County,0.740491901619676,0.2436712657468506,8335
40093,Oklahoma,Major County,0.8895298528987597,0.0922988174214018,3467
40095,Oklahoma,Marshall County,0.8065633245382586,0.1813984168865435,6064
40097,Oklahoma,Mayes County,0.766811018886082,0.2153855407193552,16626
40099,Oklahoma,Murray County,0.7824906684764167,0.1961316593145571,5894
40101,Oklahoma,Muskogee County,0.6589051473226746,0.3200430604840317,25081
40103,Oklahoma,Noble County,0.7737950587282301,0.2031186715269339,4938
40105,Oklahoma,Nowata County,0.8221361876565703,0.1621498519699385,4391
40107,Oklahoma,Okfuskee County,0.7573055968301139,0.2218920257553244,4038
40109,Oklahoma,Oklahoma County,0.4921286557644025,0.480844133812852,294740
40111,Oklahoma,Okmulgee County,0.6754698525815692,0.3044085796129392,14313
40113,Oklahoma,Osage County,0.6875547765118317,0.2922387769013536,20538
40115,Oklahoma,Ottawa County,0.7470711662878126,0.2348312642070292,11438
40117,Oklahoma,Pawnee County,0.7761567933981727,0.2008547008547008,6786
40119,Oklahoma,Payne County,0.6009175859393449,0.3678440103903114,29643
40121,Oklahoma,Pittsburg County,0.7727627761660344,0.2102209328274938,17924
40123,Oklahoma,Pontotoc County,0.7052872062663186,0.268733681462141,15320
40125,Oklahoma,Pottawatomie County,0.7181124711726096,0.2581160191591272,28185
40127,Oklahoma,Pushmataha County,0.8474361679679258,0.1409580080185693,4739
40129,Oklahoma,Roger Mills County,0.8882224645583424,0.0916030534351145,1834
40131,Oklahoma,Rogers County,0.7638318407290193,0.2152268085201894,44553
40133,Oklahoma,Seminole County,0.7210027587861341,0.2578865299268322,8337
40135,Oklahoma,Sequoyah County,0.7872741453269205,0.1972572468477837,15386
40137,Oklahoma,Stephens County,0.8164978747966627,0.1655034895314057,19057
40139,Oklahoma,Texas County,0.8159753667813802,0.1619271871037855,5521
40141,Oklahoma,Tillman County,0.7666174298375185,0.2204579025110782,2708
40143,Oklahoma,Tulsa County,0.5646285032886103,0.4087176295007462,266678
40145,Oklahoma,Wagoner County,0.7404210764615994,0.2395155356839662,35338
40147,Oklahoma,Washington County,0.7266073784094293,0.2463724947874558,23501
40149,Oklahoma,Washita County,0.855348545111995,0.1251831693531505,4777
40151,Oklahoma,Woods County,0.813757476889614,0.1606851549755301,3678
40153,Oklahoma,Woodward County,0.8491971740526654,0.1290944123314065,7785
41001,Oregon,Baker County,0.7402335884011276,0.2362062021747885,9932
41003,Oregon,Benton County,0.2817856398795432,0.6785545180779939,52799
41005,Oregon,Clackamas County,0.42886304277803,0.5395977165387944,257679
41007,Oregon,Clatsop County,0.4273525721455458,0.5401923881221247,23910
41009,Oregon,Columbia County,0.532261568542255,0.4293783557307346,32221
41011,Oregon,Coos County,0.5887795010114633,0.3841672285906945,37075
41013,Oregon,Crook County,0.7306447436561367,0.2460512687726566,15448
41015,Oregon,Curry County,0.5684422110552764,0.405896147403685,14925
41017,Oregon,Deschutes County,0.4443362026286791,0.5267099988820927,125234
41019,Oregon,Douglas County,0.6728620491382927,0.2977513248069123,64349
41021,Oregon,Gilliam County,0.7079796264855688,0.2750424448217317,1178
41023,Oregon,Grant County,0.7713228894691035,0.2021322889469103,4596
41025,Oregon,Harney County,0.7754965409506807,0.1995090381611247,4481
41027,Oregon,Hood River County,0.302139037433155,0.6695187165775401,13090
41029,Oregon,Jackson County,0.5022529784138717,0.4677230369991743,127165
41031,Oregon,Jefferson County,0.6034584067825065,0.368756820280366,11913
41033,Oregon,Josephine County,0.614840920973645,0.3572936232838248,51641
41035,Oregon,Klamath County,0.6891030877307629,0.2828513859391167,36726
41037,Oregon,Lake County,0.7953243181297273,0.181526472610589,4363
41039,Oregon,Lane County,0.3614619375216532,0.6045632679873838,222253
41041,Oregon,Lincoln County,0.4055197552561349,0.5658074594805702,30726
41043,Oregon,Linn County,0.5986508810572687,0.3649779735682819,72640
41045,Oregon,Malheur County,0.6935784479837344,0.2761775669264656,11804
41047,Oregon,Marion County,0.4772554278879263,0.4885522007563401,165534
41049,Oregon,Morrow County,0.7006643220007815,0.2678780773739742,5118
41051,Oregon,Multnomah County,0.1790000841135403,0.7920670147673182,463659
41053,Oregon,Polk County,0.4914373278664761,0.4745604771075355,48291
41055,Oregon,Sherman County,0.7624172185430463,0.2152317880794702,1208
41057,Oregon,Tillamook County,0.4946707721459024,0.4776172430127901,16888
41059,Oregon,Umatilla County,0.643804104364671,0.3240813608571947,33038
41061,Oregon,Union County,0.6891059957173448,0.2846627408993576,14944
41063,Oregon,Wallowa County,0.6610992425713731,0.31559526121577,5149
41065,Oregon,Wasco County,0.4978768577494692,0.4673743807501769,14130
41067,Oregon,Washington County,0.3092880378114795,0.6553948165306593,320326
41069,Oregon,Wheeler County,0.7367875647668394,0.2248704663212435,965
41071,Oregon,Yamhill County,0.5015189314868558,0.4611781477521511,58923
42001,Pennsylvania,Adams County,0.6616179426596608,0.3210318439891385,56714
42003,Pennsylvania,Allegheny County,0.3903325055187638,0.594314293598234,724800
42005,Pennsylvania,Armstrong County,0.7558152323343414,0.2325268078086335,36370
42007,Pennsylvania,Beaver County,0.581787467329636,0.4050275174773167,94122
42009,Pennsylvania,Bedford County,0.8350257488938856,0.1583738304199608,27574
42011,Pennsylvania,Berks County,0.5338912133891214,0.4519558236839545,205540
42013,Pennsylvania,Blair County,0.7124144979951254,0.2773173991666011,63595
42015,Pennsylvania,Bradford County,0.7162041181736795,0.2667860340196956,30159
42017,Pennsylvania,Bucks County,0.4728695669730512,0.5166442051918816,396234
42019,Pennsylvania,Butler County,0.6562728917523498,0.3310357001014959,113305
42021,Pennsylvania,Cambria County,0.681341570550061,0.3079037605917193,70574
42023,Pennsylvania,Cameron County,0.727608874281019,0.2604765817584223,2434
42025,Pennsylvania,Carbon County,0.6537214903803265,0.3334027178922953,33629
42027,Pennsylvania,Centre County,0.4693585227052766,0.5168853961002929,77493
42029,Pennsylvania,Chester County,0.4071695280804933,0.5775780435973689,315753
42031,Pennsylvania,Clarion County,0.7478582055096702,0.239983583850613,19493
42033,Pennsylvania,Clearfield County,0.7393913307676727,0.2449108770508405,39496
42035,Pennsylvania,Clinton County,0.675290780141844,0.3121702127659574,17625
42037,Pennsylvania,Columbia County,0.6447659683680343,0.3378781559783131,31171
42039,Pennsylvania,Crawford County,0.6799114370059994,0.3076849823826302,42004
42041,Pennsylvania,Cumberland County,0.5453017408806808,0.4395988558918041,141595
42043,Pennsylvania,Dauphin County,0.4506270017914336,0.5359576027360078,147368
42045,Pennsylvania,Delaware County,0.3602730649289071,0.6274140897126497,329006
42047,Pennsylvania,Elk County,0.7180882526913522,0.2674790015379155,16906
42049,Pennsylvania,Erie County,0.4877993624300606,0.498136165680646,137083
42051,Pennsylvania,Fayette County,0.6634641690403772,0.329004329004329,62139
42053,Pennsylvania,Forest County,0.7112622826908541,0.2751322751322751,2646
42055,Pennsylvania,Franklin County,0.7086268150477204,0.277558397187527,80783
42057,Pennsylvania,Fulton County,0.8554594459069825,0.1360160461326313,7977
42059,Pennsylvania,Greene County,0.7119248401154564,0.2779444224347727,17669
42061,Pennsylvania,Huntingdon County,0.7485521235521235,0.2388996138996139,22792
42063,Pennsylvania,Indiana County,0.6818049419874751,0.306665372105442,41198
42065,Pennsylvania,Jefferson County,0.7868909919383106,0.1983438485804416,22824
42067,Pennsylvania,Juniata County,0.8012123225110023,0.1870796313210994,12043
42069,Pennsylvania,Lackawanna County,0.4534615717875401,0.5371371631574386,115410
42071,Pennsylvania,Lancaster County,0.5693789426921368,0.4117174589071524,281375
42073,Pennsylvania,Lawrence County,0.6423517666464102,0.346774893653963,46076
42075,Pennsylvania,Lebanon County,0.6503242506053606,0.3330457290767903,71858
42077,Pennsylvania,Lehigh County,0.4561617211566051,0.5321119791243714,184713
42079,Pennsylvania,Luzerne County,0.5669738652891646,0.4231188160786845,153321
42081,Pennsylvania,Lycoming County,0.699733351334931,0.2864110439801532,59254
42083,Pennsylvania,McKean County,0.7234665570738724,0.2618925305661153,19466
42085,Pennsylvania,Mercer County,0.6236497912137212,0.3635124409014045,57954
42087,Pennsylvania,Mifflin County,0.7752767184447958,0.214073109478188,21502
42089,Pennsylvania,Monroe County,0.4619642367199895,0.5255937682663517,83829
42091,Pennsylvania,Montgomery County,0.3635351470233673,0.6262993549044706,510157
42093,Pennsylvania,Montour County,0.5952938779667923,0.3841295711520831,9817
42095,Pennsylvania,Northampton County,0.4892327259785646,0.4964264668988734,171399
42097,Pennsylvania,Northumberland County,0.6847196272733723,0.299813163682804,42283
42099,Pennsylvania,Perry County,0.7420493266266429,0.2413597274054843,24652
42101,Pennsylvania,Philadelphia County,0.1790452091176284,0.814416956555167,741377
42103,Pennsylvania,Pike County,0.5901886096946611,0.3999201327025865,32554
42105,Pennsylvania,Potter County,0.7986540158870256,0.190423654015887,9064
42107,Pennsylvania,Schuylkill County,0.6921943826749571,0.2935710947126893,70603
42109,Pennsylvania,Snyder County,0.730564263322884,0.2565308254963427,19140
42111,Pennsylvania,Somerset County,0.7761142490688898,0.2134523838887107,40543
42113,Pennsylvania,Sullivan County,0.7285118219749652,0.2561891515994436,3595
42115,Pennsylvania,Susquehanna County,0.699108127988231,0.286686281721221,21752
42117,Pennsylvania,Tioga County,0.7469513641755635,0.2351126927639383,21075
42119,Pennsylvania,Union County,0.6142679592344021,0.3716132239622172,20115
42121,Pennsylvania,Venango County,0.6999773823884198,0.2859243063932449,26528
42123,Pennsylvania,Warren County,0.6894430992736077,0.2937530266343826,20650
42125,Pennsylvania,Washington County,0.6083829909350259,0.38056010398555,118478
42127,Pennsylvania,Wayne County,0.6634981665420627,0.3272099398340987,28089
42129,Pennsylvania,Westmoreland County,0.6346432209296092,0.3515349712208126,205183
42131,Pennsylvania,Wyoming County,0.6687306501547987,0.3165971193969579,14858
42133,Pennsylvania,York County,0.6153075216693015,0.3694956619463163,238471
44001,Rhode Island,Bristol County,0.3429526658455041,0.6352278726024987,28415
44003,Rhode Island,Kent County,0.4511724834305479,0.5275692049885599,93093
44005,Rhode Island,Newport County,0.3406864869550143,0.638944266273728,46148
44007,Rhode Island,Providence County,0.3761034521962687,0.6051777442814862,272667
44009,Rhode Island,Washington County,0.3920326058374967,0.5857086510649487,76060
45001,South Carolina,Abbeville County,0.6607415748411486,0.3298479852006756,12433
45003,South Carolina,Aiken County,0.6056113165463404,0.3788812584375183,85185
45005,South Carolina,Allendale County,0.2323963261898135,0.7564709156693571,3593
45007,South Carolina,Anderson County,0.7031209349276222,0.2827365156671141,96093
45009,South Carolina,Bamberg County,0.3728787411292811,0.6186362233878433,6482
45011,South Carolina,Barnwell County,0.5321189807189226,0.4573200271291541,10321
45013,South Carolina,Beaufort County,0.5437113507435989,0.4437982317166658,97835
45015,South Carolina,Berkeley County,0.5494744299144153,0.4329299814279423,104458
45017,South Carolina,Calhoun County,0.519237727656495,0.4709926426245326,8291
45019,South Carolina,Charleston County,0.4262920537154397,0.5550884824337353,218857
45021,South Carolina,Cherokee County,0.714008705975465,0.2763355757815591,25270
45023,South Carolina,Chester County,0.5495970045059339,0.4405026337500793,15757
45025,South Carolina,Chesterfield County,0.5984848484848485,0.3936745073108709,18876
45027,South Carolina,Clarendon County,0.4996713081933903,0.4930377099145401,16733
45029,South Carolina,Colleton County,0.5414095317118706,0.4460924130062749,19283
45031,South Carolina,Darlington County,0.5192337353857543,0.4695067402905882,32417
45033,South Carolina,Dillon County,0.5024043966109457,0.4912602091443401,13101
45035,South Carolina,Dorchester County,0.5423665208726934,0.4376924868656021,77278
45037,South Carolina,Edgefield County,0.6151533373421527,0.372294046903187,13304
45039,South Carolina,Fairfield County,0.3810975609756097,0.6082729070533949,12136
45041,South Carolina,Florence County,0.5055805301503643,0.4829173771508293,64510
45043,South Carolina,Georgetown County,0.5587160466892113,0.4314934002399913,36668
45045,South Carolina,Greenville County,0.5811276171292441,0.3991013151013926,258155
45047,South Carolina,Greenwood County,0.6071049178279073,0.3794601012310192,32006
45049,South Carolina,Hampton County,0.4197743148844707,0.5720580333154218,9305
45051,South Carolina,Horry County,0.6610568363895318,0.3292460388107531,179744
45053,South Carolina,Jasper County,0.4917326663887731,0.4991663192997082,14394
45055,South Carolina,Kershaw County,0.6087305599333909,0.3776205061107972,33629
45057,South Carolina,Lancaster County,0.607844710034491,0.3797425202534691,49868
45059,South Carolina,Laurens County,0.656127000787195,0.3332130674363684,30488
45061,South Carolina,Lee County,0.3567785553315146,0.6320721148143755,8431
45063,South Carolina,Lexington County,0.6420300481434342,0.3410229096342205,144568
45065,South Carolina,McCormick County,0.5192206424433913,0.4716517465332631,5697
45067,South Carolina,Marion County,0.3883977149075082,0.6033732317736671,14704
45069,South Carolina,Marlboro County,0.4406779661016949,0.5495369561418836,11446
45071,South Carolina,Newberry County,0.614191401427728,0.3734635822017068,18631
45073,South Carolina,Oconee County,0.7302547457460411,0.2560735713583161,40668
45075,South Carolina,Orangeburg County,0.3301298386118189,0.6624196092707195,41205
45077,South Carolina,Pickens County,0.7456122058874639,0.237114656101206,57546
45079,South Carolina,Richland County,0.3008585196726894,0.6839780829833558,193822
45081,South Carolina,Saluda County,0.6696139745525124,0.3194953633814966,9274
45083,South Carolina,Spartanburg County,0.6293767448118126,0.3560324240691534,148655
45085,South Carolina,Sumter County,0.4292722812755519,0.5596688470973017,48920
45087,South Carolina,Union County,0.6172588066681753,0.3722561665535189,13257
45089,South Carolina,Williamsburg County,0.3460744447919925,0.6436659368157648,15985
45091,South Carolina,York County,0.5742936480388754,0.4096355432141617,144050
46003,South Dakota,Aurora County,0.7487544483985765,0.2256227758007117,1405
46005,South Dakota,Beadle County,0.6790001412229911,0.2975568422539189,7081
46007,South Dakota,Bennett County,0.5866441251056635,0.3939137785291631,1183
46009,South Dakota,Bon Homme County,0.7447517494168611,0.2402532489170276,3001
46011,South Dakota,Brookings County,0.5491865174709961,0.4194412027184732,14567
46013,South Dakota,Brown County,0.6029520715791873,0.3725993047244543,17547
46015,South Dakota,Brule County,0.7028112449799196,0.2702811244979919,2490
46017,South Dakota,Buffalo County,0.3333333333333333,0.6411657559198543,549
46019,South Dakota,Butte County,0.7769679300291545,0.1955435235318617,4802
46021,South Dakota,Campbell County,0.8556701030927835,0.134020618556701,873
46023,South Dakota,Charles Mix County,0.6745968807824478,0.3111287338091462,3783
46025,South Dakota,Clark County,0.7421621621621621,0.2362162162162162,1850
46027,South Dakota,Clay County,0.431028431028431,0.5410670410670411,5698
46029,South Dakota,Codington County,0.6806473672213358,0.2915431958057898,13161
46031,South Dakota,Corson County,0.5042868277474669,0.4848012470771629,1283
46033,South Dakota,Custer County,0.7011285038223517,0.2770294867127775,5494
46035,South Dakota,Davison County,0.6639460610361959,0.3132245091081145,8454
46037,South Dakota,Day County,0.6305668016194332,0.3549257759784076,2964
46039,South Dakota,Deuel County,0.7229787234042553,0.2591489361702128,2350
46041,South Dakota,Dewey County,0.4018311291963377,0.5752797558494405,1966
46043,South Dakota,Douglas County,0.8599882835383714,0.1265377855887522,1707
46045,South Dakota,Edmunds County,0.7748110831234257,0.2100755667506297,1985
46047,South Dakota,Fall River County,0.7120237506185056,0.2605145967342899,4042
46049,South Dakota,Faulk County,0.8155668358714044,0.1675126903553299,1182
46051,South Dakota,Grant County,0.6990654205607477,0.2819759679572763,3745
46053,South Dakota,Gregory County,0.7843224092116917,0.2015057573073516,2258
46055,South Dakota,Haakon County,0.9023746701846964,0.0923482849604221,1137
46057,South Dakota,Hamlin County,0.7693804735647097,0.2098605254622121,3083
46059,South Dakota,Hand County,0.7805010893246187,0.2031590413943355,1836
46061,South Dakota,Hanson County,0.7508375209380235,0.233249581239531,2388
46063,South Dakota,Harding County,0.9200492004920048,0.060270602706027,813
46065,South Dakota,Hughes County,0.6330390920554855,0.3385303221368795,8723
46067,South Dakota,Hutchinson County,0.7815237589593841,0.2022829838067427,3767
46069,South Dakota,Hyde County,0.7943661971830986,0.1915492957746478,710
46071,South Dakota,Jackson County,0.6618834080717488,0.3219730941704036,1115
46073,South Dakota,Jerauld County,0.7166998011928429,0.268389662027833,1006
46075,South Dakota,Jones County,0.8313856427378965,0.1502504173622704,599
46077,South Dakota,Kingsbury County,0.6851385390428212,0.2947103274559194,2779
46079,South Dakota,Lake County,0.6267665588285374,0.3521198705942449,5873
46081,South Dakota,Lawrence County,0.6329910326873012,0.328102400925658,13828
46083,South Dakota,Lincoln County,0.60553772070626,0.3698296085936535,32396
46085,South Dakota,Lyman County,0.6524733876017533,0.3287413901064496,1597
46087,South Dakota,McCook County,0.713103448275862,0.2651724137931034,2900
46089,South Dakota,McPherson County,0.8119335347432024,0.1676737160120845,1324
46091,South Dakota,Marshall County,0.5909090909090909,0.3939393939393939,2178
46093,South Dakota,Meade County,0.7223847841989759,0.2403072421360644,13670
46095,South Dakota,Mellette County,0.5838751625487646,0.3875162548764629,769
46097,South Dakota,Miner County,0.6915641476274165,0.281195079086116,1138
46099,South Dakota,Minnehaha County,0.5334250373675887,0.4384680371726274,92326
46101,South Dakota,Moody County,0.6085464753587024,0.367747972551466,3206
46102,South Dakota,Oglala Lakota County,0.0928125,0.8840625,3200
46103,South Dakota,Pennington County,0.6096004728954414,0.3582530686046107,57518
46105,South Dakota,Perkins County,0.8394248052726183,0.1431995206710605,1669
46107,South Dakota,Potter County,0.8253623188405798,0.1644927536231884,1380
46109,South Dakota,Roberts County,0.5581611330392384,0.424425354074762,4307
46111,South Dakota,Sanborn County,0.7637130801687764,0.2168776371308017,1185
46115,South Dakota,Spink County,0.6651912741068606,0.3155232374328169,3163
46117,South Dakota,Stanley County,0.7282082324455206,0.2548426150121065,1652
46119,South Dakota,Sully County,0.7806451612903226,0.1989247311827957,930
46121,South Dakota,Todd County,0.2095313115399763,0.773139031114612,2539
46123,South Dakota,Tripp County,0.8015578635014837,0.1836053412462908,2696
46125,South Dakota,Turner County,0.7233948988566403,0.2504397537379068,4548
46127,South Dakota,Union County,0.6712591756070017,0.3077357425183512,8855
46129,South Dakota,Walworth County,0.762015503875969,0.2189922480620155,2580
46135,South Dakota,Yankton County,0.6037614678899083,0.368440366972477,10900
46137,South Dakota,Ziebach County,0.445916114790287,0.5309050772626932,906
47001,Tennessee,Anderson County,0.6517852122575204,0.3300815293786899,35570
47003,Tennessee,Bedford County,0.7519907795473596,0.2332879295892707,19088
47005,Tennessee,Benton County,0.7807162534435261,0.2106060606060606,7260
47007,Tennessee,Bledsoe County,0.8205974296630775,0.1686349426884335,5758
47009,Tennessee,Blount County,0.7111501448753171,0.269212869131799,66609
47011,Tennessee,Bradley County,0.7675569606453723,0.2147825138994876,45865
47013,Tennessee,Campbell County,0.8257550391749816,0.1634634701667447,14933
47015,Tennessee,Cannon County,0.7915205124294646,0.1923135580295867,6557
47017,Tennessee,Carroll County,0.7732045359092818,0.2149517009659806,11905
47019,Tennessee,Carter County,0.7996080352768251,0.1849175240894986,24492
47021,Tennessee,Cheatham County,0.7126357354392893,0.2721618953603159,20260
47023,Tennessee,Chester County,0.7848101265822784,0.1861814345991561,7584
47025,Tennessee,Claiborne County,0.8191579760525299,0.1701042873696407,12945
47027,Tennessee,Clay County,0.7795208214489446,0.2096406160867085,3506
47029,Tennessee,Cocke County,0.8184938421158894,0.170469075980887,14859
47031,Tennessee,Coffee County,0.7364714603409933,0.2349476978832056,24282
47033,Tennessee,Crockett County,0.764311416421328,0.2260385999345764,6114
47035,Tennessee,Cumberland County,0.779701973419251,0.2084327271600731,32279
47037,Tennessee,Davidson County,0.3236409199826905,0.6449147123600876,309658
47039,Tennessee,Decatur County,0.8069070788017554,0.1724861667620683,5241
47041,Tennessee,DeKalb County,0.7837425114530717,0.2055679548925173,8513
47043,Tennessee,Dickson County,0.7253628253093779,0.2510381120749907,24323
47045,Tennessee,Dyer County,0.7804231049804363,0.2094303335764971,15079
47047,Tennessee,Fayette County,0.6826487991646363,0.3057344239470936,22984
47049,Tennessee,Fentress County,0.8524458700882117,0.1390766410814526,8729
47051,Tennessee,Franklin County,0.7310788208237508,0.2542337445118127,19132
47053,Tennessee,Gibson County,0.7279605999552272,0.2583837027087531,22335
47055,Tennessee,Giles County,0.7410437021888965,0.2497917140043929,13203
47057,Tennessee,Grainger County,0.8451746595618709,0.1447602131438721,10134
47059,Tennessee,Greene County,0.7925018691921529,0.1851034286324634,28087
47061,Tennessee,Grundy County,0.8201537147736977,0.1687446626814688,5855
47063,Tennessee,Hamblen County,0.763712394949454,0.2232958466972514,24631
47065,Tennessee,Hamilton County,0.5382875643580558,0.4413574655344713,171113
47067,Tennessee,Hancock County,0.8644314868804664,0.1319241982507288,2744
47069,Tennessee,Hardeman County,0.5723939183146179,0.4153830865547053,10063
47071,Tennessee,Hardin County,0.828479805858901,0.1538394869128098,11538
47073,Tennessee,Hawkins County,0.8219867869803416,0.1644779245891073,24824
47075,Tennessee,Haywood County,0.4493883586503562,0.5393198010485281,7439
47077,Tennessee,Henderson County,0.8150582362728785,0.1740432612312812,12020
47079,Tennessee,Henry County,0.7469262976008507,0.2357945105336611,15047
47081,Tennessee,Hickman County,0.7706468673718471,0.2166395443449959,9832
47083,Tennessee,Houston County,0.7373846988605535,0.2362995116657623,3686
47085,Tennessee,Humphreys County,0.7430791646430306,0.2449004371053909,8236
47087,Tennessee,Jackson County,0.7736238962990795,0.213225624647755,5323
47089,Tennessee,Jefferson County,0.7897611788617886,0.1970697831978319,23616
47091,Tennessee,Johnson County,0.8291244712216382,0.1597231124214844,7801
47093,Tennessee,Knox County,0.56466384954388,0.4145069732856961,220556
47095,Tennessee,Lake County,0.7335299901671584,0.2586037364798427,2034
47097,Tennessee,Lauderdale County,0.6329057445621863,0.3561628555493586,8965
47099,Tennessee,Lawrence County,0.8192114542151939,0.1706913131744844,18718
47101,Tennessee,Lewis County,0.7976466393296487,0.1911214120164022,5609
47103,Tennessee,Lincoln County,0.7868400820092261,0.187019477191184,15608
47105,Tennessee,Loudon County,0.7398711963744165,0.2367533308344975,29347
47107,Tennessee,McMinn County,0.7966205568201716,0.1909035195237261,22844
47109,Tennessee,McNairy County,0.8064745011086475,0.1723281596452328,11275
47111,Tennessee,Macon County,0.8533783071571625,0.1377674712764836,9487
47113,Tennessee,Madison County,0.5574621653084982,0.4281722933643772,42950
47115,Tennessee,Marion County,0.7476614363307181,0.2396650573325286,13256
47117,Tennessee,Marshall County,0.7422368597929829,0.2423040731281086,14878
47119,Tennessee,Maury County,0.674368261997128,0.3090211543819791,46657
47121,Tennessee,Meigs County,0.8074837310195228,0.1822125813449024,5532
47123,Tennessee,Monroe County,0.8069913929893735,0.18098764244843,20797
47125,Tennessee,Montgomery County,0.5496104640558639,0.4230438521066208,76758
47127,Tennessee,Moore County,0.8160497315625883,0.1619101441085052,3539
47129,Tennessee,Morgan County,0.8422459893048129,0.1418327661643169,8228
47131,Tennessee,Obion County,0.7980178980844612,0.1914799201242511,13521
47133,Tennessee,Overton County,0.7888811397828036,0.2025505629172063,10037
47135,Tennessee,Perry County,0.80950991831972,0.1794049008168028,3428
47137,Tennessee,Pickett County,0.8123507335380417,0.1791197543500511,2931
47139,Tennessee,Polk County,0.8124401913875599,0.1784688995215311,8360
47141,Tennessee,Putnam County,0.7072604411633376,0.2734200577501265,33593
47143,Tennessee,Rhea County,0.8102955195424214,0.1737185598005426,13637
47145,Tennessee,Roane County,0.741984025928927,0.233167419068565,25917
47147,Tennessee,Robertson County,0.7277041255153187,0.2577928048165613,33717
47149,Tennessee,Rutherford County,0.5663131263987545,0.4124397058619108,143878
47151,Tennessee,Scott County,0.8842244807777286,0.1089262041537781,9052
47153,Tennessee,Sequatchie County,0.8073634859349145,0.1789851075565361,7252
47155,Tennessee,Sevier County,0.775996324796141,0.2003215803376593,43535
47157,Tennessee,Shelby County,0.3397809215950583,0.6441611809817959,382055
47159,Tennessee,Smith County,0.7884211689316097,0.199094022759916,9051
47161,Tennessee,Stewart County,0.7862134688691232,0.1956797966963151,6296
47163,Tennessee,Sullivan County,0.751240636389311,0.2322847882512742,74357
47165,Tennessee,Sumner County,0.685026449314477,0.2988232753967397,92630
47167,Tennessee,Tipton County,0.7349494653581368,0.2503661930569796,27308
47169,Tennessee,Trousdale County,0.7343671835917959,0.2531265632816408,3998
47171,Tennessee,Unicoi County,0.7943902732635127,0.1944143493439268,8307
47173,Tennessee,Union County,0.8374984611596701,0.1537609257663424,8123
47175,Tennessee,Van Buren County,0.8017802122560767,0.1862375898664841,2921
47177,Tennessee,Warren County,0.7402086326441377,0.2451121244300081,16009
47179,Tennessee,Washington County,0.671793764430344,0.3095859010348321,60203
47181,Tennessee,Wayne County,0.8689458689458689,0.1229569650622282,6669
47183,Tennessee,Weakley County,0.7568984346559884,0.2198762286130324,13735
47185,Tennessee,White County,0.8075662042875158,0.1801597309794031,11895
47187,Tennessee,Williamson County,0.6220075387005812,0.3608289693272716,139016
47189,Tennessee,Wilson County,0.6766581461052065,0.2993945916857258,74330
48001,Texas,Anderson County,0.7858740313101368,0.2057003172621833,19227
48003,Texas,Andrews County,0.8430837455227699,0.1449769742452669,5863
48005,Texas,Angelina County,0.7252848961647481,0.2644472725169202,34574
48007,Texas,Aransas County,0.7517493897477624,0.2372660699755899,12290
48009,Texas,Archer County,0.896580483736447,0.0929941618015012,4796
48011,Texas,Armstrong County,0.9307553956834532,0.0674460431654676,1112
48013,Texas,Atascosa County,0.6644773153769732,0.3243183574345954,18118
48015,Texas,Austin County,0.7865191699876323,0.2027621272502404,14554
48017,Texas,Bailey County,0.7709677419354839,0.2198924731182795,1860
48019,Texas,Bandera County,0.7909555642941408,0.197011403853716,12715
48021,Texas,Bastrop County,0.5595527069412246,0.4220373653347879,36665
48023,Texas,Baylor County,0.8777908343125734,0.1075205640423031,1702
48025,Texas,Bee County,0.6375796178343949,0.3490445859872611,9420
48027,Texas,Bell County,0.5330166830225711,0.4476074582924436,127375
48029,Texas,Bexar County,0.4013488488228134,0.5831989512999511,768952
48031,Texas,Blanco County,0.7314877032656901,0.2568203198494826,7441
48033,Texas,Borden County,0.9543269230769232,0.0384615384615384,416
48035,Texas,Bosque County,0.8184308568923954,0.1710497479728249,9126
48037,Texas,Bowie County,0.7087112203026581,0.2808865424322417,38261
48039,Texas,Brazoria County,0.5834989418262531,0.40151241418469,154984
48041,Texas,Brazos County,0.5587754670177872,0.4155723539577479,85061
48043,Texas,Brewster County,0.5103691414350892,0.4682704272086271,4822
48045,Texas,Briscoe County,0.8813793103448276,0.1075862068965517,725
48047,Texas,Brooks County,0.4017713365539452,0.5917874396135265,2484
48049,Texas,Brown County,0.8577869622393387,0.1319431398334272,15969
48051,Texas,Burleson County,0.7832500871181322,0.2076896271343942,8609
48053,Texas,Burnet County,0.7592749929198528,0.2281425739369664,24717
48055,Texas,Caldwell County,0.5363654578240834,0.4456020837507513,14973
48057,Texas,Calhoun County,0.7180498981670062,0.2734215885947046,7856
48059,Texas,Callahan County,0.879976580796253,0.1074355971896955,6832
48061,Texas,Cameron County,0.4294497871669557,0.5610997249811691,114174
48063,Texas,Camp County,0.716600790513834,0.2754940711462451,5060
48065,Texas,Carson County,0.8901345291479821,0.0951313260730301,3122
48067,Texas,Cass County,0.7922021971709629,0.2006893085373734,13927
48069,Texas,Castro County,0.7690830532885262,0.2237157945271243,2083
48071,Texas,Chambers County,0.8014502124515056,0.1846018843524847,21652
48073,Texas,Cherokee County,0.7740926799261841,0.2158088989132663,19508
48075,Texas,Childress County,0.8525669153137341,0.136024572180781,2279
48077,Texas,Clay County,0.8829472217383731,0.1069500087092841,5741
48079,Texas,Cochran County,0.809,0.177,1000
48081,Texas,Coke County,0.8915120854412592,0.1000562113546936,1779
48083,Texas,Coleman County,0.8828806983511154,0.1093598448108632,4124
48085,Texas,Collin County,0.5126164123067921,0.4691944187104848,492216
48087,Texas,Collingsworth County,0.8604269293924466,0.1272577996715928,1218
48089,Texas,Colorado County,0.7490726817042607,0.2426065162907268,9975
48091,Texas,Comal County,0.7060306314214014,0.2793738676389498,88863
48093,Texas,Comanche County,0.8506408149852119,0.1401577390732829,6086
48095,Texas,Concho County,0.8343848580441641,0.1553627760252366,1268
48097,Texas,Cooke County,0.8213608594902043,0.1690541394564988,18988
48099,Texas,Coryell County,0.6572158365261813,0.3220519369944657,23490
48101,Texas,Cottle County,0.8157099697885196,0.1706948640483383,662
48103,Texas,Crane County,0.8296739853626082,0.1603459747172322,1503
48105,Texas,Crockett County,0.7750952986022872,0.218551461245235,1574
48107,Texas,Crosby County,0.7147977470558116,0.2698412698412698,1953
48109,Texas,Culberson County,0.480324074074074,0.5069444444444444,864
48111,Texas,Dallam County,0.8632691112492231,0.1224362958359229,1609
48113,Texas,Dallas County,0.3331850466235116,0.6494697484261717,921638
48115,Texas,Dawson County,0.7788334652942729,0.2132488783320137,3789
48117,Texas,Deaf Smith County,0.7145336225596529,0.2741865509761388,4610
48119,Texas,Delta County,0.8341049382716049,0.1554783950617284,2592
48121,Texas,Denton County,0.5322946473858993,0.4514623268989673,417964
48123,Texas,DeWitt County,0.8089430894308943,0.1840354767184035,8118
48125,Texas,Dickens County,0.8633603238866396,0.131578947368421,988
48127,Texas,Dimmit County,0.3775231860338243,0.6175668303327878,3666
48129,Texas,Donley County,0.8725728155339806,0.1201456310679611,1648
48131,Texas,Duval County,0.4834751632693449,0.5095982584603206,5053
48133,Texas,Eastland County,0.8727689339122046,0.1185479980704293,8292
48135,Texas,Ector County,0.733429039276822,0.2549740921020165,44581
48137,Texas,Edwards County,0.8377110694183865,0.1575984990619137,1066
48139,Texas,Ellis County,0.66341103950031,0.3224240581100207,85493
48141,Texas,El Paso County,0.315592313305765,0.66660180004865,267215
48143,Texas,Erath County,0.8119622619118257,0.1730255740817658,16853
48145,Texas,Falls County,0.681069623349095,0.3096363932822436,6133
48147,Texas,Fannin County,0.8111836843508398,0.1769528125833111,15004
48149,Texas,Fayette County,0.7859516266130901,0.2056255312572444,12941
48151,Texas,Fisher County,0.7929901423877328,0.1927710843373494,1826
48153,Texas,Floyd County,0.7768513977439921,0.2148111819519372,2039
48155,Texas,Foard County,0.8076225045372051,0.1796733212341197,551
48157,Texas,Fort Bend County,0.4411519548884799,0.5469771813131793,357514
48159,Texas,Franklin County,0.83070473148333,0.1605110800558993,5009
48161,Texas,Freestone County,0.8025485018941568,0.1876937205831707,8711
48163,Texas,Frio County,0.5347603712824398,0.4587990149649555,5279
48165,Texas,Gaines County,0.8932443703085905,0.0960800667222685,5995
48167,Texas,Galveston County,0.6056429769121631,0.3794789113891397,155060
48169,Texas,Garza County,0.8548094373865699,0.1397459165154265,1653
48171,Texas,Gillespie County,0.7897261138457655,0.2004291303799066,15846
48173,Texas,Glasscock County,0.9356814701378254,0.0597243491577335,653
48175,Texas,Goliad County,0.7735707121364093,0.2199097291875626,3988
48177,Texas,Gonzales County,0.7358441218778606,0.2547404210801621,7647
48179,Texas,Gray County,0.8789514263685428,0.1065278848625032,7782
48181,Texas,Grayson County,0.7429970221571696,0.2440485203317687,59439
48183,Texas,Gregg County,0.6771914467925472,0.3083656371139177,47982
48185,Texas,Grimes County,0.75984854587932,0.2282284701522597,12413
48187,Texas,Guadalupe County,0.6128595731518713,0.3712367254356119,77592
48189,Texas,Hale County,0.7488522537562604,0.2377921535893155,9584
48191,Texas,Hall County,0.8518835616438356,0.1438356164383561,1168
48193,Texas,Hamilton County,0.8314555070131064,0.1473902046447459,4349
48195,Texas,Hansford County,0.9032730825598436,0.0810942843185149,2047
48197,Texas,Hardeman County,0.8417721518987342,0.1525316455696202,1580
48199,Texas,Hardin County,0.8633254930341958,0.1257101501718834,27635
48201,Texas,Harris County,0.4270004351488099,0.5595946655875301,1640818
48203,Texas,Harrison County,0.7225176708179064,0.2661730057219791,29710
48205,Texas,Hartley County,0.8989412897016362,0.0938402309913378,2078
48207,Texas,Haskell County,0.8310749774164409,0.1594399277326106,2214
48209,Texas,Hays County,0.4360031822379911,0.5443090062821767,109357
48211,Texas,Hemphill County,0.8639534883720931,0.1197674418604651,1720
48213,Texas,Henderson County,0.7962269347287249,0.1944367942715505,36310
48215,Texas,Hidalgo County,0.409839553792941,0.5803906122670723,220884
48217,Texas,Hill County,0.7987408746902418,0.1915477864844953,14931
48219,Texas,Hockley County,0.8074119827053737,0.18307597282273,8095
48221,Texas,Hood County,0.8142343505116623,0.1735656556344304,32541
48223,Texas,Hopkins County,0.797979797979798,0.1911035824079302,15939
48225,Texas,Houston County,0.7481191056479813,0.2452050439758397,9437
48227,Texas,Howard County,0.7865234375,0.20205078125,10240
48229,Texas,Hudspeth County,0.6686695278969957,0.3184549356223176,1165
48231,Texas,Hunt County,0.7560273759527143,0.2308809042360139,38574
48233,Texas,Hutchinson County,0.8757268270436667,0.1100216622962034,8771
48235,Texas,Irion County,0.8537682789651294,0.1349831271091113,889
48237,Texas,Jack County,0.9037546271813856,0.0875198307773664,3782
48239,Texas,Jackson County,0.8250788643533123,0.1629337539432176,6340
48241,Texas,Jasper County,0.8035622757560226,0.1892619169656586,15608
48243,Texas,Jeff Davis County,0.6007662835249042,0.3839080459770115,1305
48245,Texas,Jefferson County,0.5021163406833511,0.4863150339353381,94739
48247,Texas,Jim Hogg County,0.4091355599214145,0.5879174852652259,2036
48249,Texas,Jim Wells County,0.5452483722291316,0.447655278367108,13669
48251,Texas,Johnson County,0.7586695368377196,0.2286507881397125,72005
48253,Texas,Jones County,0.8396380358997182,0.1481975967957276,6741
48255,Texas,Karnes County,0.7559535149552296,0.2350923985521051,5249
48257,Texas,Kaufman County,0.6635275029539883,0.3245860007407015,56703
48259,Texas,Kendall County,0.7596262954837734,0.2277025493607685,26438
48261,Texas,Kenedy County,0.654639175257732,0.3350515463917525,194
48263,Texas,Kent County,0.8896103896103896,0.1017316017316017,462
48265,Texas,Kerr County,0.7525319877455398,0.2351414669309785,27745
48267,Texas,Kimble County,0.8669284467713787,0.1239092495636998,2292
48269,Texas,King County,0.949685534591195,0.050314465408805,159
48271,Texas,Kinney County,0.7136618839675608,0.2782283218964441,1603
48273,Texas,Kleberg County,0.5029239766081871,0.485562865497076,10944
48275,Texas,Knox County,0.8104395604395604,0.1820054945054945,1456
48277,Texas,Lamar County,0.7825193762256046,0.2081426837239705,21418
48279,Texas,Lamb County,0.7987749546279492,0.190562613430127,4408
48281,Texas,Lampasas County,0.7775747668045004,0.2061736705452447,10399
48283,Texas,La Salle County,0.5548628428927681,0.4372402327514547,2406
48285,Texas,Lavaca County,0.8633911934882809,0.1307247229577326,10197
48287,Texas,Lee County,0.7735592381894633,0.2164234479347019,8086
48289,Texas,Leon County,0.8673045884251787,0.1235877334563062,8674
48291,Texas,Liberty County,0.7943683098111407,0.1972114270130224,29334
48293,Texas,Limestone County,0.7464540956569544,0.2433205057724024,9095
48295,Texas,Lipscomb County,0.8906134515890614,0.0968218773096821,1353
48297,Texas,Live Oak County,0.8308270676691729,0.1620498614958448,5054
48299,Texas,Llano County,0.796129541864139,0.1947077409162717,12660
48301,Texas,Loving County,0.9090909090909092,0.0606060606060606,66
48303,Texas,Lubbock County,0.6529796060312493,0.3313461012991529,120771
48305,Texas,Lynn County,0.8081116441343218,0.1866550370693414,2293
48307,Texas,McCulloch County,0.8451688009313155,0.1426076833527357,3436
48309,Texas,McLennan County,0.6090047150995694,0.3752441930633828,97771
48311,Texas,McMullen County,0.8914728682170543,0.1027131782945736,516
48313,Texas,Madison County,0.7870492731734944,0.2053992826127997,5297
48315,Texas,Marion County,0.7134046052631579,0.2752878289473684,4864
48317,Texas,Martin County,0.8597222222222223,0.1333333333333333,2160
48319,Texas,Mason County,0.8047696038803557,0.1847210994341148,2474
48321,Texas,Matagorda County,0.7172519306425761,0.2719656127058137,13726
48323,Texas,Maverick County,0.4483904600547373,0.5429427863938485,15346
48325,Texas,Medina County,0.690779014308426,0.2991079314608726,22644
48327,Texas,Menard County,0.8005836575875487,0.1916342412451362,1028
48329,Texas,Midland County,0.7751801005844774,0.209477368492592,58856
48331,Texas,Milam County,0.7549167927382754,0.2360060514372163,10576
48333,Texas,Mills County,0.8850299401197604,0.1081836327345309,2505
48335,Texas,Mitchell County,0.8414113997673517,0.1539356339666537,2579
48337,Texas,Montague County,0.8778275932341553,0.111779091094355,9814
48339,Texas,Montgomery County,0.7124011331695224,0.2739978854378875,271451
48341,Texas,Moore County,0.7913943355119826,0.1928104575163398,5508
48343,Texas,Morris County,0.6930374082691964,0.2987291927689278,5587
48345,Texas,Motley County,0.9263803680981596,0.0705521472392638,652
48347,Texas,Nacogdoches County,0.6493292979112955,0.3362851698240107,26763
48349,Texas,Navarro County,0.7217195753360179,0.2667747502745672,19121
48351,Texas,Newton County,0.8011158516573679,0.1924844108959632,6094
48353,Texas,Nolan County,0.7712845407020165,0.2169529499626587,5356
48355,Texas,Nueces County,0.5075404118949998,0.4785412444821465,127314
48357,Texas,Ochiltree County,0.8910012674271229,0.0956907477820025,3156
48359,Texas,Oldham County,0.908820614469772,0.0802775024777007,1009
48361,Texas,Orange County,0.8108573651164083,0.1766127687947991,35994
48363,Texas,Palo Pinto County,0.8152983580296356,0.1744493392070484,12485
48365,Texas,Panola County,0.8144266876255349,0.1796349663784822,11451
48367,Texas,Parker County,0.8150089323245061,0.1709883354350567,76128
48369,Texas,Parmer County,0.8056603773584906,0.1841509433962264,2650
48371,Texas,Pecos County,0.6887317909168809,0.2960582690659811,4668
48373,Texas,Polk County,0.7680823787270998,0.2227782143004838,24181
48375,Texas,Potter County,0.6848533957564299,0.2977401638606284,33321
48377,Texas,Presidio County,0.3252142534957149,0.6599007668019846,2217
48379,Texas,Rains County,0.8516438129852966,0.1391045762431852,6053
48381,Texas,Randall County,0.7854160868355134,0.1979466246095803,64674
48383,Texas,Reagan County,0.8380782918149466,0.1530249110320284,1124
48385,Texas,Real County,0.8289606458123108,0.1614530776992936,1982
48387,Texas,Red River County,0.7779882879779538,0.2146055804340337,5806
48389,Texas,Reeves County,0.6113371304583672,0.3783563873067534,3687
48391,Texas,Refugio County,0.6565656565656566,0.3291740938799762,3366
48393,Texas,Roberts County,0.9618181818181818,0.0309090909090909,550
48395,Texas,Robertson County,0.6971231016174836,0.2931226077293493,8099
48397,Texas,Rockwall County,0.6814867046445603,0.304540646861257,53891
48399,Texas,Runnels County,0.8634611022907689,0.1251984577001587,4409
48401,Texas,Rusk County,0.7737738674653688,0.2166323474354174,21368
48403,Texas,Sabine County,0.8718789866958265,0.1219245489338436,5487
48405,Texas,San Augustine County,0.7513743128435783,0.2448775612193903,4002
48407,Texas,San Jacinto County,0.8040037980693148,0.1849184997626206,12638
48409,Texas,San Patricio County,0.6379789864029666,0.3471878862793572,25888
48411,Texas,San Saba County,0.8870099923136049,0.1102997694081475,2602
48413,Texas,Schleicher County,0.811044003451251,0.182053494391717,1159
48415,Texas,Scurry County,0.8490373147043789,0.1393763843925711,5869
48417,Texas,Shackelford County,0.9115479115479116,0.0798525798525798,1628
48419,Texas,Shelby County,0.7908568028560096,0.2050773502578342,10084
48421,Texas,Sherman County,0.8940464177598385,0.0918264379414732,991
48423,Texas,Smith County,0.6902822882837871,0.2959280539595303,100075
48425,Texas,Somervell County,0.8297958358601173,0.1552456033959975,4947
48427,Texas,Starr County,0.4705848787446505,0.5205706134094151,17525
48429,Texas,Stephens County,0.8907894736842106,0.1044736842105263,3800
48431,Texas,Sterling County,0.9139280125195618,0.0798122065727699,639
48433,Texas,Stonewall County,0.8355978260869565,0.1576086956521739,736
48435,Texas,Sutton County,0.7848426461143224,0.2068079640333975,1557
48437,Texas,Swisher County,0.7834394904458599,0.2029723991507431,2355
48439,Texas,Tarrant County,0.490885914289856,0.4930735344681962,834697
48441,Texas,Taylor County,0.717575119756133,0.2646973435912324,55112
48443,Texas,Terrell County,0.7292576419213974,0.259825327510917,458
48445,Texas,Terry County,0.778516057585825,0.209579180509413,3612
48447,Texas,Throckmorton County,0.896551724137931,0.0912124582869855,899
48449,Texas,Titus County,0.7182844672170036,0.2709934528892684,10539
48451,Texas,Tom Green County,0.7147312541473125,0.2707144437071444,45210
48453,Texas,Travis County,0.2643356505867954,0.7141160221447074,610349
48455,Texas,Trinity County,0.8041222254251946,0.1906889593542807,6938
48457,Texas,Tyler County,0.84824016563147,0.1452380952380952,9660
48459,Texas,Upshur County,0.8370307618997194,0.1523269974056229,18887
48461,Texas,Upton County,0.8611111111111112,0.1242690058479532,1368
48463,Texas,Uvalde County,0.5969831754012763,0.3938309804679946,10342
48465,Texas,Val Verde County,0.5424305919329492,0.4433603981141959,15272
48467,Texas,Van Zandt County,0.8567361698853582,0.1352619835346618,25994
48469,Texas,Victoria County,0.6832221832221832,0.3036153036153036,34188
48471,Texas,Walker County,0.6511519566322209,0.333898017956971,23612
48473,Texas,Waller County,0.6272543327175156,0.3602973519838128,22734
48475,Texas,Ward County,0.7982758620689655,0.1881773399014778,4060
48477,Texas,Washington County,0.7440004592949822,0.2446319898955103,17418
48479,Texas,Webb County,0.3786423381142448,0.6114303258914865,68397
48481,Texas,Wharton County,0.7115327247777579,0.2800548893264125,16761
48483,Texas,Wheeler County,0.9238339751818572,0.0718870346598202,2337
48485,Texas,Wichita County,0.6966978057788399,0.2859222246361069,46030
48487,Texas,Wilbarger County,0.7789566755083996,0.2113174182139699,4524
48489,Texas,Willacy County,0.4398990809154802,0.5601009190845198,5549
48491,Texas,Williamson County,0.4829699424842384,0.4970239741179073,289312
48493,Texas,Wilson County,0.7381361691920202,0.2538679886459041,25013
48495,Texas,Winkler County,0.8245531514581373,0.1683913452492944,2126
48497,Texas,Wise County,0.8353006612693901,0.1536678820839256,32362
48499,Texas,Wood County,0.8362526888801088,0.1540453926862461,22779
48501,Texas,Yoakum County,0.8263017863930064,0.1596351197263397,2631
48503,Texas,Young County,0.8629688068940405,0.1255006675567423,8239
48505,Texas,Zapata County,0.5247805885389778,0.4713474445018069,3874
48507,Texas,Zavala County,0.3402603334094542,0.6540306005937429,4379
49001,Utah,Beaver County,0.8693548387096774,0.1151612903225806,3100
49003,Utah,Box Elder County,0.7972767972767972,0.1655011655011655,27027
49005,Utah,Cache County,0.6606103767521843,0.2892081082489448,57571
49007,Utah,Carbon County,0.7143772014089017,0.255310065108336,9369
49009,Utah,Daggett County,0.8012924071082391,0.1793214862681744,619
49011,Utah,Davis County,0.6129374025133171,0.3379204802966538,169895
49013,Utah,Duchesne County,0.8813937118723604,0.0988972313467855,8524
49015,Utah,Emery County,0.8647482014388489,0.1175745118191161,4865
49017,Utah,Garfield County,0.7898975109809663,0.1881405563689604,2732
49019,Utah,Grand County,0.4335583413693346,0.5411764705882353,5185
49021,Utah,Iron County,0.7629168340699076,0.196544797107272,24890
49023,Utah,Juab County,0.867200818274804,0.1099556767814524,5866
49025,Utah,Kane County,0.7172248803827751,0.2590909090909091,4180
49027,Utah,Millard County,0.8772727272727273,0.1012987012987013,6160
49029,Utah,Morgan County,0.7956081081081081,0.1667690417690417,6512
49031,Utah,Piute County,0.8874856486796785,0.0987370838117106,871
49033,Utah,Rich County,0.8488628026412326,0.132061628760088,1363
49035,Utah,Salt Lake County,0.4253226775072758,0.5356973252644708,541175
49037,Utah,San Juan County,0.5139575457981972,0.4526025007269555,6878
49039,Utah,Sanpete County,0.8280421185971024,0.1420315097775314,12631
49041,Utah,Sevier County,0.8734922319791566,0.1046029142140306,10363
49043,Utah,Summit County,0.3929776142287642,0.5843299601349279,26088
49045,Utah,Tooele County,0.6667301224696999,0.2837426232628974,31518
49047,Utah,Uintah County,0.8663356634219638,0.1086431044620108,15307
49049,Utah,Utah County,0.6777699662542183,0.2672701068616423,284480
49051,Utah,Wasatch County,0.6140151299698539,0.3519139980660941,17581
49053,Utah,Washington County,0.7437773553207481,0.2269110040231663,90476
49055,Utah,Wayne County,0.7581739666872301,0.2251696483652066,1621
49057,Utah,Weber County,0.5917786830817825,0.3651675310924068,111442
50001,Vermont,Addison County,0.2857142857142857,0.6796385432749069,22022
50003,Vermont,Bennington County,0.3476688495748216,0.6209070472094614,20462
50005,Vermont,Caledonia County,0.4051580184303296,0.5573010081019234,16169
50007,Vermont,Chittenden County,0.2124753576302886,0.7578324824344134,98915
50009,Vermont,Essex County,0.5392335766423357,0.4273114355231143,3288
50011,Vermont,Franklin County,0.4364692218350754,0.526945412311266,25830
50013,Vermont,Grand Isle County,0.373118944547516,0.5988455988455988,4851
50015,Vermont,Lamoille County,0.2791149849145156,0.6865571572242709,14915
50017,Vermont,Orange County,0.3613479733675972,0.6017988552739166,17122
50019,Vermont,Orleans County,0.4619750283768445,0.5070232690124858,14096
50021,Vermont,Rutland County,0.4319105092728878,0.5366499852811304,33970
50023,Vermont,Washington County,0.2528677032882997,0.7134845781289829,35307
50025,Vermont,Windham County,0.2473593239869406,0.7208373343575956,26035
50027,Vermont,Windsor County,0.2894675724322127,0.6786274168263369,34446
51001,Virginia,Accomack County,0.5407381205046574,0.4467633533781394,16962
51003,Virginia,Albemarle County,0.321759438266545,0.6567889014337195,64657
51005,Virginia,Alleghany County,0.7142508838229916,0.2734365476045349,8203
51007,Virginia,Amelia County,0.6828835677182313,0.3054605346509565,7893
51009,Virginia,Amherst County,0.6492796236401058,0.3335489561893561,17005
51011,Virginia,Appomattox County,0.7231333621061717,0.2608977125593439,9268
51013,Virginia,Arlington County,0.1707587663256796,0.8060046366077782,130699
51015,Virginia,Augusta County,0.7264771275840863,0.2563981266852737,42278
51017,Virginia,Bath County,0.7333066773290684,0.258296681327469,2501
51019,Virginia,Bedford County,0.7314717787503339,0.250179785900676,48669
51021,Virginia,Bland County,0.8344351825237137,0.1529175050301811,3479
51023,Virginia,Botetourt County,0.7149147727272728,0.2698863636363636,21120
51025,Virginia,Brunswick County,0.4223704076497232,0.5727226975339708,7948
51027,Virginia,Buchanan County,0.8350246156937606,0.1594494122375163,9953
51029,Virginia,Buckingham County,0.5591927147428009,0.4271474280088604,8126
51031,Virginia,Campbell County,0.7107252776662653,0.2699718988358089,29892
51033,Virginia,Caroline County,0.5117878192534381,0.4701006876227898,16288
51035,Virginia,Carroll County,0.8088301067024471,0.1815858411603092,15651
51036,Virginia,Charles City County,0.3965323125422202,0.5908579148840352,4441
51037,Virginia,Charlotte County,0.6162170893232111,0.3742529478274915,6191
51041,Virginia,Chesterfield County,0.4577406760707069,0.5244894155500186,203884
51043,Virginia,Clarke County,0.5560672592909929,0.419835064795973,9337
51045,Virginia,Craig County,0.8002524455664247,0.1852319343641527,3169
51047,Virginia,Culpeper County,0.5905000737571914,0.3915400501548901,27116
51049,Virginia,Cumberland County,0.5685499058380414,0.4193973634651601,5310
51051,Virginia,Dickenson County,0.7870738052854991,0.2058058332192249,7303
51053,Virginia,Dinwiddie County,0.5761330506228466,0.4124039226080042,15092
51057,Virginia,Essex County,0.4977338944642279,0.4917449012625445,6178
51059,Virginia,Fairfax County,0.280283877281662,0.6989462786877333,600823
51061,Virginia,Fauquier County,0.5750211859554293,0.4023041158012871,43661
51063,Virginia,Floyd County,0.6616709183673469,0.3193027210884354,9408
51065,Virginia,Fluvanna County,0.5148358585858586,0.4680555555555555,15840
51067,Virginia,Franklin County,0.7034879806073665,0.2821695508719951,29702
51069,Virginia,Frederick County,0.6274356815801901,0.3533047245549555,48703
51071,Virginia,Giles County,0.7493461203138623,0.2349607672188317,9176
51073,Virginia,Gloucester County,0.6675792119199354,0.312539269365407,22282
51075,Virginia,Goochland County,0.5879646017699115,0.3943952802359882,16950
51077,Virginia,Grayson County,0.8029762636822039,0.1887836674455786,8131
51079,Virginia,Greene County,0.6070197153213686,0.3680488020511007,11311
51081,Virginia,Greensville County,0.4184521206821163,0.5743331875819851,4574
51083,Virginia,Halifax County,0.5709118807540552,0.4201008329679965,18248
51085,Virginia,Hanover County,0.6244874378232136,0.356602364479265,70967
51087,Virginia,Henrico County,0.3463789639206779,0.636476806150083,183152
51089,Virginia,Henry County,0.6406818617123157,0.3496265083317372,26105
51091,Virginia,Highland County,0.7123287671232876,0.2720156555772994,1533
51093,Virginia,Isle of Wight County,0.5843707366984994,0.4007077080491132,23456
51095,Virginia,James City County,0.4665874007496675,0.5149530450203539,49622
51097,Virginia,King and Queen County,0.5953827460510328,0.3863912515188335,4115
51099,Virginia,King George County,0.593785151856018,0.3799212598425197,14224
51101,Virginia,King William County,0.6818181818181818,0.3036512667660209,10736
51103,Virginia,Lancaster County,0.5169183445190156,0.470917225950783,7152
51105,Virginia,Lee County,0.8410416247737784,0.1497084254976875,9946
51107,Virginia,Loudoun County,0.3650594586902189,0.6153640899751848,224862
51109,Virginia,Louisa County,0.6066164727355693,0.3773214693132558,21915
51111,Virginia,Lunenburg County,0.5895,0.403,6000
51113,Virginia,Madison County,0.651986714232993,0.3318981424529462,8129
51115,Virginia,Mathews County,0.6695846206659801,0.3132509440439409,5826
51117,Virginia,Mecklenburg County,0.5718341150333252,0.4198346087385831,16204
51119,Virginia,Middlesex County,0.6184229918938836,0.3671333824613117,6785
51121,Virginia,Montgomery County,0.4580456069454005,0.5155316739569688,45037
51125,Virginia,Nelson County,0.5165306998711894,0.4644697294976385,9316
51127,Virginia,New Kent County,0.6659061052340455,0.319504943649312,14463
51131,Virginia,Northampton County,0.4389483065953654,0.5447118241235889,6732
51133,Virginia,Northumberland County,0.5738963531669866,0.4161228406909789,7815
51135,Virginia,Nottoway County,0.5689460299519639,0.4197513421870585,7078
51137,Virginia,Orange County,0.5990743419149551,0.3854498119757015,20742
51139,Virginia,Page County,0.7467636247402909,0.2402908742208726,12514
51141,Virginia,Patrick County,0.7850849590937696,0.2049507027480595,9534
51143,Virginia,Pittsylvania County,0.6939258480147252,0.295526923189295,34227
51145,Virginia,Powhatan County,0.7123669538773442,0.2696401419158641,19730
51147,Virginia,Prince Edward County,0.4631293085439733,0.5194276164612492,9574
51149,Virginia,Prince George County,0.5795663148233134,0.4074690224873795,17432
51153,Virginia,Prince William County,0.356149366822184,0.6264382432385028,228056
51155,Virginia,Pulaski County,0.6979166666666666,0.2834369244935543,17376
51157,Virginia,Rappahannock County,0.5648854961832062,0.4210526315789473,4978
51159,Virginia,Richmond County,0.62091662603608,0.3688444661140906,4102
51161,Virginia,Roanoke County,0.599258533855624,0.3812430050363738,57184
51163,Virginia,Rockbridge County,0.6536814030550392,0.3302351895255799,12373
51165,Virginia,Rockingham County,0.692725571203579,0.2886033188012143,43811
51167,Virginia,Russell County,0.8127147766323024,0.1772747646795159,13386
51169,Virginia,Scott County,0.8338393596467016,0.1556720949489373,10869
51171,Virginia,Shenandoah County,0.6951106232055396,0.2886336767437932,23684
51173,Virginia,Smyth County,0.7755376344086021,0.2127900396151669,14136
51175,Virginia,Southampton County,0.5855303494788473,0.4055793991416309,9786
51177,Virginia,Spotsylvania County,0.5232683192373567,0.4555014140233944,75317
51179,Virginia,Stafford County,0.4726656200941915,0.5054317111459968,79625
51181,Virginia,Surry County,0.4529188101095951,0.5361216730038023,4471
51183,Virginia,Sussex County,0.436124213836478,0.55562106918239,5088
51185,Virginia,Tazewell County,0.8309824178007351,0.1591834707460017,20134
51187,Virginia,Warren County,0.6652953137560883,0.3122428713292665,21147
51191,Virginia,Washington County,0.7557608506187903,0.2306780547324385,28685
51193,Virginia,Westmoreland County,0.5353870935266284,0.4531360112755461,9933
51195,Virginia,Wise County,0.8044538068010834,0.1871802588022871,16615
51197,Virginia,Wythe County,0.7784633757961783,0.2085323779193205,15072
51199,Virginia,York County,0.5218501044164282,0.4559001727382886,38787
51510,Virginia,Alexandria city,0.1762738158724002,0.8028312406069714,82508
51520,Virginia,Bristol city,0.6849859082756854,0.2963105303612606,7806
51530,Virginia,Buena Vista city,0.6711095100864554,0.2971902017291066,2776
51540,Virginia,Charlottesville city,0.1278248295806651,0.8550299524891551,24205
51550,Virginia,Chesapeake city,0.4577209931711615,0.5222094596720899,127108
51570,Virginia,Colonial Heights city,0.6567898534878636,0.3249507981631314,9146
51580,Virginia,Covington city,0.6069919323857088,0.3703419131771033,2603
51590,Virginia,Danville city,0.3831038217546031,0.6039506936922998,19389
51595,Virginia,Emporia city,0.3166736665266694,0.6770264594708106,2381
51600,Virginia,Fairfax city,0.2971890528814062,0.6804123711340206,13483
51610,Virginia,Falls Church city,0.1689533960766527,0.8102959519219867,8819
51620,Virginia,Franklin city,0.366436668309512,0.622227698373583,4058
51630,Virginia,Fredericksburg city,0.313870315658529,0.6621831752449074,12862
51640,Virginia,Galax city,0.6967399545109931,0.2945413191811978,2638
51650,Virginia,Hampton city,0.2796619171181014,0.7013550628973764,65901
51660,Virginia,Harrisonburg city,0.3272269694486714,0.6450895469975418,17086
51670,Virginia,Hopewell city,0.4184013322231474,0.5651540383014155,9608
51678,Virginia,Lexington city,0.3280231716147719,0.6484431571325127,2762
51680,Virginia,Lynchburg city,0.4701757280752413,0.4963286857520007,36363
51683,Virginia,Manassas city,0.3686940122583687,0.6103253182461104,16968
51685,Virginia,Manassas Park city,0.3251191062920979,0.6558238869722359,6087
51690,Virginia,Martinsville city,0.3600532180276068,0.6263096623981373,6013
51700,Virginia,Newport News city,0.3248279004470278,0.6539044123985567,81203
51710,Virginia,Norfolk city,0.2608226432727717,0.7169479645308797,89881
51720,Virginia,Norton city,0.6926920674578388,0.2898188632104934,1601
51730,Virginia,Petersburg city,0.1121971950701232,0.8775322283609577,14118
51735,Virginia,Poquoson city,0.7133766068473972,0.2614229349624539,7857
51740,Virginia,Portsmouth city,0.2861020142658472,0.6941815082320218,44582
51750,Virginia,Radford city,0.4408227848101266,0.5313291139240506,6320
51760,Virginia,Richmond city,0.1493626247087505,0.8292176072112919,111159
51770,Virginia,Roanoke city,0.3602474436211712,0.6179858273896083,43323
51775,Virginia,Salem city,0.5886905217990959,0.3944525323729982,13051
51790,Virginia,Staunton city,0.4384141647421093,0.5374133949191686,12990
51800,Virginia,Suffolk city,0.4045364812054309,0.5776560170823093,49642
51810,Virginia,Virginia Beach city,0.4617970566133916,0.5158748643220938,227561
51820,Virginia,Waynesboro city,0.5138564896892787,0.4629093962862741,10717
51830,Virginia,Williamsburg city,0.285195408978643,0.6959174778439634,6883
51840,Virginia,Winchester city,0.4312737485544358,0.5460102428547827,12106
53001,Washington,Adams County,0.6664960764244285,0.3094506994199932,5862
53003,Washington,Asotin County,0.6124173709313028,0.3556187766714082,11951
53005,Washington,Benton County,0.5858802519581106,0.3756660487416653,103033
53007,Washington,Chelan County,0.5252389969057405,0.4467972105481919,43306
53009,Washington,Clallam County,0.4681308866515102,0.5018065930496914,49264
53011,Washington,Clark County,0.4586115619655559,0.5095224089788419,275403
53013,Washington,Columbia County,0.7030060120240481,0.2677354709418837,2495
53015,Washington,Cowlitz County,0.5710683477106835,0.3971134704711347,60280
53017,Washington,Douglas County,0.607987610287216,0.3665759339215318,21308
53019,Washington,Ferry County,0.6345317151362492,0.3402793679871765,4367
53021,Washington,Franklin County,0.5566905320330824,0.4116775706702876,32404
53023,Washington,Garfield County,0.7179314976494291,0.2458025520483546,1489
53025,Washington,Grant County,0.6572186836518047,0.3136677282377919,37680
53027,Washington,Grays Harbor County,0.5170781197159283,0.4514450716682708,38441
53029,Washington,Island County,0.421808066759388,0.541733889661567,53925
53031,Washington,Jefferson County,0.2795659890287189,0.6939335269441755,24792
53033,Washington,King County,0.2223588959006432,0.7495289163961877,1210507
53035,Washington,Kitsap County,0.3879890591912877,0.5689535645860644,158672
53037,Washington,Kittitas County,0.5350098619329389,0.4332043695949021,26364
53039,Washington,Klickitat County,0.5337020648967552,0.4394542772861357,13560
53041,Washington,Lewis County,0.6486790703833676,0.3204661325564457,45309
53043,Washington,Lincoln County,0.7322621925209726,0.2435660457841603,7033
53045,Washington,Mason County,0.5015682384794788,0.462938637643085,37303
53047,Washington,Okanogan County,0.5563386899727469,0.4181937787801898,21282
53049,Washington,Pacific County,0.4943828213879408,0.4830773606370876,14064
53051,Washington,Pend Oreille County,0.6697065357184614,0.3031684788962937,8553
53053,Washington,Pierce County,0.4260678631531995,0.537634593960968,464081
53055,Washington,San Juan County,0.2316435553534894,0.7369099037660074,13197
53057,Washington,Skagit County,0.4462089535976465,0.5209811639404546,73423
53059,Washington,Skamania County,0.5313183807439825,0.4365426695842451,7312
53061,Washington,Snohomish County,0.3792833116072161,0.5850737016745823,438796
53063,Washington,Spokane County,0.5029143959652033,0.4595504857326609,295430
53065,Washington,Stevens County,0.6967288075976081,0.2757298628209638,28430
53067,Washington,Thurston County,0.3882439006982526,0.5745893156648864,168134
53069,Washington,Wahkiakum County,0.5840322039584033,0.3908084535390808,2981
53071,Washington,Walla Walla County,0.5246153354019385,0.4379258501007645,31261
53073,Washington,Whatcom County,0.3642259414225941,0.6035204155244553,138620
53075,Washington,Whitman County,0.4291867840575594,0.529395058222096,21126
53077,Washington,Yakima County,0.5255579927853378,0.4488788165459025,96193
54001,West Virginia,Barbour County,0.7662123708252209,0.2182117717537816,6677
54003,West Virginia,Berkeley County,0.6457553119239352,0.3334820995439992,51535
54005,West Virginia,Boone County,0.7563249001331558,0.2264758100310696,9012
54007,West Virginia,Braxton County,0.7274011299435028,0.2572387005649718,5664
54009,West Virginia,Brooke County,0.7080518018018018,0.2765578078078078,10656
54011,West Virginia,Cabell County,0.5813972162740899,0.4013383297644539,37360
54013,West Virginia,Calhoun County,0.7956916863009088,0.1911814203971726,2971
54015,West Virginia,Clay County,0.7961367013372956,0.1904903417533432,3365
54017,West Virginia,Doddridge County,0.8445662689455015,0.1402773298935827,3101
54019,West Virginia,Fayette County,0.6867512750563397,0.300260941762543,16862
54021,West Virginia,Gilmer County,0.7558226897069872,0.2250187828700225,2662
54023,West Virginia,Grant County,0.884189508077691,0.1101833363586857,5509
54025,West Virginia,Greenbrier County,0.6892744479495269,0.2936908517350157,15850
54027,West Virginia,Hampshire County,0.7964505254808646,0.1922466785643466,10086
54029,West Virginia,Hancock County,0.7105797101449275,0.2746376811594203,13800
54031,West Virginia,Hardy County,0.7674932870004738,0.2181329963670826,6331
54033,West Virginia,Harrison County,0.6789102248481864,0.3024782537337929,30465
54035,West Virginia,Jackson County,0.7471868522357121,0.2374148652650281,13508
54037,West Virginia,Jefferson County,0.5426488105981302,0.4377504241417897,27703
54039,West Virginia,Kanawha County,0.5641505763338359,0.4175866932542191,82244
54041,West Virginia,Lewis County,0.7753788386750704,0.2062491618613383,7457
54043,West Virginia,Lincoln County,0.767816091954023,0.2185185185185185,7830
54045,West Virginia,Logan County,0.8086903116843237,0.1791033317979425,13026
54047,West Virginia,McDowell County,0.7887237628313161,0.2042285889382564,6527
54049,West Virginia,Marion County,0.6319299061797318,0.3450802512212142,25794
54051,West Virginia,Marshall County,0.7411221590909091,0.2453835227272727,14080
54053,West Virginia,Mason County,0.7579219851825404,0.2254753191109524,11203
54055,West Virginia,Mercer County,0.765377576191613,0.2210551444258773,25134
54057,West Virginia,Mineral County,0.7799875699192045,0.2066500932256059,12872
54059,West Virginia,Mingo County,0.8525244462183197,0.1393933346637397,10022
54061,West Virginia,Monongalia County,0.4944618748811561,0.4820783418900932,42072
54063,West Virginia,Monroe County,0.7808936825885978,0.2072419106317411,6490
54065,West Virginia,Morgan County,0.751811385853939,0.2297872340425532,8695
54067,West Virginia,Nicholas County,0.7788334901222954,0.2094073377234242,10630
54069,West Virginia,Ohio County,0.6208664187355513,0.3630013066639863,19898
54071,West Virginia,Pendleton County,0.7603170265099755,0.2241049467067505,3659
54073,West Virginia,Pleasants County,0.7854482956173017,0.2002291606989401,3491
54075,West Virginia,Pocahontas County,0.7223053892215568,0.2612275449101796,4008
54077,West Virginia,Preston County,0.7679110623112819,0.2170601152895964,14572
54079,West Virginia,Putnam County,0.70292270446651,0.2764113539875794,28501
54081,West Virginia,Raleigh County,0.7452727602247327,0.2411043315411103,33106
54083,West Virginia,Randolph County,0.7109016393442623,0.2755737704918032,12200
54085,West Virginia,Ritchie County,0.8519729161802475,0.1368199859911277,4283
54087,West Virginia,Roane County,0.7310428596217248,0.2524726704841228,5763
54089,West Virginia,Summers County,0.7294538943598926,0.2592658907788719,5585
54091,West Virginia,Taylor County,0.741839360693485,0.2432615467966951,7383
54093,West Virginia,Tucker County,0.7390738813735692,0.2440166493236212,3844
54095,West Virginia,Tyler County,0.8225395206527282,0.1608873023967363,3922
54097,West Virginia,Upshur County,0.7602974268662558,0.2207220428529498,10221
54099,West Virginia,Wayne County,0.7426093113825456,0.2412226352746798,16947
54101,West Virginia,Webster County,0.8109935332157554,0.1793062904174015,3402
54103,West Virginia,Wetzel County,0.7489125543722814,0.2308384580770961,6667
54105,West Virginia,Wirt County,0.8043724085940445,0.1756502073124764,2653
54107,West Virginia,Wood County,0.7017697745214385,0.2818740003095815,38762
54109,West Virginia,Wyoming County,0.8557960893854749,0.1346601489757914,8592
55001,Wisconsin,Adams County,0.622948045354544,0.3663056354713149,11818
55003,Wisconsin,Ashland County,0.438620532145712,0.5482471165924403,8757
55005,Wisconsin,Barron County,0.6234908861358794,0.3627396827901838,25346
55007,Wisconsin,Bayfield County,0.4243566176470588,0.5649816176470588,10880
55009,Wisconsin,Brown County,0.5268197504461278,0.4548837984404619,144017
55011,Wisconsin,Buffalo County,0.618474923234391,0.3659160696008188,7816
55013,Wisconsin,Burnett County,0.6372152647667882,0.3519376787299083,10141
55015,Wisconsin,Calumet County,0.5899785533242348,0.3937089751088581,30774
55017,Wisconsin,Chippewa County,0.593160442985141,0.3890867605320274,35938
55019,Wisconsin,Clark County,0.6713652839307289,0.3036649214659686,14898
55021,Wisconsin,Columbia County,0.4997785585638785,0.4845138622339012,33869
55023,Wisconsin,Crawford County,0.5313398504887866,0.4546290971822886,8695
55025,Wisconsin,Dane County,0.2285442485447706,0.7546165648175271,344791
55027,Wisconsin,Dodge County,0.6473490791972912,0.3376827153357007,48436
55029,Wisconsin,Door County,0.4847641298404335,0.4992792165829895,20117
55031,Wisconsin,Douglas County,0.4426388945171617,0.5356404749361754,24677
55033,Wisconsin,Dunn County,0.5599812956980106,0.4207192654310491,23524
55035,Wisconsin,Eau Claire County,0.4348519948519948,0.5425997425997426,58275
55037,Wisconsin,Florence County,0.7255102040816327,0.2656462585034013,2940
55039,Wisconsin,Fond du Lac County,0.6245131089413285,0.3596094391364343,57251
55041,Wisconsin,Forest County,0.6501088462299623,0.3405897486641599,5053
55043,Wisconsin,Grant County,0.5522492970946579,0.4294751640112464,25608
55045,Wisconsin,Green County,0.4750537232551621,0.5069139493599926,21406
55047,Wisconsin,Green Lake County,0.6717271108612126,0.3133726923437354,10671
55049,Wisconsin,Iowa County,0.4223127501429388,0.5594625500285878,13992
55051,Wisconsin,Iron County,0.6079800498753117,0.3822942643391521,4010
55053,Wisconsin,Jackson County,0.5686370777690495,0.417910447761194,10184
55055,Wisconsin,Jefferson County,0.5670814314595969,0.4148481627378644,47979
55057,Wisconsin,Juneau County,0.6381938872273689,0.3461959296812313,13709
55059,Wisconsin,Kenosha County,0.5067952849962812,0.4754783745407829,88738
55061,Wisconsin,Kewaunee County,0.6553947912360479,0.3287308805291443,12095
55063,Wisconsin,La Crosse County,0.4225443403452949,0.5575098697778563,67884
55065,Wisconsin,Lafayette County,0.5635300993571011,0.4263004091174752,8555
55067,Wisconsin,Langlade County,0.6565158978952083,0.3317510076130766,11165
55069,Wisconsin,Lincoln County,0.6072013093289689,0.3795235497363157,16497
55071,Wisconsin,Manitowoc County,0.6071516206027349,0.3751589372950545,44829
55073,Wisconsin,Marathon County,0.5814126200310094,0.4014019361311253,76751
55075,Wisconsin,Marinette County,0.6659993907480743,0.320553548892467,22979
55077,Wisconsin,Marquette County,0.6308880308880309,0.3573083287369001,9065
55078,Wisconsin,Menominee County,0.1748427672955974,0.819496855345912,1590
55079,Wisconsin,Milwaukee County,0.2927352708558928,0.6912637181869878,458971
55081,Wisconsin,Monroe County,0.6092167529078767,0.3729600636858166,22611
55083,Wisconsin,Oconto County,0.6989446478569891,0.2892526383803575,23215
55085,Wisconsin,Oneida County,0.56587607102943,0.418270623784097,24159
55087,Wisconsin,Outagamie County,0.5404917516802132,0.4412712225287441,108022
55089,Wisconsin,Ozaukee County,0.5515401880102787,0.4312689067429984,61486
55091,Wisconsin,Pepin County,0.6235521235521235,0.3593146718146718,4144
55093,Wisconsin,Pierce County,0.5495990050177981,0.4201226572886735,23317
55095,Wisconsin,Polk County,0.6298964771908536,0.3553145500739448,26371
55097,Wisconsin,Portage County,0.4753097061793463,0.5031155333349753,40603
55099,Wisconsin,Price County,0.6311724783524456,0.3547858647320384,8546
55101,Wisconsin,Racine County,0.5117753708278926,0.4711933189918366,106451
55103,Wisconsin,Richland County,0.540381628577768,0.4431994674950077,9014
55105,Wisconsin,Rock County,0.4350749765698219,0.5466026241799438,85360
55107,Wisconsin,Rusk County,0.6666243976667512,0.3191732183616536,7886
55109,Wisconsin,St. Croix County,0.5678134974518138,0.4089442220537147,56707
55111,Wisconsin,Sauk County,0.4831920006629285,0.5001795431317847,36203
55113,Wisconsin,Sawyer County,0.5622264509990486,0.4279733587059943,10510
55115,Wisconsin,Shawano County,0.6709263762989166,0.3153216891443732,22615
55117,Wisconsin,Sheboygan County,0.5697383769371771,0.4105527866567693,66011
55119,Wisconsin,Taylor County,0.7165450121654501,0.2520119782893505,10686
55121,Wisconsin,Trempealeau County,0.5743172951885566,0.4086475942782835,15380
55123,Wisconsin,Vernon County,0.5161087734723356,0.4683162720592853,15923
55125,Wisconsin,Vilas County,0.6025766152644935,0.3840848461188106,15369
55127,Wisconsin,Walworth County,0.5876909722222222,0.3956423611111111,57600
55129,Wisconsin,Washburn County,0.6103295432645982,0.3726151474272499,10378
55131,Wisconsin,Washington County,0.6839672987396389,0.3026002043828772,88070
55133,Wisconsin,Waukesha County,0.5957141151360468,0.3877147420110748,267996
55135,Wisconsin,Waupaca County,0.6506007552351528,0.3330930312392722,29130
55137,Wisconsin,Waushara County,0.6645047169811321,0.3234080188679245,13568
55139,Wisconsin,Winnebago County,0.5082950484941297,0.4685638931427599,94032
55141,Wisconsin,Wood County,0.5885999322001065,0.3962661630103152,41298
56001,Wyoming,Albany County,0.46081538378901,0.488370843852393,18617
56003,Wyoming,Big Horn County,0.8355354659248957,0.1369958275382475,5752
56005,Wyoming,Campbell County,0.867576408054789,0.0988960441582336,19566
56007,Wyoming,Carbon County,0.7524009603841537,0.2141356542617047,6664
56009,Wyoming,Converse County,0.8489239598278335,0.1235294117647058,6970
56011,Wyoming,Crook County,0.8863801893663511,0.0917698470502549,4119
56013,Wyoming,Fremont County,0.6629672574678372,0.3047319308707415,18111
56015,Wyoming,Goshen County,0.7816055119371895,0.192757570902099,6241
56017,Wyoming,Hot Springs County,0.775708187815289,0.1870391928599146,2577
56019,Wyoming,Johnson County,0.7897842897842898,0.1825396825396825,4914
56021,Wyoming,Laramie County,0.620048019207683,0.3382908719043173,44982
56023,Wyoming,Lincoln County,0.8256591517004204,0.1441536110049675,10468
56025,Wyoming,Natrona County,0.7178853474234419,0.2423157775126413,35202
56027,Wyoming,Niobrara County,0.8547400611620795,0.1185015290519877,1308
56029,Wyoming,Park County,0.7664652748698929,0.2039839684153855,16717
56031,Wyoming,Platte County,0.7917936217753403,0.1807840747511679,4923
56033,Wyoming,Sheridan County,0.7209033357682006,0.2461042123204285,16428
56035,Wyoming,Sublette County,0.7961770623742455,0.1774647887323943,4970
56037,Wyoming,Sweetwater County,0.7365536348852617,0.230259591640065,16603
56039,Wyoming,Teton County,0.2957688901001567,0.6709818082714452,14677
56041,Wyoming,Uinta County,0.7972771750691342,0.1692193150393533,9402
56043,Wyoming,Washakie County,0.8088235294117647,0.1622632103688933,4012
56045,Wyoming,Weston County,0.8771880293619424,0.1016374929418407,3542
