STCOFIPS,STATE,COUNTY,RISK_SCORE,RISK_RATNG,EAL_SCORE,HRCN_RISKS,HRCN_RISKR,HRCN_EALT,CFLD_RISKS,fips
01001,Alabama,Autauga,57.56997455470738,Relatively Low,59.870049504950494,72.090112640801,Relatively Low,725579.2829601124,,01001
01003,Alabama,Baldwin,96.72391857506362,Relatively High,96.62747524752476,99.24906132665832,Very High,159426443.89560983,85.8,01003
01005,Alabama,Barbour,48.1234096692112,Relatively Low,30.538366336633665,79.9749687108886,Relatively Low,1131425.1228487943,,01005
01007,Alabama,Bibb,39.12213740458015,Very Low,31.002475247524753,50.06257822277848,Very Low,54566.40560370809,,01007
01009,Alabama,Blount,68.4796437659033,Relatively Low,62.34529702970298,62.99541093032958,Relatively Low,221938.0551869261,,01009
01011,Alabama,Bullock,25.254452926208653,Very Low,13.551980198019804,76.17855652899458,Relatively Low,699130.2114449592,,01011
01013,Alabama,Butler,45.16539440203562,Relatively Low,32.42574257425743,85.85732165206508,Relatively Moderate,2798219.4771667197,,01013
01015,Alabama,Calhoun,88.45419847328245,Relatively Moderate,84.77722772277228,73.9674593241552,Relatively Low,617246.3144506644,,01015
01017,Alabama,Chambers,47.23282442748092,Relatively Low,38.70668316831683,70.17104714226116,Relatively Low,439405.00006471016,,01017
01019,Alabama,Cherokee,63.32697201017812,Relatively Low,53.1559405940594,62.91197329995828,Relatively Low,197849.40188832764,,01019
01021,Alabama,Chilton,54.70737913486005,Relatively Low,53.125,58.072590738423024,Very Low,145091.77613771337,,01021
01023,Alabama,Choctaw,70.61068702290076,Relatively Low,61.726485148514854,89.31998331247392,Relatively Moderate,4776308.3337246645,,01023
01025,Alabama,Clarke,53.40330788804071,Relatively Low,46.132425742574256,89.61201501877348,Relatively Moderate,5401059.081334197,22.2,01025
01027,Alabama,Clay,26.685750636132315,Very Low,16.986386138613863,67.50104297037964,Relatively Low,314663.31521000084,,01027
01029,Alabama,Cleburne,27.480916030534353,Very Low,17.481435643564357,65.4151022110972,Relatively Low,244780.91071890542,,01029
01031,Alabama,Coffee,83.42875318066157,Relatively Moderate,81.12623762376238,92.86608260325406,Relatively Moderate,11165759.757517902,,01031
01033,Alabama,Colbert,80.6615776081425,Relatively Low,76.63985148514851,59.99165623696287,Relatively Low,167909.87416796462,,01033
01035,Alabama,Conecuh,31.106870229007633,Very Low,18.626237623762375,84.89778890279516,Relatively Moderate,2278579.906580923,,01035
01037,Alabama,Coosa,14.567430025445294,Very Low,12.902227722772277,55.15227367542762,Very Low,102684.9181985375,,01037
01039,Alabama,Covington,82.44274809160305,Relatively Moderate,75.18564356435643,95.57780559032123,Relatively High,17502362.85999068,,01039
01041,Alabama,Crenshaw,34.38295165394402,Very Low,23.050742574257427,84.56403838130997,Relatively Moderate,2280430.7112489175,,01041
01043,Alabama,Cullman,81.93384223918575,Relatively Moderate,76.42326732673267,72.79933249895703,Relatively Low,576196.2355987089,,01043
01045,Alabama,Dale,67.74809160305344,Relatively Low,57.73514851485149,89.27826449728828,Relatively Moderate,4689796.095624861,,01045
01047,Alabama,Dallas,70.76972010178118,Relatively Low,57.704207920792086,77.09637046307884,Relatively Low,829086.391802774,,01047
01049,Alabama,DeKalb,80.37531806615776,Relatively Low,73.66955445544554,69.67042136003337,Relatively Low,419913.10562750266,,01049
01051,Alabama,Elmore,72.16921119592875,Relatively Low,71.19430693069307,75.38589904046725,Relatively Low,972671.443809731,,01051
01053,Alabama,Escambia,85.01908396946564,Relatively Moderate,77.47524752475248,96.5790571547768,Relatively High,20825507.552370787,,01053
01055,Alabama,Etowah,87.34096692111959,Relatively Moderate,83.8180693069307,68.37713808927826,Relatively Low,383622.92950457195,,01055
01057,Alabama,Fayette,38.16793893129771,Very Low,29.146039603960393,63.99666249478515,Relatively Low,226714.10485997057,,01057
01059,Alabama,Franklin,67.71628498727735,Relatively Low,55.35272277227723,60.36712557363371,Relatively Low,140955.85711545945,,01059
01061,Alabama,Geneva,53.37150127226463,Relatively Low,41.398514851485146,87.27576136837713,Relatively Moderate,3438757.172105283,,01061
01063,Alabama,Greene,29.293893129770993,Very Low,15.532178217821782,63.03712974551523,Relatively Low,168390.89815195827,,01063
01065,Alabama,Hale,39.090330788804074,Very Low,25.773514851485146,68.6691697955778,Relatively Low,341247.36213250965,,01065
01067,Alabama,Henry,42.04834605597965,Very Low,28.991336633663366,82.68669169795578,Relatively Moderate,1845031.2739100358,,01067
01069,Alabama,Houston,87.78625954198473,Relatively Moderate,85.14851485148515,93.82561535252398,Relatively High,13058052.26492422,,01069
01071,Alabama,Jackson,79.03944020356234,Relatively Low,71.875,59.36587400917814,Relatively Low,140162.3359532697,,01071
01073,Alabama,Jefferson,97.6145038167939,Relatively High,96.9368811881188,76.59574468085107,Relatively Low,1113619.568309017,,01073
01075,Alabama,Lamar,31.393129770992367,Very Low,24.721534653465348,61.82728410513142,Relatively Low,186122.04332988398,,01075
01077,Alabama,Lauderdale,85.49618320610686,Relatively Moderate,84.80816831683168,61.11806424697539,Relatively Low,219458.19417528,,01077
01079,Alabama,Lawrence,69.30661577608143,Relatively Low,61.664603960396036,62.95369211514393,Relatively Low,207333.40764058233,,01079
01081,Alabama,Lee,79.70737913486005,Relatively Low,79.98143564356435,82.186065915728,Relatively Moderate,2512296.660769783,,01081
01083,Alabama,Limestone,79.9618320610687,Relatively Low,82.88985148514851,60.200250312891114,Relatively Low,244551.7545094203,,01083
01085,Alabama,Lowndes,29.07124681933842,Very Low,14.975247524752474,71.42261159783062,Relatively Low,395284.8840127124,,01085
01087,Alabama,Macon,23.85496183206107,Very Low,14.232673267326732,68.87776387150605,Relatively Low,349996.08995210053,,01087
01089,Alabama,Madison,94.56106870229007,Relatively High,95.20420792079209,70.4630788485607,Relatively Low,685016.8078932841,,01089
01091,Alabama,Marengo,52.16284987277354,Relatively Low,36.50990099009901,77.43012098456404,Relatively Low,839739.4459236433,,01091
01093,Alabama,Marion,69.14758269720102,Relatively Low,54.1769801980198,67.62619941593658,Relatively Low,284161.33412298135,,01093
01095,Alabama,Marshall,87.30916030534351,Relatively Moderate,83.75618811881188,68.96120150187734,Relatively Low,402375.1406927616,,01095
01097,Alabama,Mobile,98.02798982188295,Relatively High,97.64851485148515,99.41593658740092,Very High,178159461.4093757,90.60000000000001,01097
01099,Alabama,Monroe,48.66412213740458,Relatively Low,36.26237623762376,87.94326241134752,Relatively Moderate,3622977.5856427816,18.0,01099
01101,Alabama,Montgomery,91.82569974554707,Relatively Moderate,89.51113861386139,87.3174801835628,Relatively Moderate,4120043.946716496,,01101
01103,Alabama,Morgan,88.83587786259542,Relatively Moderate,87.0358910891089,68.00166875260743,Relatively Low,416851.18108455924,,01103
01105,Alabama,Perry,18.829516539440203,Very Low,9.06559405940594,69.29495202336253,Relatively Low,324761.6188398633,,01105
01107,Alabama,Pickens,44.6882951653944,Relatively Low,30.63118811881188,69.2532332081769,Relatively Low,346587.3148206994,,01107
01109,Alabama,Pike,43.98854961832061,Relatively Low,37.80940594059406,83.56278681685441,Relatively Moderate,2441404.2235948285,,01109
01111,Alabama,Randolph,30.59796437659033,Very Low,26.051980198019802,71.9232373800584,Relatively Low,564782.3390374882,,01111
01113,Alabama,Russell,54.73918575063613,Relatively Low,49.93811881188119,75.177304964539,Relatively Low,823996.6277970014,,01113
01115,Alabama,St. Clair,72.13740458015268,Relatively Low,74.87623762376238,56.65415102211098,Very Low,150779.88311048225,,01115
01117,Alabama,Shelby,90.2671755725191,Relatively Moderate,91.1509900990099,65.95744680851064,Relatively Low,478405.50809080276,,01117
01119,Alabama,Sumter,53.021628498727736,Relatively Low,34.931930693069305,76.26199415936587,Relatively Low,666692.9560850143,,01119
01121,Alabama,Talladega,84.66921119592875,Relatively Moderate,77.90841584158416,74.42636629119733,Relatively Low,626221.1862384354,,01121
01123,Alabama,Tallapoosa,67.4618320610687,Relatively Low,58.91089108910891,74.21777221526908,Relatively Low,632104.3264968169,,01123
01125,Alabama,Tuscaloosa,90.80788804071247,Relatively Moderate,89.23267326732673,81.10137672090113,Relatively Low,1983335.0953429346,,01125
01127,Alabama,Walker,82.60178117048346,Relatively Moderate,76.51608910891089,58.28118481435127,Very Low,118917.88952002773,,01127
01129,Alabama,Washington,45.64249363867685,Relatively Low,38.18069306930693,86.94201084689195,Relatively Moderate,3594078.764192246,21.6,01129
01131,Alabama,Wilcox,36.704834605597966,Very Low,21.503712871287128,76.42886942010847,Relatively Low,711807.6687849035,,01131
01133,Alabama,Winston,59.19211195928753,Relatively Low,43.56435643564357,62.78681685440134,Relatively Low,167672.72132062452,,01133
02013,Alaska,Aleutians East,21.342239185750635,Very Low,8.91089108910891,,Not Applicable,,0.0,02013
02016,Alaska,Aleutians West,67.30279898218829,Relatively Low,71.8131188118812,,Not Applicable,,0.0,02016
02020,Alaska,Anchorage,97.39185750636132,Relatively High,98.42202970297029,,Not Applicable,,28.000000000000004,02020
02050,Alaska,Bethel,44.30661577608143,Relatively Low,27.5990099009901,,Not Applicable,,0.0,02050
02060,Alaska,Bristol Bay,1.208651399491094,Very Low,1.175742574257426,,Not Applicable,,0.0,02060
02063,Alaska,Chugach,19.62468193384224,Very Low,34.06559405940594,,Not Applicable,,20.8,02063
02066,Alaska,Copper River,39.94910941475827,Very Low,26.392326732673265,,Not Applicable,,0.0,02066
02068,Alaska,Denali,28.30788804071247,Very Low,39.511138613861384,,Not Applicable,,,02068
02070,Alaska,Dillingham,35.68702290076336,Very Low,20.48267326732673,,Not Applicable,,0.0,02070
02090,Alaska,Fairbanks North Star,88.5178117048346,Relatively Moderate,90.77970297029702,,Not Applicable,,,02090
02100,Alaska,Haines,4.293893129770993,Very Low,3.527227722772277,,Not Applicable,,0.0,02100
02105,Alaska,Hoonah-Angoon,14.31297709923664,Very Low,6.09529702970297,,Not Applicable,,22.8,02105
02110,Alaska,Juneau,11.513994910941475,Very Low,17.388613861386137,,Not Applicable,,38.0,02110
02122,Alaska,Kenai Peninsula,93.03435114503816,Relatively Moderate,92.41955445544554,,Not Applicable,,33.800000000000004,02122
02130,Alaska,Ketchikan Gateway,1.685750636132316,Very Low,1.794554455445544,,Not Applicable,,26.0,02130
02150,Alaska,Kodiak Island,65.13994910941476,Relatively Low,68.10024752475248,,Not Applicable,,0.0,02150
02158,Alaska,Kusilvak,57.91984732824428,Relatively Low,38.58292079207921,,Not Applicable,,0.0,02158
02164,Alaska,Lake and Peninsula,6.26590330788804,Very Low,2.103960396039604,,Not Applicable,,0.0,02164
02170,Alaska,Matanuska-Susitna,93.25699745547074,Relatively Moderate,94.49257425742574,,Not Applicable,,0.0,02170
02180,Alaska,Nome,34.06488549618321,Very Low,18.254950495049506,,Not Applicable,,0.0,02180
02185,Alaska,North Slope,14.75826972010178,Very Low,12.65470297029703,,Not Applicable,,0.0,02185
02188,Alaska,Northwest Arctic,54.58015267175572,Relatively Low,34.99381188118812,,Not Applicable,,0.0,02188
02195,Alaska,Petersburg,15.426208651399492,Very Low,13.521039603960396,,Not Applicable,,0.0,02195
02198,Alaska,Prince of Wales-Hyder,0.954198473282443,Very Low,0.556930693069307,,Not Applicable,,0.0,02198
02220,Alaska,Sitka,23.823155216284988,Very Low,23.576732673267326,,Not Applicable,,34.0,02220
02230,Alaska,Skagway,0.477099236641221,Very Low,0.371287128712871,,Not Applicable,,0.0,02230
02240,Alaska,Southeast Fairbanks,57.029262086513995,Relatively Low,42.41955445544555,,Not Applicable,,,02240
02275,Alaska,Wrangell,0.063613231552163,Very Low,0.061881188118812,,Not Applicable,,0.0,02275
02282,Alaska,Yakutat,2.958015267175572,Very Low,1.206683168316832,,Not Applicable,,0.0,02282
02290,Alaska,Yukon-Koyukuk,61.54580152671756,Relatively Low,43.44059405940594,,Not Applicable,,,02290
04001,Arizona,Apache,78.7849872773537,Relatively Low,62.12871287128713,11.681268251981644,Very Low,1345.9136447138394,,04001
04003,Arizona,Cochise,92.84351145038168,Relatively Moderate,90.00618811881188,34.209428452231954,Very Low,13964.165030078459,,04003
04005,Arizona,Coconino,94.21119592875317,Relatively Moderate,93.16212871287128,0.0,No Rating,0.0,,04005
04007,Arizona,Gila,90.17175572519083,Relatively Moderate,85.17945544554455,7.676261994159366,Very Low,581.8635497983117,,04007
04009,Arizona,Graham,64.59923664122137,Relatively Low,56.992574257425744,13.68377138089278,Very Low,2455.1711893368965,,04009
04011,Arizona,Greenlee,12.372773536895675,Very Low,14.201732673267326,7.384230287859824,Very Low,629.9540028133121,,04011
04012,Arizona,La Paz,83.52417302798982,Relatively Moderate,70.32797029702971,16.68752607425949,Very Low,2349.012812241295,,04012
04013,Arizona,Maricopa,99.87277353689568,Very High,99.87623762376238,26.574885273258243,Very Low,11769.706011808874,,04013
04015,Arizona,Mohave,94.75190839694656,Relatively High,91.0891089108911,0.0,No Rating,0.0,,04015
04017,Arizona,Navajo,88.07251908396947,Relatively Moderate,79.70297029702971,0.0,No Rating,0.0,,04017
04019,Arizona,Pima,99.10941475826972,Relatively High,99.10272277227723,18.69002920317063,Very Low,4770.318517701899,,04019
04021,Arizona,Pinal,93.8295165394402,Relatively Moderate,93.53341584158416,18.815185648727574,Very Low,5068.526879461035,,04021
04023,Arizona,Santa Cruz,88.32697201017811,Relatively Moderate,80.90965346534654,17.271589486858574,Very Low,2739.6412876850195,,04023
04025,Arizona,Yavapai,93.73409669211196,Relatively Moderate,91.36757425742574,0.0,No Rating,0.0,,04025
04027,Arizona,Yuma,92.55725190839695,Relatively Moderate,90.0990099009901,22.736754276178555,Very Low,5574.015532284403,,04027
05001,Arkansas,Arkansas,63.199745547073796,Relatively Low,53.46534653465347,60.95118898623279,Relatively Low,160231.44238483472,,05001
05003,Arkansas,Ashley,53.912213740458014,Relatively Low,41.429455445544555,65.12307050479767,Relatively Low,235430.01460120382,,05003
05005,Arkansas,Baxter,72.29643765903307,Relatively Low,62.15965346534653,35.91989987484355,Very Low,15310.79398346623,,05005
05007,Arkansas,Benton,88.74045801526718,Relatively Moderate,90.1299504950495,52.35711305798916,Very Low,109158.41184137804,,05007
05009,Arkansas,Boone,62.34096692111959,Relatively Low,62.62376237623762,37.463496036712556,Very Low,23599.241220509448,,05009
05011,Arkansas,Bradley,30.756997455470735,Very Low,16.24381188118812,54.44305381727159,Very Low,66129.60859704667,,05011
05013,Arkansas,Calhoun,2.258269720101781,Very Low,4.207920792079208,31.45598664997914,Very Low,20416.301669060536,,05013
05015,Arkansas,Carroll,64.56743002544529,Relatively Low,53.867574257425744,50.438047559449316,Very Low,51135.680384515195,,05015
05017,Arkansas,Chicot,43.765903307888046,Relatively Low,30.414603960396043,65.74885273258239,Relatively Low,241439.5222245366,,05017
05019,Arkansas,Clark,41.0941475826972,Very Low,35.67450495049505,50.98039215686274,Very Low,62062.67527017577,,05019
05021,Arkansas,Clay,71.62849872773536,Relatively Low,61.819306930693074,49.81226533166458,Very Low,49648.48623176008,,05021
05023,Arkansas,Cleburne,72.70992366412213,Relatively Low,65.43935643564357,53.066332916145186,Very Low,73775.03992219268,,05023
05025,Arkansas,Cleveland,9.478371501272264,Very Low,4.764851485148515,51.27242386316229,Very Low,51241.97679499071,,05025
05027,Arkansas,Columbia,42.08015267175573,Very Low,29.33168316831683,61.03462661660409,Relatively Low,149728.38225352086,,05027
05029,Arkansas,Conway,56.55216284987278,Relatively Low,46.472772277227726,52.732582394659985,Very Low,65562.08343300653,,05029
05031,Arkansas,Craighead,91.79389312977099,Relatively Moderate,89.82054455445545,56.82102628285357,Very Low,118946.47764979028,,05031
05033,Arkansas,Crawford,71.5966921119593,Relatively Low,72.4009900990099,43.38756779307468,Very Low,39670.69338308547,,05033
05035,Arkansas,Crittenden,82.95165394402035,Relatively Moderate,79.05321782178217,47.26741760534001,Very Low,44835.4197371158,,05035
05037,Arkansas,Cross,64.91730279898219,Relatively Low,59.62252475247525,49.56195244055069,Very Low,57545.11652825212,,05037
05039,Arkansas,Dallas,10.082697201017812,Very Low,5.693069306930694,45.30663329161452,Very Low,31813.93624081551,,05039
05041,Arkansas,Desha,32.88804071246819,Very Low,19.74009900990099,63.28744263662912,Relatively Low,181922.93665169872,,05041
05043,Arkansas,Drew,35.146310432569976,Very Low,22.86509900990099,56.57071339173968,Very Low,90695.77448321533,,05043
05045,Arkansas,Faulkner,86.16412213740458,Relatively Moderate,88.30445544554455,52.816020025031285,Very Low,116800.86367161799,,05045
05047,Arkansas,Franklin,49.395674300254456,Relatively Low,33.415841584158414,46.93366708385482,Very Low,33672.68958697305,,05047
05049,Arkansas,Fulton,50.667938931297705,Relatively Low,32.33292079207921,32.874426366291196,Very Low,10114.554103536644,,05049
05051,Arkansas,Garland,89.31297709923665,Relatively Moderate,85.64356435643565,62.07759699624531,Relatively Low,181579.0960876339,,05051
05053,Arkansas,Grant,15.712468193384224,Very Low,17.883663366336634,37.79724655819774,Very Low,25265.803432879587,,05053
05055,Arkansas,Greene,80.18447837150127,Relatively Low,75.86633663366337,46.057571964956196,Very Low,39917.93776590181,,05055
05057,Arkansas,Hempstead,52.06743002544529,Relatively Low,40.99628712871287,64.99791405924071,Relatively Low,239665.28584394936,,05057
05059,Arkansas,Hot Spring,55.534351145038165,Relatively Low,47.06064356435643,53.35836462244472,Very Low,76322.0413278371,,05059
05061,Arkansas,Howard,48.50508905852418,Relatively Low,34.68440594059406,56.904463913224866,Very Low,92260.95783605725,,05061
05063,Arkansas,Independence,69.08396946564885,Relatively Low,66.64603960396039,50.68836045056321,Very Low,66403.17591347797,,05063
05065,Arkansas,Izard,53.0852417302799,Relatively Low,35.55074257425743,41.05131414267834,Very Low,18494.139186031894,,05065
05067,Arkansas,Jackson,67.84351145038168,Relatively Low,55.290841584158414,53.858990404672504,Very Low,69806.27603770616,,05067
05069,Arkansas,Jefferson,85.17811704834605,Relatively Moderate,78.0631188118812,65.28994576554025,Relatively Low,236403.38647336938,,05069
05071,Arkansas,Johnson,58.14249363867684,Relatively Low,49.040841584158414,36.37880684188569,Very Low,16777.051278944,,05071
05073,Arkansas,Lafayette,33.23791348600509,Very Low,21.782178217821784,63.07884856070088,Relatively Low,188113.2478224198,,05073
05075,Arkansas,Lawrence,67.87531806615776,Relatively Low,58.75618811881188,50.27117229870671,Very Low,52620.797486900454,,05075
05077,Arkansas,Lee,40.42620865139949,Very Low,23.01980198019802,50.73007926574885,Very Low,43829.1670916788,,05077
05079,Arkansas,Lincoln,29.770992366412212,Very Low,20.94678217821782,57.65540258656654,Very Low,110502.20708385584,,05079
05081,Arkansas,Little River,44.05216284987277,Relatively Low,31.93069306930693,42.803504380475594,Very Low,25016.19762623072,,05081
05083,Arkansas,Logan,48.18702290076336,Relatively Low,43.224009900990104,44.931163954943685,Very Low,35875.73175009008,,05083
05085,Arkansas,Lonoke,75.09541984732824,Relatively Low,80.35272277227723,52.85773884021694,Very Low,115556.27472512593,,05085
05087,Arkansas,Madison,45.06997455470738,Relatively Low,41.05816831683168,45.51522736754276,Very Low,39404.56795239974,,05087
05089,Arkansas,Marion,47.96437659033079,Relatively Low,34.25123762376238,32.7909887359199,Very Low,11376.808094280399,,05089
05091,Arkansas,Miller,70.83333333333334,Relatively Low,61.01485148514851,51.35586149353358,Very Low,56937.094278455705,,05091
05093,Arkansas,Mississippi,89.2175572519084,Relatively Moderate,84.3131188118812,52.98289528577388,Very Low,64734.26076140697,,05093
05095,Arkansas,Monroe,36.51399491094148,Very Low,24.659653465346533,49.353358364622444,Very Low,45692.449105312604,,05095
05097,Arkansas,Montgomery,30.693384223918574,Very Low,15.748762376237623,42.219440967876515,Very Low,20155.641703548758,,05097
05099,Arkansas,Nevada,30.56615776081425,Very Low,16.120049504950494,56.94618272841051,Very Low,84949.97354278158,,05099
05101,Arkansas,Newton,18.447837150127228,Very Low,8.446782178217822,17.688777638715063,Very Low,2854.950294049367,,05101
05103,Arkansas,Ouachita,51.20865139949109,Relatively Low,36.60272277227723,56.15352523988319,Very Low,83866.9400188545,,05103
05105,Arkansas,Perry,28.053435114503817,Very Low,23.700495049504948,34.96036712557363,Very Low,16593.186616849507,,05105
05107,Arkansas,Phillips,61.67302798982188,Relatively Low,46.9059405940594,58.11430955360868,Very Low,98898.1427652548,,05107
05109,Arkansas,Pike,26.55852417302799,Very Low,20.14232673267327,49.645390070921984,Very Low,54436.46867236172,,05109
05111,Arkansas,Poinsett,72.51908396946564,Relatively Low,67.20297029702971,44.2636629119733,Very Low,33845.900402776984,,05111
05113,Arkansas,Polk,46.11959287531807,Relatively Low,34.62252475247525,45.8072590738423,Very Low,33307.74850302227,,05113
05115,Arkansas,Pope,77.83078880407125,Relatively Low,78.99133663366337,42.97037964121819,Very Low,39389.50109477957,,05115
05117,Arkansas,Prairie,41.38040712468193,Very Low,30.754950495049506,49.60367125573634,Very Low,49635.85092267489,,05117
05119,Arkansas,Pulaski,96.78753180661577,Relatively High,95.97772277227723,71.75636211931581,Relatively Low,607313.3768428754,,05119
05121,Arkansas,Randolph,66.98473282442748,Relatively Low,61.293316831683164,49.26992073425115,Very Low,54352.123846787224,,05121
05123,Arkansas,St. Francis,74.74554707379136,Relatively Low,58.694306930693074,51.230705047976635,Very Low,46009.24746128985,,05123
05125,Arkansas,Saline,77.63994910941476,Relatively Low,80.16707920792079,56.07008760951189,Very Low,143624.84572549557,,05125
05127,Arkansas,Scott,26.84478371501272,Very Low,26.144801980198018,34.376303712974554,Very Low,17777.956845387635,,05127
05129,Arkansas,Searcy,27.735368956743002,Very Low,19.121287128712872,17.229870671672927,Very Low,3274.4314785214733,,05129
05131,Arkansas,Sebastian,86.80025445292621,Relatively Moderate,85.86014851485149,49.436795994993744,Very Low,64468.195164735735,,05131
05133,Arkansas,Sevier,64.94910941475827,Relatively Low,47.49381188118812,54.06758448060075,Very Low,62654.70049774874,,05133
05135,Arkansas,Sharp,68.06615776081425,Relatively Low,52.382425742574256,51.06382978723404,Very Low,46642.4188380174,,05135
05137,Arkansas,Stone,49.87277353689568,Relatively Low,36.07673267326732,38.71506049228202,Very Low,17411.224228736468,,05137
05139,Arkansas,Union,53.88040712468194,Relatively Low,44.275990099009896,59.44931163954944,Relatively Low,138659.8229663923,,05139
05141,Arkansas,Van Buren,50.57251908396947,Relatively Low,35.086633663366335,36.337088026700044,Very Low,14122.217347755968,,05141
05143,Arkansas,Washington,92.27099236641222,Relatively Moderate,93.06930693069307,54.401335002085936,Very Low,123676.03014094851,,05143
05145,Arkansas,White,85.71882951653944,Relatively Moderate,84.09653465346535,54.60992907801418,Very Low,103024.5235827883,,05145
05147,Arkansas,Woodruff,42.270992366412216,Very Low,28.527227722772274,49.77054651647893,Very Low,46145.01551287186,,05147
05149,Arkansas,Yell,58.93765903307888,Relatively Low,50.433168316831676,48.226950354609926,Very Low,45344.420300717684,,05149
06001,California,Alameda,99.77735368956743,Very High,99.75247524752476,,Not Applicable,,86.0,06001
06003,California,Alpine,10.559796437659033,Very Low,12.19059405940594,,Not Applicable,,,06003
06005,California,Amador,79.19847328244275,Relatively Low,79.11509900990099,,Not Applicable,,,06005
06007,California,Butte,93.92493638676844,Relatively Moderate,92.79084158415841,,Not Applicable,,,06007
06009,California,Calaveras,86.60941475826972,Relatively Moderate,84.62252475247524,,Not Applicable,,,06009
06011,California,Colusa,81.13867684478372,Relatively Moderate,80.01237623762376,,Not Applicable,,,06011
06013,California,Contra Costa,99.49109414758269,Very High,99.62871287128714,,Not Applicable,,66.0,06013
06015,California,Del Norte,94.43384223918575,Relatively High,93.8118811881188,,Not Applicable,,42.4,06015
06017,California,El Dorado,91.41221374045801,Relatively Moderate,92.66707920792079,,Not Applicable,,,06017
06019,California,Fresno,99.30025445292621,Relatively High,99.19554455445545,,Not Applicable,,,06019
06021,California,Glenn,74.42748091603053,Relatively Low,80.25990099009901,,Not Applicable,,,06021
06023,California,Humboldt,96.7557251908397,Relatively High,95.35891089108911,,Not Applicable,,87.8,06023
06025,California,Imperial,96.46946564885496,Relatively High,94.05940594059405,22.31956612432207,Very Low,4743.329318264089,,06025
06027,California,Inyo,79.32569974554707,Relatively Low,70.97772277227723,,Not Applicable,,,06027
06029,California,Kern,98.88676844783714,Relatively High,98.73143564356435,,Not Applicable,,,06029
06031,California,Kings,92.43002544529261,Relatively Moderate,90.34653465346535,,Not Applicable,,,06031
06033,California,Lake,93.00254452926208,Relatively Moderate,90.71782178217822,,Not Applicable,,,06033
06035,California,Lassen,73.09160305343512,Relatively Low,68.16212871287128,,Not Applicable,,,06035
06037,California,Los Angeles,100.0,Very High,100.0,0.0,No Rating,0.0,90.0,06037
06039,California,Madera,96.43765903307889,Relatively High,94.55445544554455,,Not Applicable,,,06039
06041,California,Marin,96.37404580152672,Relatively High,96.875,,Not Applicable,,97.2,06041
06043,California,Mariposa,86.41857506361323,Relatively Moderate,78.6509900990099,,Not Applicable,,,06043
06045,California,Mendocino,94.3384223918575,Relatively High,92.04826732673267,,Not Applicable,,54.400000000000006,06045
06047,California,Merced,96.85114503816794,Relatively High,95.79207920792079,,Not Applicable,,,06047
06049,California,Modoc,39.69465648854962,Very Low,34.49876237623762,,Not Applicable,,,06049
06051,California,Mono,46.50127226463104,Relatively Low,54.42450495049505,,Not Applicable,,,06051
06053,California,Monterey,98.72773536895674,Relatively High,98.66955445544554,,Not Applicable,,59.8,06053
06055,California,Napa,95.26081424936386,Relatively High,95.29702970297029,,Not Applicable,,68.2,06055
06057,California,Nevada,89.8854961832061,Relatively Moderate,88.89232673267327,,Not Applicable,,,06057
06059,California,Orange,99.80916030534351,Very High,99.78341584158416,0.0,No Rating,0.0,92.0,06059
06061,California,Placer,93.06615776081425,Relatively Moderate,94.58539603960396,,Not Applicable,,,06061
06063,California,Plumas,86.38676844783714,Relatively Moderate,80.32178217821783,,Not Applicable,,,06063
06065,California,Riverside,99.90458015267176,Very High,99.9381188118812,11.973299958281185,Very Low,2671.600048097243,,06065
06067,California,Sacramento,98.1234096692112,Relatively High,98.20544554455446,,Not Applicable,,0.0,06067
06069,California,San Benito,85.24173027989822,Relatively Moderate,88.83044554455446,,Not Applicable,,,06069
06071,California,San Bernardino,99.84096692111959,Very High,99.84529702970298,0.0,No Rating,0.0,,06071
06073,California,San Diego,99.71374045801527,Very High,99.69059405940595,8.302044221944097,Very Low,1416.3604640752935,72.8,06073
06075,California,San Francisco,99.52290076335878,Very High,99.59777227722772,,Not Applicable,,62.0,06075
06077,California,San Joaquin,98.60050890585241,Relatively High,98.79331683168317,,Not Applicable,,,06077
06079,California,San Luis Obispo,95.8969465648855,Relatively High,96.16336633663366,,Not Applicable,,50.0,06079
06081,California,San Mateo,99.23664122137404,Relatively High,99.4430693069307,,Not Applicable,,91.8,06081
06083,California,Santa Barbara,98.9821882951654,Relatively High,98.94801980198021,0.0,No Rating,0.0,51.4,06083
06085,California,Santa Clara,99.74554707379136,Very High,99.81435643564357,,Not Applicable,,88.8,06085
06087,California,Santa Cruz,97.80534351145039,Relatively High,98.05074257425743,,Not Applicable,,49.2,06087
06089,California,Shasta,93.38422391857506,Relatively Moderate,93.44059405940595,,Not Applicable,,,06089
06091,California,Sierra,31.520356234096692,Very Low,28.310643564356436,,Not Applicable,,,06091
06093,California,Siskiyou,89.02671755725191,Relatively Moderate,85.61262376237624,,Not Applicable,,,06093
06095,California,Solano,97.01017811704835,Relatively High,97.52475247524752,,Not Applicable,,82.8,06095
06097,California,Sonoma,99.07760814249363,Relatively High,99.22648514851485,,Not Applicable,,68.60000000000001,06097
06099,California,Stanislaus,96.88295165394402,Relatively High,97.02970297029702,,Not Applicable,,,06099
06101,California,Sutter,83.7150127226463,Relatively Moderate,81.86881188118812,,Not Applicable,,,06101
06103,California,Tehama,88.89949109414759,Relatively Moderate,87.65470297029702,,Not Applicable,,,06103
06105,California,Trinity,79.45292620865139,Relatively Low,71.65841584158416,,Not Applicable,,,06105
06107,California,Tulare,97.04198473282443,Relatively High,96.19430693069307,,Not Applicable,,,06107
06109,California,Tuolumne,85.20992366412213,Relatively Moderate,83.9108910891089,,Not Applicable,,,06109
06111,California,Ventura,99.39567430025446,Relatively High,99.5049504950495,0.0,No Rating,0.0,60.8,06111
06113,California,Yolo,91.38040712468194,Relatively Moderate,92.01732673267327,,Not Applicable,,,06113
06115,California,Yuba,80.88422391857506,Relatively Low,82.36386138613861,,Not Applicable,,,06115
08001,Colorado,Adams,91.18956743002545,Relatively Moderate,93.10024752475248,,Not Applicable,,,08001
08003,Colorado,Alamosa,40.36259541984733,Very Low,26.175742574257427,,Not Applicable,,,08003
08005,Colorado,Arapahoe,93.79770992366412,Relatively Moderate,94.95668316831683,,Not Applicable,,,08005
08007,Colorado,Archuleta,34.478371501272264,Very Low,27.568069306930692,,Not Applicable,,,08007
08009,Colorado,Baca,23.155216284987276,Very Low,11.881188118811881,,Not Applicable,,,08009
08011,Colorado,Bent,5.629770992366412,Very Low,9.003712871287128,,Not Applicable,,,08011
08013,Colorado,Boulder,90.71246819338423,Relatively Moderate,92.69801980198021,,Not Applicable,,,08013
08014,Colorado,Broomfield,34.70101781170484,Very Low,55.136138613861384,,Not Applicable,,,08014
08015,Colorado,Chaffee,51.11323155216285,Relatively Low,60.334158415841586,,Not Applicable,,,08015
08017,Colorado,Cheyenne,3.021628498727735,Very Low,4.981435643564357,,Not Applicable,,,08017
08019,Colorado,Clear Creek,46.723918575063614,Relatively Low,61.850247524752476,,Not Applicable,,,08019
08021,Colorado,Conejos,22.932569974554706,Very Low,13.861386138613863,,Not Applicable,,,08021
08023,Colorado,Costilla,6.552162849872774,Very Low,1.949257425742574,,Not Applicable,,,08023
08025,Colorado,Crowley,3.880407124681934,Very Low,2.691831683168317,,Not Applicable,,,08025
08027,Colorado,Custer,3.912213740458016,Very Low,8.632425742574256,,Not Applicable,,,08027
08029,Colorado,Delta,51.27226463104325,Relatively Low,48.32920792079208,,Not Applicable,,,08029
08031,Colorado,Denver,95.22900763358778,Relatively High,96.50371287128714,,Not Applicable,,,08031
08033,Colorado,Dolores,11.323155216284988,Very Low,10.705445544554456,,Not Applicable,,,08033
08035,Colorado,Douglas,88.70865139949109,Relatively Moderate,91.80074257425743,,Not Applicable,,,08035
08037,Colorado,Eagle,76.24045801526718,Relatively Low,83.16831683168317,,Not Applicable,,,08037
08039,Colorado,Elbert,36.57760814249364,Very Low,54.331683168316836,,Not Applicable,,,08039
08041,Colorado,El Paso,94.05216284987277,Relatively Moderate,96.07054455445545,,Not Applicable,,,08041
08043,Colorado,Fremont,68.57506361323156,Relatively Low,64.29455445544554,,Not Applicable,,,08043
08045,Colorado,Garfield,64.53562340966921,Relatively Low,72.15346534653465,,Not Applicable,,,08045
08047,Colorado,Gilpin,6.361323155216285,Very Low,10.891089108910892,,Not Applicable,,,08047
08049,Colorado,Grand,50.19083969465649,Relatively Low,60.95297029702971,,Not Applicable,,,08049
08051,Colorado,Gunnison,44.974554707379134,Relatively Low,62.28341584158416,,Not Applicable,,,08051
08053,Colorado,Hinsdale,1.017811704834606,Very Low,1.732673267326733,,Not Applicable,,,08053
08055,Colorado,Huerfano,24.236641221374043,Very Low,15.625,,Not Applicable,,,08055
08057,Colorado,Jackson,11.768447837150127,Very Low,12.716584158415841,,Not Applicable,,,08057
08059,Colorado,Jefferson,94.94274809160305,Relatively High,96.53465346534654,,Not Applicable,,,08059
08061,Colorado,Kiowa,3.784987277353689,Very Low,6.002475247524752,,Not Applicable,,,08061
08063,Colorado,Kit Carson,32.474554707379134,Very Low,36.32425742574257,,Not Applicable,,,08063
08065,Colorado,Lake,5.661577608142494,Very Low,10.58168316831683,,Not Applicable,,,08065
08067,Colorado,La Plata,75.15903307888041,Relatively Low,79.45544554455446,,Not Applicable,,,08067
08069,Colorado,Larimer,90.13994910941476,Relatively Moderate,92.75990099009901,,Not Applicable,,,08069
08071,Colorado,Las Animas,23.6323155216285,Very Low,21.379950495049506,,Not Applicable,,,08071
08073,Colorado,Lincoln,7.474554707379134,Very Low,11.29331683168317,,Not Applicable,,,08073
08075,Colorado,Logan,58.7468193384224,Relatively Low,56.83787128712871,,Not Applicable,,,08075
08077,Colorado,Mesa,75.12722646310432,Relatively Low,76.33044554455446,,Not Applicable,,,08077
08079,Colorado,Mineral,5.438931297709924,Very Low,11.169554455445544,,Not Applicable,,,08079
08081,Colorado,Moffat,12.054707379134861,Very Low,22.246287128712872,,Not Applicable,,,08081
08083,Colorado,Montezuma,47.61450381679389,Relatively Low,43.285891089108915,,Not Applicable,,,08083
08085,Colorado,Montrose,49.01399491094148,Relatively Low,51.98019801980198,,Not Applicable,,,08085
08087,Colorado,Morgan,51.94020356234097,Relatively Low,60.89108910891089,,Not Applicable,,,08087
08089,Colorado,Otero,50.731552162849866,Relatively Low,41.95544554455445,,Not Applicable,,,08089
08091,Colorado,Ouray,17.716284987277355,Very Low,32.14727722772277,,Not Applicable,,,08091
08093,Colorado,Park,22.201017811704833,Very Low,38.73762376237624,,Not Applicable,,,08093
08095,Colorado,Phillips,12.340966921119593,Very Low,21.72029702970297,,Not Applicable,,,08095
08097,Colorado,Pitkin,54.103053435114504,Relatively Low,69.12128712871286,,Not Applicable,,,08097
08099,Colorado,Prowers,48.60050890585242,Relatively Low,36.01485148514851,,Not Applicable,,,08099
08101,Colorado,Pueblo,82.50636132315522,Relatively Moderate,83.13737623762376,,Not Applicable,,,08101
08103,Colorado,Rio Blanco,37.595419847328245,Very Low,38.83044554455445,,Not Applicable,,,08103
08105,Colorado,Rio Grande,45.76972010178117,Relatively Low,30.25990099009901,,Not Applicable,,,08105
08107,Colorado,Routt,33.36513994910941,Very Low,53.40346534653465,,Not Applicable,,,08107
08109,Colorado,Saguache,14.249363867684478,Very Low,13.304455445544555,,Not Applicable,,,08109
08111,Colorado,San Juan,10.687022900763358,Very Low,21.844059405940595,,Not Applicable,,,08111
08113,Colorado,San Miguel,19.115776081424936,Very Low,35.27227722772277,,Not Applicable,,,08113
08115,Colorado,Sedgwick,6.520356234096693,Very Low,7.178217821782177,,Not Applicable,,,08115
08117,Colorado,Summit,60.20992366412214,Relatively Low,72.09158415841584,,Not Applicable,,,08117
08119,Colorado,Teller,38.83587786259542,Very Low,54.54826732673267,,Not Applicable,,,08119
08121,Colorado,Washington,11.991094147582697,Very Low,10.396039603960396,,Not Applicable,,,08121
08123,Colorado,Weld,89.15394402035624,Relatively Moderate,91.05816831683168,,Not Applicable,,,08123
08125,Colorado,Yuma,36.800254452926204,Very Low,51.918316831683164,,Not Applicable,,,08125
10001,Delaware,Kent,84.51017811704835,Relatively Moderate,85.36509900990099,91.2807676261994,Relatively Moderate,10003152.17384973,69.6,10001
10003,Delaware,New Castle,95.29262086513995,Relatively High,95.69925742574257,88.4438881935753,Relatively Moderate,6493126.59038636,83.8,10003
10005,Delaware,Sussex,94.14758269720102,Relatively Moderate,92.20297029702971,97.20483938256153,Relatively High,35311960.00942895,97.6,10005
11001,District of Columbia,District of Columbia,97.58269720101781,Relatively High,97.55569306930693,96.03671255736337,Relatively High,28606330.018454276,74.0,11001
12001,Florida,Alachua,90.33078880407125,Relatively Moderate,89.78960396039604,96.70421360033376,Relatively High,34389154.81963139,0.0,12001
12003,Florida,Baker,13.263358778625955,Very Low,18.75,74.46808510638297,Relatively Low,1040067.4509205373,0.0,12003
12005,Florida,Bay,94.11577608142494,Relatively Moderate,94.39975247524752,98.66499791405924,Very High,117804682.99601369,77.2,12005
12007,Florida,Bradford,36.86386768447837,Very Low,38.056930693069305,87.56779307467669,Relatively Moderate,4905186.260304082,0.0,12007
12009,Florida,Brevard,98.40966921119593,Relatively High,98.57673267326733,99.70796829370046,Very High,281477818.4904401,82.0,12009
12011,Florida,Broward,99.45928753180662,Relatively High,99.35024752475248,99.8331247392574,Very High,280368508.33477455,97.0,12011
12013,Florida,Calhoun,44.94274809160305,Relatively Low,37.37623762376238,89.11138923654568,Relatively Moderate,4936044.095743165,21.2,12013
12015,Florida,Charlotte,95.19720101781171,Relatively High,93.1930693069307,98.99874843554443,Very High,99786766.19981542,90.4,12015
12017,Florida,Citrus,94.6882951653944,Relatively High,91.61509900990099,98.7901543596162,Very High,82134521.42834927,92.60000000000001,12017
12019,Florida,Clay,81.07506361323156,Relatively Moderate,85.67450495049505,89.77889027951606,Relatively Moderate,9330056.3225859,56.99999999999999,12019
12021,Florida,Collier,98.91857506361323,Relatively High,98.60767326732673,99.7496871088861,Very High,216046453.68840617,95.19999999999999,12021
12023,Florida,Columbia,69.72010178117048,Relatively Low,63.335396039603964,90.44639132248645,Relatively Moderate,6320877.468832838,0.0,12023
12027,Florida,DeSoto,81.64758269720102,Relatively Moderate,68.99752475247524,96.24530663329162,Relatively High,17274151.423256215,33.4,12027
12029,Florida,Dixie,35.49618320610687,Very Low,32.58044554455445,87.10888610763455,Relatively Moderate,4238847.464812358,73.6,12029
12031,Florida,Duval,97.20101781170484,Relatively High,96.99876237623762,97.66374634960367,Relatively High,64942683.47135181,91.0,12031
12033,Florida,Escambia,95.10178117048346,Relatively High,95.01856435643565,98.83187317480183,Very High,120936675.85247009,76.8,12033
12035,Florida,Flagler,82.76081424936386,Relatively Moderate,80.56930693069307,94.95202336253651,Relatively High,18561164.433842055,67.60000000000001,12035
12037,Florida,Franklin,46.533078880407125,Relatively Low,39.44925742574257,90.4881101376721,Relatively Moderate,6302658.888956383,77.4,12037
12039,Florida,Gadsden,72.39185750636132,Relatively Low,59.15841584158416,91.44764288694202,Relatively Moderate,6204461.5957598165,,12039
12041,Florida,Gilchrist,27.958015267175572,Very Low,21.16336633663366,84.27200667501043,Relatively Moderate,2537967.2472042274,25.8,12041
12043,Florida,Glades,48.02798982188295,Relatively Low,30.136138613861384,87.60951188986232,Relatively Moderate,3081827.3833061596,0.0,12043
12045,Florida,Gulf,59.541984732824424,Relatively Low,55.600247524752476,93.4084272006675,Relatively High,12279719.62220476,61.6,12045
12047,Florida,Hamilton,43.00254452926209,Relatively Low,29.084158415841582,90.0709219858156,Relatively Moderate,4822566.108905055,,12047
12049,Florida,Hardee,69.17938931297711,Relatively Low,68.2858910891089,91.36420525657071,Relatively Moderate,8799398.703252515,0.0,12049
12051,Florida,Hendry,78.65776081424937,Relatively Low,64.23267326732673,94.24280350438048,Relatively High,9982601.307633393,25.6,12051
12053,Florida,Hernando,87.97709923664122,Relatively Moderate,86.20049504950495,96.07843137254902,Relatively High,24528151.52894224,74.2,12053
12055,Florida,Highlands,89.44020356234097,Relatively Moderate,82.58044554455446,95.70296203587819,Relatively High,15656184.421077147,,12055
12057,Florida,Hillsborough,98.82315521628499,Relatively High,98.97896039603961,99.29078014184397,Very High,178334806.54760176,92.4,12057
12059,Florida,Holmes,49.42748091603054,Relatively Low,48.70049504950495,91.48936170212765,Relatively Moderate,8968510.705683578,0.0,12059
12061,Florida,Indian River,95.64249363867684,Relatively High,94.67821782178217,99.16562369628703,Very High,132135718.46208532,69.0,12061
12063,Florida,Jackson,75.69974554707379,Relatively Low,68.06930693069307,94.32624113475178,Relatively High,12991708.163596017,,12063
12065,Florida,Jefferson,38.99491094147582,Very Low,23.236386138613863,86.7334167709637,Relatively Moderate,2850161.202276787,39.4,12065
12067,Florida,Lafayette,15.903307888040713,Very Low,15.439356435643564,84.39716312056737,Relatively Moderate,3114772.898983554,22.0,12067
12069,Florida,Lake,91.92111959287533,Relatively Moderate,90.84158415841584,94.99374217772215,Relatively High,20846577.052504577,35.4,12069
12071,Florida,Lee,99.04580152671755,Relatively High,98.82425742574257,99.9165623696287,Very High,300449297.2052854,97.39999999999999,12071
12073,Florida,Leon,93.35241730279898,Relatively Moderate,93.87376237623762,97.12140175219024,Relatively High,43020522.30057272,23.400000000000002,12073
12075,Florida,Levy,66.0941475826972,Relatively Low,51.23762376237624,91.6145181476846,Relatively Moderate,6220656.527351799,72.6,12075
12077,Florida,Liberty,12.659033078880407,Very Low,12.376237623762377,82.06090947017105,Relatively Moderate,2244450.0961302584,28.599999999999998,12077
12079,Florida,Madison,47.4236641221374,Relatively Low,37.902227722772274,90.57154776804339,Relatively Moderate,5973527.844365654,,12079
12081,Florida,Manatee,97.55089058524173,Relatively High,96.72029702970298,99.33249895702963,Very High,154280517.14925852,98.0,12081
12083,Florida,Marion,94.72010178117048,Relatively High,92.91460396039604,97.83062161034627,Relatively High,52625393.68489455,24.6,12083
12085,Florida,Martin,94.08396946564885,Relatively Moderate,92.23391089108911,98.70671672924489,Very High,91842590.7496636,73.0,12085
12086,Florida,Miami-Dade,99.61832061068702,Very High,99.56683168316832,99.95828118481434,Very High,330598602.6087542,99.6,12086
12087,Florida,Monroe,91.6030534351145,Relatively Moderate,90.22277227722772,97.99749687108886,Relatively High,65121843.431751244,98.8,12087
12089,Florida,Nassau,59.31933842239185,Relatively Low,66.98638613861387,88.36045056320401,Relatively Moderate,6767876.549826424,75.8,12089
12091,Florida,Okaloosa,92.4618320610687,Relatively Moderate,93.31683168316832,98.08093450146016,Very High,87186102.11398445,62.6,12091
12093,Florida,Okeechobee,80.27989821882952,Relatively Low,69.3069306930693,93.53358364622444,Relatively High,9553098.093873223,0.0,12093
12095,Florida,Orange,98.44147582697201,Relatively High,98.76237623762376,98.0392156862745,Relatively High,80194244.1075818,0.0,12095
12097,Florida,Osceola,91.95292620865139,Relatively Moderate,92.11014851485149,94.15936587400918,Relatively High,18244974.492080707,,12097
12099,Florida,Palm Beach,99.20483460559797,Relatively High,99.07178217821783,99.87484355444305,Very High,286922267.2267798,93.4,12099
12101,Florida,Pasco,95.96055979643766,Relatively High,95.66831683168317,98.1226533166458,Very High,77654603.1156437,90.8,12101
12103,Florida,Pinellas,98.21882951653944,Relatively High,97.77227722772277,98.87359198998749,Very High,110079976.67467469,99.2,12103
12105,Florida,Polk,96.53307888040712,Relatively High,96.03960396039604,98.49812265331664,Very High,92315147.61127324,,12105
12107,Florida,Putnam,79.73918575063614,Relatively Low,71.9368811881188,93.45014601585315,Relatively High,10746259.652306601,60.4,12107
12109,Florida,St. Johns,87.53180661577609,Relatively Moderate,90.43935643564357,93.70045890696704,Relatively High,22537389.764878053,89.0,12109
12111,Florida,St. Lucie,96.0559796437659,Relatively High,95.51361386138613,99.20734251147267,Very High,147777797.44889024,65.2,12111
12113,Florida,Santa Rosa,88.96310432569975,Relatively Moderate,90.74876237623762,97.24655819774718,Relatively High,61013631.540126786,70.8,12113
12115,Florida,Sarasota,98.15521628498728,Relatively High,97.18440594059405,99.54109303295786,Very High,180447717.82517734,93.60000000000001,12115
12117,Florida,Seminole,91.4440203562341,Relatively Moderate,93.00742574257426,94.65999165623697,Relatively High,24572966.43769798,0.0,12117
12119,Florida,Sumter,87.59541984732824,Relatively Moderate,82.24009900990099,95.82811848143513,Relatively High,18290605.445194617,,12119
12121,Florida,Suwannee,71.34223918575063,Relatively Low,67.01732673267327,93.36670838548186,Relatively High,12175357.1222179,0.0,12121
12123,Florida,Taylor,65.42620865139949,Relatively Low,53.434405940594054,92.69920734251147,Relatively Moderate,8428344.533441339,76.6,12123
12125,Florida,Union,10.877862595419847,Very Low,12.96410891089109,81.47684605757196,Relatively Low,2249222.9503628504,0.0,12125
12127,Florida,Volusia,96.2150127226463,Relatively High,95.54455445544554,98.456403838131,Very High,86969474.7399903,85.0,12127
12129,Florida,Wakulla,46.69211195928753,Relatively Low,58.66336633663366,84.48060075093868,Relatively Moderate,4464626.12021435,61.199999999999996,12129
12131,Florida,Walton,88.58142493638677,Relatively Moderate,87.5309405940594,97.37171464330413,Relatively High,47304107.56289211,62.2,12131
12133,Florida,Washington,59.44656488549618,Relatively Low,57.61138613861386,92.49061326658324,Relatively Moderate,11061221.80385711,22.400000000000002,12133
13001,Georgia,Appling,50.22264631043257,Relatively Low,43.7809405940594,90.90529828952857,Relatively Moderate,6797945.895947104,,13001
13003,Georgia,Atkinson,7.315521628498728,Very Low,6.806930693069307,78.09762202753441,Relatively Low,1377402.3861377945,,13003
13005,Georgia,Bacon,20.578880407124682,Very Low,15.222772277227723,84.35544430538174,Relatively Moderate,2570802.000649492,,13005
13007,Georgia,Baker,9.764631043256998,Very Low,4.702970297029703,76.34543178973718,Relatively Low,727836.8676070158,,13007
13009,Georgia,Baldwin,50.031806615776084,Relatively Low,47.71039603960396,68.33541927409262,Relatively Low,435210.7513602019,,13009
13011,Georgia,Banks,12.404580152671755,Very Low,17.07920792079208,60.78431372549019,Relatively Low,250332.39352584197,,13011
13013,Georgia,Barrow,45.61068702290076,Relatively Low,57.05445544554455,48.06007509386733,Very Low,77336.67952906564,,13013
13015,Georgia,Bartow,65.2671755725191,Relatively Low,74.72153465346535,50.14601585314977,Very Low,97255.42631094494,,13015
13017,Georgia,Ben Hill,25.41348600508906,Very Low,13.892326732673268,77.2215269086358,Relatively Low,811305.7064532472,,13017
13019,Georgia,Berrien,39.31297709923664,Very Low,29.393564356435643,86.64997914059241,Relatively Moderate,3311565.047841473,,13019
13021,Georgia,Bibb,78.49872773536896,Relatively Low,75.43316831683168,81.9357530246141,Relatively Moderate,2115109.153819355,,13021
13023,Georgia,Bleckley,25.667938931297712,Very Low,19.956683168316832,73.8005840634126,Relatively Low,640922.4190675705,,13023
13025,Georgia,Brantley,18.28880407124682,Very Low,22.400990099009903,83.1455986649979,Relatively Moderate,3132335.6085302047,20.200000000000003,13025
13027,Georgia,Brooks,42.11195928753181,Very Low,28.620049504950494,86.02419691280767,Relatively Moderate,2736457.807907149,,13027
13029,Georgia,Bryan,66.63486005089058,Relatively Low,75.0618811881188,93.86733416770964,Relatively High,21172808.5023671,63.800000000000004,13029
13031,Georgia,Bulloch,75.41348600508906,Relatively Low,75.21658415841584,92.44889445139758,Relatively Moderate,11944666.216608163,,13031
13033,Georgia,Burke,37.30916030534351,Very Low,32.023514851485146,81.14309553608678,Relatively Low,1753246.4088205744,,13033
13035,Georgia,Butts,20.515267175572518,Very Low,17.636138613861384,48.35210680016688,Very Low,51390.06329365328,,13035
13037,Georgia,Calhoun,16.316793893129773,Very Low,7.39480198019802,78.72340425531915,Relatively Low,963323.446053783,,13037
13039,Georgia,Camden,54.54834605597965,Relatively Low,61.57178217821782,91.07217355027117,Relatively Moderate,10306859.239633463,71.6,13039
13043,Georgia,Candler,11.577608142493638,Very Low,10.086633663366337,78.3479349186483,Relatively Low,1274098.0685116344,,13043
13045,Georgia,Carroll,70.45165394402035,Relatively Low,73.97896039603961,64.66416353775553,Relatively Low,370823.4186849966,,13045
13047,Georgia,Catoosa,64.63104325699746,Relatively Low,70.14232673267327,46.97538589904047,Very Low,62513.3125219166,,13047
13049,Georgia,Charlton,26.717557251908396,Very Low,14.573019801980196,88.02670004171883,Relatively Moderate,3341365.419858984,18.4,13049
13051,Georgia,Chatham,97.42366412213741,Relatively High,97.24628712871286,99.37421777221527,Very High,189017956.10029534,96.0,13051
13053,Georgia,Chattahoochee,2.035623409669211,Very Low,3.774752475247525,52.44055068836045,Very Low,117757.28735977938,,13053
13055,Georgia,Chattooga,54.35750636132316,Relatively Low,43.81188118811881,51.77304964539007,Very Low,59531.13613614344,,13055
13057,Georgia,Cherokee,85.2735368956743,Relatively Moderate,88.64480198019803,54.192740926157704,Very Low,156346.96471796205,,13057
13059,Georgia,Clarke,66.95292620865139,Relatively Low,71.28712871287128,71.33917396745932,Relatively Low,754627.9351347393,,13059
13061,Georgia,Clay,8.460559796437659,Very Low,3.155940594059406,71.79808093450146,Relatively Low,392837.67461944243,,13061
13063,Georgia,Clayton,86.73664122137404,Relatively Moderate,86.07673267326733,64.1218189403421,Relatively Low,304849.27940830286,,13063
13065,Georgia,Clinch,20.737913486005088,Very Low,11.200495049504951,82.26950354609929,Relatively Moderate,1629556.9970800888,,13065
13067,Georgia,Cobb,94.37022900763358,Relatively High,95.85396039603961,68.08510638297872,Relatively Low,659712.5526435488,,13067
13069,Georgia,Coffee,59.605597964376585,Relatively Low,51.021039603960396,89.69545264914477,Relatively Moderate,5168452.971290654,,13069
13071,Georgia,Colquitt,70.54707379134861,Relatively Low,60.17945544554455,90.86357947434293,Relatively Moderate,6062038.199760251,,13071
13073,Georgia,Columbia,76.84478371501272,Relatively Low,84.22029702970298,79.68293700458908,Relatively Low,2617624.6743958443,,13073
13075,Georgia,Cook,34.82824427480916,Very Low,29.362623762376238,86.23279098873591,Relatively Moderate,3420717.1205410818,,13075
13077,Georgia,Coweta,65.61704834605598,Relatively Low,74.00990099009901,61.702127659574465,Relatively Low,314360.66712572135,,13077
13079,Georgia,Crawford,3.944020356234097,Very Low,5.785891089108911,58.53149770546516,Relatively Low,206488.6655484129,,13079
13081,Georgia,Crisp,52.29007633587786,Relatively Low,39.23267326732673,80.3921568627451,Relatively Low,1313343.7420431487,,13081
13083,Georgia,Dade,33.20610687022901,Very Low,28.341584158415838,38.130997079682935,Very Low,21150.102500146546,,13083
13085,Georgia,Dawson,21.882951653944023,Very Low,32.17821782178218,36.75427617855653,Very Low,28983.01537669551,,13085
13087,Georgia,Decatur,75.85877862595419,Relatively Low,64.88242574257426,90.52982895285774,Relatively Moderate,5381054.80188518,,13087
13089,Georgia,DeKalb,94.27480916030534,Relatively Moderate,94.15222772277228,72.63245723821443,Relatively Low,756491.6220814781,,13089
13091,Georgia,Dodge,44.75190839694657,Relatively Low,35.05569306930693,79.72465581977471,Relatively Low,1312495.0112373328,,13091
13093,Georgia,Dooly,14.949109414758269,Very Low,17.574257425742573,75.13558614935336,Relatively Low,1031385.5931620202,,13093
13095,Georgia,Dougherty,82.79262086513995,Relatively Moderate,77.16584158415841,89.36170212765957,Relatively Moderate,4904904.898533026,,13095
13097,Georgia,Douglas,65.71246819338423,Relatively Low,76.08292079207921,53.44180225281602,Very Low,143114.82155334414,,13097
13099,Georgia,Early,43.38422391857507,Relatively Low,28.465346534653463,87.40091781393409,Relatively Moderate,3210230.6830407134,,13099
13101,Georgia,Echols,0.540712468193384,Very Low,0.711633663366337,63.12056737588653,Relatively Low,379851.9204965821,,13101
13103,Georgia,Effingham,59.09669211195929,Relatively Low,67.79084158415841,90.73842302878599,Relatively Moderate,10532592.548598774,24.8,13103
13105,Georgia,Elbert,30.788804071246815,Very Low,21.56559405940594,72.21526908635795,Relatively Low,496838.82257901196,,13105
13107,Georgia,Emanuel,39.853689567430024,Very Low,30.507425742574256,84.02169378389654,Relatively Moderate,2382287.187389957,,13107
13109,Georgia,Evans,21.914758269720103,Very Low,15.501237623762377,82.72841051314143,Relatively Moderate,2112613.740416775,,13109
13111,Georgia,Fannin,56.48854961832062,Relatively Low,49.288366336633665,58.74009178139341,Relatively Low,139387.7961284923,,13111
13113,Georgia,Fayette,61.25954198473282,Relatively Low,74.25742574257426,58.82352941176471,Relatively Low,268038.8742431746,,13113
13115,Georgia,Floyd,81.96564885496184,Relatively Moderate,79.54826732673267,63.53775552774301,Relatively Low,259788.8497284433,,13115
13117,Georgia,Forsyth,86.1323155216285,Relatively Moderate,89.75866336633663,55.7363370880267,Very Low,192159.27529700857,,13117
13119,Georgia,Franklin,33.078880407124686,Very Low,27.258663366336634,68.58573216520651,Relatively Low,403973.4685108877,,13119
13121,Georgia,Fulton,95.80152671755725,Relatively High,96.59653465346535,74.92699207342511,Relatively Low,1146456.084173367,,13121
13123,Georgia,Gilmer,68.09796437659033,Relatively Low,59.12747524752475,59.616186900292035,Relatively Low,141332.66474922057,,13123
13125,Georgia,Glascock,0.922391857506361,Very Low,0.649752475247525,56.44555694618273,Very Low,110746.4316959919,,13125
13127,Georgia,Glynn,83.68320610687023,Relatively Moderate,79.76485148514851,95.86983729662077,Relatively High,21408818.945163824,89.60000000000001,13127
13129,Georgia,Gordon,67.20737913486005,Relatively Low,70.51361386138613,59.28243637880685,Relatively Low,201410.97349502746,,13129
13131,Georgia,Grady,52.989821882951645,Relatively Low,46.03960396039604,88.06841885690446,Relatively Moderate,4170775.7033287776,,13131
13133,Georgia,Greene,37.24554707379134,Very Low,30.198019801980198,73.42511472674175,Relatively Low,601814.68133762,,13133
13135,Georgia,Gwinnett,95.41984732824427,Relatively High,95.91584158415841,71.38089278264498,Relatively Low,777132.3334045983,,13135
13137,Georgia,Habersham,38.89949109414758,Very Low,41.92450495049505,58.36462244472257,Very Low,164424.92251811083,,13137
13139,Georgia,Hall,84.2557251908397,Relatively Moderate,85.48886138613861,66.87526074259492,Relatively Low,472451.98293370375,,13139
13141,Georgia,Hancock,11.863867684478372,Very Low,4.95049504950495,62.11931581143095,Relatively Low,141802.08123719422,,13141
13143,Georgia,Haralson,27.608142493638677,Very Low,25.185643564356436,54.484772632457236,Very Low,97458.98672458962,,13143
13145,Georgia,Harris,20.769720101781168,Very Low,28.372524752475247,64.70588235294117,Relatively Low,383659.48443545535,,13145
13147,Georgia,Hart,35.400763358778626,Very Low,31.961633663366335,73.34167709637046,Relatively Low,651479.8433838671,,13147
13149,Georgia,Heard,12.818066157760812,Very Low,6.621287128712872,56.11180642469754,Very Low,84022.13476445797,,13149
13151,Georgia,Henry,79.35750636132316,Relatively Low,84.25123762376238,64.37213183145599,Relatively Low,409881.1264131685,,13151
13153,Georgia,Houston,70.48346055979644,Relatively Low,75.27846534653465,80.4755944931164,Relatively Low,2325061.296654901,,13153
13155,Georgia,Irwin,13.64503816793893,Very Low,15.717821782178218,78.13934084272006,Relatively Low,1498789.4488878285,,13155
13157,Georgia,Jackson,41.921119592875314,Very Low,58.725247524752476,65.20650813516896,Relatively Low,515419.2220682921,,13157
13159,Georgia,Jasper,8.078880407124682,Very Low,6.961633663366337,50.563204005006256,Very Low,66350.89498056118,,13159
13161,Georgia,Jeff Davis,28.212468193384222,Very Low,19.21410891089109,83.85481852315394,Relatively Moderate,2242461.9286000025,,13161
13163,Georgia,Jefferson,25.826972010178118,Very Low,19.89480198019802,75.84480600750939,Relatively Low,858890.8391280998,,13163
13165,Georgia,Jenkins,10.750636132315522,Very Low,7.735148514851485,75.2607425949103,Relatively Low,792833.1282378145,,13165
13167,Georgia,Johnson,9.255725190839694,Very Low,4.393564356435643,68.5022945348352,Relatively Low,316348.1179662065,,13167
13169,Georgia,Jones,16.380407124681934,Very Low,16.150990099009903,62.57822277847309,Relatively Low,244207.84050003617,,13169
13171,Georgia,Lamar,7.792620865139948,Very Low,7.487623762376237,64.91447642886942,Relatively Low,323604.8680240298,,13171
13173,Georgia,Lanier,6.774809160305344,Very Low,5.631188118811881,74.38464747601168,Relatively Low,790647.658366615,,13173
13175,Georgia,Laurens,50.50890585241731,Relatively Low,47.617574257425744,78.5982478097622,Relatively Low,1329919.357053021,,13175
13177,Georgia,Lee,29.389312977099237,Very Low,43.007425742574256,74.80183562786817,Relatively Low,1230543.0276530697,,13177
13179,Georgia,Liberty,83.04707379134861,Relatively Moderate,87.5,96.87108886107634,Relatively High,51167744.07593968,51.2,13179
13181,Georgia,Lincoln,5.534351145038168,Very Low,4.455445544554455,54.52649144764289,Very Low,101419.43484227441,,13181
13183,Georgia,Long,8.015267175572518,Very Low,15.037128712871286,78.93199833124739,Relatively Low,2157744.576874569,20.0,13183
13185,Georgia,Lowndes,72.64631043256998,Relatively Low,72.30816831683168,91.15561118064247,Relatively Moderate,8760820.840436751,,13185
13187,Georgia,Lumpkin,44.910941475826974,Relatively Low,45.79207920792079,43.05381727158949,Very Low,36511.97240633179,,13187
13189,Georgia,McDuffie,24.96819338422392,Very Low,18.59529702970297,65.33166458072591,Relatively Low,266686.8411475433,,13189
13191,Georgia,McIntosh,66.57124681933843,Relatively Low,54.64108910891089,94.7017104714226,Relatively High,13075919.798526531,70.19999999999999,13191
13193,Georgia,Macon,32.092875318066156,Very Low,16.924504950495052,80.26700041718814,Relatively Low,1145342.8763640344,,13193
13195,Georgia,Madison,28.944020356234095,Very Low,25.742574257425744,69.33667083854819,Relatively Low,455323.8803300799,,13195
13197,Georgia,Marion,6.71119592875318,Very Low,2.722772277227723,61.410095953274926,Relatively Low,149076.04626005152,,13197
13199,Georgia,Meriwether,19.21119592875318,Very Low,12.469059405940595,53.775552774301204,Very Low,73529.3632365368,,13199
13201,Georgia,Miller,20.801526717557252,Very Low,14.418316831683168,82.93700458906967,Relatively Moderate,2184644.803195557,,13201
13205,Georgia,Mitchell,63.040712468193384,Relatively Low,51.48514851485149,89.82060909470171,Relatively Moderate,4923528.632904794,,13205
13207,Georgia,Monroe,18.702290076335878,Very Low,21.41089108910891,64.24697538589903,Relatively Low,319139.94528050243,,13207
13209,Georgia,Montgomery,7.824427480916031,Very Low,5.074257425742575,70.54651647893199,Relatively Low,455286.28077498596,,13209
13211,Georgia,Morgan,19.37022900763359,Very Low,27.13490099009901,57.446808510638306,Very Low,176863.50178782767,,13211
13213,Georgia,Murray,51.463104325699746,Relatively Low,53.31064356435643,52.77430120984564,Very Low,89392.00498438023,,13213
13215,Georgia,Muscogee,81.55216284987277,Relatively Moderate,79.17698019801979,82.31122236128495,Relatively Moderate,2306293.851471667,,13215
13217,Georgia,Newton,50.63613231552163,Relatively Low,64.94430693069307,54.3596161869003,Very Low,158382.19466858453,,13217
13219,Georgia,Oconee,19.43384223918575,Very Low,42.82178217821782,58.61493533583646,Relatively Low,306220.9665762151,,13219
13221,Georgia,Oglethorpe,8.110687022900763,Very Low,9.313118811881187,65.62369628702544,Relatively Low,373856.64674717013,,13221
13223,Georgia,Paulding,69.97455470737913,Relatively Low,79.51732673267327,52.607425949103046,Very Low,127935.42642051041,,13223
13225,Georgia,Peach,22.487277353689567,Very Low,24.38118811881188,70.75511055486025,Relatively Low,607705.4321880491,,13225
13227,Georgia,Pickens,34.79643765903308,Very Low,39.63490099009901,41.25990821860659,Very Low,32890.45811090725,,13227
13229,Georgia,Pierce,22.678117048346056,Very Low,29.548267326732674,84.52231956612432,Relatively Moderate,3833206.0796625307,,13229
13231,Georgia,Pike,8.0470737913486,Very Low,7.147277227722772,50.22945348352107,Very Low,65427.85419786843,,13231
13233,Georgia,Polk,64.05852417302799,Relatively Low,51.206683168316836,61.66040884438881,Relatively Low,157294.04548382937,,13233
13235,Georgia,Pulaski,18.161577608142494,Very Low,11.231435643564357,74.25949103045474,Relatively Low,583623.3751677318,,13235
13237,Georgia,Putnam,53.30788804071247,Relatively Low,42.60519801980198,71.67292448894452,Relatively Low,483064.63744305423,,13237
13239,Georgia,Quitman,8.333333333333332,Very Low,3.001237623762376,62.66166040884439,Relatively Low,150024.44554784047,,13239
13241,Georgia,Rabun,45.29262086513995,Relatively Low,35.241336633663366,61.57697121401752,Relatively Low,170406.45638127511,,13241
13243,Georgia,Randolph,17.17557251908397,Very Low,10.36509900990099,76.09511889862328,Relatively Low,760622.0413539493,,13243
13245,Georgia,Richmond,87.40458015267176,Relatively Moderate,85.51980198019803,89.15310805173134,Relatively Moderate,5621006.540904983,,13245
13247,Georgia,Rockdale,56.170483460559794,Relatively Low,63.180693069306926,53.94242803504381,Very Low,127497.90687852136,,13247
13249,Georgia,Schley,0.604325699745547,Very Low,0.866336633663366,51.64789319983313,Very Low,113742.00913042005,,13249
13251,Georgia,Screven,43.89312977099237,Relatively Low,33.07549504950495,89.44513975803086,Relatively Moderate,4712585.756752627,0.0,13251
13253,Georgia,Seminole,29.48473282442748,Very Low,30.476485148514854,85.06466416353776,Relatively Moderate,3536687.7740363004,,13253
13255,Georgia,Spalding,40.87150127226463,Very Low,47.400990099009896,56.32040050062578,Very Low,147326.69090020604,,13255
13257,Georgia,Stephens,33.42875318066158,Very Low,27.908415841584162,59.78306216103463,Relatively Low,159203.8484717612,,13257
13259,Georgia,Stewart,5.852417302798982,Very Low,1.608910891089109,60.492282019190654,Relatively Low,118958.17928367334,,13259
13261,Georgia,Sumter,53.18066157760815,Relatively Low,41.52227722772277,80.93450146015854,Relatively Low,1451014.1236482798,,13261
13263,Georgia,Talbot,2.862595419847328,Very Low,1.14480198019802,53.56695869837297,Very Low,60709.34760706741,,13263
13265,Georgia,Taliaferro,0.731552162849873,Very Low,0.278465346534653,57.488527325823945,Very Low,91716.57767115443,,13265
13267,Georgia,Tattnall,68.38422391857506,Relatively Low,60.457920792079214,93.95077179808094,Relatively High,12083417.129784463,,13267
13269,Georgia,Taylor,10.146310432569974,Very Low,4.641089108910891,67.16729244889446,Relatively Low,265547.5889332738,,13269
13271,Georgia,Telfair,23.536895674300254,Very Low,13.582920792079209,80.64246975385899,Relatively Low,1300094.38583913,,13271
13273,Georgia,Terrell,16.539440203562343,Very Low,11.788366336633663,73.50855235711306,Relatively Low,589745.3572178201,,13273
13275,Georgia,Thomas,65.96692111959288,Relatively Low,60.79826732673267,91.8648310387985,Relatively Moderate,8698504.62633646,,13275
13277,Georgia,Tift,56.01145038167938,Relatively Low,53.58910891089109,86.44138506466416,Relatively Moderate,3960554.525097467,,13277
13279,Georgia,Toombs,42.652671755725194,Very Low,38.551980198019805,84.14685022945349,Relatively Moderate,2706734.671787436,,13279
13281,Georgia,Towns,39.599236641221374,Very Low,25.61881188118812,49.97914059240717,Very Low,46459.40558762284,,13281
13283,Georgia,Treutlen,2.067430025445293,Very Low,2.196782178217822,67.2924488944514,Relatively Low,450306.9875222514,,13283
13285,Georgia,Troup,59.92366412213741,Relatively Low,55.63118811881188,75.63621193158114,Relatively Low,880012.3515428269,,13285
13287,Georgia,Turner,16.603053435114504,Very Low,10.272277227722771,76.30371297455152,Relatively Low,788895.5265519822,,13287
13289,Georgia,Twiggs,8.492366412213741,Very Low,3.96039603960396,60.075093867334175,Relatively Low,132893.11653178293,,13289
13291,Georgia,Union,52.48091603053435,Relatively Low,40.90346534653465,56.23696287025448,Very Low,91170.53033873244,,13291
13293,Georgia,Upson,17.14376590330789,Very Low,17.790841584158414,64.16353775552774,Relatively Low,298618.34588976676,,13293
13295,Georgia,Walker,72.01017811704835,Relatively Low,72.3700495049505,52.64914476428869,Very Low,90051.27613839095,,13295
13297,Georgia,Walton,54.961832061068705,Relatively Low,62.77846534653465,55.61118064246975,Very Low,150805.01564245878,,13297
13299,Georgia,Ware,49.36386768447837,Relatively Low,42.51237623762376,87.73466833541927,Relatively Moderate,4144303.325952569,,13299
13301,Georgia,Warren,5.311704834605599,Very Low,1.82549504950495,61.91072173550272,Relatively Low,147928.50843372164,,13301
13303,Georgia,Washington,23.759541984732824,Very Low,18.03836633663366,73.71714643304131,Relatively Low,625268.6385716652,,13303
13305,Georgia,Wayne,44.62468193384224,Relatively Low,38.86138613861386,88.90279516061744,Relatively Moderate,4898067.87156863,19.8,13305
13307,Georgia,Webster,2.44910941475827,Very Low,1.361386138613861,64.03838130997079,Relatively Low,214778.90212454452,,13307
13309,Georgia,Wheeler,6.424936386768448,Very Low,2.506188118811882,72.29870671672924,Relatively Low,449570.36733389855,,13309
13311,Georgia,White,45.73791348600509,Relatively Low,48.54579207920792,58.322903629536924,Very Low,163385.41731598775,,13311
13313,Georgia,Whitfield,81.48854961832062,Relatively Moderate,78.52722772277228,60.6174384647476,Relatively Low,186640.5416285144,,13313
13315,Georgia,Wilcox,13.16793893129771,Very Low,9.52970297029703,77.30496453900709,Relatively Low,1026958.6504143425,,13315
13317,Georgia,Wilkes,12.913486005089059,Very Low,7.332920792079207,73.04964539007092,Relatively Low,536986.4722719601,,13317
13319,Georgia,Wilkinson,4.643765903307888,Very Low,4.146039603960396,63.20400500625782,Relatively Low,271844.1101522539,,13319
13321,Georgia,Worth,36.48218829516539,Very Low,29.05321782178218,80.51731330830204,Relatively Low,1512567.4202985077,,13321
15001,Hawaii,Hawaii,98.50508905852418,Relatively High,98.36014851485149,68.25198164372132,Relatively Low,447385.3303629455,50.8,15001
15003,Hawaii,Honolulu,98.75954198473282,Relatively High,99.04084158415841,73.29995828118481,Relatively Low,880426.3379143376,75.6,15003
15005,Hawaii,Kalawao,0.095419847328244,Very Low,0.092821782178218,10.387984981226534,Very Low,1650.4794120828133,18.2,15005
15007,Hawaii,Kauai,84.44656488549617,Relatively Moderate,86.47896039603961,64.87275761368377,Relatively Low,395399.0430262637,49.8,15007
15009,Hawaii,Maui,93.12977099236642,Relatively Moderate,93.2549504950495,69.50354609929079,Relatively Low,552511.8319406261,54.0,15009
16001,Idaho,Ada,87.75445292620864,Relatively Moderate,91.98638613861387,,Not Applicable,,,16001
16003,Idaho,Adams,39.56743002544529,Very Low,35.58168316831683,,Not Applicable,,,16003
16005,Idaho,Bannock,66.88931297709924,Relatively Low,73.39108910891089,,Not Applicable,,,16005
16007,Idaho,Bear Lake,6.583969465648855,Very Low,12.840346534653465,,Not Applicable,,,16007
16009,Idaho,Benewah,19.87913486005089,Very Low,19.399752475247524,,Not Applicable,,,16009
16011,Idaho,Bingham,60.14631043256997,Relatively Low,65.40841584158416,,Not Applicable,,,16011
16013,Idaho,Blaine,65.36259541984732,Relatively Low,70.85396039603961,,Not Applicable,,,16013
16015,Idaho,Boise,48.918575063613225,Relatively Low,52.90841584158416,,Not Applicable,,,16015
16017,Idaho,Bonner,77.29007633587787,Relatively Low,76.91831683168317,,Not Applicable,,,16017
16019,Idaho,Bonneville,82.41094147582697,Relatively Moderate,87.0049504950495,,Not Applicable,,,16019
16021,Idaho,Boundary,26.08142493638677,Very Low,21.132425742574256,,Not Applicable,,,16021
16023,Idaho,Butte,4.421119592875318,Very Low,3.991336633663366,,Not Applicable,,,16023
16025,Idaho,Camas,5.979643765903308,Very Low,5.321782178217822,,Not Applicable,,,16025
16027,Idaho,Canyon,71.72391857506362,Relatively Low,77.35148514851485,,Not Applicable,,,16027
16029,Idaho,Caribou,7.220101781170484,Very Low,12.561881188118813,,Not Applicable,,,16029
16031,Idaho,Cassia,43.57506361323155,Relatively Low,52.042079207920786,,Not Applicable,,,16031
16033,Idaho,Clark,0.763358778625954,Very Low,1.237623762376238,,Not Applicable,,,16033
16035,Idaho,Clearwater,46.9147582697201,Relatively Low,35.76732673267327,,Not Applicable,,,16035
16037,Idaho,Custer,52.41730279898219,Relatively Low,37.31435643564357,,Not Applicable,,,16037
16039,Idaho,Elmore,51.972010178117046,Relatively Low,63.08787128712871,,Not Applicable,,,16039
16041,Idaho,Franklin,7.633587786259542,Very Low,14.480198019801978,,Not Applicable,,,16041
16043,Idaho,Fremont,38.26335877862596,Very Low,53.0940594059406,,Not Applicable,,,16043
16045,Idaho,Gem,34.44656488549619,Very Low,39.38737623762376,,Not Applicable,,,16045
16047,Idaho,Gooding,25.44529262086514,Very Low,28.248762376237625,,Not Applicable,,,16047
16049,Idaho,Idaho,78.37150127226464,Relatively Low,73.32920792079209,,Not Applicable,,,16049
16051,Idaho,Jefferson,40.108142493638674,Very Low,55.414603960396036,,Not Applicable,,,16051
16053,Idaho,Jerome,21.469465648854964,Very Low,16.274752475247524,,Not Applicable,,,16053
16055,Idaho,Kootenai,78.97582697201018,Relatively Low,82.08539603960396,,Not Applicable,,,16055
16057,Idaho,Latah,33.26972010178117,Very Low,46.070544554455445,,Not Applicable,,,16057
16059,Idaho,Lemhi,41.4440203562341,Very Low,40.222772277227726,,Not Applicable,,,16059
16061,Idaho,Lewis,3.085241730279898,Very Low,2.227722772277227,,Not Applicable,,,16061
16063,Idaho,Lincoln,9.064885496183205,Very Low,8.323019801980198,,Not Applicable,,,16063
16065,Idaho,Madison,58.61959287531806,Relatively Low,64.38737623762376,,Not Applicable,,,16065
16067,Idaho,Minidoka,20.483460559796438,Very Low,24.69059405940594,,Not Applicable,,,16067
16069,Idaho,Nez Perce,32.98346055979644,Very Low,50.742574257425744,,Not Applicable,,,16069
16071,Idaho,Oneida,1.399491094147583,Very Low,2.351485148514851,,Not Applicable,,,16071
16073,Idaho,Owyhee,44.11577608142493,Relatively Low,28.74381188118812,,Not Applicable,,,16073
16075,Idaho,Payette,17.111959287531807,Very Low,26.361386138613863,,Not Applicable,,,16075
16077,Idaho,Power,16.921119592875318,Very Low,22.49381188118812,,Not Applicable,,,16077
16079,Idaho,Shoshone,62.849872773536894,Relatively Low,60.51980198019802,,Not Applicable,,,16079
16081,Idaho,Teton,29.452926208651398,Very Low,42.66707920792079,,Not Applicable,,,16081
16083,Idaho,Twin Falls,46.94656488549619,Relatively Low,54.146039603960396,,Not Applicable,,,16083
16085,Idaho,Valley,55.62977099236641,Relatively Low,59.46782178217822,,Not Applicable,,,16085
16087,Idaho,Washington,30.311704834605596,Very Low,24.00990099009901,,Not Applicable,,,16087
17001,Illinois,Adams,64.18575063613231,Relatively Low,68.7190594059406,23.94659991656237,Very Low,9201.842413681987,,17001
17003,Illinois,Alexander,44.083969465648856,Relatively Low,33.01361386138614,20.73425114726742,Very Low,4356.029252728339,,17003
17005,Illinois,Bond,36.22773536895674,Very Low,39.35643564356436,21.234876929495204,Very Low,6493.910615173382,,17005
17007,Illinois,Boone,57.347328244274806,Relatively Low,62.5,8.844388819357532,Very Low,1601.9516372559492,,17007
17009,Illinois,Brown,4.739185750636132,Very Low,5.600247524752476,9.136420525657071,Very Low,1631.9585611770015,,17009
17011,Illinois,Bureau,62.27735368956743,Relatively Low,64.26361386138613,25.114726741760535,Very Low,9222.417457814998,,17011
17013,Illinois,Calhoun,6.075063613231553,Very Low,8.879950495049505,7.55110554860242,Very Low,992.4402383008102,,17013
17015,Illinois,Carroll,39.026717557251914,Very Low,38.521039603960396,12.056737588652481,Very Low,2417.0926151132035,,17015
17017,Illinois,Cass,38.645038167938935,Very Low,42.698019801980195,15.602836879432624,Very Low,4029.4012487490027,,17017
17019,Illinois,Champaign,90.45801526717557,Relatively Moderate,90.25371287128714,48.93617021276596,Very Low,71738.36814960402,,17019
17021,Illinois,Christian,54.039440203562336,Relatively Low,63.242574257425744,32.040050062578224,Very Low,20459.09463336966,,17021
17023,Illinois,Clark,27.32188295165394,Very Low,30.167079207920793,39.96662494785148,Very Low,28108.84071185376,,17023
17025,Illinois,Clay,41.06234096692112,Very Low,41.86262376237624,37.29662077596996,Very Low,22954.3415368663,,17025
17027,Illinois,Clinton,65.5852417302799,Relatively Low,70.38985148514851,33.249895702962036,Very Low,20135.579181671605,,17027
17029,Illinois,Coles,70.35623409669212,Relatively Low,72.95792079207921,38.881935753024614,Very Low,29505.550796289743,,17029
17031,Illinois,Cook,99.96819338422391,Very High,99.9690594059406,48.894451397580305,Very Low,56775.950639144845,44.0,17031
17033,Illinois,Crawford,37.02290076335878,Very Low,48.63861386138614,24.822695035460992,Very Low,11024.645588812567,,17033
17035,Illinois,Cumberland,25.858778625954198,Very Low,23.762376237623762,32.957863996662496,Very Low,15373.346148084895,,17035
17037,Illinois,DeKalb,80.82061068702289,Relatively Low,82.76608910891089,19.64956195244055,Very Low,6184.14952528266,,17037
17039,Illinois,De Witt,29.262086513994912,Very Low,33.10643564356436,19.27409261576971,Very Low,5542.536598574004,,17039
17041,Illinois,Douglas,62.11832061068703,Relatively Low,59.777227722772274,39.17396745932415,Very Low,24439.473068424355,,17041
17043,Illinois,DuPage,97.64631043256998,Relatively High,98.39108910891089,25.073007926574885,Very Low,11523.69949882926,,17043
17045,Illinois,Edgar,34.9236641221374,Very Low,41.089108910891085,42.59491030454735,Very Low,39177.0490184252,,17045
17047,Illinois,Edwards,26.14503816793893,Very Low,18.53341584158416,22.9453483521068,Very Low,5457.104331474074,,17047
17049,Illinois,Effingham,53.7531806615776,Relatively Low,61.386138613861384,40.25865665415102,Very Low,34104.096532146694,,17049
17051,Illinois,Fayette,48.75954198473282,Relatively Low,50.92821782178218,42.34459741343346,Very Low,34939.37770171747,,17051
17053,Illinois,Ford,26.208651399491096,Very Low,30.105198019801982,15.185648727576137,Very Low,3846.994822672913,,17053
17055,Illinois,Franklin,80.94783715012723,Relatively Low,74.13366336633663,45.59866499791406,Very Low,34979.13489037122,,17055
17057,Illinois,Fulton,59.00127226463104,Relatively Low,62.25247524752475,23.779724655819777,Very Low,8593.341892962018,,17057
17059,Illinois,Gallatin,33.87404580152672,Very Low,21.472772277227723,35.71130579891531,Very Low,14062.528085433736,,17059
17061,Illinois,Greene,12.977099236641221,Very Low,17.543316831683168,18.314559866499792,Very Low,5683.544554932382,,17061
17063,Illinois,Grundy,66.50763358778626,Relatively Low,83.72524752475248,9.386733416770964,Very Low,3284.6524093213047,,17063
17065,Illinois,Hamilton,30.820610687022903,Very Low,43.7190594059406,27.8264497288277,Very Low,14648.368569395712,,17065
17067,Illinois,Hancock,31.075063613231553,Very Low,28.18688118811881,24.780976220275345,Very Low,7500.066607959984,,17067
17069,Illinois,Hardin,8.301526717557252,Very Low,6.868811881188119,25.23988318731748,Very Low,8051.858531439743,,17069
17071,Illinois,Henderson,17.525445292620866,Very Low,12.685643564356436,13.558614935335836,Very Low,2384.5697391786057,,17071
17073,Illinois,Henry,57.09287531806616,Relatively Low,66.67698019801979,19.31581143095536,Very Low,7001.764854973666,,17073
17075,Illinois,Iroquois,73.95038167938931,Relatively Low,75.83539603960396,30.579891531080516,Very Low,15254.720336107936,,17075
17077,Illinois,Jackson,87.11832061068702,Relatively Moderate,83.69430693069307,43.34584897788903,Very Low,30401.99550321767,,17077
17079,Illinois,Jasper,20.419847328244277,Very Low,35.117574257425744,32.41551939924906,Very Low,23578.629684285348,,17079
17081,Illinois,Jefferson,77.2264631043257,Relatively Low,76.05198019801979,39.13224864413851,Very Low,25512.4370681936,,17081
17083,Illinois,Jersey,18.861323155216287,Very Low,38.459158415841586,8.802670004171882,Very Low,2264.3493341153744,,17083
17085,Illinois,Jo Daviess,51.30407124681934,Relatively Low,52.103960396039604,16.437213183145598,Very Low,3936.8120573259157,,17085
17087,Illinois,Johnson,51.08142493638677,Relatively Low,42.11014851485149,38.08927826449729,Very Low,19186.473600843405,,17087
17089,Illinois,Kane,94.59287531806616,Relatively High,95.60643564356435,21.151439299123904,Very Low,8071.37059432778,,17089
17091,Illinois,Kankakee,88.23155216284987,Relatively Moderate,87.4381188118812,27.242386316228618,Very Low,10781.666180936514,,17091
17093,Illinois,Kendall,80.24809160305344,Relatively Low,88.33539603960396,9.929078014184398,Very Low,3339.106297450097,,17093
17095,Illinois,Knox,57.156488549618324,Relatively Low,56.745049504950494,22.069253233208176,Very Low,6679.433339242982,,17095
17097,Illinois,Lake,95.99236641221374,Relatively High,97.06064356435643,18.231122236128495,Very Low,6518.494847545911,29.799999999999997,17097
17099,Illinois,LaSalle,86.10050890585241,Relatively Moderate,86.38613861386139,30.287859824780977,Very Low,14559.629614913005,,17099
17101,Illinois,Lawrence,49.23664122137404,Relatively Low,47.30816831683168,22.110972048393826,Very Low,6375.398345255829,,17101
17103,Illinois,Lee,54.38931297709924,Relatively Low,61.78836633663366,15.686274509803921,Very Low,4620.807602238534,,17103
17105,Illinois,Livingston,71.78753180661577,Relatively Low,74.9690594059406,25.740508969545267,Very Low,10588.420584795575,,17105
17107,Illinois,Logan,58.11068702290076,Relatively Low,61.045792079207914,24.864413850646642,Very Low,9208.233078163015,,17107
17109,Illinois,McDonough,37.531806615776084,Very Low,35.36509900990099,20.108468919482686,Very Low,5281.210702713996,,17109
17111,Illinois,McHenry,90.77608142493638,Relatively Moderate,93.84282178217822,10.304547350855236,Very Low,3181.316307361089,,17111
17113,Illinois,McLean,86.89567430025446,Relatively Moderate,89.01608910891089,32.45723821443471,Very Low,22200.302759945927,,17113
17115,Illinois,Macon,83.30152671755725,Relatively Moderate,82.70420792079209,37.08802670004172,Very Low,22844.782344748226,,17115
17117,Illinois,Macoupin,79.93002544529261,Relatively Low,78.96039603960396,24.447225698790152,Very Low,8098.08005080298,,17117
17119,Illinois,Madison,93.41603053435115,Relatively Moderate,94.3069306930693,32.66583229036296,Very Low,19809.98094601638,,17119
17121,Illinois,Marion,77.13104325699746,Relatively Low,73.08168316831683,40.59240717563621,Very Low,25537.838801029193,,17121
17123,Illinois,Marshall,27.2264631043257,Very Low,29.61014851485149,13.975803087192324,Very Low,3242.3101971685005,,17123
17125,Illinois,Mason,43.034351145038165,Relatively Low,43.13118811881188,23.19566124322069,Very Low,7201.590974090001,,17125
17127,Illinois,Massac,61.60941475826972,Relatively Low,57.67326732673267,31.622861910721735,Very Low,13390.802892379623,,17127
17129,Illinois,Menard,28.68956743002545,Very Low,26.67079207920792,16.520650813516895,Very Low,3695.4988377700006,,17129
17131,Illinois,Mercer,8.778625954198473,Very Low,21.81311881188119,11.305798915310806,Very Low,3763.519414532997,,17131
17133,Illinois,Monroe,41.85750636132315,Very Low,64.57301980198021,17.02127659574468,Very Low,7856.415979505679,,17133
17135,Illinois,Montgomery,65.39440203562341,Relatively Low,63.582920792079214,42.136003337505215,Very Low,31693.699933861135,,17135
17137,Illinois,Morgan,71.11959287531806,Relatively Low,71.00866336633663,21.94409678765123,Very Low,6805.840435469151,,17137
17139,Illinois,Moultrie,45.038167938931295,Relatively Low,36.540841584158414,33.66708385481852,Very Low,13663.771799237813,,17139
17141,Illinois,Ogle,71.08778625954199,Relatively Low,77.44430693069307,13.642052565707132,Very Low,3963.810789208486,,17141
17143,Illinois,Peoria,90.68066157760815,Relatively Moderate,89.32549504950495,30.705047976637463,Very Low,14185.735412536013,,17143
17145,Illinois,Perry,72.07379134860051,Relatively Low,68.8118811881188,40.50896954526492,Very Low,25611.70857957117,,17145
17147,Illinois,Piatt,34.95547073791349,Very Low,44.399752475247524,22.02753441802253,Very Low,8052.824364384202,,17147
17149,Illinois,Pike,30.343511450381676,Very Low,33.725247524752476,24.90613266583229,Very Low,8879.158645225976,,17149
17151,Illinois,Pope,14.885496183206106,Very Low,14.603960396039604,25.865665415102214,Very Low,9058.005371891522,,17151
17153,Illinois,Pulaski,49.04580152671756,Relatively Low,38.304455445544555,28.57738840216938,Very Low,8738.296290876047,,17153
17155,Illinois,Putnam,9.16030534351145,Very Low,11.943069306930692,8.51063829787234,Very Low,1433.8936968099006,,17155
17157,Illinois,Randolph,78.62595419847328,Relatively Low,76.94925742574257,44.388819357530245,Very Low,38831.560655887275,,17157
17159,Illinois,Richland,46.660305343511446,Relatively Low,43.038366336633665,38.67334167709637,Very Low,22825.06451849296,,17159
17161,Illinois,Rock Island,84.12849872773536,Relatively Moderate,82.11633663366337,13.76720901126408,Very Low,2873.5443125174575,,17161
17163,Illinois,St. Clair,94.91094147582697,Relatively High,95.08044554455446,34.87692949520233,Very Low,21007.131255834018,,17163
17165,Illinois,Saline,70.13358778625954,Relatively Low,61.32425742574258,43.51272423863162,Very Low,28860.025036986484,,17165
17167,Illinois,Sangamon,91.69847328244275,Relatively Moderate,91.89356435643565,41.42678347934919,Very Low,35049.058078412636,,17167
17169,Illinois,Schuyler,11.354961832061068,Very Low,8.694306930693068,15.519399249061328,Very Low,3117.4726494400024,,17169
17171,Illinois,Scott,2.767175572519084,Very Low,7.209158415841584,9.219858156028367,Very Low,2443.6958097510005,,17171
17173,Illinois,Shelby,51.74936386768449,Relatively Low,59.931930693069305,40.67584480600751,Very Low,36059.47410066833,,17173
17175,Illinois,Stark,7.251908396946565,Very Low,11.138613861386139,10.47142261159783,Very Low,2433.3009544900024,,17175
17177,Illinois,Stephenson,73.91857506361323,Relatively Low,71.47277227722772,15.060492282019192,Very Low,3331.443964787923,,17177
17179,Illinois,Tazewell,84.19211195928753,Relatively Moderate,86.10767326732673,28.11848143512724,Very Low,14074.330887962044,,17179
17181,Illinois,Union,55.37531806615776,Relatively Low,50.15470297029702,36.1284939507718,Very Low,18485.41485440404,,17181
17183,Illinois,Vermilion,78.81679389312977,Relatively Low,74.5049504950495,46.22444722569879,Very Low,41669.18694840105,,17183
17185,Illinois,Wabash,24.84096692111959,Very Low,24.78341584158416,15.936587400917816,Very Low,3732.2445172088464,,17185
17187,Illinois,Warren,15.489821882951654,Very Low,22.277227722772277,17.480183562786817,Very Low,5540.155467699013,,17187
17189,Illinois,Washington,55.152671755725194,Relatively Low,57.271039603960396,38.75677930746767,Very Low,27504.244294691445,,17189
17191,Illinois,Wayne,40.74427480916031,Very Low,46.379950495049506,36.46224447225699,Very Low,24815.947573054014,,17191
17193,Illinois,White,54.26208651399491,Relatively Low,50.309405940594054,35.62786816854401,Very Low,18355.699371579147,,17193
17195,Illinois,Whiteside,65.80788804071247,Relatively Low,67.17202970297029,18.35627868168544,Very Low,5055.820876478816,,17195
17197,Illinois,Will,97.264631043257,Relatively High,98.17450495049505,26.24113475177305,Very Low,13515.275337040091,,17197
17199,Illinois,Williamson,85.7824427480916,Relatively Moderate,84.4368811881188,44.51397580308719,Very Low,39083.07835606953,,17199
17201,Illinois,Winnebago,92.36641221374046,Relatively Moderate,92.48143564356435,20.02503128911139,Very Low,5999.987578386689,,17201
17203,Illinois,Woodford,39.91730279898219,Very Low,63.21163366336634,16.10346266166041,Very Low,7278.791985092002,,17203
18001,Indiana,Adams,52.13104325699746,Relatively Low,41.76980198019802,39.84146850229454,Very Low,19954.91682561955,,18001
18003,Indiana,Allen,90.83969465648855,Relatively Moderate,90.50123762376238,43.80475594493116,Very Low,42762.383450698326,,18003
18005,Indiana,Bartholomew,70.86513994910942,Relatively Low,75.5569306930693,21.443471005423444,Very Low,7787.348417673031,,18005
18007,Indiana,Benton,4.866412213740458,Very Low,6.064356435643564,23.487692949520234,Very Low,9031.745007797934,,18007
18009,Indiana,Blackford,9.001272264631044,Very Low,9.127475247524753,21.360033375052147,Very Low,6298.884831407771,,18009
18011,Indiana,Boone,43.225190839694655,Relatively Low,68.44059405940595,14.14267834793492,Very Low,6327.839365009983,,18011
18013,Indiana,Brown,19.6882951653944,Very Low,20.823019801980198,7.092198581560284,Very Low,294.9379530842441,,18013
18015,Indiana,Carroll,29.64376590330789,Very Low,43.16212871287129,29.954109303295784,Very Low,17934.861054337023,,18015
18017,Indiana,Cass,56.77480916030534,Relatively Low,51.73267326732673,33.75052148518982,Very Low,15391.682114980465,,18017
18019,Indiana,Clark,81.36132315521628,Relatively Moderate,84.96287128712872,14.643304130162704,Very Low,4325.27587642071,,18019
18021,Indiana,Clay,27.035623409669213,Very Low,37.22153465346535,18.39799749687109,Very Low,6123.309757517199,,18021
18023,Indiana,Clinton,30.53435114503817,Very Low,39.0779702970297,25.365039632874424,Very Low,10689.784850003647,,18023
18025,Indiana,Crawford,25.795165394402037,Very Low,16.738861386138616,12.76595744680851,Very Low,2021.2261343568493,,18025
18027,Indiana,Daviess,58.81043256997456,Relatively Low,50.773514851485146,30.329578639966627,Very Low,10612.815475809828,,18027
18029,Indiana,Dearborn,45.229007633587784,Relatively Low,57.85891089108911,8.260325406758447,Very Low,1601.5311389425015,,18029
18031,Indiana,Decatur,23.123409669211195,Very Low,42.883663366336634,18.89862327909887,Very Low,8212.36915646334,,18031
18033,Indiana,DeKalb,41.31679389312977,Very Low,46.53465346534654,21.568627450980394,Very Low,7146.183104661785,,18033
18035,Indiana,Delaware,76.33587786259542,Relatively Low,75.5259900990099,31.78973717146433,Very Low,15302.78307178387,,18035
18037,Indiana,Dubois,59.12849872773537,Relatively Low,64.72772277227723,31.581143095536085,Very Low,17589.759055362178,,18037
18039,Indiana,Elkhart,83.7468193384224,Relatively Moderate,83.38490099009901,47.100542344597415,Very Low,53603.44873651435,,18039
18041,Indiana,Fayette,33.49236641221374,Very Low,34.4059405940594,13.934084272006675,Very Low,3045.5095473934207,,18041
18043,Indiana,Floyd,75.38167938931298,Relatively Low,78.24876237623762,9.803921568627452,Very Low,1941.1929090637711,,18043
18045,Indiana,Fountain,21.246819338422394,Very Low,27.320544554455445,29.078014184397162,Very Low,14343.034669490942,,18045
18047,Indiana,Franklin,34.223918575063614,Very Low,44.36881188118812,10.638297872340425,Very Low,2417.0915436461783,,18047
18049,Indiana,Fulton,20.197201017811707,Very Low,22.18440594059406,32.49895702962036,Very Low,16900.839211073897,,18049
18051,Indiana,Gibson,47.99618320610687,Relatively Low,56.311881188118804,27.993324989570294,Very Low,13884.36128860185,,18051
18053,Indiana,Grant,69.40203562340967,Relatively Low,65.34653465346535,32.248644138506464,Very Low,13942.431531722897,,18053
18055,Indiana,Greene,42.49363867684479,Very Low,46.99876237623762,25.698790154359617,Very Low,9962.174702546228,,18055
18057,Indiana,Hamilton,88.80407124681933,Relatively Moderate,92.94554455445545,25.615352523988317,Very Low,16384.80055490475,,18057
18059,Indiana,Hancock,44.02035623409669,Relatively Low,64.85148514851485,14.559866499791404,Very Low,5749.563446551934,,18059
18061,Indiana,Harrison,51.04961832061069,Relatively Low,56.683168316831676,13.892365456821027,Very Low,3589.7519440726987,,18061
18063,Indiana,Hendricks,76.81297709923665,Relatively Low,86.29331683168317,12.348769294952024,Very Low,4610.552624317051,,18063
18065,Indiana,Henry,44.81552162849873,Relatively Low,49.90717821782179,20.56737588652482,Very Low,6534.528166816119,,18065
18067,Indiana,Howard,63.67684478371501,Relatively Low,65.81064356435643,32.74926992073425,Very Low,17750.688949819472,,18067
18069,Indiana,Huntington,38.23155216284987,Very Low,47.55569306930693,29.703796412181894,Very Low,15760.311742200354,,18069
18071,Indiana,Jackson,52.926208651399484,Relatively Low,62.87128712871287,23.32081768877764,Very Low,9941.0580815375,,18071
18073,Indiana,Jasper,32.82442748091603,Very Low,44.83292079207921,26.324572382144346,Very Low,12831.48424730152,,18073
18075,Indiana,Jay,22.868956743002546,Very Low,24.907178217821784,38.506466416353774,Very Low,26205.36742650723,,18075
18077,Indiana,Jefferson,48.282442748091604,Relatively Low,53.186881188118804,20.40050062578223,Very Low,6544.324383831993,,18077
18079,Indiana,Jennings,31.90203562340967,Very Low,34.22029702970298,23.445974134334584,Very Low,7839.277253096315,,18079
18081,Indiana,Johnson,74.6501272264631,Relatively Low,84.65346534653465,11.264080100125156,Very Low,3800.134160641121,,18081
18083,Indiana,Knox,55.3117048346056,Relatively Low,58.539603960396036,26.449728827701293,Very Low,10951.269445419757,,18083
18085,Indiana,Kosciusko,66.31679389312977,Relatively Low,67.41955445544554,41.59365874009178,Very Low,32479.20316772677,,18085
18087,Indiana,LaGrange,62.40458015267175,Relatively Low,44.18316831683168,48.602419691280765,Very Low,35308.56073814514,,18087
18089,Indiana,Lake,95.92875318066157,Relatively High,95.48267326732673,18.64831038798498,Very Low,4936.371086320729,41.199999999999996,18089
18091,Indiana,LaPorte,78.88040712468194,Relatively Low,78.34158415841584,26.95035460992908,Very Low,10546.892043186996,28.999999999999996,18091
18093,Indiana,Lawrence,47.773536895674305,Relatively Low,53.620049504950494,15.561118064246976,Very Low,4261.838057453011,,18093
18095,Indiana,Madison,77.25826972010178,Relatively Low,76.54702970297029,25.65707133917397,Very Low,9099.89088940866,,18095
18097,Indiana,Marion,97.48727735368958,Relatively High,97.3700495049505,34.08427200667501,Very Low,19245.737270312886,,18097
18099,Indiana,Marshall,41.603053435114504,Very Low,50.18564356435643,31.66458072590738,Very Low,18527.002554102095,,18099
18101,Indiana,Martin,12.30916030534351,Very Low,13.768564356435645,13.308302044221945,Very Low,3078.610631748974,,18101
18103,Indiana,Miami,52.79898218829516,Relatively Low,52.0730198019802,33.33333333333333,Very Low,16472.994515645303,,18103
18105,Indiana,Monroe,75.98600508905852,Relatively Low,78.55816831683168,23.821443471005423,Very Low,9010.023398460446,,18105
18107,Indiana,Montgomery,40.99872773536896,Very Low,45.97772277227723,31.1639549436796,Very Low,16123.872195200734,,18107
18109,Indiana,Morgan,63.48600508905853,Relatively Low,69.18316831683168,9.887359198998748,Very Low,2157.467711751854,,18109
18111,Indiana,Newton,11.673027989821882,Very Low,16.367574257425744,16.3537755527743,Very Low,4689.422353912894,,18111
18113,Indiana,Noble,44.24300254452926,Relatively Low,45.66831683168317,30.371297455152273,Very Low,13537.022012637553,,18113
18115,Indiana,Ohio,3.371501272264631,Very Low,5.136138613861386,7.050479766374634,Very Low,255.64702137198054,,18115
18117,Indiana,Orange,40.48982188295165,Very Low,40.34653465346535,22.90362953692115,Very Low,6921.232842888104,,18117
18119,Indiana,Owen,35.11450381679389,Very Low,36.81930693069307,12.307050479766374,Very Low,2620.4872766910735,,18119
18121,Indiana,Parke,27.576335877862597,Very Low,25.89727722772277,26.408010012515643,Very Low,9163.952283713452,,18121
18123,Indiana,Perry,35.01908396946565,Very Low,40.53217821782179,17.146433041301627,Very Low,4831.962034722118,,18123
18125,Indiana,Pike,19.24300254452926,Very Low,17.82178217821782,24.363788068418856,Very Low,7435.621473570185,,18125
18127,Indiana,Porter,81.39312977099237,Relatively Moderate,85.82920792079209,13.224864413850646,Very Low,4038.533923586971,27.400000000000002,18127
18129,Indiana,Posey,46.31043256997455,Relatively Low,53.805693069306926,27.36754276178556,Very Low,12936.321423242149,,18129
18131,Indiana,Pulaski,11.195928753180661,Very Low,13.706683168316832,31.080517313308302,Very Low,15447.161708430784,,18131
18133,Indiana,Putnam,42.843511450381676,Relatively Low,49.07178217821782,19.482686691697957,Very Low,5981.308520409428,,18133
18135,Indiana,Randolph,31.456743002544528,Very Low,31.621287128712872,32.37380058406341,Very Low,15657.79681559633,,18135
18137,Indiana,Ripley,46.78753180661578,Relatively Low,48.26732673267327,29.370045890696705,Very Low,12730.372617645458,,18137
18139,Indiana,Rush,15.776081424936386,Very Low,20.23514851485149,19.941593658740093,Very Low,6364.330387948478,,18139
18141,Indiana,St. Joseph,85.81424936386769,Relatively Moderate,86.26237623762376,43.55444305381727,Very Low,41808.243031627484,,18141
18143,Indiana,Scott,22.264631043256998,Very Low,29.950495049504948,19.98331247392574,Very Low,6684.738109709962,,18143
18145,Indiana,Shelby,43.416030534351144,Relatively Low,53.558168316831676,13.016270337922403,Very Low,3577.282716557075,,18145
18147,Indiana,Spencer,39.408396946564885,Very Low,44.461633663366335,25.19816437213183,Very Low,9691.610458561929,,18147
18149,Indiana,Starke,24.93638676844784,Very Low,27.81559405940594,21.109720483938258,Very Low,6533.91261392269,,18149
18151,Indiana,Steuben,27.19465648854962,Very Low,35.30321782178218,28.493950771798083,Very Low,14123.273300761939,,18151
18153,Indiana,Sullivan,20.642493638676847,Very Low,26.113861386138616,24.155193992490613,Very Low,9099.279448857065,,18153
18155,Indiana,Switzerland,11.60941475826972,Very Low,14.047029702970299,10.930329578639967,Very Low,2291.836856848004,,18155
18157,Indiana,Tippecanoe,81.8384223918575,Relatively Moderate,83.50866336633663,43.637880684188566,Very Low,44072.028470483834,,18157
18159,Indiana,Tipton,8.874045801526718,Very Low,21.751237623762375,14.226115978306217,Very Low,5332.856242976815,,18159
18161,Indiana,Union,5.216284987277354,Very Low,9.900990099009901,9.8456403838131,Very Low,2463.7847142137557,,18161
18163,Indiana,Vanderburgh,91.31679389312977,Relatively Moderate,90.40841584158416,42.84522319566124,Very Low,35992.94347263182,,18163
18165,Indiana,Vermillion,23.44147582697201,Very Low,24.566831683168317,29.32832707551106,Very Low,12461.181606294913,,18165
18167,Indiana,Vigo,83.20610687022901,Relatively Moderate,82.30198019801979,42.38631622861911,Very Low,33478.48623308988,,18167
18169,Indiana,Wabash,40.966921119592875,Very Low,43.100247524752476,30.87192323738006,Very Low,14620.441811706241,,18169
18171,Indiana,Warren,5.756997455470738,Very Low,8.941831683168317,23.738005840634127,Very Low,10450.897564870194,,18171
18173,Indiana,Warrick,65.10814249363868,Relatively Low,71.72029702970298,22.569879015435962,Very Low,8925.392895851799,,18173
18175,Indiana,Washington,40.93511450381679,Very Low,44.92574257425743,20.90112640801001,Very Low,6451.18945492536,,18175
18177,Indiana,Wayne,74.10941475826972,Relatively Low,67.23391089108911,28.035043804755944,Very Low,9126.930206492074,,18177
18179,Indiana,Wells,22.83715012722646,Very Low,33.47772277227723,26.533166458072593,Very Low,13149.005089135197,,18179
18181,Indiana,White,38.51781170483461,Very Low,43.99752475247525,34.71005423445974,Very Low,21379.2486257443,,18181
18183,Indiana,Whitley,24.58651399491094,Very Low,33.53960396039604,26.741760534000836,Very Low,12652.48513831434,,18183
19001,Iowa,Adair,49.4910941475827,Relatively Low,48.60767326732673,14.726741760534,Very Low,3197.7683609024,,19001
19003,Iowa,Adams,20.35623409669211,Very Low,26.45420792079208,8.385481852315396,Very Low,1430.6619683696074,,19003
19005,Iowa,Allamakee,38.199745547073796,Very Low,36.633663366336634,11.639549436795996,Very Low,2193.6059960565262,,19005
19007,Iowa,Appanoose,41.18956743002545,Very Low,36.10767326732673,9.052982895285774,Very Low,1217.22007446293,,19007
19009,Iowa,Audubon,38.581424936386775,Very Low,40.43935643564357,15.10221109720484,Very Low,3585.276001145482,,19009
19011,Iowa,Benton,28.816793893129773,Very Low,52.41336633663366,11.80642469753859,Very Low,4295.952777252956,,19011
19013,Iowa,Black Hawk,76.59033078880407,Relatively Low,80.66212871287128,17.06299541093033,Very Low,5264.2090702736,,19013
19015,Iowa,Boone,28.403307888040715,Very Low,54.05321782178218,9.345014601585316,Very Low,2853.191826654006,,19015
19017,Iowa,Bremer,24.55470737913486,Very Low,51.29950495049505,8.427200667501044,Very Low,2472.9422155600996,,19017
19019,Iowa,Buchanan,24.045801526717558,Very Low,45.63737623762376,12.390488110137673,Very Low,4503.879743498673,,19019
19021,Iowa,Buena Vista,39.281170483460556,Very Low,42.32673267326732,,Not Applicable,,,19021
19023,Iowa,Butler,27.099236641221374,Very Low,49.62871287128713,10.012515644555695,Very Low,3113.503245799437,,19023
19025,Iowa,Calhoun,44.56106870229007,Relatively Low,46.19430693069307,14.685022945348353,Very Low,3392.603696240295,,19025
19027,Iowa,Carroll,57.601781170483456,Relatively Low,64.66584158415841,19.440967876512307,Very Low,6457.692710712357,,19027
19029,Iowa,Cass,60.05089058524173,Relatively Low,54.207920792079214,17.563621193158113,Very Low,3760.448961805206,,19029
19031,Iowa,Cedar,21.501272264631044,Very Low,43.84282178217821,10.262828535669586,Very Low,3315.234731107229,,19031
19033,Iowa,Cerro Gordo,69.59287531806616,Relatively Low,70.26608910891089,11.514392991239049,Very Low,2352.9666470047723,,19033
19035,Iowa,Cherokee,34.12849872773537,Very Low,37.84034653465346,,Not Applicable,,,19035
19037,Iowa,Chickasaw,31.743002544529265,Very Low,38.79950495049505,12.14017521902378,Very Low,2927.581655401719,,19037
19039,Iowa,Clarke,18.384223918575064,Very Low,34.900990099009896,7.801418439716312,Very Low,1392.5842482816583,,19039
19041,Iowa,Clay,36.38676844783715,Very Low,55.167079207920786,,Not Applicable,,,19041
19043,Iowa,Clayton,42.20737913486005,Very Low,49.56683168316832,14.893617021276595,Very Low,3953.0908403088024,,19043
19045,Iowa,Clinton,64.82188295165395,Relatively Low,68.2549504950495,14.017521902377972,Very Low,3511.4710426912716,,19045
19047,Iowa,Crawford,60.846055979643765,Relatively Low,65.93440594059405,0.0,No Rating,0.0,,19047
19049,Iowa,Dallas,60.591603053435115,Relatively Low,79.67202970297029,12.557363370880267,Very Low,5349.39602928089,,19049
19051,Iowa,Davis,50.349872773536894,Relatively Low,39.851485148514854,13.850646641635379,Very Low,2278.361524824951,,19051
19053,Iowa,Decatur,23.60050890585242,Very Low,25.711633663366335,8.468919482686692,Very Low,1319.0861365680776,,19053
19055,Iowa,Delaware,49.74554707379134,Relatively Low,55.043316831683164,19.39924906132666,Very Low,5935.942649084222,,19055
19057,Iowa,Des Moines,55.78880407124682,Relatively Low,59.4059405940594,15.352523988318731,Very Low,4040.385448113952,,19057
19059,Iowa,Dickinson,36.32315521628499,Very Low,49.38118811881188,,Not Applicable,,,19059
19061,Iowa,Dubuque,63.58142493638677,Relatively Low,80.63118811881188,11.055486024196913,Very Low,4103.793208418397,,19061
19063,Iowa,Emmet,42.74809160305343,Very Low,48.29826732673268,,Not Applicable,,,19063
19065,Iowa,Fayette,50.89058524173028,Relatively Low,50.21658415841584,17.35502711722987,Very Low,4274.242078091489,,19065
19067,Iowa,Floyd,47.74173027989822,Relatively Low,49.65965346534654,12.098456403838131,Very Low,2632.744068398267,,19067
19069,Iowa,Franklin,21.946564885496183,Very Low,38.49009900990099,11.556111806424697,Very Low,3494.1624157090573,,19069
19071,Iowa,Fremont,14.980916030534353,Very Low,20.266089108910894,0.0,No Rating,0.0,,19071
19073,Iowa,Greene,31.774809160305345,Very Low,42.790841584158414,12.807676261994159,Very Low,3523.883852614678,,19073
19075,Iowa,Grundy,13.136132315521628,Very Low,32.92079207920792,9.303295786399666,Very Low,2754.68181747556,,19075
19077,Iowa,Guthrie,26.52671755725191,Very Low,47.896039603960396,10.054234459741343,Very Low,3043.01863975953,,19077
19079,Iowa,Hamilton,42.907124681933844,Relatively Low,51.670792079207914,18.856904463913224,Very Low,6149.009669499671,,19079
19081,Iowa,Hancock,28.78498727735369,Very Low,39.48019801980198,0.0,No Rating,0.0,,19081
19083,Iowa,Hardin,58.396946564885496,Relatively Low,61.417079207920786,18.98206090947017,Very Low,5472.100897123191,,19083
19085,Iowa,Harrison,31.297709923664126,Very Low,34.65346534653465,0.0,No Rating,0.0,,19085
19087,Iowa,Henry,30.852417302798983,Very Low,33.75618811881188,16.14518147684606,Very Low,3987.2900523070325,,19087
19089,Iowa,Howard,15.585241730279897,Very Low,31.71410891089109,9.553608677513559,Very Low,2596.5480450751957,,19089
19091,Iowa,Humboldt,24.077608142493638,Very Low,34.12747524752475,8.760951188986233,Very Low,1712.1556858156378,,19091
19093,Iowa,Ida,18.352417302798983,Very Low,23.26732673267327,,Not Applicable,,,19093
19095,Iowa,Iowa,28.24427480916031,Very Low,39.32549504950495,10.888610763454318,Very Low,2679.212718353566,,19095
19097,Iowa,Jackson,36.06870229007634,Very Low,48.4220297029703,10.80517313308302,Very Low,2717.853761912953,,19097
19099,Iowa,Jasper,43.670483460559794,Relatively Low,52.93935643564357,12.223612849395076,Very Low,3227.5360163903874,,19099
19101,Iowa,Jefferson,27.067430025445294,Very Low,24.412128712871286,13.0997079682937,Very Low,2584.6946231068255,,19101
19103,Iowa,Johnson,87.43638676844783,Relatively Moderate,90.37747524752476,13.600333750521484,Very Low,4594.829514297182,,19103
19105,Iowa,Jones,32.66539440203562,Very Low,53.03217821782178,9.094701710471423,Very Low,2351.1095844843844,,19105
19107,Iowa,Keokuk,21.85114503816794,Very Low,30.56930693069307,10.429703796412182,Very Low,2392.63347111464,,19107
19109,Iowa,Kossuth,32.25190839694657,Very Low,52.22772277227723,,Not Applicable,,,19109
19111,Iowa,Lee,62.945292620865146,Relatively Low,64.51113861386139,17.897371714643302,Very Low,4826.502786052006,,19111
19113,Iowa,Linn,86.70483460559797,Relatively Moderate,88.76856435643565,16.312056737588655,Very Low,5313.213014689692,,19113
19115,Iowa,Louisa,17.4618320610687,Very Low,28.43440594059406,11.848143512724238,Very Low,3288.4815612902084,,19115
19117,Iowa,Lucas,29.67557251908397,Very Low,25.99009900990099,7.968293700458908,Very Low,888.5751738908202,,19117
19119,Iowa,Lyon,19.1793893129771,Very Low,38.613861386138616,,Not Applicable,,,19119
19121,Iowa,Madison,35.52798982188295,Very Low,36.13861386138614,8.594075928243639,Very Low,1262.2322239360253,,19121
19123,Iowa,Mahaska,29.739185750636132,Very Low,39.13985148514851,11.13892365456821,Very Low,2653.9252446619585,,19123
19125,Iowa,Marion,34.35114503816794,Very Low,48.886138613861384,8.093450146015853,Very Low,1507.1698489842506,,19125
19127,Iowa,Marshall,62.468193384223916,Relatively Low,64.69678217821783,15.227367542761785,Very Low,3814.5358914062235,,19127
19129,Iowa,Mills,18.479643765903308,Very Low,37.34529702970298,0.0,No Rating,0.0,,19129
19131,Iowa,Mitchell,37.69083969465649,Very Low,49.16460396039604,0.0,No Rating,0.0,,19131
19133,Iowa,Monona,25.095419847328245,Very Low,29.57920792079208,0.0,No Rating,0.0,,19133
19135,Iowa,Monroe,10.305343511450381,Very Low,22.122524752475247,7.300792657488528,Very Low,797.5228201839775,,19135
19137,Iowa,Montgomery,33.68320610687023,Very Low,39.603960396039604,0.0,No Rating,0.0,,19137
19139,Iowa,Muscatine,57.76081424936387,Relatively Low,61.07673267326733,12.891113892365457,Very Low,3070.527745431465,,19139
19141,Iowa,O'Brien,16.412213740458014,Very Low,39.29455445544555,,Not Applicable,,,19141
19143,Iowa,Osceola,14.853689567430026,Very Low,14.944306930693068,,Not Applicable,,,19143
19145,Iowa,Page,40.20356234096692,Very Low,42.54331683168317,0.0,No Rating,0.0,,19145
19147,Iowa,Palo Alto,15.458015267175574,Very Low,33.849009900990104,,Not Applicable,,,19147
19149,Iowa,Plymouth,49.204834605597966,Relatively Low,55.90965346534653,,Not Applicable,,,19149
19151,Iowa,Pocahontas,33.0470737913486,Very Low,40.03712871287129,,Not Applicable,,,19151
19153,Iowa,Polk,91.98473282442748,Relatively Moderate,93.56435643564357,27.492699207342515,Very Low,14289.32709223617,,19153
19155,Iowa,Pottawattamie,80.43893129770993,Relatively Low,83.53960396039604,0.0,No Rating,0.0,,19155
19157,Iowa,Poweshiek,31.265903307888042,Very Low,41.646039603960396,11.722987067167292,Very Low,2963.2312436857083,,19157
19159,Iowa,Ringgold,14.153944020356235,Very Low,26.980198019801982,7.717980809345015,Very Low,1317.4394291906685,,19159
19161,Iowa,Sac,27.29007633587786,Very Low,49.9690594059406,0.0,No Rating,0.0,,19161
19163,Iowa,Scott,84.89185750636132,Relatively Moderate,87.25247524752476,17.39674593241552,Very Low,5772.30581772461,,19163
19165,Iowa,Shelby,22.7735368956743,Very Low,44.492574257425744,0.0,No Rating,0.0,,19165
19167,Iowa,Sioux,52.3854961832061,Relatively Low,72.27722772277228,,Not Applicable,,,19167
19169,Iowa,Story,68.8295165394402,Relatively Low,77.38242574257426,14.351272423863163,Very Low,4521.942409350061,,19169
19171,Iowa,Tama,45.32442748091603,Relatively Low,44.306930693069305,16.854401335002088,Very Low,3915.7904278812666,,19171
19173,Iowa,Taylor,38.48600508905852,Very Low,34.71534653465346,10.346266166040884,Very Low,1684.961461486438,,19173
19175,Iowa,Union,49.52290076335878,Relatively Low,43.93564356435643,11.013767209011265,Very Low,1801.579991306288,,19175
19177,Iowa,Van Buren,33.61959287531807,Very Low,28.125,13.47517730496454,Very Low,2503.832726277897,,19177
19179,Iowa,Wapello,65.33078880407125,Relatively Low,66.42945544554455,10.221109720483938,Very Low,1968.2018991513246,,19179
19181,Iowa,Warren,36.10050890585242,Very Low,58.168316831683164,7.634543178973717,Very Low,1459.1677184516936,,19181
19183,Iowa,Washington,44.179389312977094,Relatively Low,47.834158415841586,20.066750104297036,Very Low,5978.91929737909,,19183
19185,Iowa,Wayne,22.010178117048344,Very Low,17.048267326732674,8.88610763454318,Very Low,1129.8018165738256,,19185
19187,Iowa,Webster,59.98727735368957,Relatively Low,67.32673267326733,13.057989153108052,Very Low,3565.558931305269,,19187
19189,Iowa,Winnebago,30.661577608142494,Very Low,33.261138613861384,,Not Applicable,,,19189
19191,Iowa,Winneshiek,36.19592875318066,Very Low,51.0519801980198,12.015018773466833,Very Low,3561.677236865284,,19191
19193,Iowa,Woodbury,83.26972010178118,Relatively Moderate,84.00371287128714,,Not Applicable,,,19193
19195,Iowa,Worth,9.860050890585242,Very Low,22.370049504950494,,Not Applicable,,,19195
19197,Iowa,Wright,41.50763358778626,Very Low,45.35891089108911,16.64580725907384,Very Low,4360.5940743493975,,19197
20001,Kansas,Allen,15.267175572519085,Very Low,25.340346534653463,16.77096370463079,Very Low,5615.5866340416715,,20001
20003,Kansas,Anderson,17.8117048346056,Very Low,13.33539603960396,0.0,No Rating,0.0,,20003
20005,Kansas,Atchison,15.966921119592875,Very Low,32.61138613861386,0.0,No Rating,0.0,,20005
20007,Kansas,Barber,40.33078880407125,Very Low,48.4529702970297,18.940342094284524,Very Low,6056.565324756054,,20007
20009,Kansas,Barton,60.30534351145038,Relatively Low,57.3019801980198,0.0,No Rating,0.0,,20009
20011,Kansas,Bourbon,35.655216284987276,Very Low,35.9529702970297,23.696287025448477,Very Low,7558.294248883408,,20011
20013,Kansas,Brown,15.330788804071247,Very Low,22.896039603960396,0.0,No Rating,0.0,,20013
20015,Kansas,Butler,74.39567430025446,Relatively Low,80.87871287128714,29.78723404255319,Very Low,17655.179137635787,,20015
20017,Kansas,Chase,9.351145038167939,Very Low,13.459158415841586,0.0,No Rating,0.0,,20017
20019,Kansas,Chautauqua,12.118320610687022,Very Low,12.871287128712872,16.228619107217355,Very Low,3876.2704542725382,,20019
20021,Kansas,Cherokee,53.68956743002544,Relatively Low,54.82673267326733,26.1994159365874,Very Low,9809.669629947985,,20021
20023,Kansas,Cheyenne,8.396946564885496,Very Low,5.198019801980198,,Not Applicable,,,20023
20025,Kansas,Clark,7.092875318066158,Very Low,10.334158415841584,15.39424280350438,Very Low,4468.887266170002,,20025
20027,Kansas,Clay,16.444020356234095,Very Low,17.945544554455445,0.0,No Rating,0.0,,20027
20029,Kansas,Cloud,20.165394402035624,Very Low,23.824257425742573,,Not Applicable,,,20029
20031,Kansas,Coffey,35.337150127226465,Very Low,28.80569306930693,0.0,No Rating,0.0,,20031
20033,Kansas,Comanche,20.229007633587788,Very Low,18.06930693069307,13.433458489778891,Very Low,2694.9472330581193,,20033
20035,Kansas,Cowley,69.11577608142494,Relatively Low,69.80198019801979,20.984564038381308,Very Low,6283.337925650806,,20035
20037,Kansas,Crawford,71.43765903307889,Relatively Low,70.23514851485149,28.16020025031289,Very Low,11229.313214799973,,20037
20039,Kansas,Decatur,11.291348600508906,Very Low,15.841584158415841,,Not Applicable,,,20039
20041,Kansas,Dickinson,49.1412213740458,Relatively Low,52.691831683168324,0.0,No Rating,0.0,,20041
20043,Kansas,Doniphan,13.994910941475828,Very Low,17.698019801980198,0.0,No Rating,0.0,,20043
20045,Kansas,Douglas,74.80916030534351,Relatively Low,82.33292079207921,0.0,No Rating,0.0,,20045
20047,Kansas,Edwards,17.557251908396946,Very Low,22.80321782178218,0.0,No Rating,0.0,,20047
20049,Kansas,Elk,14.599236641221374,Very Low,9.560643564356436,17.438464747601166,Very Low,3419.9471397265006,,20049
20051,Kansas,Ellis,32.69720101781171,Very Low,52.87747524752475,,Not Applicable,,,20051
20053,Kansas,Ellsworth,15.171755725190838,Very Low,22.617574257425744,0.0,No Rating,0.0,,20053
20055,Kansas,Finney,63.74045801526718,Relatively Low,65.96534653465346,,Not Applicable,,,20055
20057,Kansas,Ford,51.68575063613231,Relatively Low,57.920792079207914,,Not Applicable,,,20057
20059,Kansas,Franklin,43.734096692111954,Relatively Low,51.88737623762376,0.0,No Rating,0.0,,20059
20061,Kansas,Geary,40.5852417302799,Very Low,56.188118811881196,0.0,No Rating,0.0,,20061
20063,Kansas,Gove,4.770992366412214,Very Low,9.622524752475247,,Not Applicable,,,20063
20065,Kansas,Graham,4.325699745547073,Very Low,4.517326732673268,,Not Applicable,,,20065
20067,Kansas,Grant,13.549618320610687,Very Low,23.917079207920793,,Not Applicable,,,20067
20069,Kansas,Gray,36.73664122137404,Very Low,40.31559405940594,,Not Applicable,,,20069
20071,Kansas,Greeley,1.972010178117048,Very Low,4.610148514851485,,Not Applicable,,,20071
20073,Kansas,Greenwood,24.491094147582697,Very Low,28.929455445544555,0.0,No Rating,0.0,,20073
20075,Kansas,Hamilton,4.103053435114504,Very Low,7.240099009900989,,Not Applicable,,,20075
20077,Kansas,Harper,31.329516539440206,Very Low,30.228960396039607,22.40300375469337,Very Low,6493.43931273043,,20077
20079,Kansas,Harvey,38.93129770992366,Very Low,61.633663366336634,0.0,No Rating,0.0,,20079
20081,Kansas,Haskell,15.012722646310433,Very Low,22.153465346534652,,Not Applicable,,,20081
20083,Kansas,Hodgeman,5.947837150127226,Very Low,11.014851485148515,,Not Applicable,,,20083
20085,Kansas,Jackson,21.533078880407125,Very Low,25.278465346534652,0.0,No Rating,0.0,,20085
20087,Kansas,Jefferson,19.65648854961832,Very Low,40.40841584158416,0.0,No Rating,0.0,,20087
20089,Kansas,Jewell,25.286259541984734,Very Low,24.93811881188119,,Not Applicable,,,20089
20091,Kansas,Johnson,94.8473282442748,Relatively High,96.8131188118812,0.0,No Rating,0.0,,20091
20093,Kansas,Kearny,8.365139949109416,Very Low,15.77970297029703,,Not Applicable,,,20093
20095,Kansas,Kingman,35.55979643765903,Very Low,39.41831683168317,20.442219440967875,Very Low,6203.842696170887,,20095
20097,Kansas,Kiowa,15.044529262086515,Very Low,17.2029702970297,0.0,No Rating,0.0,,20097
20099,Kansas,Labette,66.18956743002545,Relatively Low,57.14727722772277,38.63162286191072,Very Low,19547.58510939489,,20099
20101,Kansas,Lane,2.321882951653944,Very Low,5.352722772277228,,Not Applicable,,,20101
20103,Kansas,Leavenworth,66.34860050890585,Relatively Low,76.14480198019803,0.0,No Rating,0.0,,20103
20105,Kansas,Lincoln,13.517811704834607,Very Low,13.397277227722773,0.0,No Rating,0.0,,20105
20107,Kansas,Linn,12.245547073791348,Very Low,18.997524752475247,10.972048393825615,Very Low,2695.9499766039976,,20107
20109,Kansas,Logan,7.37913486005089,Very Low,6.126237623762377,,Not Applicable,,,20109
20111,Kansas,Lyon,47.646310432569976,Relatively Low,56.03341584158416,0.0,No Rating,0.0,,20111
20113,Kansas,McPherson,39.217557251908396,Very Low,60.67450495049505,0.0,No Rating,0.0,,20113
20115,Kansas,Marion,37.97709923664122,Very Low,42.945544554455445,0.0,No Rating,0.0,,20115
20117,Kansas,Marshall,21.4058524173028,Very Low,25.92821782178218,0.0,No Rating,0.0,,20117
20119,Kansas,Meade,15.553435114503817,Very Low,26.5779702970297,,Not Applicable,,,20119
20121,Kansas,Miami,43.06615776081425,Relatively Low,56.52846534653465,0.0,No Rating,0.0,,20121
20123,Kansas,Mitchell,29.834605597964376,Very Low,36.20049504950495,,Not Applicable,,,20123
20125,Kansas,Montgomery,73.37786259541986,Relatively Low,70.17326732673267,34.91864831038799,Very Low,17632.009593508516,,20125
20127,Kansas,Morris,27.449109414758272,Very Low,20.513613861386137,0.0,No Rating,0.0,,20127
20129,Kansas,Morton,4.675572519083969,Very Low,8.106435643564357,,Not Applicable,,,20129
20131,Kansas,Nemaha,17.43002544529262,Very Low,28.06311881188119,0.0,No Rating,0.0,,20131
20133,Kansas,Neosho,32.50636132315521,Very Low,42.04826732673268,24.32206925323321,Very Low,9876.265697847732,,20133
20135,Kansas,Ness,10.527989821882953,Very Low,11.850247524752474,,Not Applicable,,,20135
20137,Kansas,Norton,19.783715012722645,Very Low,18.96658415841584,,Not Applicable,,,20137
20139,Kansas,Osage,35.43256997455471,Very Low,38.39727722772277,0.0,No Rating,0.0,,20139
20141,Kansas,Osborne,21.43765903307888,Very Low,21.967821782178216,,Not Applicable,,,20141
20143,Kansas,Ottawa,16.889312977099237,Very Low,20.88490099009901,0.0,No Rating,0.0,,20143
20145,Kansas,Pawnee,31.615776081424933,Very Low,37.74752475247525,0.0,No Rating,0.0,,20145
20147,Kansas,Phillips,40.521628498727736,Very Low,33.601485148514854,,Not Applicable,,,20147
20149,Kansas,Pottawatomie,30.884223918575067,Very Low,52.50618811881188,0.0,No Rating,0.0,,20149
20151,Kansas,Pratt,54.834605597964384,Relatively Low,53.898514851485146,0.0,No Rating,0.0,,20151
20153,Kansas,Rawlins,4.834605597964376,Very Low,9.22029702970297,,Not Applicable,,,20153
20155,Kansas,Reno,80.1526717557252,Relatively Low,81.7759900990099,0.0,No Rating,0.0,,20155
20157,Kansas,Republic,18.924936386768447,Very Low,23.205445544554458,,Not Applicable,,,20157
20159,Kansas,Rice,28.530534351145036,Very Low,36.57178217821782,0.0,No Rating,0.0,,20159
20161,Kansas,Riley,58.460559796437664,Relatively Low,71.9059405940594,0.0,No Rating,0.0,,20161
20163,Kansas,Rooks,14.344783715012724,Very Low,27.382425742574256,,Not Applicable,,,20163
20165,Kansas,Rush,4.961832061068702,Very Low,11.757425742574256,0.0,No Rating,0.0,,20165
20167,Kansas,Russell,12.53180661577608,Very Low,16.46039603960396,0.0,No Rating,0.0,,20167
20169,Kansas,Saline,66.15776081424937,Relatively Low,74.62871287128714,0.0,No Rating,0.0,,20169
20171,Kansas,Scott,46.43765903307888,Relatively Low,36.695544554455445,,Not Applicable,,,20171
20173,Kansas,Sedgwick,96.5966921119593,Relatively High,96.78217821782178,42.720066750104294,Very Low,40414.69621660932,,20173
20175,Kansas,Seward,42.30279898218829,Very Low,41.46039603960396,,Not Applicable,,,20175
20177,Kansas,Shawnee,88.04071246819338,Relatively Moderate,88.21163366336634,0.0,No Rating,0.0,,20177
20179,Kansas,Sheridan,6.138676844783715,Very Low,13.985148514851486,,Not Applicable,,,20179
20181,Kansas,Sherman,11.164122137404581,Very Low,18.409653465346533,,Not Applicable,,,20181
20183,Kansas,Smith,21.21501272264631,Very Low,27.44430693069307,,Not Applicable,,,20183
20185,Kansas,Stafford,23.059796437659035,Very Low,26.856435643564357,0.0,No Rating,0.0,,20185
20187,Kansas,Stanton,9.63740458015267,Very Low,11.478960396039604,,Not Applicable,,,20187
20189,Kansas,Stevens,40.04452926208651,Very Low,26.63985148514851,,Not Applicable,,,20189
20191,Kansas,Sumner,48.82315521628499,Relatively Low,55.228960396039604,20.233625365039636,Very Low,6843.736922373127,,20191
20193,Kansas,Thomas,9.446564885496183,Very Low,21.070544554455445,,Not Applicable,,,20193
20195,Kansas,Trego,2.703562340966921,Very Low,6.590346534653466,,Not Applicable,,,20195
20197,Kansas,Wabaunsee,14.631043256997456,Very Low,21.19430693069307,0.0,No Rating,0.0,,20197
20199,Kansas,Wallace,1.176844783715013,Very Low,1.29950495049505,,Not Applicable,,,20199
20201,Kansas,Washington,15.617048346055979,Very Low,21.441831683168317,0.0,No Rating,0.0,,20201
20203,Kansas,Wichita,8.174300254452927,Very Low,12.03589108910891,,Not Applicable,,,20203
20205,Kansas,Wilson,17.970737913486005,Very Low,26.5470297029703,0.0,No Rating,0.0,,20205
20207,Kansas,Woodson,7.729007633587787,Very Low,4.362623762376237,0.0,No Rating,0.0,,20207
20209,Kansas,Wyandotte,89.3765903307888,Relatively Moderate,87.5618811881188,0.0,No Rating,0.0,,20209
21001,Kentucky,Adair,39.44020356234097,Very Low,31.033415841584162,48.26866916979558,Very Low,45803.10573088224,,21001
21003,Kentucky,Allen,33.33333333333333,Very Low,29.826732673267326,29.578639966624948,Very Low,11124.658859933998,,21003
21005,Kentucky,Anderson,26.33587786259542,Very Low,37.56188118811881,18.564872757613685,Very Low,6373.107097749279,,21005
21007,Kentucky,Ballard,39.63104325699746,Very Low,38.92326732673268,29.620358781810594,Very Low,12122.314892559118,,21007
21009,Kentucky,Barren,67.90712468193384,Relatively Low,59.684405940594054,45.01460158531498,Very Low,33053.06948643138,,21009
21011,Kentucky,Bath,13.708651399491096,Very Low,12.747524752475247,26.49144764288694,Very Low,9318.490547519572,,21011
21013,Kentucky,Bell,68.00254452926208,Relatively Low,58.3230198019802,35.210680016687526,Very Low,14928.293881241641,,21013
21015,Kentucky,Boone,74.45928753180662,Relatively Low,83.47772277227723,13.516896120150188,Very Low,4801.281517077828,,21015
21017,Kentucky,Bourbon,39.3765903307888,Very Low,38.211633663366335,42.67834793491865,Very Low,33123.44719520168,,21017
21019,Kentucky,Boyd,74.93638676844783,Relatively Low,72.02970297029702,50.521485189820616,Very Low,65964.87845077655,,21019
21021,Kentucky,Boyle,41.57124681933842,Very Low,44.616336633663366,30.997079682937006,Very Low,15017.34419432884,,21021
21023,Kentucky,Bracken,12.022900763358779,Very Low,15.16089108910891,8.051731330830204,Very Low,1197.3165513471167,,21023
21025,Kentucky,Breathitt,64.66284987277355,Relatively Low,50.061881188118804,39.46599916562369,Very Low,17188.581686030968,,21025
21027,Kentucky,Breckinridge,39.53562340966921,Very Low,41.336633663366335,30.830204422194406,Very Low,14454.370055955651,,21027
21029,Kentucky,Bullitt,71.7557251908397,Relatively Low,82.14727722772277,13.350020859407593,Very Low,4772.981591518786,,21029
21031,Kentucky,Butler,18.12977099236641,Very Low,17.667079207920793,19.607843137254903,Very Low,5083.9564350358905,,21031
21033,Kentucky,Caldwell,38.963104325699746,Very Low,32.209158415841586,22.65331664580726,Very Low,5815.0789768907425,,21033
21035,Kentucky,Calloway,75.3498727735369,Relatively Low,71.3490099009901,39.424280350438046,Very Low,23412.818145106867,,21035
21037,Kentucky,Campbell,58.333333333333336,Relatively Low,68.75,10.554860241969129,Very Low,2679.7435359595333,,21037
21039,Kentucky,Carlisle,18.734096692111958,Very Low,17.728960396039604,24.572382144347102,Very Low,7715.783612037426,,21039
21041,Kentucky,Carroll,23.40966921119593,Very Low,19.832920792079207,12.932832707551107,Very Low,2449.418387090401,,21041
21043,Kentucky,Carter,52.735368956743,Relatively Low,48.91707920792079,36.96287025448478,Very Low,19982.16214555442,,21043
21045,Kentucky,Casey,37.05470737913486,Very Low,26.268564356435643,44.764288694201085,Very Low,30243.802401245648,,21045
21047,Kentucky,Christian,79.64376590330788,Relatively Low,80.6930693069307,34.4180225281602,Very Low,20173.81692756984,,21047
21049,Kentucky,Clark,38.295165394402034,Very Low,47.21534653465346,33.50020859407593,Very Low,21161.96860911477,,21049
21051,Kentucky,Clay,67.14376590330788,Relatively Low,52.599009900990104,36.50396328744264,Very Low,14297.917152968244,,21051
21053,Kentucky,Clinton,24.52290076335878,Very Low,15.965346534653465,45.47350855235711,Very Low,32475.98301624313,,21053
21055,Kentucky,Crittenden,30.375318066157757,Very Low,23.483910891089106,24.53066332916145,Very Low,6547.353741353526,,21055
21057,Kentucky,Cumberland,30.08905852417303,Very Low,16.522277227722775,35.878181059657905,Very Low,13404.489768285226,,21057
21059,Kentucky,Daviess,88.13613231552164,Relatively Moderate,87.80940594059405,35.04380475594493,Very Low,20229.99279743912,,21059
21061,Kentucky,Edmonson,11.036895674300254,Very Low,14.696782178217822,16.270337922403,Very Low,4490.320076252547,,21061
21063,Kentucky,Elliott,12.213740458015266,Very Low,5.847772277227723,35.25239883187318,Very Low,13212.274207806984,,21063
21065,Kentucky,Estill,41.79389312977099,Very Low,30.693069306930692,28.076762619941594,Very Low,8312.55193539671,,21065
21067,Kentucky,Fayette,92.04834605597965,Relatively Moderate,91.76980198019803,56.987901543596166,Very Low,149031.52089188286,,21067
21069,Kentucky,Fleming,30.979643765903308,Very Low,20.20420792079208,37.254901960784316,Very Low,16248.966415692124,,21069
21071,Kentucky,Floyd,94.17938931297711,Relatively Moderate,91.1200495049505,50.7717980809345,Very Low,53646.35516989524,,21071
21073,Kentucky,Franklin,64.47201017811705,Relatively Low,68.34777227722772,28.410513141426787,Very Low,13214.666727883276,,21073
21075,Kentucky,Fulton,46.75572519083969,Relatively Low,33.29207920792079,34.58489778890279,Very Low,13157.194358313047,,21075
21077,Kentucky,Gallatin,17.270992366412212,Very Low,16.08910891089109,7.175636211931582,Very Low,403.61327946801225,,21077
21079,Kentucky,Garrard,30.248091603053435,Very Low,21.03960396039604,44.847726324572385,Very Low,30871.53283936757,,21079
21081,Kentucky,Grant,16.28498727735369,Very Low,21.534653465346533,7.759699624530664,Very Low,1052.1801133544768,,21081
21083,Kentucky,Graves,83.96946564885496,Relatively Moderate,79.20792079207921,48.72757613683771,Very Low,48516.54365295363,,21083
21085,Kentucky,Grayson,45.26081424936387,Relatively Low,40.37747524752475,35.08552357113058,Very Low,16888.06088001607,,21085
21087,Kentucky,Green,14.026717557251908,Very Low,10.024752475247526,31.956612432206928,Very Low,12307.214325321274,,21087
21089,Kentucky,Greenup,52.608142493638674,Relatively Low,52.75371287128713,39.63287442636629,Very Low,26178.685205526534,,21089
21091,Kentucky,Hancock,28.75318066157761,Very Low,25.402227722772274,15.018773466833544,Very Low,3075.01721061315,,21091
21093,Kentucky,Hardin,75.50890585241731,Relatively Low,77.32054455445545,40.34209428452232,Very Low,30826.673842000597,,21093
21095,Kentucky,Harlan,65.7442748091603,Relatively Low,56.15717821782178,42.5531914893617,Very Low,26205.06432310855,,21095
21097,Kentucky,Harrison,33.778625954198475,Very Low,32.88985148514851,32.99958281184814,Very Low,15829.315726213705,,21097
21099,Kentucky,Hart,41.12595419847328,Very Low,33.910891089108915,38.46474760116813,Very Low,20458.923764785508,,21099
21101,Kentucky,Henderson,73.15521628498728,Relatively Low,71.16336633663366,29.203170629954112,Very Low,11959.17306597855,,21101
21103,Kentucky,Henry,15.744274809160306,Very Low,18.347772277227723,9.678765123070505,Very Low,1761.7763810281042,,21103
21105,Kentucky,Hickman,35.81424936386768,Very Low,27.351485148514854,38.04755944931164,Very Low,19292.06904927539,,21105
21107,Kentucky,Hopkins,72.55089058524173,Relatively Low,68.53341584158416,29.912390488110134,Very Low,11407.116141517603,,21107
21109,Kentucky,Jackson,24.173027989821882,Very Low,18.719059405940595,39.25740508969545,Very Low,21397.020826946766,,21109
21111,Kentucky,Jefferson,98.2824427480916,Relatively High,98.08168316831683,35.83646224447226,Very Low,20234.55364452109,,21111
21113,Kentucky,Jessamine,39.79007633587786,Very Low,56.09529702970298,40.42553191489361,Very Low,42852.48543896456,,21113
21115,Kentucky,Johnson,71.0559796437659,Relatively Low,61.50990099009901,45.84897788902795,Very Low,34272.43570339485,,21115
21117,Kentucky,Kenton,77.41730279898219,Relatively Low,82.61138613861387,13.141426783479348,Very Low,3885.422098822837,,21117
21119,Kentucky,Knott,52.09923664122137,Relatively Low,40.625,34.5014601585315,Very Low,13688.342320431395,,21119
21121,Kentucky,Knox,74.71374045801527,Relatively Low,59.83910891089109,39.09052982895286,Very Low,16371.27935809113,,21121
21123,Kentucky,Larue,12.436386768447836,Very Low,19.337871287128714,25.281602002503128,Very Low,11324.791777032497,,21123
21125,Kentucky,Laurel,71.66030534351145,Relatively Low,66.1509900990099,50.9386733416771,Very Low,61514.904057386244,,21125
21127,Kentucky,Lawrence,53.276081424936386,Relatively Low,46.59653465346535,34.2511472674176,Very Low,15077.194575377136,,21127
21129,Kentucky,Lee,7.506361323155216,Very Low,5.290841584158415,26.157697121401753,Very Low,7951.4727501770685,,21129
21131,Kentucky,Leslie,31.711195928753185,Very Low,23.298267326732674,31.49770546516479,Very Low,11411.068883511982,,21131
21133,Kentucky,Letcher,66.6030534351145,Relatively Low,54.73391089108911,41.17647058823529,Very Low,21153.567294142395,,21133
21135,Kentucky,Lewis,41.475826972010175,Very Low,32.85891089108911,34.12599082186066,Very Low,14287.453768522075,,21135
21137,Kentucky,Lincoln,32.56997455470738,Very Low,27.846534653465348,42.46975385899041,Very Low,29089.404604130592,,21137
21139,Kentucky,Livingston,27.131043256997454,Very Low,24.040841584158414,24.113475177304963,Very Low,7088.544271054657,,21139
21141,Kentucky,Logan,54.64376590330788,Relatively Low,55.693069306930695,34.79349186483104,Very Low,19708.997563632765,,21141
21143,Kentucky,Lyon,28.880407124681934,Very Low,22.060643564356436,17.813934084272006,Very Low,3636.83197680816,,21143
21145,Kentucky,McCracken,89.66284987277355,Relatively Moderate,88.73762376237624,44.30538172715895,Very Low,41441.76854058259,,21145
21147,Kentucky,McCreary,25.318066157760814,Very Low,12.438118811881187,48.477263245723826,Very Low,35627.42624366212,,21147
21149,Kentucky,McLean,40.71246819338422,Very Low,32.51856435643564,26.866916979557782,Very Low,8197.903654707061,,21149
21151,Kentucky,Madison,74.84096692111959,Relatively Low,77.75371287128714,50.646641635377556,Very Low,83060.29918422973,,21151
21153,Kentucky,Magoffin,34.987277353689564,Very Low,25.68069306930693,37.33833959115561,Very Low,17372.28533907697,,21153
21155,Kentucky,Marion,30.216284987277355,Very Low,30.878712871287128,37.04630788485607,Very Low,22289.01281733384,,21155
21157,Kentucky,Marshall,61.92748091603053,Relatively Low,63.76856435643564,41.88569044639132,Very Low,34514.68685152392,,21157
21159,Kentucky,Martin,49.93638676844784,Relatively Low,30.074257425742573,40.30037546933667,Very Low,16171.52950139307,,21159
21161,Kentucky,Mason,39.18575063613232,Very Low,34.03465346534654,35.377555277430126,Very Low,17319.480196658886,,21161
21163,Kentucky,Meade,40.903307888040715,Very Low,44.863861386138616,14.851898206090947,Very Low,3617.342059585339,,21163
21165,Kentucky,Menifee,6.202290076335878,Very Low,6.497524752475248,16.604088443888195,Very Low,4315.15507652911,,21165
21167,Kentucky,Mercer,41.412213740458014,Very Low,42.48143564356436,33.29161451814768,Very Low,17062.164478803254,,21167
21169,Kentucky,Metcalfe,21.787531806615775,Very Low,11.35519801980198,30.74676679182311,Very Low,9020.550434999592,,21169
21171,Kentucky,Monroe,26.653944020356235,Very Low,16.027227722772277,42.511472674176055,Very Low,23852.326841995506,,21171
21173,Kentucky,Montgomery,34.31933842239186,Very Low,36.23143564356436,36.92115143929912,Very Low,22618.512126054196,,21173
21175,Kentucky,Morgan,22.07379134860051,Very Low,21.287128712871286,37.42177722152691,Very Low,21968.25558100941,,21175
21177,Kentucky,Muhlenberg,53.24427480916031,Relatively Low,49.257425742574256,30.413016270337923,Very Low,11909.995442619731,,21177
21179,Kentucky,Nelson,55.18447837150128,Relatively Low,60.396039603960396,25.44847726324572,Very Low,10517.33697071533,,21179
21181,Kentucky,Nicholas,18.98854961832061,Very Low,10.860148514851485,31.20567375886525,Very Low,9956.870532114135,,21181
21183,Kentucky,Ohio,54.166666666666664,Relatively Low,47.95792079207921,40.842720066750104,Very Low,24265.832549011255,,21183
21185,Kentucky,Oldham,55.97964376590331,Relatively Low,71.68935643564357,8.719232373800583,Very Low,2215.6051629427307,,21185
21187,Kentucky,Owen,15.203562340966922,Very Low,18.224009900990097,13.183145598664996,Very Low,3181.921298945219,,21187
21189,Kentucky,Owsley,6.393129770992366,Very Low,3.217821782178218,23.070504797663745,Very Low,5347.495908287713,,21189
21191,Kentucky,Pendleton,29.898218829516537,Very Low,31.590346534653463,8.343763037129746,Very Low,1236.5267971302949,,21191
21193,Kentucky,Perry,73.21882951653944,Relatively Low,69.49257425742574,44.3471005423446,Very Low,36161.36326129529,,21193
21195,Kentucky,Pike,87.88167938931298,Relatively Moderate,83.60148514851485,51.18898623279099,Very Low,57066.259710759645,,21195
21197,Kentucky,Powell,31.202290076335874,Very Low,20.606435643564357,34.83521068001669,Very Low,13710.206072748193,,21197
21199,Kentucky,Pulaski,79.13486005089058,Relatively Low,74.38118811881188,56.19524405506884,Very Low,107440.90389429308,,21199
21201,Kentucky,Robertson,1.653944020356234,Very Low,0.83539603960396,11.597830621610346,Very Low,1703.599183094943,,21201
21203,Kentucky,Rockcastle,36.1323155216285,Very Low,24.876237623762375,35.502711722987065,Very Low,14554.043496544286,,21203
21205,Kentucky,Rowan,47.900763358778626,Relatively Low,45.08044554455445,45.056320400500624,Very Low,38153.056064737386,,21205
21207,Kentucky,Russell,31.87022900763359,Very Low,22.926980198019802,49.2282019190655,Very Low,48362.83150800192,,21207
21209,Kentucky,Scott,56.075063613231556,Relatively Low,61.757425742574256,37.00458906967042,Very Low,26804.78239357204,,21209
21211,Kentucky,Shelby,61.86386768447837,Relatively Low,62.74752475247525,20.317062995410932,Very Low,5992.26847269505,,21211
21213,Kentucky,Simpson,27.003816793893133,Very Low,26.763613861386137,27.325823946599915,Very Low,10469.507942066008,,21213
21215,Kentucky,Spencer,13.326972010178118,Very Low,32.08539603960396,7.84313725490196,Very Low,1781.3536367279141,,21215
21217,Kentucky,Taylor,38.708651399491096,Very Low,35.64356435643564,37.546933667083856,Very Low,21136.538981384543,,21217
21219,Kentucky,Todd,28.56234096692112,Very Low,34.52970297029702,30.079265748852734,Very Low,14808.994794889359,,21219
21221,Kentucky,Trigg,48.409669211195926,Relatively Low,36.943069306930695,24.405506883604506,Very Low,5953.760628817102,,21221
21223,Kentucky,Trimble,11.895674300254452,Very Low,8.199257425742575,14.267834793491865,Very Low,2628.8716804075466,,21223
21225,Kentucky,Union,42.779898218829516,Very Low,37.28341584158416,26.61660408844389,Very Low,8574.30821227784,,21225
21227,Kentucky,Warren,88.48600508905852,Relatively Moderate,88.79950495049505,44.22194409678765,Very Low,45865.57886011615,,21227
21229,Kentucky,Washington,16.730279898218832,Very Low,20.637376237623762,25.823946599916564,Very Low,10360.993809281988,,21229
21231,Kentucky,Wayne,54.67557251908397,Relatively Low,41.30569306930693,52.52398831873175,Very Low,59237.41803128193,,21231
21233,Kentucky,Webster,29.230279898218832,Very Low,31.55940594059406,21.818940342094283,Very Low,6726.806573964374,,21233
21235,Kentucky,Whitley,62.213740458015266,Relatively Low,56.71410891089109,44.72256987901543,Very Low,35157.59358332224,,21235
21237,Kentucky,Wolfe,18.543256997455472,Very Low,7.580445544554455,31.2473925740509,Very Low,8666.696490054546,,21237
21239,Kentucky,Woodford,40.012722646310436,Very Low,45.2970297029703,33.83395911556112,Very Low,19877.751261953945,,21239
22001,Louisiana,Acadia,88.61323155216286,Relatively Moderate,83.97277227722772,96.6624947851481,Relatively High,21908089.450114146,45.4,22001
22003,Louisiana,Allen,50.699745547073796,Relatively Low,48.05074257425743,84.98122653316645,Relatively Moderate,3190902.897218132,30.599999999999998,22003
22005,Louisiana,Ascension,92.14376590330788,Relatively Moderate,92.35767326732673,97.95577805590321,Relatively High,74181524.41417527,79.2,22005
22007,Louisiana,Assumption,70.29262086513995,Relatively Low,60.86014851485149,93.4918648310388,Relatively High,10724194.006610902,78.0,22007
22009,Louisiana,Avoyelles,72.99618320610686,Relatively Low,60.055693069306926,90.02920317062996,Relatively Moderate,4775662.452383517,0.0,22009
22011,Louisiana,Beauregard,55.56615776081425,Relatively Low,54.30074257425742,82.47809762202753,Relatively Moderate,2464017.9130331725,22.6,22011
22013,Louisiana,Bienville,28.65776081424936,Very Low,15.872524752475247,67.87651230705049,Relatively Low,294435.83022736944,,22013
22015,Louisiana,Bossier,82.5381679389313,Relatively Moderate,82.79702970297029,74.76011681268253,Relatively Low,935317.7577347467,,22015
22017,Louisiana,Caddo,92.6208651399491,Relatively Moderate,89.63490099009901,82.77012932832707,Relatively Moderate,2105136.836737061,,22017
22019,Louisiana,Calcasieu,95.70610687022901,Relatively High,94.70915841584159,98.2060909470171,Very High,71000060.89894316,84.0,22019
22021,Louisiana,Caldwell,10.49618320610687,Very Low,7.982673267326732,62.244472256987905,Relatively Low,208116.24509932648,,22021
22023,Louisiana,Cameron,33.651399491094146,Very Low,37.035891089108915,82.14434710054235,Relatively Moderate,2534130.4421363794,84.6,22023
22025,Louisiana,Catahoula,17.016539440203562,Very Low,8.16831683168317,74.00917813934085,Relatively Low,524798.5446764175,,22025
22027,Louisiana,Claiborne,41.73027989821883,Very Low,23.391089108910894,69.54526491447642,Relatively Low,315603.9172533856,,22027
22029,Louisiana,Concordia,31.552162849872772,Very Low,20.761138613861384,77.3884021693784,Relatively Low,906612.4573286512,0.0,22029
22031,Louisiana,De Soto,42.01653944020356,Very Low,31.373762376237625,67.37588652482269,Relatively Low,318336.3846038424,,22031
22033,Louisiana,East Baton Rouge,97.96437659033079,Relatively High,97.09158415841584,98.16437213183146,Very High,67157192.31825763,54.6,22033
22035,Louisiana,East Carroll,21.596692111959285,Very Low,11.107673267326733,66.83354192740926,Relatively Low,259063.80807634158,,22035
22037,Louisiana,East Feliciana,56.424936386768444,Relatively Low,44.67821782178218,84.64747601168126,Relatively Moderate,2376753.6027868767,0.0,22037
22039,Louisiana,Evangeline,75.92239185750637,Relatively Low,65.22277227722772,89.57029620358782,Relatively Moderate,4593068.042270913,0.0,22039
22041,Louisiana,Franklin,35.909669211195926,Very Low,25.433168316831683,73.59198998748435,Relatively Low,552211.4805009881,,22041
22043,Louisiana,Grant,29.611959287531807,Very Low,27.784653465346537,65.16478931998331,Relatively Low,309232.71923822054,,22043
22045,Louisiana,Iberia,90.61704834605598,Relatively Moderate,86.85024752475248,97.28827701293284,Relatively High,33448403.177792493,72.0,22045
22047,Louisiana,Iberville,73.72773536895674,Relatively Low,69.52351485148515,94.40967876512308,Relatively High,14985837.546854982,65.60000000000001,22047
22049,Louisiana,Jackson,26.176844783715016,Very Low,15.686881188118813,65.37338339591156,Relatively Low,235520.66145614657,,22049
22051,Louisiana,Jefferson,98.66412213740458,Relatively High,98.45297029702971,99.79140592407175,Very High,250677973.98566896,95.6,22051
22053,Louisiana,Jefferson Davis,74.33206106870229,Relatively Low,70.57549504950495,92.28201919065498,Relatively Moderate,10363292.069697056,45.6,22053
22055,Louisiana,Lafayette,95.16539440203562,Relatively High,95.42079207920791,98.3729662077597,Very High,97824350.57033513,45.0,22055
22057,Louisiana,Lafourche,91.34860050890585,Relatively Moderate,89.17079207920791,97.74718397997498,Relatively High,53744498.8040161,81.8,22057
22059,Louisiana,LaSalle,12.150127226463106,Very Low,13.056930693069308,65.03963287442637,Relatively Low,333752.0737355019,,22059
22061,Louisiana,Lincoln,64.34478371501272,Relatively Low,54.39356435643564,67.00041718815186,Relatively Low,307660.8806796335,,22061
22063,Louisiana,Livingston,94.46564885496184,Relatively High,94.80198019801979,97.62202753441802,Relatively High,61754611.42384469,79.80000000000001,22063
22065,Louisiana,Madison,32.44274809160305,Very Low,18.502475247524753,69.62870254484773,Relatively Low,336886.9582868925,,22065
22067,Louisiana,Morehouse,55.279898218829516,Relatively Low,39.72772277227723,68.16854401335002,Relatively Low,310087.2496872423,,22067
22069,Louisiana,Natchitoches,56.39312977099237,Relatively Low,46.72029702970298,75.0104297037964,Relatively Low,706072.2216623621,,22069
22071,Louisiana,Orleans,98.25063613231552,Relatively High,97.80321782178217,99.66624947851481,Very High,222948612.12037128,81.2,22071
22073,Louisiana,Ouachita,87.5,Relatively Moderate,83.8490099009901,79.51606174384648,Relatively Low,1319574.9495098945,,22073
22075,Louisiana,Plaquemines,72.93256997455471,Relatively Low,70.82301980198021,94.86858573216522,Relatively High,19105259.62942393,83.0,22075
22077,Louisiana,Pointe Coupee,63.07251908396947,Relatively Low,51.70173267326733,86.52482269503547,Relatively Moderate,3071733.3290153756,0.0,22077
22079,Louisiana,Rapides,84.28753180661577,Relatively Moderate,79.48638613861387,90.61326658322903,Relatively Moderate,6367392.097132444,,22079
22081,Louisiana,Red River,16.666666666666664,Very Low,8.261138613861387,63.954943679599495,Relatively Low,196005.83400843886,,22081
22083,Louisiana,Richland,36.67302798982188,Very Low,24.53589108910891,66.16604088443889,Relatively Low,265018.11859702284,,22083
22085,Louisiana,Sabine,60.973282442748086,Relatively Low,47.926980198019805,80.3087192323738,Relatively Low,1267059.9068429314,,22085
22087,Louisiana,St. Bernard,75.60432569974554,Relatively Low,76.29950495049505,95.53608677513559,Relatively High,25306292.698282413,74.4,22087
22089,Louisiana,St. Charles,85.05089058524173,Relatively Moderate,85.45792079207921,95.95327492699207,Relatively High,28596135.675833028,95.39999999999999,22089
22091,Louisiana,St. Helena,36.291348600508904,Very Low,21.596534653465348,79.59949937421777,Relatively Low,1101108.6990569355,,22091
22093,Louisiana,St. James,71.02417302798982,Relatively Low,65.1608910891089,94.11764705882352,Relatively High,13285865.477661338,83.39999999999999,22093
22095,Louisiana,St. John the Baptist,81.5203562340967,Relatively Moderate,82.42574257425743,95.74468085106383,Relatively High,27621435.916798536,75.4,22095
22097,Louisiana,St. Landry,88.19974554707379,Relatively Moderate,83.66336633663366,92.24030037546935,Relatively Moderate,8200742.657870347,41.8,22097
22099,Louisiana,St. Martin,87.27735368956743,Relatively Moderate,82.67326732673267,96.12015018773467,Relatively High,20550333.19664382,87.0,22099
22101,Louisiana,St. Mary,88.93129770992367,Relatively Moderate,86.41707920792079,97.32999582811847,Relatively High,38765392.7365536,93.0,22101
22103,Louisiana,St. Tammany,96.56488549618321,Relatively High,96.65841584158416,98.91531080517314,Very High,143209212.4598196,82.6,22103
22105,Louisiana,Tangipahoa,93.32061068702289,Relatively Moderate,91.33663366336634,97.91405924071756,Relatively High,54268564.803769335,69.39999999999999,22105
22107,Louisiana,Tensas,14.50381679389313,Very Low,6.899752475247525,70.25448477263245,Relatively Low,371259.65077274403,,22107
22109,Louisiana,Terrebonne,94.24300254452926,Relatively Moderate,93.7190594059406,98.41468502294535,Very High,89259435.04453523,94.0,22109
22111,Louisiana,Union,49.650127226463106,Relatively Low,37.40717821782179,64.33041301627034,Relatively Low,215542.7599195517,,22111
22113,Louisiana,Vermilion,84.764631043257,Relatively Moderate,81.68316831683168,95.36921151439299,Relatively High,19377337.480432097,66.2,22113
22115,Louisiana,Vernon,68.89312977099237,Relatively Low,62.84034653465347,87.02544847726324,Relatively Moderate,3786731.6494766586,,22115
22117,Louisiana,Washington,85.52798982188295,Relatively Moderate,76.36138613861387,95.91155611180643,Relatively High,17007855.89735083,,22117
22119,Louisiana,Webster,69.529262086514,Relatively Low,56.40470297029702,70.92198581560284,Relatively Low,405564.73217225075,,22119
22121,Louisiana,West Baton Rouge,31.838422391857506,Very Low,46.25618811881188,81.97747183979975,Relatively Moderate,3255186.8809870393,16.0,22121
22123,Louisiana,West Carroll,15.394402035623408,Very Low,9.375,62.828535669586984,Relatively Low,194220.47670720002,,22123
22125,Louisiana,West Feliciana,34.73282442748092,Very Low,33.69430693069307,78.22277847309135,Relatively Low,1315457.8060768011,0.0,22125
22127,Louisiana,Winn,29.548346055979646,Very Low,16.55321782178218,66.12432206925324,Relatively Low,247416.44565773258,,22127
23001,Maine,Androscoggin,59.06488549618321,Relatively Low,64.82054455445545,86.19107217355028,Relatively Moderate,4786597.350175893,0.0,23001
23003,Maine,Aroostook,80.40712468193384,Relatively Low,76.39232673267327,83.06216103462661,Relatively Moderate,2458656.1496120584,,23003
23005,Maine,Cumberland,77.00381679389314,Relatively Low,87.71658415841584,90.69670421360033,Relatively Moderate,16027888.058172133,78.4,23005
23007,Maine,Franklin,43.63867684478372,Relatively Low,46.81311881188119,80.85106382978722,Relatively Low,2101090.4063481796,,23007
23009,Maine,Hancock,55.025445292620866,Relatively Low,60.30321782178218,87.81810596579056,Relatively Moderate,5923513.119744205,77.0,23009
23011,Maine,Kennebec,75.22264631043257,Relatively Low,78.27970297029702,87.65123070504798,Relatively Moderate,5849027.316759438,54.800000000000004,23011
23013,Maine,Knox,28.5941475826972,Very Low,41.21287128712871,82.89528577388403,Relatively Moderate,3751787.249186283,69.19999999999999,23013
23015,Maine,Lincoln,31.806615776081426,Very Low,37.77846534653465,83.43763037129746,Relatively Moderate,3240301.0635555163,69.8,23015
23017,Maine,Oxford,65.9033078880407,Relatively Low,64.10891089108911,86.10763454317897,Relatively Moderate,3816905.081467702,,23017
23019,Maine,Penobscot,78.02162849872774,Relatively Low,80.38366336633663,86.69169795577805,Relatively Moderate,5041774.943855578,41.0,23019
23021,Maine,Piscataquis,52.35368956743003,Relatively Low,53.960396039603964,75.80308719232374,Relatively Low,1081915.5347195184,,23021
23023,Maine,Sagadahoc,23.346055979643765,Very Low,33.323019801980195,77.93074676679183,Relatively Low,1727627.5598719348,74.8,23023
23025,Maine,Somerset,67.93893129770993,Relatively Low,69.05940594059405,85.89904046725073,Relatively Moderate,4178558.677470568,,23025
23027,Maine,Waldo,40.61704834605598,Very Low,46.56559405940594,82.81184814351272,Relatively Moderate,3147538.534700603,58.8,23027
23029,Maine,Washington,47.55089058524173,Relatively Low,38.025990099009896,85.94075928243637,Relatively Moderate,3043380.9553978676,74.6,23029
23031,Maine,York,81.45674300254453,Relatively Moderate,85.30321782178217,91.53108051731331,Relatively Moderate,12544352.925550204,86.6,23031
24001,Maryland,Allegany,58.524173027989825,Relatively Low,50.649752475247524,67.66791823112224,Relatively Low,359346.5629785803,,24001
24003,Maryland,Anne Arundel,81.87022900763358,Relatively Moderate,88.27351485148515,87.19232373800584,Relatively Moderate,8283658.690731273,73.2,24003
24005,Maryland,Baltimore,93.98854961832062,Relatively Moderate,94.33787128712872,92.74092615769712,Relatively Moderate,13772188.443416957,73.8,24005
24009,Maryland,Calvert,28.912213740458014,Very Low,52.84653465346535,81.72715894868585,Relatively Moderate,4003217.7856319966,59.4,24009
24011,Maryland,Caroline,45.70610687022901,Relatively Low,44.05940594059406,88.15185648727577,Relatively Moderate,4829153.954737179,53.400000000000006,24011
24013,Maryland,Carroll,59.510178117048355,Relatively Low,74.56683168316832,76.9712140175219,Relatively Low,1989974.7209898045,,24013
24015,Maryland,Cecil,58.5559796437659,Relatively Low,65.47029702970298,78.30621610346267,Relatively Low,1758499.2885596622,56.599999999999994,24015
24017,Maryland,Charles,44.14758269720102,Relatively Low,64.44925742574257,78.01418439716312,Relatively Low,2373942.2398857865,52.400000000000006,24017
24019,Maryland,Dorchester,53.848600508905854,Relatively Low,52.19678217821782,85.3566958698373,Relatively Moderate,3480276.336330303,91.2,24019
24021,Maryland,Frederick,74.20483460559797,Relatively Low,83.63242574257426,79.26574885273259,Relatively Low,2604151.742564012,,24021
24023,Maryland,Garrett,15.998727735368956,Very Low,16.429455445544555,63.829787234042556,Relatively Low,291777.36561514455,,24023
24025,Maryland,Harford,72.45547073791349,Relatively Low,84.15841584158416,81.64372131831456,Relatively Moderate,3854493.5537860673,47.8,24025
24027,Maryland,Howard,72.42366412213741,Relatively Low,84.3440594059406,81.18481435127242,Relatively Low,3698775.756126605,20.4,24027
24029,Maryland,Kent,27.512722646310433,Very Low,28.71287128712871,80.80934501460159,Relatively Low,1998818.8166253597,60.0,24029
24031,Maryland,Montgomery,91.66666666666666,Relatively Moderate,92.72896039603961,91.7813934084272,Relatively Moderate,12497244.425889343,19.6,24031
24033,Maryland,Prince George's,93.1615776081425,Relatively Moderate,92.51237623762376,92.15686274509804,Relatively Moderate,10855890.97950987,49.4,24033
24035,Maryland,Queen Anne's,35.6234096692112,Very Low,44.58539603960396,78.5148101793909,Relatively Low,1779191.2828756766,67.2,24035
24037,Maryland,St. Mary's,42.55725190839695,Very Low,64.35643564356435,85.1063829787234,Relatively Moderate,6412741.528439633,63.0,24037
24039,Maryland,Somerset,59.573791348600516,Relatively Low,54.76485148514851,88.77763871506049,Relatively Moderate,4947241.070126664,93.2,24039
24041,Maryland,Talbot,42.36641221374045,Very Low,44.95668316831683,83.18731748018357,Relatively Moderate,2954926.6372259934,70.6,24041
24043,Maryland,Washington,68.76590330788804,Relatively Low,69.61633663366337,85.69044639132248,Relatively Moderate,4059073.502339345,,24043
24045,Maryland,Wicomico,60.782442748091604,Relatively Low,66.46039603960396,91.57279933249896,Relatively Moderate,11311169.613245998,57.8,24045
24047,Maryland,Worcester,68.19338422391857,Relatively Low,68.47153465346535,91.98998748435544,Relatively Moderate,10526891.09127286,88.0,24047
24510,Maryland,Baltimore,95.00636132315522,Relatively High,93.47153465346535,92.32373800584064,Relatively Moderate,9747131.789903767,64.0,24510
25001,Massachusetts,Barnstable,89.09033078880407,Relatively Moderate,89.10891089108911,94.53483521068001,Relatively High,19966651.78810916,94.6,25001
25003,Massachusetts,Berkshire,84.00127226463104,Relatively Moderate,84.28217821782178,83.60450563204004,Relatively Moderate,3194835.4080890846,,25003
25005,Massachusetts,Bristol,89.85368956743002,Relatively Moderate,89.48019801980197,91.40592407175636,Relatively Moderate,10499005.319781268,66.4,25005
25007,Massachusetts,Dukes,16.793893129770993,Very Low,23.36014851485149,80.76762619941593,Relatively Low,2388444.9459909177,55.400000000000006,25007
25009,Massachusetts,Essex,95.57888040712467,Relatively High,95.63737623762376,93.28327075511056,Relatively High,15008294.351854995,97.8,25009
25011,Massachusetts,Franklin,60.718829516539444,Relatively Low,65.0680693069307,78.63996662494786,Relatively Low,1678598.8967619382,,25011
25013,Massachusetts,Hampden,92.77989821882952,Relatively Moderate,91.27475247524752,93.19983312473926,Relatively High,11795781.173420735,,25013
25015,Massachusetts,Hampshire,69.8791348600509,Relatively Low,78.0940594059406,83.81309970796829,Relatively Moderate,4260092.862667275,,25015
25017,Massachusetts,Middlesex,96.94656488549617,Relatively High,97.98886138613861,95.4526491447643,Relatively High,30095131.05402245,56.2,25017
25019,Massachusetts,Nantucket,38.67684478371501,Very Low,65.0990099009901,90.94701710471422,Relatively Moderate,16863569.131412853,70.0,25019
25021,Massachusetts,Norfolk,92.01653944020356,Relatively Moderate,93.99752475247524,92.19858156028369,Relatively Moderate,15628146.456289478,85.2,25021
25023,Massachusetts,Plymouth,90.36259541984732,Relatively Moderate,91.83168316831683,90.6549853984147,Relatively Moderate,11288029.933372376,94.39999999999999,25023
25025,Massachusetts,Suffolk,93.51145038167938,Relatively Moderate,91.92450495049505,93.6587400917814,Relatively High,12923251.778918711,92.2,25025
25027,Massachusetts,Worcester,93.54325699745547,Relatively Moderate,94.61633663366337,96.62077596996245,Relatively High,37202236.755174674,,25027
26001,Michigan,Alcona,17.748091603053435,Very Low,12.004950495049505,29.536921151439298,Very Low,9500.47185935861,30.0,26001
26003,Michigan,Alger,9.60559796437659,Very Low,7.054455445544554,0.0,No Rating,0.0,15.4,26003
26005,Michigan,Allegan,68.51145038167938,Relatively Low,74.28836633663366,37.96412181894034,Very Low,30430.015973978487,28.199999999999996,26005
26007,Michigan,Alpena,28.33969465648855,Very Low,22.462871287128714,26.074259491030453,Very Low,7684.895325149877,36.0,26007
26009,Michigan,Antrim,25.763358778625957,Very Low,33.663366336633665,17.188151856487277,Very Low,5268.436345963999,15.6,26009
26011,Michigan,Arenac,20.32442748091603,Very Low,16.707920792079207,29.662077596996244,Very Low,10948.579573294599,39.2,26011
26013,Michigan,Baraga,10.655216284987278,Very Low,7.301980198019802,0.0,No Rating,0.0,29.599999999999998,26013
26015,Michigan,Barry,45.99236641221374,Relatively Low,55.10519801980198,21.068001668752608,Very Low,7738.907024640398,,26015
26017,Michigan,Bay,78.18066157760815,Relatively Low,78.80569306930693,42.09428452231956,Very Low,34806.40688923767,45.800000000000004,26017
26019,Michigan,Benzie,22.709923664122137,Very Low,23.638613861386137,8.677513558614935,Very Low,1321.861908498101,27.200000000000003,26019
26021,Michigan,Berrien,81.71119592875317,Relatively Moderate,81.93069306930693,31.70629954109303,Very Low,16000.99762042245,38.800000000000004,26021
26023,Michigan,Branch,51.81297709923665,Relatively Low,47.431930693069305,35.00208594075928,Very Low,16955.865029118035,,26023
26025,Michigan,Calhoun,74.52290076335878,Relatively Low,76.17574257425743,37.5052148518982,Very Low,25977.015862763335,,26025
26027,Michigan,Cass,47.70992366412214,Relatively Low,47.277227722772274,31.83145598664998,Very Low,14774.323896647762,,26027
26029,Michigan,Charlevoix,22.328244274809162,Very Low,26.794554455445546,17.73049645390071,Very Low,5056.236281217999,26.400000000000002,26029
26031,Michigan,Cheboygan,59.478371501272264,Relatively Low,51.14480198019802,24.488944513975802,Very Low,6423.845309034003,37.2,26031
26033,Michigan,Chippewa,26.304071246819337,Very Low,25.835396039603957,16.478931998331248,Very Low,3812.3255014319975,44.2,26033
26035,Michigan,Clare,47.45547073791349,Relatively Low,32.8279702970297,21.485189820609094,Very Low,4306.018108214901,,26035
26037,Michigan,Clinton,47.041984732824424,Relatively Low,66.73886138613861,34.3345848977889,Very Low,32591.12942426912,,26037
26039,Michigan,Crawford,18.03435114503817,Very Low,14.077970297029701,13.266583229036296,Very Low,2461.739472716003,,26039
26041,Michigan,Delta,53.05343511450382,Relatively Low,49.78341584158416,0.0,No Rating,0.0,36.6,26041
26043,Michigan,Dickinson,59.28753180661578,Relatively Low,62.097772277227726,0.0,No Rating,0.0,,26043
26045,Michigan,Eaton,67.6208651399491,Relatively Low,72.52475247524752,37.5886524822695,Very Low,28437.176573892422,,26045
26047,Michigan,Emmet,38.13613231552163,Very Low,44.709158415841586,12.849395077179809,Very Low,3199.6271465099962,31.4,26047
26049,Michigan,Genesee,92.17557251908397,Relatively Moderate,91.73886138613861,45.348352106800164,Very Low,46214.60593105744,,26049
26051,Michigan,Gladwin,40.26717557251908,Very Low,31.899752475247524,22.528160200250312,Very Low,5528.236666078153,,26051
26053,Michigan,Gogebic,25.604325699745544,Very Low,15.903465346534654,0.0,No Rating,0.0,13.4,26053
26055,Michigan,Grand Traverse,65.64885496183206,Relatively Low,73.20544554455446,18.0642469753859,Very Low,6238.401318302003,32.6,26055
26057,Michigan,Gratiot,54.13486005089059,Relatively Low,54.36262376237624,39.04881101376721,Very Low,25857.75307523716,,26057
26059,Michigan,Hillsdale,49.968193384223916,Relatively Low,46.93688118811881,33.20817688777639,Very Low,15234.457422495198,,26059
26061,Michigan,Houghton,24.30025445292621,Very Low,35.334158415841586,0.0,No Rating,0.0,14.000000000000002,26061
26063,Michigan,Huron,59.03307888040712,Relatively Low,57.17821782178218,58.23946599916562,Very Low,145753.328716782,43.2,26063
26065,Michigan,Ingham,87.24554707379136,Relatively Moderate,88.0569306930693,45.974134334584896,Very Low,54254.87959671663,,26065
26067,Michigan,Ionia,55.85241730279898,Relatively Low,59.436881188118804,34.000834376303715,Very Low,20343.81699222016,,26067
26069,Michigan,Iosco,37.75445292620866,Very Low,27.722772277227726,40.05006257822278,Very Low,20489.80470524983,41.4,26069
26071,Michigan,Iron,55.05725190839694,Relatively Low,45.73019801980198,0.0,No Rating,0.0,,26071
26073,Michigan,Isabella,66.06234096692111,Relatively Low,64.07797029702971,33.04130162703379,Very Low,15870.105874646202,,26073
26075,Michigan,Jackson,76.46310432569975,Relatively Low,78.46534653465346,39.54943679599499,Very Low,29713.618916468098,,26075
26077,Michigan,Kalamazoo,81.67938931297711,Relatively Moderate,85.11757425742574,44.472256987901545,Very Low,52484.71635089407,,26077
26079,Michigan,Kalkaska,21.278625954198475,Very Low,19.58539603960396,10.680016687526074,Very Low,1801.2752754069995,,26079
26081,Michigan,Kent,92.20737913486005,Relatively Moderate,94.02846534653465,33.625365039632875,Very Low,22902.789510285504,,26081
26083,Michigan,Keweenaw,0.66793893129771,Very Low,0.309405940594059,0.0,No Rating,0.0,14.799999999999999,26083
26085,Michigan,Lake,22.041984732824428,Very Low,13.149752475247526,14.518147684605756,Very Low,2270.70605418,,26085
26087,Michigan,Lapeer,66.41221374045801,Relatively Low,70.79207920792079,29.74551522736754,Very Low,14975.82806993326,,26087
26089,Michigan,Leelanau,48.346055979643765,Relatively Low,51.94925742574258,11.76470588235294,Very Low,2563.5144841165034,37.0,26089
26091,Michigan,Lenawee,69.94274809160305,Relatively Low,72.71039603960396,36.629119732999584,Very Low,25390.54063637242,,26091
26093,Michigan,Livingston,73.47328244274809,Relatively Low,85.24133663366337,23.57113057989153,Very Low,14275.553292385019,,26093
26095,Michigan,Luce,2.576335877862595,Very Low,1.547029702970297,0.0,No Rating,0.0,13.200000000000001,26095
26097,Michigan,Mackinac,9.096692111959287,Very Low,5.878712871287128,15.269086357947433,Very Low,2802.8419909130007,36.8,26097
26099,Michigan,Macomb,96.66030534351145,Relatively High,97.12252475247524,49.85398414685023,Very Low,80536.6863930845,46.6,26099
26101,Michigan,Manistee,37.213740458015266,Very Low,32.45668316831683,15.978306216103464,Very Low,3309.175568415999,27.6,26101
26103,Michigan,Marquette,69.78371501272265,Relatively Low,68.84282178217822,0.0,No Rating,0.0,34.599999999999994,26103
26105,Michigan,Mason,25.349872773536898,Very Low,19.709158415841586,15.811430955360867,Very Low,3127.2345950600024,32.800000000000004,26105
26107,Michigan,Mecosta,69.8473282442748,Relatively Low,66.02722772277228,27.40926157697122,Very Low,9657.497216195237,,26107
26109,Michigan,Menominee,44.43384223918575,Relatively Low,39.665841584158414,0.0,No Rating,0.0,37.6,26109
26111,Michigan,Midland,71.94656488549617,Relatively Low,74.4740099009901,34.668335419274094,Very Low,21577.312461906047,,26111
26113,Michigan,Missaukee,11.100508905852417,Very Low,14.016089108910892,17.939090529828952,Very Low,5071.915664348001,,26113
26115,Michigan,Monroe,82.47455470737913,Relatively Moderate,85.02475247524752,44.180225281602006,Very Low,47965.65292581788,46.0,26115
26117,Michigan,Montcalm,56.87022900763359,Relatively Low,59.065594059405946,25.90738423028786,Very Low,10052.212505851874,,26117
26119,Michigan,Montmorency,15.871501272264632,Very Low,8.818069306930692,17.605340008343763,Very Low,3180.360866330999,,26119
26121,Michigan,Muskegon,70.10178117048346,Relatively Low,70.54455445544554,21.69378389653734,Very Low,6734.30842774972,34.2,26121
26123,Michigan,Newaygo,47.07379134860051,Relatively Low,45.915841584158414,22.236128493950773,Very Low,6559.190163971392,,26123
26125,Michigan,Oakland,97.51908396946564,Relatively High,98.29826732673267,51.022110972048395,Very Low,98626.21973188987,,26125
26127,Michigan,Oceana,33.71501272264631,Very Low,35.21039603960396,20.60909470171047,Very Low,5869.588344340835,26.8,26127
26129,Michigan,Ogemaw,36.959287531806616,Very Low,26.732673267326735,27.784730913642054,Very Low,8198.132183507336,,26129
26131,Michigan,Ontonagon,4.198473282442748,Very Low,3.27970297029703,0.0,No Rating,0.0,15.0,26131
26133,Michigan,Osceola,23.918575063613233,Very Low,19.152227722772277,19.6912807676262,Very Low,4482.830334173998,,26133
26135,Michigan,Oscoda,15.139949109414758,Very Low,8.23019801980198,17.104714226115977,Very Low,3050.154467983605,,26135
26137,Michigan,Otsego,18.416030534351144,Very Low,24.814356435643564,18.02252816020025,Very Low,5512.6360169639975,,26137
26139,Michigan,Ottawa,82.8880407124682,Relatively Moderate,87.4690594059406,26.366291197329993,Very Low,14588.801058153233,35.199999999999996,26139
26141,Michigan,Presque Isle,21.755725190839694,Very Low,14.356435643564355,23.404255319148938,Very Low,5785.196507938325,15.2,26141
26143,Michigan,Roscommon,56.6793893129771,Relatively Low,46.349009900990104,25.94910304547351,Very Low,7020.332614976012,,26143
26145,Michigan,Saginaw,88.54961832061069,Relatively Moderate,88.0259900990099,50.47976637463496,Very Low,72898.43196294132,,26145
26147,Michigan,St. Clair,81.99745547073792,Relatively Moderate,83.44678217821783,35.794743429286605,Very Low,23601.265942621932,46.2,26147
26149,Michigan,St. Joseph,58.587786259541986,Relatively Low,58.632425742574256,38.005840634125995,Very Low,24520.44451642634,,26149
26151,Michigan,Sanilac,70.32442748091603,Relatively Low,64.97524752475248,55.444305381727155,Very Low,99409.60846452558,26.6,26151
26153,Michigan,Schoolcraft,6.743002544529262,Very Low,6.219059405940594,0.0,No Rating,0.0,14.2,26153
26155,Michigan,Shiawassee,62.18193384223919,Relatively Low,63.49009900990099,39.507717980809346,Very Low,27576.761482066297,,26155
26157,Michigan,Tuscola,73.05979643765903,Relatively Low,70.45173267326733,49.10304547350855,Very Low,59202.940837819275,32.4,26157
26159,Michigan,Van Buren,60.464376590330794,Relatively Low,61.4480198019802,29.036295369211512,Very Low,12592.897148277463,23.799999999999997,26159
26161,Michigan,Washtenaw,89.28117048346056,Relatively Moderate,90.19183168316832,48.310387984981226,Very Low,73314.8080697372,,26161
26163,Michigan,Wayne,98.95038167938931,Relatively High,98.63861386138613,57.78055903212349,Very Low,119889.0236210211,49.6,26163
26165,Michigan,Wexford,33.9058524173028,Very Low,32.301980198019805,13.808927826449729,Very Low,2840.4110320920004,,26165
27001,Minnesota,Aitkin,56.583969465648856,Relatively Low,51.51608910891089,,Not Applicable,,,27001
27003,Minnesota,Anoka,88.00890585241731,Relatively Moderate,92.82178217821783,,Not Applicable,,,27003
27005,Minnesota,Becker,37.404580152671755,Very Low,41.367574257425744,,Not Applicable,,,27005
27007,Minnesota,Beltrami,60.55979643765903,Relatively Low,60.70544554455446,,Not Applicable,,,27007
27009,Minnesota,Benton,51.335877862595424,Relatively Low,56.96163366336634,,Not Applicable,,,27009
27011,Minnesota,Big Stone,8.524173027989821,Very Low,10.51980198019802,,Not Applicable,,,27011
27013,Minnesota,Blue Earth,72.20101781170484,Relatively Low,75.30940594059405,,Not Applicable,,,27013
27015,Minnesota,Brown,50.38167938931297,Relatively Low,66.83168316831683,,Not Applicable,,,27015
27017,Minnesota,Carlton,70.06997455470739,Relatively Low,73.85519801980197,,Not Applicable,,,27017
27019,Minnesota,Carver,59.66921119592875,Relatively Low,80.47648514851485,,Not Applicable,,,27019
27021,Minnesota,Cass,53.53053435114504,Relatively Low,47.988861386138616,,Not Applicable,,,27021
27023,Minnesota,Chippewa,36.9910941475827,Very Low,35.73638613861386,,Not Applicable,,,27023
27025,Minnesota,Chisago,44.529262086513995,Relatively Low,64.78960396039604,,Not Applicable,,,27025
27027,Minnesota,Clay,73.66412213740458,Relatively Low,80.81683168316832,,Not Applicable,,,27027
27029,Minnesota,Clearwater,4.166666666666666,Very Low,5.25990099009901,,Not Applicable,,,27029
27031,Minnesota,Cook,11.227735368956743,Very Low,10.767326732673267,0.0,No Rating,0.0,14.399999999999999,27031
27033,Minnesota,Cottonwood,27.70356234096692,Very Low,29.64108910891089,,Not Applicable,,,27033
27035,Minnesota,Crow Wing,77.54452926208651,Relatively Low,79.39356435643565,,Not Applicable,,,27035
27037,Minnesota,Dakota,89.50381679389314,Relatively Moderate,93.2858910891089,,Not Applicable,,,27037
27039,Minnesota,Dodge,14.217557251908397,Very Low,34.15841584158416,,Not Applicable,,,27039
27041,Minnesota,Douglas,44.338422391857506,Relatively Low,53.49628712871287,,Not Applicable,,,27041
27043,Minnesota,Faribault,45.51526717557252,Relatively Low,45.11138613861386,,Not Applicable,,,27043
27045,Minnesota,Fillmore,49.77735368956743,Relatively Low,54.91955445544554,0.0,No Rating,0.0,,27045
27047,Minnesota,Freeborn,50.98600508905853,Relatively Low,55.32178217821782,,Not Applicable,,,27047
27049,Minnesota,Goodhue,43.320610687022906,Relatively Low,68.96658415841584,,Not Applicable,,,27049
27051,Minnesota,Grant,2.989821882951654,Very Low,9.282178217821782,,Not Applicable,,,27051
27053,Minnesota,Hennepin,98.31424936386769,Relatively High,98.91707920792079,,Not Applicable,,,27053
27055,Minnesota,Houston,29.51653944020356,Very Low,48.11262376237624,7.509386733416772,Very Low,1119.3049037836588,,27055
27057,Minnesota,Hubbard,35.17811704834606,Very Low,39.573019801980195,,Not Applicable,,,27057
27059,Minnesota,Isanti,26.908396946564885,Very Low,51.26856435643564,,Not Applicable,,,27059
27061,Minnesota,Itasca,76.7175572519084,Relatively Low,73.45297029702971,,Not Applicable,,,27061
27063,Minnesota,Jackson,22.423664122137403,Very Low,34.46782178217821,,Not Applicable,,,27063
27065,Minnesota,Kanabec,21.310432569974555,Very Low,28.960396039603957,,Not Applicable,,,27065
27067,Minnesota,Kandiyohi,51.3676844783715,Relatively Low,56.06435643564357,,Not Applicable,,,27067
27069,Minnesota,Kittson,4.802798982188295,Very Low,15.31559405940594,,Not Applicable,,,27069
27071,Minnesota,Koochiching,31.48854961832061,Very Low,29.7029702970297,,Not Applicable,,,27071
27073,Minnesota,Lac qui Parle,18.797709923664122,Very Low,22.308168316831683,,Not Applicable,,,27073
27075,Minnesota,Lake,33.93765903307888,Very Low,38.08787128712871,,Not Applicable,,13.600000000000001,27075
27077,Minnesota,Lake of the Woods,3.530534351145039,Very Low,12.778465346534654,,Not Applicable,,,27077
27079,Minnesota,Le Sueur,22.80534351145038,Very Low,48.23638613861386,,Not Applicable,,,27079
27081,Minnesota,Lincoln,18.193384223918574,Very Low,22.64851485148515,,Not Applicable,,,27081
27083,Minnesota,Lyon,43.47964376590331,Relatively Low,62.03589108910891,,Not Applicable,,,27083
27085,Minnesota,McLeod,46.596692111959285,Relatively Low,55.754950495049506,,Not Applicable,,,27085
27087,Minnesota,Mahnomen,7.124681933842239,Very Low,3.063118811881188,,Not Applicable,,,27087
27089,Minnesota,Marshall,23.568702290076335,Very Low,31.7759900990099,,Not Applicable,,,27089
27091,Minnesota,Martin,45.48346055979644,Relatively Low,45.54455445544555,,Not Applicable,,,27091
27093,Minnesota,Meeker,26.97201017811705,Very Low,42.07920792079208,,Not Applicable,,,27093
27095,Minnesota,Mille Lacs,28.498727735368956,Very Low,39.882425742574256,,Not Applicable,,,27095
27097,Minnesota,Morrison,66.85750636132316,Relatively Low,72.18440594059405,,Not Applicable,,,27097
27099,Minnesota,Mower,67.27099236641222,Relatively Low,69.70915841584159,0.0,No Rating,0.0,,27099
27101,Minnesota,Murray,19.81552162849873,Very Low,23.174504950495052,,Not Applicable,,,27101
27103,Minnesota,Nicollet,45.38804071246819,Relatively Low,56.899752475247524,,Not Applicable,,,27103
27105,Minnesota,Nobles,50.15903307888041,Relatively Low,46.163366336633665,,Not Applicable,,,27105
27107,Minnesota,Norman,14.376590330788805,Very Low,15.346534653465346,,Not Applicable,,,27107
27109,Minnesota,Olmsted,82.3473282442748,Relatively Moderate,90.28465346534654,0.0,No Rating,0.0,,27109
27111,Minnesota,Otter Tail,79.38931297709924,Relatively Low,78.37252475247524,,Not Applicable,,,27111
27113,Minnesota,Pennington,46.978371501272264,Relatively Low,56.46658415841584,,Not Applicable,,,27113
27115,Minnesota,Pine,62.150127226463106,Relatively Low,62.809405940594054,,Not Applicable,,,27115
27117,Minnesota,Pipestone,14.726463104325699,Very Low,25.5259900990099,,Not Applicable,,,27117
27119,Minnesota,Polk,67.04834605597965,Relatively Low,69.67821782178217,,Not Applicable,,,27119
27121,Minnesota,Pope,20.5470737913486,Very Low,27.877475247524753,,Not Applicable,,,27121
27123,Minnesota,Ramsey,94.62468193384224,Relatively High,95.23514851485149,,Not Applicable,,,27123
27125,Minnesota,Red Lake,2.162849872773537,Very Low,6.157178217821782,,Not Applicable,,,27125
27127,Minnesota,Redwood,35.05089058524173,Very Low,40.56311881188119,,Not Applicable,,,27127
27129,Minnesota,Renville,38.45419847328244,Very Low,41.83168316831683,,Not Applicable,,,27129
27131,Minnesota,Rice,75.44529262086515,Relatively Low,77.69183168316832,,Not Applicable,,,27131
27133,Minnesota,Rock,9.414758269720101,Very Low,20.018564356435643,,Not Applicable,,,27133
27135,Minnesota,Roseau,43.86132315521628,Relatively Low,52.444306930693074,,Not Applicable,,,27135
27137,Minnesota,St. Louis,91.57124681933843,Relatively Moderate,91.64603960396039,,Not Applicable,,35.0,27137
27139,Minnesota,Scott,76.55852417302799,Relatively Low,87.28341584158416,,Not Applicable,,,27139
27141,Minnesota,Sherburne,53.56234096692112,Relatively Low,72.92698019801979,,Not Applicable,,,27141
27143,Minnesota,Sibley,22.96437659033079,Very Low,46.75123762376238,,Not Applicable,,,27143
27145,Minnesota,Stearns,87.56361323155217,Relatively Moderate,88.70668316831683,,Not Applicable,,,27145
27147,Minnesota,Steele,37.150127226463106,Very Low,62.96410891089109,,Not Applicable,,,27147
27149,Minnesota,Stevens,7.029262086513994,Very Low,19.36881188118812,,Not Applicable,,,27149
27151,Minnesota,Swift,25.06361323155216,Very Low,26.423267326732674,,Not Applicable,,,27151
27153,Minnesota,Todd,37.72264631043257,Very Low,37.68564356435643,,Not Applicable,,,27153
27155,Minnesota,Traverse,6.170483460559796,Very Low,6.775990099009902,,Not Applicable,,,27155
27157,Minnesota,Wabasha,45.5470737913486,Relatively Low,55.816831683168324,0.0,No Rating,0.0,,27157
27159,Minnesota,Wadena,12.945292620865139,Very Low,13.613861386138614,,Not Applicable,,,27159
27161,Minnesota,Waseca,24.681933842239186,Very Low,30.847772277227726,,Not Applicable,,,27161
27163,Minnesota,Washington,83.87404580152672,Relatively Moderate,90.1608910891089,,Not Applicable,,,27163
27165,Minnesota,Watonwan,23.886768447837152,Very Low,26.299504950495052,,Not Applicable,,,27165
27167,Minnesota,Wilkin,5.343511450381679,Very Low,11.974009900990099,,Not Applicable,,,27167
27169,Minnesota,Winona,69.46564885496184,Relatively Low,72.80321782178217,0.0,No Rating,0.0,,27169
27171,Minnesota,Wright,68.41603053435115,Relatively Low,84.12747524752476,,Not Applicable,,,27171
27173,Minnesota,Yellow Medicine,29.961832061068705,Very Low,36.757425742574256,,Not Applicable,,,27173
28001,Mississippi,Adams,57.25190839694656,Relatively Low,44.02846534653465,75.21902377972467,Relatively Low,656879.0614484125,,28001
28003,Mississippi,Alcorn,65.01272264631042,Relatively Low,58.13737623762376,57.571964956195245,Very Low,118904.74207092403,,28003
28005,Mississippi,Amite,48.218829516539444,Relatively Low,30.383663366336634,86.27450980392157,Relatively Moderate,2534185.2160157263,,28005
28007,Mississippi,Attala,34.160305343511446,Very Low,26.082920792079207,68.29370045890697,Relatively Low,368104.36074651603,,28007
28009,Mississippi,Benton,15.235368956743004,Very Low,7.271039603960396,37.38005840634126,Very Low,15321.28059788329,,28009
28011,Mississippi,Bolivar,76.78117048346056,Relatively Low,63.613861386138616,66.37463496036713,Relatively Low,254181.1413776115,,28011
28013,Mississippi,Calhoun,27.671755725190838,Very Low,19.863861386138616,63.57947434292866,Relatively Low,219952.73332925452,,28013
28015,Mississippi,Carroll,23.314249363867685,Very Low,14.511138613861386,58.65665415102212,Relatively Low,122680.68097361836,,28015
28017,Mississippi,Chickasaw,43.92493638676845,Relatively Low,33.44678217821782,67.54276178556529,Relatively Low,326654.59664073744,,28017
28019,Mississippi,Choctaw,11.545801526717558,Very Low,7.642326732673268,59.49103045473508,Relatively Low,145353.87084093978,,28019
28021,Mississippi,Claiborne,24.74554707379135,Very Low,14.758663366336632,67.91823112223612,Relatively Low,319577.8838055464,,28021
28023,Mississippi,Clarke,36.036895674300254,Very Low,31.064356435643564,76.01168126825199,Relatively Low,898716.589137686,,28023
28025,Mississippi,Clay,42.525445292620866,Very Low,29.919554455445546,69.71214017521903,Relatively Low,376579.4552224789,,28025
28027,Mississippi,Coahoma,62.5,Relatively Low,50.495049504950494,59.657905715477675,Relatively Low,130557.4800569754,,28027
28029,Mississippi,Copiah,61.29134860050891,Relatively Low,49.597772277227726,78.05590321234877,Relatively Low,970535.4729012006,,28029
28031,Mississippi,Covington,50.82697201017812,Relatively Low,35.82920792079208,87.77638715060492,Relatively Moderate,3353110.5311191753,,28031
28033,Mississippi,DeSoto,88.99491094147582,Relatively Moderate,89.41831683168317,49.728827701293284,Very Low,79957.94823298648,,28033
28035,Mississippi,Forrest,78.05343511450383,Relatively Low,75.34034653465346,90.40467250730079,Relatively Moderate,7091393.51090617,,28035
28037,Mississippi,Franklin,17.334605597964376,Very Low,9.777227722772277,69.87901543596162,Relatively Low,373068.5420226045,,28037
28039,Mississippi,George,57.95165394402035,Relatively Low,63.459158415841586,92.65748852732582,Relatively Moderate,14287952.721320387,16.8,28039
28041,Mississippi,Greene,42.17557251908397,Very Low,32.54950495049505,87.48435544430538,Relatively Moderate,3747453.6446593893,,28041
28043,Mississippi,Grenada,55.40712468193384,Relatively Low,42.01732673267327,60.74259491030455,Relatively Low,145058.829291674,,28043
28045,Mississippi,Hancock,82.72900763358778,Relatively Moderate,78.74381188118812,95.24405506883605,Relatively High,18055852.812538173,86.2,28045
28047,Mississippi,Harrison,95.61068702290076,Relatively High,94.2759900990099,98.5398414685023,Very High,86606475.18419257,91.60000000000001,28047
28049,Mississippi,Hinds,94.30661577608143,Relatively Moderate,92.07920792079209,86.35794743429287,Relatively Moderate,3399595.4088745518,,28049
28051,Mississippi,Holmes,49.80916030534351,Relatively Low,31.31188118811881,66.45807259073842,Relatively Low,238018.4745113947,,28051
28053,Mississippi,Humphreys,27.92620865139949,Very Low,15.099009900990099,66.49979140592407,Relatively Low,252384.91624315263,,28053
28055,Mississippi,Issaquena,7.983460559796438,Very Low,4.795792079207921,60.5340008343763,Relatively Low,153264.9904293068,,28055
28057,Mississippi,Itawamba,49.61832061068702,Relatively Low,42.14108910891089,54.776804338756776,Very Low,88420.45387335018,,28057
28059,Mississippi,Jackson,92.33460559796438,Relatively Moderate,91.49133663366337,97.78890279516061,Relatively High,62287488.30198653,84.8,28059
28061,Mississippi,Jasper,38.8676844783715,Very Low,24.350247524752476,80.97622027534418,Relatively Low,1346360.964862905,,28061
28063,Mississippi,Jefferson,11.259541984732824,Very Low,5.754950495049505,65.081351689612,Relatively Low,224396.90836871354,,28063
28065,Mississippi,Jefferson Davis,23.091603053435115,Very Low,11.571782178217822,78.43137254901961,Relatively Low,903640.8910864479,,28065
28067,Mississippi,Jones,80.21628498727735,Relatively Low,73.51485148514851,90.98873591989988,Relatively Moderate,6687571.743106752,,28067
28069,Mississippi,Kemper,14.917302798982188,Very Low,8.477722772277229,65.5819774718398,Relatively Low,254425.4228292113,,28069
28071,Mississippi,Lafayette,64.44020356234097,Relatively Low,68.56435643564357,61.07634543178973,Relatively Low,244532.46530051023,,28071
28073,Mississippi,Lamar,64.98091603053436,Relatively Low,63.025990099009896,89.02795160617438,Relatively Moderate,5797196.842468386,,28073
28075,Mississippi,Lauderdale,86.95928753180662,Relatively Moderate,81.83787128712872,83.3124739257405,Relatively Moderate,2147689.329959757,,28075
28077,Mississippi,Lawrence,25.0,Very Low,19.647277227722775,78.18105965790572,Relatively Low,1160182.95559397,,28077
28079,Mississippi,Leake,55.69338422391857,Relatively Low,38.76856435643564,81.7688777638715,Relatively Moderate,1409613.9398067798,,28079
28081,Mississippi,Lee,81.26590330788804,Relatively Moderate,78.6200495049505,68.8360450563204,Relatively Low,451168.5077515638,,28081
28083,Mississippi,Leflore,73.50508905852418,Relatively Low,60.581683168316836,71.71464330413016,Relatively Low,435512.1615535501,,28083
28085,Mississippi,Lincoln,48.44147582697201,Relatively Low,38.89232673267327,79.64121818940342,Relatively Low,1305729.3277929963,,28085
28087,Mississippi,Lowndes,80.91603053435115,Relatively Low,75.61881188118812,72.84105131414267,Relatively Low,593246.554913471,,28087
28089,Mississippi,Madison,82.12468193384224,Relatively Moderate,84.8391089108911,77.68043387567793,Relatively Low,1634435.8482662765,,28089
28091,Mississippi,Marion,59.95547073791349,Relatively Low,52.351485148514854,89.94576554025866,Relatively Moderate,5550998.861012215,,28091
28093,Mississippi,Marshall,71.18320610687023,Relatively Low,59.22029702970298,49.144764288694205,Very Low,44381.97602815795,,28093
28095,Mississippi,Monroe,68.54325699745547,Relatively Low,59.52970297029702,70.83854818523155,Relatively Low,458206.1568990618,,28095
28097,Mississippi,Montgomery,10.90966921119593,Very Low,8.570544554455447,53.69211514392991,Very Low,86974.06136836969,,28097
28099,Mississippi,Neshoba,58.269720101781175,Relatively Low,50.556930693069305,81.05965790571548,Relatively Low,1649352.6838147885,,28099
28101,Mississippi,Newton,52.44910941475827,Relatively Low,37.93316831683168,80.05840634125991,Relatively Low,1219874.9224146681,,28101
28103,Mississippi,Noxubee,29.03944020356234,Very Low,14.820544554455445,70.96370463078848,Relatively Low,374220.1165356011,,28103
28105,Mississippi,Oktibbeha,62.786259541984734,Relatively Low,59.00371287128713,69.16979557780559,Relatively Low,451396.66230119887,,28105
28107,Mississippi,Panola,69.21119592875317,Relatively Low,55.569306930693074,67.79307467667918,Relatively Low,299563.2983816507,,28107
28109,Mississippi,Pearl River,86.06870229007633,Relatively Moderate,81.43564356435643,96.49561952440551,Relatively High,23389295.7183087,30.4,28109
28111,Mississippi,Perry,19.49745547073791,Very Low,16.491336633663366,80.68418856904464,Relatively Low,1708842.0941772985,,28111
28113,Mississippi,Pike,70.41984732824427,Relatively Low,56.2809405940594,87.2340425531915,Relatively Moderate,3138047.494398378,,28113
28115,Mississippi,Pontotoc,50.09541984732825,Relatively Low,44.801980198019805,64.95619524405507,Relatively Low,274251.2775946541,,28115
28117,Mississippi,Prentiss,51.526717557251914,Relatively Low,42.2029702970297,56.77930746766792,Very Low,103005.0024892627,,28117
28119,Mississippi,Quitman,18.51145038167939,Very Low,8.725247524752474,55.819774718397994,Very Low,76937.05021842787,,28119
28121,Mississippi,Rankin,84.98727735368958,Relatively Moderate,86.23143564356435,81.51856487275762,Relatively Low,2493804.940397987,,28121
28123,Mississippi,Scott,55.88422391857506,Relatively Low,40.81064356435643,81.56028368794325,Relatively Moderate,1438317.949214437,,28123
28125,Mississippi,Sharkey,15.807888040712466,Very Low,7.456683168316832,63.74634960367126,Relatively Low,193247.4072379114,,28125
28127,Mississippi,Simpson,50.95419847328244,Relatively Low,43.347772277227726,80.60075093867334,Relatively Low,1526823.3407116462,,28127
28129,Mississippi,Smith,47.20101781170484,Relatively Low,34.31311881188119,83.8965373383396,Relatively Moderate,2135529.1118796556,,28129
28131,Mississippi,Stone,52.00381679389313,Relatively Low,44.09034653465346,91.11389236545682,Relatively Moderate,6823955.691938747,,28131
28133,Mississippi,Sunflower,69.62468193384224,Relatively Low,56.62128712871287,73.84230287859825,Relatively Low,529457.7669817213,,28133
28135,Mississippi,Tallahatchie,40.0763358778626,Very Low,25.959158415841582,64.4555694618273,Relatively Low,210596.2381366846,,28135
28137,Mississippi,Tate,41.221374045801525,Very Low,40.099009900990104,45.76554025865666,Very Low,42837.04674122342,,28137
28139,Mississippi,Tippah,43.79770992366412,Relatively Low,35.51980198019802,59.19899874843555,Relatively Low,137694.060821012,,28139
28141,Mississippi,Tishomingo,37.086513994910945,Very Low,28.867574257425744,57.07133917396746,Very Low,109249.37035299488,,28141
28143,Mississippi,Tunica,36.25954198473282,Very Low,24.474009900990097,48.18523153942428,Very Low,40665.059779706295,,28143
28145,Mississippi,Union,43.51145038167939,Relatively Low,36.850247524752476,61.99415936587401,Relatively Low,191782.7857796197,,28145
28147,Mississippi,Walthall,25.540712468193384,Very Low,22.33910891089109,79.55778055903212,Relatively Low,1478391.488971269,,28147
28149,Mississippi,Warren,86.29134860050891,Relatively Moderate,80.97153465346535,74.13433458489779,Relatively Low,606640.4321277381,,28149
28151,Mississippi,Washington,82.98346055979644,Relatively Moderate,72.49381188118812,72.3404255319149,Relatively Low,441861.10616581806,,28151
28153,Mississippi,Wayne,55.6615776081425,Relatively Low,45.04950495049505,89.23654568210263,Relatively Moderate,4693199.503174005,,28153
28155,Mississippi,Webster,12.595419847328243,Very Low,7.858910891089109,55.402586566541515,Very Low,90390.1819954295,,28155
28157,Mississippi,Wilkinson,33.460559796437664,Very Low,18.193069306930692,80.89278264497288,Relatively Low,1237100.1636318504,,28157
28159,Mississippi,Winston,39.88549618320611,Very Low,24.969059405940595,72.54901960784314,Relatively Low,455956.0041042879,,28159
28161,Mississippi,Yalobusha,19.529262086513995,Very Low,14.634900990099009,53.98414685022945,Very Low,83480.09523876182,,28161
28163,Mississippi,Yazoo,71.15139949109415,Relatively Low,58.601485148514854,70.50479766374636,Relatively Low,393208.5027112182,,28163
29001,Missouri,Adair,28.72137404580153,Very Low,40.160891089108915,9.970796829370046,Very Low,2310.9029799989967,,29001
29003,Missouri,Andrew,22.137404580152673,Very Low,40.129950495049506,0.0,No Rating,0.0,,29003
29005,Missouri,Atchison,21.723918575063614,Very Low,21.65841584158416,0.0,No Rating,0.0,,29005
29007,Missouri,Audrain,51.399491094147585,Relatively Low,45.94678217821782,23.153942428035045,Very Low,6224.927977757503,,29007
29009,Missouri,Barry,75.06361323155217,Relatively Low,72.4319306930693,46.43304130162703,Very Low,45693.13552424814,,29009
29011,Missouri,Barton,43.60687022900763,Relatively Low,40.87252475247525,28.744263662911973,Very Low,10806.361604607479,,29011
29013,Missouri,Bates,30.47073791348601,Very Low,29.79579207920792,21.98581560283688,Very Low,6297.858952427997,,29013
29015,Missouri,Benton,66.82569974554707,Relatively Low,54.795792079207914,27.909887359198997,Very Low,7761.940994899186,,29015
29017,Missouri,Bollinger,26.272264631043257,Very Low,33.23019801980198,24.238631622861913,Very Low,9489.873195928207,,29017
29019,Missouri,Boone,85.75063613231552,Relatively Moderate,88.39727722772277,25.573633708802667,Very Low,12516.353107714955,,29019
29021,Missouri,Buchanan,74.36386768447836,Relatively Low,76.76361386138613,0.0,No Rating,0.0,,29021
29023,Missouri,Butler,83.11068702290076,Relatively Moderate,82.20915841584159,44.01335002085941,Very Low,38454.0506571625,,29023
29025,Missouri,Caldwell,14.408396946564887,Very Low,12.933168316831683,0.0,No Rating,0.0,,29025
29027,Missouri,Callaway,63.93129770992366,Relatively Low,64.20173267326733,19.232373800584064,Very Low,5218.782090094422,,29027
29029,Missouri,Camden,88.39058524173028,Relatively Moderate,86.54084158415841,41.21818940342094,Very Low,27053.816342627797,,29029
29031,Missouri,Cape Girardeau,85.68702290076335,Relatively Moderate,87.40717821782178,38.25615352523988,Very Low,31641.225170152935,,29031
29033,Missouri,Carroll,32.60178117048346,Very Low,32.67326732673268,0.0,No Rating,0.0,,29033
29035,Missouri,Carter,53.9440203562341,Relatively Low,37.59282178217821,30.91364205256571,Very Low,9149.56601033921,,29035
29037,Missouri,Cass,74.90458015267176,Relatively Low,81.65222772277228,17.77221526908636,Very Low,6399.359266034011,,29037
29039,Missouri,Cedar,26.049618320610683,Very Low,23.669554455445542,21.61034626616604,Very Low,5892.867057080419,,29039
29041,Missouri,Chariton,29.421119592875318,Very Low,28.558168316831683,21.3183145598665,Very Low,5911.8043844570075,,29041
29043,Missouri,Christian,66.47582697201018,Relatively Low,77.41336633663366,31.372549019607842,Very Low,22183.902378060026,,29043
29045,Missouri,Clark,21.81933842239186,Very Low,20.358910891089106,14.184397163120568,Very Low,2955.875318912,,29045
29047,Missouri,Clay,89.79007633587787,Relatively Moderate,91.67698019801979,0.0,No Rating,0.0,,29047
29049,Missouri,Clinton,56.234096692111954,Relatively Low,63.64480198019802,0.0,No Rating,0.0,,29049
29051,Missouri,Cole,73.44147582697201,Relatively Low,81.06435643564357,17.855652899457656,Very Low,6531.276751979133,,29051
29053,Missouri,Cooper,20.388040712468193,Very Low,39.975247524752476,12.47392574050897,Very Low,4410.386286376332,,29053
29055,Missouri,Crawford,54.99363867684478,Relatively Low,57.24009900990099,30.246141009595327,Very Low,14431.020946252824,,29055
29057,Missouri,Dade,23.282442748091604,Very Low,19.925742574257427,22.486441385064666,Very Low,6131.0779680491905,,29057
29059,Missouri,Dallas,41.69847328244275,Very Low,36.66460396039604,16.020025031289112,Very Low,3315.5550329511684,,29059
29061,Missouri,Daviess,30.05725190839695,Very Low,23.731435643564357,0.0,No Rating,0.0,,29061
29063,Missouri,DeKalb,16.030534351145036,Very Low,25.06188118811881,0.0,No Rating,0.0,,29063
29065,Missouri,Dent,52.54452926208651,Relatively Low,53.71287128712871,27.951606174384647,Very Low,11281.164930275238,,29065
29067,Missouri,Douglas,23.695928753180663,Very Low,19.67821782178218,27.15894868585732,Very Low,9243.090635822567,,29067
29069,Missouri,Dunklin,80.1208651399491,Relatively Low,72.89603960396039,46.51647893199833,Very Low,37967.777900667934,,29069
29071,Missouri,Franklin,83.46055979643766,Relatively Moderate,86.04579207920791,18.272841051314142,Very Low,6045.21730562182,,29071
29073,Missouri,Gasconade,31.96564885496183,Very Low,41.89356435643564,15.894868585732166,Very Low,4738.815179106649,,29073
29075,Missouri,Gentry,28.848600508905854,Very Low,24.597772277227723,0.0,No Rating,0.0,,29075
29077,Missouri,Greene,90.07633587786259,Relatively Moderate,90.47029702970298,41.301627033792236,Very Low,37190.636937620315,,29077
29079,Missouri,Grundy,27.86259541984733,Very Low,25.123762376237625,14.476428869420108,Very Low,2929.1422853582035,,29079
29081,Missouri,Harrison,29.325699745547073,Very Low,23.143564356435643,11.180642469753858,Very Low,1764.3150798172655,,29081
29083,Missouri,Henry,52.767175572519086,Relatively Low,47.18440594059406,27.659574468085108,Very Low,9217.416228039012,,29083
29085,Missouri,Hickory,23.473282442748094,Very Low,14.913366336633663,19.566124322069253,Very Low,3814.324761306847,,29085
29087,Missouri,Holt,15.680661577608143,Very Low,19.987623762376238,0.0,No Rating,0.0,,29087
29089,Missouri,Howard,13.804071246819339,Very Low,20.853960396039604,10.095953274926991,Very Low,2326.2843194705692,,29089
29091,Missouri,Howell,77.7671755725191,Relatively Low,72.61757425742574,41.677096370463076,Very Low,26832.841272706057,,29091
29093,Missouri,Iron,69.49745547073792,Relatively Low,64.91336633663366,28.619107217355026,Very Low,10205.15652135517,,29093
29095,Missouri,Jackson,96.50127226463104,Relatively High,96.68935643564357,0.0,No Rating,0.0,,29095
29097,Missouri,Jasper,85.59160305343512,Relatively Moderate,85.89108910891089,38.589904046725074,Very Low,27838.285079375062,,29097
29099,Missouri,Jefferson,90.52162849872774,Relatively Moderate,91.86262376237624,23.654568210262827,Very Low,10919.645372481727,,29099
29101,Missouri,Johnson,54.93002544529262,Relatively Low,66.61509900990099,22.194409678765123,Very Low,9820.835938157,,29101
29103,Missouri,Knox,21.024173027989825,Very Low,16.76980198019802,14.810179390905297,Very Low,2828.9734243789976,,29103
29105,Missouri,Laclede,66.03053435114504,Relatively Low,65.5631188118812,21.401752190237797,Very Low,6234.163208132194,,29105
29107,Missouri,Lafayette,52.51272264631043,Relatively Low,60.73638613861386,16.937838965373384,Very Low,5222.530170839997,,29107
29109,Missouri,Lawrence,66.22137404580153,Relatively Low,63.39727722772277,40.13350020859407,Very Low,25342.636305557728,,29109
29111,Missouri,Lewis,27.385496183206108,Very Low,26.701732673267326,12.265331664580724,Very Low,2486.0617564159998,,29111
29113,Missouri,Lincoln,67.08015267175573,Relatively Low,73.82425742574257,12.72423863162286,Very Low,3560.5231534577315,,29113
29115,Missouri,Linn,31.234096692111958,Very Low,27.970297029702973,16.186900292031705,Very Low,3425.0427295159975,,29115
29117,Missouri,Livingston,23.02798982188295,Very Low,32.73514851485149,0.0,No Rating,0.0,,29117
29119,Missouri,McDonald,63.99491094147582,Relatively Low,67.85272277227723,31.53942428035044,Very Low,17088.14252020471,,29119
29121,Missouri,Macon,36.76844783715013,Very Low,37.097772277227726,20.817688777638715,Very Low,5839.969174085999,,29121
29123,Missouri,Madison,50.858778625954194,Relatively Low,50.58787128712871,33.708802670004175,Very Low,16923.56808805136,,29123
29125,Missouri,Maries,20.833333333333336,Very Low,24.443069306930692,17.647058823529413,Very Low,4900.691579543789,,29125
29127,Missouri,Marion,47.86895674300254,Relatively Low,54.61014851485149,15.853149770546516,Very Low,4522.762364139995,,29127
29129,Missouri,Mercer,12.27735368956743,Very Low,8.044554455445544,11.389236545682103,Very Low,1777.6369012789971,,29129
29131,Missouri,Miller,55.089058524173026,Relatively Low,56.559405940594054,28.86942010846892,Very Low,12679.257956516769,,29131
29133,Missouri,Mississippi,57.1882951653944,Relatively Low,52.32054455445545,35.46099290780142,Very Low,17574.76557759172,,29133
29135,Missouri,Moniteau,31.01145038167939,Very Low,34.09653465346535,18.523153942428035,Very Low,5030.594653070948,,29135
29137,Missouri,Monroe,21.183206106870227,Very Low,21.905940594059405,19.190654985398414,Very Low,5037.684513426007,,29137
29139,Missouri,Montgomery,38.32697201017812,Very Low,34.00371287128713,21.026282853566958,Very Low,5330.013380254352,,29139
29141,Missouri,Morgan,75.47709923664122,Relatively Low,62.995049504950494,36.253650396328744,Very Low,14486.520202355507,,29141
29143,Missouri,New Madrid,71.9147582697201,Relatively Low,70.91584158415841,43.262411347517734,Very Low,36885.873933559225,,29143
29145,Missouri,Newton,77.51272264631042,Relatively Low,77.01113861386139,39.67459324155194,Very Low,26767.250495107968,,29145
29147,Missouri,Nodaway,45.578880407124686,Relatively Low,54.579207920792086,0.0,No Rating,0.0,,29147
29149,Missouri,Oregon,48.69592875318066,Relatively Low,38.67574257425743,37.171464330413016,Very Low,17157.86218887151,,29149
29151,Missouri,Osage,32.91984732824427,Very Low,40.6559405940594,14.05924071756362,Very Low,3680.6269485595208,,29151
29153,Missouri,Ozark,35.718829516539444,Very Low,20.38985148514851,27.450980392156865,Very Low,6867.248822953682,,29153
29155,Missouri,Pemiscot,77.95801526717557,Relatively Low,66.86262376237624,46.30788485607009,Very Low,32842.89244706547,,29155
29157,Missouri,Perry,46.18320610687023,Relatively Low,57.64232673267327,35.9616186900292,Very Low,28616.0402038368,,29157
29159,Missouri,Pettis,61.959287531806616,Relatively Low,65.00618811881188,27.86816854401335,Very Low,12011.719901194994,,29159
29161,Missouri,Phelps,53.721374045801525,Relatively Low,58.07549504950495,26.282853566958696,Very Low,11147.121508795772,,29161
29163,Missouri,Pike,40.29898218829516,Very Low,45.20420792079208,22.152690863579476,Very Low,7551.724916857984,,29163
29165,Missouri,Platte,71.37404580152672,Relatively Low,82.98267326732673,0.0,No Rating,0.0,,29165
29167,Missouri,Polk,54.48473282442748,Relatively Low,51.82549504950495,24.071756362119316,Very Low,7329.239819092355,,29167
29169,Missouri,Pulaski,60.527989821882954,Relatively Low,71.53465346534654,20.94284522319566,Very Low,8811.931244886497,,29169
29171,Missouri,Putnam,8.237913486005088,Very Low,6.373762376237623,11.889862327909889,Very Low,2075.0505339875986,,29171
29173,Missouri,Ralls,14.058524173027989,Very Low,27.753712871287128,10.84689194826867,Very Low,3179.1411929830033,,29173
29175,Missouri,Randolph,35.846055979643765,Very Low,43.53341584158416,14.601585314977056,Very Low,3900.356485376168,,29175
29177,Missouri,Ray,44.37022900763359,Relatively Low,46.318069306930695,0.0,No Rating,0.0,,29177
29179,Missouri,Reynolds,63.8676844783715,Relatively Low,60.55074257425742,25.03128911138924,Very Low,7848.597620798312,,29179
29181,Missouri,Ripley,56.99745547073791,Relatively Low,49.195544554455445,40.21693783896537,Very Low,22022.454830447605,,29181
29183,Missouri,St. Charles,92.58905852417303,Relatively Moderate,96.25618811881188,22.778473091364205,Very Low,13127.951157961606,,29183
29185,Missouri,St. Clair,25.636132315521625,Very Low,17.852722772277225,20.150187734668336,Very Low,4382.241336474169,,29185
29186,Missouri,Ste. Genevieve,54.61195928753181,Relatively Low,64.63490099009901,32.83270755110555,Very Low,22199.85958261493,,29186
29187,Missouri,St. Francois,78.53053435114504,Relatively Low,77.25866336633663,36.0450563204005,Very Low,20917.68221137506,,29187
29189,Missouri,St. Louis,99.33206106870229,Relatively High,99.4740099009901,45.09803921568628,Very Low,48380.38081479366,,29189
29195,Missouri,Saline,51.62213740458015,Relatively Low,51.76361386138614,25.406758448060074,Very Low,8891.570847056997,,29195
29197,Missouri,Schuyler,3.625954198473282,Very Low,2.165841584158416,8.010012515644556,Very Low,855.2983024149007,,29197
29199,Missouri,Scotland,32.95165394402035,Very Low,18.564356435643564,19.899874843554443,Very Low,3459.8506941449987,,29199
29201,Missouri,Scott,80.08905852417303,Relatively Low,78.00123762376238,40.091781393408425,Very Low,25768.64349784713,,29201
29203,Missouri,Shannon,57.538167938931295,Relatively Low,42.636138613861384,29.995828118481434,Very Low,8745.447821881762,,29203
29205,Missouri,Shelby,15.935114503816795,Very Low,20.049504950495052,14.100959532749268,Very Low,3598.019154386999,,29205
29207,Missouri,Stoddard,74.30025445292621,Relatively Low,71.44183168316832,49.0613266583229,Very Low,59074.78483457944,,29207
29209,Missouri,Stone,76.74936386768448,Relatively Low,72.55569306930693,39.340842720066746,Very Low,23075.793088004015,,29209
29211,Missouri,Sullivan,10.114503816793894,Very Low,10.488861386138613,16.812682519816438,Very Low,3973.589137840996,,29211
29213,Missouri,Taney,84.03307888040712,Relatively Moderate,80.41460396039604,38.33959115561118,Very Low,21423.054941741873,,29213
29215,Missouri,Texas,62.43638676844784,Relatively Low,54.02227722772277,37.21318314559866,Very Low,17824.93984870017,,29215
29217,Missouri,Vernon,45.960559796437664,Relatively Low,48.57673267326732,31.038798498122656,Very Low,15016.325191498649,,29217
29219,Missouri,Warren,55.343511450381676,Relatively Low,70.08044554455446,9.51188986232791,Very Low,2535.9802760340594,,29219
29221,Missouri,Washington,67.77989821882952,Relatively Low,60.148514851485146,30.20442219440968,Very Low,10643.693051005665,,29221
29223,Missouri,Wayne,67.01653944020356,Relatively Low,51.54702970297029,35.66958698372966,Very Low,13187.085158121276,,29223
29225,Missouri,Webster,44.592875318066156,Relatively Low,54.70297029702971,23.52941176470588,Very Low,9941.017163015464,,29225
29227,Missouri,Worth,8.206106870229007,Very Low,9.189356435643564,7.21735502711723,Very Low,528.4576964733596,,29227
29229,Missouri,Wright,57.410941475826974,Relatively Low,46.101485148514854,31.289111389236545,Very Low,10688.196003078601,,29229
29510,Missouri,St. Louis,98.69592875318067,Relatively High,98.32920792079209,32.08176887776387,Very Low,13192.154355839068,,29510
30001,Montana,Beaverhead,42.87531806615776,Relatively Low,34.777227722772274,,Not Applicable,,,30001
30003,Montana,Big Horn,57.220101781170484,Relatively Low,39.820544554455445,,Not Applicable,,,30003
30005,Montana,Blaine,45.86513994910941,Relatively Low,29.269801980198018,,Not Applicable,,,30005
30007,Montana,Broadwater,17.68447837150127,Very Low,16.831683168316832,,Not Applicable,,,30007
30009,Montana,Carbon,59.796437659033074,Relatively Low,53.681930693069305,,Not Applicable,,,30009
30011,Montana,Carter,1.749363867684478,Very Low,2.939356435643564,,Not Applicable,,,30011
30013,Montana,Cascade,83.14249363867684,Relatively Moderate,85.21039603960396,,Not Applicable,,,30013
30015,Montana,Chouteau,39.47201017811705,Very Low,34.80816831683168,,Not Applicable,,,30015
30017,Montana,Custer,42.14376590330789,Very Low,36.04579207920792,,Not Applicable,,,30017
30019,Montana,Daniels,1.812977099236641,Very Low,3.372524752475248,,Not Applicable,,,30019
30021,Montana,Dawson,63.80407124681934,Relatively Low,62.4690594059406,,Not Applicable,,,30021
30023,Montana,Deer Lodge,17.58905852417303,Very Low,16.800742574257427,,Not Applicable,,,30023
30025,Montana,Fallon,5.407124681933842,Very Low,10.179455445544553,,Not Applicable,,,30025
30027,Montana,Fergus,45.10178117048346,Relatively Low,47.370049504950494,,Not Applicable,,,30027
30029,Montana,Flathead,86.45038167938931,Relatively Moderate,88.45915841584159,,Not Applicable,,,30029
30031,Montana,Gallatin,80.9796437659033,Relatively Moderate,87.12871287128714,,Not Applicable,,,30031
30033,Montana,Garfield,2.480916030534351,Very Low,3.805693069306931,,Not Applicable,,,30033
30035,Montana,Glacier,51.49491094147582,Relatively Low,34.56064356435643,,Not Applicable,,,30035
30037,Montana,Golden Valley,0.986005089058524,Very Low,0.959158415841584,,Not Applicable,,,30037
30039,Montana,Granite,9.382951653944021,Very Low,9.467821782178218,,Not Applicable,,,30039
30041,Montana,Hill,50.445292620865146,Relatively Low,45.823019801980195,,Not Applicable,,,30041
30043,Montana,Jefferson,21.564885496183205,Very Low,29.02227722772277,,Not Applicable,,,30043
30045,Montana,Judith Basin,5.502544529262086,Very Low,6.559405940594059,,Not Applicable,,,30045
30047,Montana,Lake,67.6526717557252,Relatively Low,65.31559405940595,,Not Applicable,,,30047
30049,Montana,Lewis and Clark,71.2468193384224,Relatively Low,76.45420792079209,,Not Applicable,,,30049
30051,Montana,Liberty,6.297709923664121,Very Low,4.486386138613861,,Not Applicable,,,30051
30053,Montana,Lincoln,64.28117048346056,Relatively Low,52.165841584158414,,Not Applicable,,,30053
30055,Montana,McCone,5.248091603053435,Very Low,6.714108910891089,,Not Applicable,,,30055
30057,Montana,Madison,41.030534351145036,Very Low,51.17574257425742,,Not Applicable,,,30057
30059,Montana,Meagher,2.798982188295165,Very Low,2.444306930693069,,Not Applicable,,,30059
30061,Montana,Mineral,7.347328244274809,Very Low,5.724009900990099,,Not Applicable,,,30061
30063,Montana,Missoula,77.03562340966921,Relatively Low,85.42698019801979,,Not Applicable,,,30063
30065,Montana,Musselshell,17.048346055979643,Very Low,12.592821782178218,,Not Applicable,,,30065
30067,Montana,Park,66.2849872773537,Relatively Low,70.60643564356435,,Not Applicable,,,30067
30069,Montana,Petroleum,1.304071246819339,Very Low,1.454207920792079,,Not Applicable,,,30069
30071,Montana,Phillips,34.51017811704835,Very Low,25.371287128712872,,Not Applicable,,,30071
30073,Montana,Pondera,24.61832061068702,Very Low,14.108910891089108,,Not Applicable,,,30073
30075,Montana,Powder River,4.007633587786259,Very Low,6.342821782178218,,Not Applicable,,,30075
30077,Montana,Powell,9.955470737913485,Very Low,8.60148514851485,,Not Applicable,,,30077
30079,Montana,Prairie,4.230279898218829,Very Low,2.475247524752475,,Not Applicable,,,30079
30081,Montana,Ravalli,78.46692111959288,Relatively Low,77.87747524752476,,Not Applicable,,,30081
30083,Montana,Richland,52.703562340966926,Relatively Low,65.53217821782178,,Not Applicable,,,30083
30085,Montana,Roosevelt,54.4529262086514,Relatively Low,35.488861386138616,,Not Applicable,,,30085
30087,Montana,Rosebud,49.713740458015266,Relatively Low,29.6720297029703,,Not Applicable,,,30087
30089,Montana,Sanders,47.36005089058524,Relatively Low,31.095297029702973,,Not Applicable,,,30089
30091,Montana,Sheridan,15.076335877862595,Very Low,13.180693069306932,,Not Applicable,,,30091
30093,Montana,Silver Bow,38.040712468193384,Very Low,49.41212871287129,,Not Applicable,,,30093
30095,Montana,Stillwater,16.762086513994912,Very Low,31.683168316831683,,Not Applicable,,,30095
30097,Montana,Sweet Grass,8.142493638676845,Very Low,16.676980198019802,,Not Applicable,,,30097
30099,Montana,Teton,19.020356234096692,Very Low,27.042079207920793,,Not Applicable,,,30099
30101,Montana,Toole,13.008905852417302,Very Low,10.798267326732674,,Not Applicable,,,30101
30103,Montana,Treasure,0.508905852417303,Very Low,0.742574257425743,,Not Applicable,,,30103
30105,Montana,Valley,35.94147582697201,Very Low,39.69678217821782,,Not Applicable,,,30105
30107,Montana,Wheatland,3.498727735368957,Very Low,2.320544554455445,,Not Applicable,,,30107
30109,Montana,Wibaux,11.068702290076336,Very Low,20.451732673267326,,Not Applicable,,,30109
30111,Montana,Yellowstone,83.5559796437659,Relatively Moderate,86.13861386138613,,Not Applicable,,,30111
31001,Nebraska,Adams,64.31297709923665,Relatively Low,72.21534653465346,,Not Applicable,,,31001
31003,Nebraska,Antelope,19.46564885496183,Very Low,30.7240099009901,,Not Applicable,,,31003
31005,Nebraska,Arthur,0.286259541984733,Very Low,0.495049504950495,,Not Applicable,,,31005
31007,Nebraska,Banner,0.795165394402036,Very Low,1.392326732673267,,Not Applicable,,,31007
31009,Nebraska,Blaine,0.44529262086514,Very Low,0.402227722772277,,Not Applicable,,,31009
31011,Nebraska,Boone,43.35241730279898,Relatively Low,44.89480198019802,,Not Applicable,,,31011
31013,Nebraska,Box Butte,20.960559796437657,Very Low,28.403465346534652,,Not Applicable,,,31013
31015,Nebraska,Boyd,3.403307888040712,Very Low,6.745049504950495,,Not Applicable,,,31015
31017,Nebraska,Brown,2.385496183206107,Very Low,4.022277227722772,,Not Applicable,,,31017
31019,Nebraska,Buffalo,65.99872773536896,Relatively Low,78.21782178217822,,Not Applicable,,,31019
31021,Nebraska,Burt,20.674300254452927,Very Low,29.455445544554454,,Not Applicable,,,31021
31023,Nebraska,Butler,24.459287531806613,Very Low,36.478960396039604,0.0,No Rating,0.0,,31023
31025,Nebraska,Cass,31.043256997455472,Very Low,51.33044554455446,0.0,No Rating,0.0,,31025
31027,Nebraska,Cedar,21.692111959287534,Very Low,32.271039603960396,,Not Applicable,,,31027
31029,Nebraska,Chase,6.679389312977099,Very Low,12.221534653465346,,Not Applicable,,,31029
31031,Nebraska,Cherry,13.58142493638677,Very Low,12.407178217821782,,Not Applicable,,,31031
31033,Nebraska,Cheyenne,27.798982188295163,Very Low,41.61509900990099,,Not Applicable,,,31033
31035,Nebraska,Clay,56.04325699745547,Relatively Low,60.76732673267327,,Not Applicable,,,31035
31037,Nebraska,Colfax,28.62595419847328,Very Low,44.33787128712871,,Not Applicable,,,31037
31039,Nebraska,Cuming,57.283715012722645,Relatively Low,55.724009900990104,,Not Applicable,,,31039
31041,Nebraska,Custer,27.989821882951656,Very Low,39.20173267326732,,Not Applicable,,,31041
31043,Nebraska,Dakota,36.00508905852418,Very Low,40.5940594059406,,Not Applicable,,,31043
31045,Nebraska,Dawes,5.566157760814249,Very Low,9.931930693069308,,Not Applicable,,,31045
31047,Nebraska,Dawson,65.29898218829516,Relatively Low,65.6868811881188,,Not Applicable,,,31047
31049,Nebraska,Deuel,4.039440203562341,Very Low,3.032178217821782,,Not Applicable,,,31049
31051,Nebraska,Dixon,8.842239185750635,Very Low,17.60519801980198,,Not Applicable,,,31051
31053,Nebraska,Dodge,67.39821882951654,Relatively Low,75.74257425742574,0.0,No Rating,0.0,,31053
31055,Nebraska,Douglas,95.86513994910942,Relatively High,96.56559405940595,0.0,No Rating,0.0,,31055
31057,Nebraska,Dundy,2.2264631043257,Very Low,4.548267326732673,,Not Applicable,,,31057
31059,Nebraska,Fillmore,20.13358778625954,Very Low,37.62376237623762,,Not Applicable,,,31059
31061,Nebraska,Franklin,32.220101781170484,Very Low,30.445544554455445,,Not Applicable,,,31061
31063,Nebraska,Frontier,13.676844783715012,Very Low,9.405940594059405,,Not Applicable,,,31063
31065,Nebraska,Furnas,51.87659033078881,Relatively Low,46.78217821782179,,Not Applicable,,,31065
31067,Nebraska,Gage,40.55343511450381,Very Low,50.80445544554455,0.0,No Rating,0.0,,31067
31069,Nebraska,Garden,2.830788804071247,Very Low,5.228960396039604,,Not Applicable,,,31069
31071,Nebraska,Garfield,1.272264631043257,Very Low,1.268564356435644,,Not Applicable,,,31071
31073,Nebraska,Gosper,9.82824427480916,Very Low,18.13118811881188,,Not Applicable,,,31073
31075,Nebraska,Grant,0.190839694656489,Very Low,0.340346534653465,,Not Applicable,,,31075
31077,Nebraska,Greeley,12.69083969465649,Very Low,24.628712871287128,,Not Applicable,,,31077
31079,Nebraska,Hall,74.23664122137404,Relatively Low,78.86757425742574,,Not Applicable,,,31079
31081,Nebraska,Hamilton,42.62086513994911,Very Low,61.478960396039604,,Not Applicable,,,31081
31083,Nebraska,Harlan,32.029262086513995,Very Low,36.41707920792079,,Not Applicable,,,31083
31085,Nebraska,Hayes,1.240458015267176,Very Low,1.516089108910891,,Not Applicable,,,31085
31087,Nebraska,Hitchcock,6.838422391857506,Very Low,6.311881188118812,,Not Applicable,,,31087
31089,Nebraska,Holt,17.20737913486005,Very Low,22.431930693069308,,Not Applicable,,,31089
31091,Nebraska,Hooker,0.349872773536896,Very Low,0.216584158415842,,Not Applicable,,,31091
31093,Nebraska,Howard,24.204834605597963,Very Low,40.28465346534654,,Not Applicable,,,31093
31095,Nebraska,Jefferson,24.109414758269722,Very Low,28.279702970297027,0.0,No Rating,0.0,,31095
31097,Nebraska,Johnson,4.580152671755725,Very Low,10.117574257425744,0.0,No Rating,0.0,,31097
31099,Nebraska,Kearney,30.947837150127228,Very Low,48.73143564356436,,Not Applicable,,,31099
31101,Nebraska,Keith,13.772264631043257,Very Low,19.43069306930693,,Not Applicable,,,31101
31103,Nebraska,Keya Paha,1.463104325699746,Very Low,0.680693069306931,,Not Applicable,,,31103
31105,Nebraska,Kimball,7.569974554707379,Very Low,6.992574257425743,,Not Applicable,,,31105
31107,Nebraska,Knox,29.70737913486005,Very Low,33.13737623762376,,Not Applicable,,,31107
31109,Nebraska,Lancaster,90.7442748091603,Relatively Moderate,91.95544554455446,0.0,No Rating,0.0,,31109
31111,Nebraska,Lincoln,48.56870229007634,Relatively Low,54.67202970297029,,Not Applicable,,,31111
31113,Nebraska,Logan,0.22264631043257,Very Low,0.433168316831683,,Not Applicable,,,31113
31115,Nebraska,Loup,0.254452926208651,Very Low,0.525990099009901,,Not Applicable,,,31115
31117,Nebraska,McPherson,0.127226463104326,Very Low,0.15470297029703,,Not Applicable,,,31117
31119,Nebraska,Madison,60.87786259541985,Relatively Low,69.55445544554455,,Not Applicable,,,31119
31121,Nebraska,Merrick,42.93893129770993,Relatively Low,49.504950495049506,,Not Applicable,,,31121
31123,Nebraska,Morrill,27.83078880407125,Very Low,26.51608910891089,,Not Applicable,,,31123
31125,Nebraska,Nance,21.660305343511453,Very Low,29.11509900990099,,Not Applicable,,,31125
31127,Nebraska,Nemaha,13.39058524173028,Very Low,13.675742574257427,0.0,No Rating,0.0,,31127
31129,Nebraska,Nuckolls,22.455470737913487,Very Low,29.424504950495052,,Not Applicable,,,31129
31131,Nebraska,Otoe,18.00254452926209,Very Low,39.10891089108911,0.0,No Rating,0.0,,31131
31133,Nebraska,Pawnee,3.848600508905852,Very Low,3.341584158415842,0.0,No Rating,0.0,,31133
31135,Nebraska,Perkins,4.357506361323155,Very Low,8.415841584158416,,Not Applicable,,,31135
31137,Nebraska,Phelps,39.153944020356235,Very Low,55.66212871287129,,Not Applicable,,,31137
31139,Nebraska,Pierce,14.185750636132315,Very Low,28.094059405940598,,Not Applicable,,,31139
31141,Nebraska,Platte,70.57888040712467,Relatively Low,74.69059405940595,,Not Applicable,,,31141
31143,Nebraska,Polk,25.699745547073793,Very Low,43.68811881188119,,Not Applicable,,,31143
31145,Nebraska,Red Willow,20.29262086513995,Very Low,27.413366336633665,,Not Applicable,,,31145
31147,Nebraska,Richardson,13.835877862595419,Very Low,16.39851485148515,0.0,No Rating,0.0,,31147
31149,Nebraska,Rock,0.699745547073791,Very Low,0.99009900990099,,Not Applicable,,,31149
31151,Nebraska,Saline,42.39821882951654,Very Low,43.50247524752475,0.0,No Rating,0.0,,31151
31153,Nebraska,Sarpy,83.58778625954199,Relatively Moderate,88.86138613861387,0.0,No Rating,0.0,,31153
31155,Nebraska,Saunders,29.103053435114507,Very Low,52.289603960396036,0.0,No Rating,0.0,,31155
31157,Nebraska,Scotts Bluff,63.835877862595424,Relatively Low,67.35767326732673,,Not Applicable,,,31157
31159,Nebraska,Seward,24.87277353689567,Very Low,47.09158415841584,0.0,No Rating,0.0,,31159
31161,Nebraska,Sheridan,13.358778625954198,Very Low,12.159653465346535,,Not Applicable,,,31161
31163,Nebraska,Sherman,22.391857506361323,Very Low,27.165841584158418,,Not Applicable,,,31163
31165,Nebraska,Sioux,1.367684478371501,Very Low,1.98019801980198,,Not Applicable,,,31165
31167,Nebraska,Stanton,16.221374045801525,Very Low,24.07178217821782,,Not Applicable,,,31167
31169,Nebraska,Thayer,38.39058524173028,Very Low,44.554455445544555,,Not Applicable,,,31169
31171,Nebraska,Thomas,0.159033078880407,Very Low,0.464108910891089,,Not Applicable,,,31171
31173,Nebraska,Thurston,26.39949109414758,Very Low,20.977722772277225,,Not Applicable,,,31173
31175,Nebraska,Valley,26.017811704834603,Very Low,30.94059405940594,,Not Applicable,,,31175
31177,Nebraska,Washington,25.508905852417303,Very Low,48.39108910891089,0.0,No Rating,0.0,,31177
31179,Nebraska,Wayne,13.963104325699746,Very Low,31.992574257425744,,Not Applicable,,,31179
31181,Nebraska,Webster,55.470737913486005,Relatively Low,47.524752475247524,,Not Applicable,,,31181
31183,Nebraska,Wheeler,5.470737913486006,Very Low,5.538366336633663,,Not Applicable,,,31183
31185,Nebraska,York,52.25826972010178,Relatively Low,67.91460396039604,,Not Applicable,,,31185
32001,Nevada,Churchill,47.264631043257,Relatively Low,51.63985148514851,,Not Applicable,,,32001
32003,Nevada,Clark,99.55470737913485,Very High,99.5358910891089,0.0,No Rating,0.0,,32003
32005,Nevada,Douglas,84.38295165394402,Relatively Moderate,81.8069306930693,,Not Applicable,,,32005
32007,Nevada,Elko,87.91348600508906,Relatively Moderate,88.24257425742574,,Not Applicable,,,32007
32009,Nevada,Esmeralda,2.131043256997455,Very Low,1.051980198019802,,Not Applicable,,,32009
32011,Nevada,Eureka,5.184478371501272,Very Low,9.436881188118813,,Not Applicable,,,32011
32013,Nevada,Humboldt,40.839694656488554,Very Low,52.475247524752476,,Not Applicable,,,32013
32015,Nevada,Lander,16.984732824427482,Very Low,8.663366336633663,,Not Applicable,,,32015
32017,Nevada,Lincoln,25.922391857506362,Very Low,12.530940594059405,,Not Applicable,,,32017
32019,Nevada,Lyon,71.4058524173028,Relatively Low,75.0,,Not Applicable,,,32019
32021,Nevada,Mineral,9.79643765903308,Very Low,8.292079207920793,,Not Applicable,,,32021
32023,Nevada,Nye,78.33969465648855,Relatively Low,66.95544554455446,,Not Applicable,,,32023
32027,Nevada,Pershing,6.011450381679389,Very Low,2.815594059405941,,Not Applicable,,,32027
32029,Nevada,Storey,25.159033078880405,Very Low,40.068069306930695,,Not Applicable,,,32029
32031,Nevada,Washoe,96.69211195928753,Relatively High,97.21534653465346,,Not Applicable,,,32031
32033,Nevada,White Pine,12.5,Very Low,15.284653465346535,,Not Applicable,,,32033
32510,Nevada,Carson City,76.14503816793892,Relatively Low,80.29084158415841,,Not Applicable,,,32510
33001,New Hampshire,Belknap,57.3791348600509,Relatively Low,66.24381188118812,78.38965373383397,Relatively Low,1884504.2151528765,,33001
33003,New Hampshire,Carroll,70.96055979643766,Relatively Low,73.17450495049505,86.39966624947851,Relatively Moderate,4770625.951110989,,33003
33005,New Hampshire,Cheshire,60.49618320610687,Relatively Low,70.04950495049505,76.05340008343762,Relatively Low,1457430.196408014,,33005
33007,New Hampshire,Coos,72.7735368956743,Relatively Low,69.83292079207921,77.0546516478932,Relatively Low,1112590.841219832,,33007
33009,New Hampshire,Grafton,81.77480916030534,Relatively Moderate,83.8799504950495,78.47309136420526,Relatively Low,1702569.5068152482,,33009
33011,New Hampshire,Hillsborough,89.75826972010178,Relatively Moderate,92.38861386138613,92.57405089695453,Relatively Moderate,18424003.146795444,,33011
33013,New Hampshire,Merrimack,78.21246819338423,Relatively Low,83.26113861386139,84.81435127242386,Relatively Moderate,4498592.724731812,,33013
33015,New Hampshire,Rockingham,85.84605597964376,Relatively Moderate,89.85148514851485,83.77138089278264,Relatively Moderate,4974303.070608073,92.80000000000001,33015
33017,New Hampshire,Strafford,64.09033078880407,Relatively Low,71.59653465346535,76.55402586566542,Relatively Low,1497714.758149709,44.6,33017
33019,New Hampshire,Sullivan,37.56361323155216,Very Low,50.402227722772274,67.0421360033375,Relatively Low,561307.4324686446,,33019
34001,New Jersey,Atlantic,92.970737913486,Relatively Moderate,92.60519801980197,95.78639966624948,Relatively High,26251802.229204837,96.2,34001
34003,New Jersey,Bergen,97.83715012722645,Relatively High,97.95792079207921,92.78264497288276,Relatively Moderate,13577974.435334519,100.0,34003
34005,New Jersey,Burlington,93.60687022900763,Relatively Moderate,95.11138613861387,88.81935753024615,Relatively Moderate,7764351.699800571,79.0,34005
34007,New Jersey,Camden,93.22519083969466,Relatively Moderate,92.54331683168317,88.5273258239466,Relatively Moderate,5364541.925688327,76.0,34007
34009,New Jersey,Cape May,91.03053435114504,Relatively Moderate,90.6559405940594,93.11639549436796,Relatively Moderate,14227087.124983339,99.4,34009
34011,New Jersey,Cumberland,82.56997455470739,Relatively Moderate,81.55940594059405,91.94826866916979,Relatively Moderate,10020766.531697227,88.4,34011
34013,New Jersey,Essex,97.70992366412213,Relatively High,96.22524752475248,91.82311222361285,Relatively Moderate,7724826.952631444,65.4,34013
34015,New Jersey,Gloucester,86.64122137404581,Relatively Moderate,88.55198019801979,83.729662077597,Relatively Moderate,4020886.167323627,84.2,34015
34017,New Jersey,Hudson,97.2328244274809,Relatively High,95.38985148514851,91.73967459324155,Relatively Moderate,7394393.948052556,95.0,34017
34019,New Jersey,Hunterdon,78.68956743002545,Relatively Low,87.59282178217822,74.67667918231122,Relatively Low,1641053.487783296,,34019
34021,New Jersey,Mercer,95.35623409669212,Relatively High,95.17326732673267,94.61827284105131,Relatively High,18127302.97386804,56.8,34021
34023,New Jersey,Middlesex,97.7735368956743,Relatively High,97.30816831683168,92.61576971214018,Relatively Moderate,11963923.09498842,83.6,34023
34025,New Jersey,Monmouth,96.31043256997455,Relatively High,97.27722772277228,93.07467667918232,Relatively Moderate,16928284.904486723,90.2,34025
34027,New Jersey,Morris,92.87531806615776,Relatively Moderate,95.82301980198021,85.1898206090947,Relatively Moderate,6302094.829144396,,34027
34029,New Jersey,Ocean,96.15139949109415,Relatively High,95.76113861386139,93.2415519399249,Relatively High,13432460.747061828,98.2,34029
34031,New Jersey,Passaic,95.83333333333334,Relatively High,94.12128712871286,87.90154359616187,Relatively Moderate,4090257.0489647323,25.4,34031
34033,New Jersey,Salem,76.52671755725191,Relatively Low,79.79579207920791,76.80433875677932,Relatively Low,1394423.403160034,95.8,34033
34035,New Jersey,Somerset,90.93511450381679,Relatively Moderate,94.46163366336634,83.4793491864831,Relatively Moderate,5263495.619772301,29.4,34035
34037,New Jersey,Sussex,77.44910941475827,Relatively Low,85.92202970297029,71.46433041301627,Relatively Low,1070377.205769485,,34037
34039,New Jersey,Union,95.48346055979644,Relatively High,94.64727722772277,88.98623279098874,Relatively Moderate,5549549.433604374,72.39999999999999,34039
34041,New Jersey,Warren,80.75699745547074,Relatively Low,85.70544554455446,79.93324989570296,Relatively Low,2532989.005635247,,34041
35001,New Mexico,Bernalillo,94.40203562340967,Relatively High,94.2141089108911,,Not Applicable,,,35001
35003,New Mexico,Catron,36.6412213740458,Very Low,21.225247524752476,0.0,No Rating,0.0,,35003
35005,New Mexico,Chaves,87.62722646310432,Relatively Moderate,83.94183168316832,39.00709219858156,Very Low,20248.22007344999,,35005
35006,New Mexico,Cibola,58.36513994910941,Relatively Low,40.50123762376238,0.0,No Rating,0.0,,35006
35007,New Mexico,Colfax,58.492366412213734,Relatively Low,44.245049504950494,,Not Applicable,,,35007
35009,New Mexico,Curry,61.832061068702295,Relatively Low,62.37623762376238,0.0,No Rating,0.0,,35009
35011,New Mexico,De Baca,4.071246819338422,Very Low,2.908415841584159,,Not Applicable,,,35011
35013,New Mexico,Doña Ana,96.08778625954199,Relatively High,94.74009900990099,36.545682102628284,Very Low,18275.366873849223,,35013
35015,New Mexico,Eddy,83.65139949109415,Relatively Moderate,81.40470297029702,24.739257405089695,Very Low,7655.922162295439,,35015
35017,New Mexico,Grant,74.14122137404581,Relatively Low,61.91212871287129,7.926574885273258,Very Low,691.6222281618616,,35017
35019,New Mexico,Guadalupe,8.810432569974555,Very Low,4.919554455445545,,Not Applicable,,,35019
35021,New Mexico,Harding,0.381679389312977,Very Low,0.247524752475248,,Not Applicable,,,35021
35023,New Mexico,Hidalgo,8.93765903307888,Very Low,5.816831683168317,7.133917396745932,Very Low,332.49726044671837,,35023
35025,New Mexico,Lea,86.00508905852418,Relatively Moderate,82.02351485148515,39.75803087192324,Very Low,21753.269539271507,,35025
35027,New Mexico,Lincoln,79.48473282442748,Relatively Low,70.66831683168317,14.977054651647892,Very Low,2515.920449303001,,35027
35028,New Mexico,Los Alamos,3.594147582697201,Very Low,13.954207920792081,,Not Applicable,,,35028
35029,New Mexico,Luna,51.590330788804074,Relatively Low,39.01608910891089,9.595327492699207,Very Low,1144.1138138640072,,35029
35031,New Mexico,McKinley,78.2442748091603,Relatively Low,61.943069306930695,0.0,No Rating,0.0,,35031
35033,New Mexico,Mora,38.77226463104326,Very Low,22.772277227722775,,Not Applicable,,,35033
35035,New Mexico,Otero,84.70101781170484,Relatively Moderate,81.3118811881188,23.61284939507718,Very Low,6625.255148588003,,35035
35037,New Mexico,Quay,25.954198473282442,Very Low,16.058168316831683,,Not Applicable,,,35037
35039,New Mexico,Rio Arriba,80.50254452926208,Relatively Low,69.2450495049505,,Not Applicable,,,35039
35041,New Mexico,Roosevelt,84.06488549618321,Relatively Moderate,81.89975247524752,32.20692532332082,Very Low,14754.578708787982,,35041
35043,New Mexico,Sandoval,76.97201017811705,Relatively Low,73.57673267326733,,Not Applicable,,,35043
35045,New Mexico,San Juan,88.29516539440203,Relatively Moderate,81.59034653465346,,Not Applicable,,,35045
35047,New Mexico,San Miguel,74.58651399491094,Relatively Low,62.066831683168324,,Not Applicable,,,35047
35049,New Mexico,Santa Fe,85.97328244274809,Relatively Moderate,83.32301980198021,,Not Applicable,,,35049
35051,New Mexico,Sierra,55.8206106870229,Relatively Low,38.33539603960396,12.432206925323321,Very Low,1642.8945839537446,,35051
35053,New Mexico,Socorro,61.48218829516539,Relatively Low,43.47153465346535,0.0,No Rating,0.0,,35053
35055,New Mexico,Taos,74.26844783715013,Relatively Low,63.149752475247524,,Not Applicable,,,35055
35057,New Mexico,Torrance,46.151399491094146,Relatively Low,30.66212871287129,,Not Applicable,,,35057
35059,New Mexico,Union,12.086513994910941,Very Low,6.837871287128714,,Not Applicable,,,35059
35061,New Mexico,Valencia,82.25190839694656,Relatively Moderate,78.31064356435643,,Not Applicable,,,35061
36001,New York,Albany,85.87786259541986,Relatively Moderate,86.9430693069307,84.43888193575303,Relatively Moderate,3797058.5070295976,0.0,36001
36003,New York,Allegany,69.75190839694656,Relatively Low,69.64727722772277,64.08010012515645,Relatively Low,302721.33489743643,,36003
36005,New York,Bronx,98.34605597964376,Relatively High,96.00866336633663,95.2857738840217,Relatively High,12845676.628958728,85.6,36005
36007,New York,Broome,87.46819338422391,Relatively Moderate,86.16955445544554,77.84730913642053,Relatively Low,1279903.772640284,,36007
36009,New York,Cattaraugus,81.58396946564885,Relatively Moderate,75.64975247524752,68.12682519816437,Relatively Low,376685.99783479923,,36009
36011,New York,Cayuga,61.51399491094147,Relatively Low,66.0891089108911,64.74760116812682,Relatively Low,363353.1498790693,21.4,36011
36013,New York,Chautauqua,84.63740458015268,Relatively Moderate,81.37376237623762,68.79432624113475,Relatively Low,431959.2194756839,23.599999999999998,36013
36015,New York,Chemung,54.770992366412216,Relatively Low,56.930693069306926,66.33291614518147,Relatively Low,413070.4906098218,,36015
36017,New York,Chenango,72.32824427480917,Relatively Low,69.86386138613861,66.41635377555278,Relatively Low,366272.1701909864,,36017
36019,New York,Clinton,68.79770992366412,Relatively Low,70.76113861386139,61.15978306216103,Relatively Low,233902.5724464425,,36019
36021,New York,Columbia,68.6704834605598,Relatively Low,67.26485148514851,81.30997079682936,Relatively Low,1989603.9705975263,0.0,36021
36023,New York,Cortland,51.24045801526718,Relatively Low,55.1980198019802,59.24071756362119,Relatively Low,194174.7038217294,,36023
36025,New York,Delaware,83.33333333333334,Relatively Moderate,77.04207920792079,76.84605757196495,Relatively Low,901556.2544539394,,36025
36027,New York,Dutchess,88.26335877862596,Relatively Moderate,89.35643564356435,90.78014184397163,Relatively Moderate,10158183.22345403,46.800000000000004,36027
36029,New York,Erie,97.67811704834605,Relatively High,97.4009900990099,71.29745515227367,Relatively Low,649310.225560559,44.4,36029
36031,New York,Essex,62.65903307888041,Relatively Low,61.69554455445545,65.70713391739675,Relatively Low,339366.02530116355,,36031
36033,New York,Franklin,48.854961832061065,Relatively Low,48.978960396039604,57.73884021693784,Very Low,144450.20097966417,,36033
36035,New York,Fulton,48.6323155216285,Relatively Low,54.11509900990099,64.49728827701293,Relatively Low,355773.70321407355,,36035
36037,New York,Genesee,56.10687022900763,Relatively Low,58.879950495049506,62.03587818105966,Relatively Low,257839.49169410486,,36037
36039,New York,Greene,68.28880407124683,Relatively Low,67.94554455445545,81.43512724238632,Relatively Low,2099290.4432781097,19.0,36039
36041,New York,Hamilton,15.108142493638677,Very Low,15.408415841584159,46.89194826866917,Very Low,50695.1628121632,,36041
36043,New York,Herkimer,60.01908396946565,Relatively Low,62.59282178217822,62.45306633291614,Relatively Low,268817.2746380781,,36043
36045,New York,Jefferson,63.963104325699746,Relatively Low,68.59529702970298,53.191489361702125,Very Low,110809.99495895965,16.2,36045
36047,New York,Kings,99.26844783715013,Relatively High,98.48391089108911,97.41343345848978,Relatively High,30667256.702487823,87.2,36047
36049,New York,Lewis,24.71374045801527,Very Low,31.497524752475247,47.392574050896954,Very Low,63604.63266945292,,36049
36051,New York,Livingston,56.36132315521628,Relatively Low,57.51856435643564,57.32165206508135,Very Low,150173.35829261912,,36051
36053,New York,Madison,59.38295165394402,Relatively Low,65.25371287128714,59.57446808510638,Relatively Low,216272.1283308323,,36053
36055,New York,Monroe,93.76590330788804,Relatively Moderate,93.7809405940594,68.75260742594911,Relatively Low,521101.7892031695,39.0,36055
36057,New York,Montgomery,65.17175572519083,Relatively Low,60.08663366336634,67.95994993742178,Relatively Low,396988.4182259007,,36057
36059,New York,Nassau,97.13740458015268,Relatively High,97.67945544554455,95.41093032957863,Relatively High,27092749.27684174,98.4,36059
36061,New York,New York,98.79134860050891,Relatively High,97.83415841584159,96.78765123070505,Relatively High,23166979.286801253,77.8,36061
36063,New York,Niagara,83.36513994910942,Relatively Moderate,84.4059405940594,57.1964956195244,Very Low,156617.4591641407,31.2,36063
36065,New York,Oneida,86.32315521628499,Relatively Moderate,85.08663366336634,70.08760951188987,Relatively Low,539490.738288099,,36065
36067,New York,Onondaga,91.2531806615776,Relatively Moderate,90.87252475247524,77.17980809345015,Relatively Low,1341472.2715991305,,36067
36069,New York,Ontario,63.54961832061069,Relatively Low,69.43069306930693,58.906967042136,Relatively Low,211359.40032934363,,36069
36071,New York,Orange,90.5852417302799,Relatively Moderate,90.5631188118812,90.82186065915728,Relatively Moderate,9755490.957638867,47.599999999999994,36071
36073,New York,Orleans,17.87531806615776,Very Low,21.875,51.85648727576137,Very Low,89029.99292829611,13.8,36073
36075,New York,Oswego,67.55725190839695,Relatively Low,69.36881188118812,60.659157279933254,Relatively Low,223130.2030547052,33.6,36075
36077,New York,Otsego,75.82697201017811,Relatively Low,73.54579207920791,64.62244472256988,Relatively Low,301883.7034313882,,36077
36079,New York,Putnam,39.82188295165394,Very Low,60.92202970297029,73.21652065081352,Relatively Low,1286032.3190719306,40.6,36079
36081,New York,Queens,99.17302798982189,Relatively High,98.54579207920791,97.07968293700459,Relatively High,24590446.24103815,96.6,36081
36083,New York,Rensselaer,82.15648854961832,Relatively Moderate,83.35396039603961,79.39090529828952,Relatively Low,1847810.410032507,0.0,36083
36085,New York,Richmond,90.99872773536896,Relatively Moderate,89.07797029702971,90.23779724655819,Relatively Moderate,6746570.583664119,81.39999999999999,36085
36087,New York,Rockland,88.42239185750637,Relatively Moderate,86.35519801980197,85.60700876095119,Relatively Moderate,3405254.5209797192,64.60000000000001,36087
36089,New York,St. Lawrence,77.89440203562341,Relatively Low,74.16460396039604,59.157279933249896,Relatively Low,158001.2875100199,,36089
36091,New York,Saratoga,73.02798982188295,Relatively Low,84.49876237623762,77.72215269086358,Relatively Low,2368589.744645458,,36091
36093,New York,Schenectady,71.27862595419847,Relatively Low,74.59777227722772,75.71964956195244,Relatively Low,1209658.1031611902,,36093
36095,New York,Schoharie,41.348600508905854,Very Low,45.48267326732673,64.83103879849811,Relatively Low,344649.72945309716,,36095
36097,New York,Schuyler,16.253180661577606,Very Low,17.233910891089106,57.82227784730913,Very Low,152850.57263470112,,36097
36099,New York,Seneca,41.82569974554708,Very Low,34.59158415841584,59.40759282436379,Relatively Low,145992.9707550433,,36099
36101,New York,Steuben,76.8765903307888,Relatively Low,75.0309405940594,70.12932832707551,Relatively Low,540777.6482754367,,36101
36103,New York,Suffolk,97.32824427480917,Relatively High,97.92698019801979,96.8293700458907,Relatively High,42720765.6458894,98.6,36103
36105,New York,Sullivan,78.27608142493638,Relatively Low,77.5680693069307,79.18231122236129,Relatively Low,1588342.812604868,,36105
36107,New York,Tioga,59.860050890585235,Relatively Low,60.27227722772277,62.703379224030044,Relatively Low,259899.57639491194,,36107
36109,New York,Tompkins,73.85496183206108,Relatively Low,76.48514851485149,64.53900709219859,Relatively Low,358407.58314668003,,36109
36111,New York,Ulster,87.69083969465649,Relatively Moderate,87.34529702970298,86.85857321652065,Relatively Moderate,4626323.532100271,53.6,36111
36113,New York,Warren,62.30916030534351,Relatively Low,68.1930693069307,67.2090112640801,Relatively Low,510735.4092332693,,36113
36115,New York,Washington,56.61577608142494,Relatively Low,59.28217821782178,72.71589486858574,Relatively Low,781538.091355275,,36115
36117,New York,Wayne,56.265903307888046,Relatively Low,58.849009900990104,57.40508969545265,Very Low,156065.72932620443,16.400000000000002,36117
36119,New York,Westchester,96.18320610687023,Relatively High,95.88490099009901,93.61702127659575,Relatively High,14855378.148409141,80.80000000000001,36119
36121,New York,Wyoming,41.25318066157761,Very Low,50.680693069306926,62.4947851481018,Relatively Low,311361.52406011865,,36121
36123,New York,Yates,46.62849872773537,Relatively Low,35.148514851485146,63.62119315811431,Relatively Low,207590.49324731366,,36123
37001,North Carolina,Alamance,77.06743002544529,Relatively Low,80.50742574257426,81.85231539424281,Relatively Moderate,2698042.5144967274,,37001
37003,North Carolina,Alexander,45.80152671755725,Relatively Low,37.004950495049506,67.83479349186483,Relatively Low,354886.603312347,,37003
37005,North Carolina,Alleghany,34.66921119592875,Very Low,20.111386138613863,59.073842302878596,Relatively Low,112094.78779623922,,37005
37007,North Carolina,Anson,50.0,Relatively Low,35.86014851485149,82.85356695869838,Relatively Moderate,1895029.8411228226,,37007
37009,North Carolina,Ashe,66.76208651399492,Relatively Low,56.49752475247525,63.49603671255737,Relatively Low,208719.15683819886,,37009
37011,North Carolina,Avery,47.487277353689564,Relatively Low,40.00618811881188,61.49353358364622,Relatively Low,179992.0266021997,,37011
37013,North Carolina,Beaufort,88.16793893129771,Relatively Moderate,84.9009900990099,97.45515227367542,Relatively High,40409339.52237982,82.19999999999999,37013
37015,North Carolina,Bertie,66.38040712468194,Relatively Low,55.25990099009901,93.3249895702962,Relatively High,9676316.191924393,43.8,37015
37017,North Carolina,Bladen,84.57379134860051,Relatively Moderate,78.92945544554455,96.4121818940342,Relatively High,22045055.5961419,18.6,37017
37019,North Carolina,Brunswick,95.76972010178118,Relatively High,94.18316831683168,99.08218606591572,Very High,110639565.48439483,89.4,37019
37021,North Carolina,Buncombe,89.34478371501272,Relatively Moderate,89.13985148514851,68.62745098039215,Relatively Low,544130.5451267426,,37021
37023,North Carolina,Burke,70.16539440203562,Relatively Low,65.03712871287128,67.41760534000835,Relatively Low,370448.3893239551,,37023
37025,North Carolina,Cabarrus,87.05470737913485,Relatively Moderate,89.38737623762376,73.92574050896955,Relatively Low,1118342.273655965,,37025
37027,North Carolina,Caldwell,67.43002544529261,Relatively Low,67.66707920792079,66.04088443888193,Relatively Low,372892.5681881101,,37027
37029,North Carolina,Camden,2.544529262086514,Very Low,6.683168316831684,72.4238631622862,Relatively Low,1096096.3745938244,50.2,37029
37031,North Carolina,Carteret,93.4796437659033,Relatively Moderate,92.97648514851485,98.74843554443054,Very High,109269712.57327862,88.2,37031
37033,North Carolina,Caswell,22.360050890585242,Very Low,18.68811881188119,73.63370880267,Relatively Low,657469.7743268727,,37033
37035,North Carolina,Catawba,80.56615776081425,Relatively Low,82.05445544554455,76.88777638715061,Relatively Low,1339839.922951075,,37035
37037,North Carolina,Chatham,67.17557251908397,Relatively Low,67.45049504950495,83.35419274092615,Relatively Moderate,2933816.437481056,,37037
37039,North Carolina,Cherokee,56.71119592875318,Relatively Low,50.46410891089109,58.44806007509386,Very Low,135875.66627066513,,37039
37041,North Carolina,Chowan,34.28753180661578,Very Low,31.83787128712871,89.52857738840217,Relatively Moderate,5832022.46683291,52.0,37041
37043,North Carolina,Clay,26.8765903307888,Very Low,13.428217821782178,47.85148101793909,Very Low,34864.51168655431,,37043
37045,North Carolina,Cleveland,70.00636132315522,Relatively Low,70.01856435643565,73.67542761785565,Relatively Low,786054.1427849968,,37045
37047,North Carolina,Columbus,86.86386768447836,Relatively Moderate,80.84777227722772,96.74593241551939,Relatively High,22129385.127066214,19.400000000000002,37047
37049,North Carolina,Craven,93.57506361323156,Relatively Moderate,92.14108910891089,98.6232790988736,Very High,92308265.26798515,54.2,37049
37051,North Carolina,Cumberland,89.47201017811705,Relatively Moderate,89.91336633663366,93.99249061326658,Relatively High,18773442.398515787,0.0,37051
37053,North Carolina,Currituck,18.06615776081425,Very Low,37.5,80.72590738423028,Relatively Low,3300814.2963453806,57.599999999999994,37053
37055,North Carolina,Dare,89.59923664122137,Relatively Moderate,88.92326732673267,97.70546516478932,Relatively High,64925440.89621929,86.8,37055
37057,North Carolina,Davidson,87.21374045801527,Relatively Moderate,86.91212871287128,84.23028785982478,Relatively Moderate,3267127.3321355307,,37057
37059,North Carolina,Davie,41.66666666666667,Very Low,45.60643564356436,69.96245306633291,Relatively Low,597095.7091974581,,37059
37061,North Carolina,Duplin,89.40839694656488,Relatively Moderate,84.52970297029702,97.53858990404673,Relatively High,36971757.86350619,0.0,37061
37063,North Carolina,Durham,89.63104325699746,Relatively Moderate,90.0680693069307,89.40342094284523,Relatively Moderate,7610401.271346451,,37063
37065,North Carolina,Edgecombe,76.3676844783715,Relatively Low,66.58415841584159,88.56904463913224,Relatively Moderate,4055010.5689317733,0.0,37065
37067,North Carolina,Forsyth,91.53944020356234,Relatively Moderate,90.99628712871286,86.4831038798498,Relatively Moderate,4534999.508773304,,37067
37069,North Carolina,Franklin,51.717557251908396,Relatively Low,54.51732673267327,74.63496036712557,Relatively Low,940218.1601755258,,37069
37071,North Carolina,Gaston,84.86005089058524,Relatively Moderate,85.98391089108911,70.2127659574468,Relatively Low,653248.705097987,,37071
37073,North Carolina,Gates,10.464376590330788,Very Low,11.72648514851485,77.88902795160617,Relatively Low,1376147.6993906074,40.8,37073
37075,North Carolina,Graham,20.06997455470738,Very Low,15.377475247524753,42.636629119733,Very Low,28441.403492110556,,37075
37077,North Carolina,Granville,59.35114503816794,Relatively Low,60.488861386138616,85.44013350020859,Relatively Moderate,3831932.9894818547,,37077
37079,North Carolina,Greene,62.62722646310432,Relatively Low,49.133663366336634,92.90780141843972,Relatively Moderate,8245268.257476128,23.200000000000003,37079
37081,North Carolina,Guilford,93.44783715012723,Relatively Moderate,93.34777227722772,90.3212348769295,Relatively Moderate,7850917.050116172,,37081
37083,North Carolina,Halifax,72.90076335877863,Relatively Low,59.65346534653465,88.48560700876095,Relatively Moderate,3704579.647349021,0.0,37083
37085,North Carolina,Harnett,75.28625954198473,Relatively Low,78.1559405940594,88.86107634543178,Relatively Moderate,6770621.501439994,,37085
37087,North Carolina,Haywood,77.19465648854961,Relatively Low,73.76237623762376,57.947434292866085,Very Low,137693.5690177079,,37087
37089,North Carolina,Henderson,83.77862595419847,Relatively Moderate,80.10519801980197,70.42136003337505,Relatively Low,485678.4130137884,,37089
37091,North Carolina,Hertford,68.1615776081425,Relatively Low,55.383663366336634,93.57530246141009,Relatively High,9757340.171375396,39.6,37091
37093,North Carolina,Hoke,50.12722646310432,Relatively Low,45.51361386138614,83.97997496871089,Relatively Moderate,2647276.5032823905,,37093
37095,North Carolina,Hyde,66.4440203562341,Relatively Low,51.85643564356436,94.57655402586566,Relatively High,11539564.693106476,84.39999999999999,37095
37097,North Carolina,Iredell,80.78880407124683,Relatively Low,84.56064356435643,70.33792240300374,Relatively Low,744134.0241504816,,37097
37099,North Carolina,Jackson,80.470737913486,Relatively Low,71.25618811881188,66.58322903629536,Relatively Low,284454.346958623,,37099
37101,North Carolina,Johnston,85.55979643765903,Relatively Moderate,86.50990099009901,86.31622861910722,Relatively Moderate,4838600.970958797,,37101
37103,North Carolina,Jones,64.50381679389314,Relatively Low,49.00990099009901,94.49311639549437,Relatively High,11146129.617132064,33.2,37103
37105,North Carolina,Lee,67.49363867684478,Relatively Low,60.829207920792086,84.77263245723822,Relatively Moderate,2699025.6156865424,,37105
37107,North Carolina,Lenoir,84.60559796437659,Relatively Moderate,77.13490099009901,94.91030454735085,Relatively High,14683155.517875224,28.4,37107
37109,North Carolina,Lincoln,73.75954198473282,Relatively Low,74.4430693069307,65.54025865665415,Relatively Low,370032.3077262466,,37109
37111,North Carolina,McDowell,59.223918575063614,Relatively Low,54.48638613861386,60.90947017104714,Relatively Low,183095.64831165125,,37111
37113,North Carolina,Macon,73.79134860050891,Relatively Low,66.80074257425743,66.29119732999584,Relatively Low,307556.4344149821,,37113
37115,North Carolina,Madison,27.353689567430024,Very Low,31.466584158415838,41.55193992490614,Very Low,33652.12893934012,,37115
37117,North Carolina,Martin,65.45801526717557,Relatively Low,62.004950495049506,92.40717563621193,Relatively Moderate,10510665.396509286,31.6,37117
37119,North Carolina,Mecklenburg,97.07379134860051,Relatively High,97.89603960396039,84.18856904463912,Relatively Moderate,4033682.8643815797,,37119
37121,North Carolina,Mitchell,23.950381679389313,Very Low,21.627475247524753,52.56570713391739,Very Low,77623.54223562771,,37121
37123,North Carolina,Montgomery,48.95038167938932,Relatively Low,41.027227722772274,83.6462244472257,Relatively Moderate,2389174.177059361,,37123
37125,North Carolina,Moore,75.63613231552164,Relatively Low,76.23762376237624,88.2770129328327,Relatively Moderate,5655296.084494675,,37125
37127,North Carolina,Nash,80.59796437659033,Relatively Low,77.6608910891089,89.73717146433042,Relatively Moderate,6119301.905992252,,37127
37129,North Carolina,New Hanover,96.11959287531806,Relatively High,96.8440594059406,99.12390488110138,Very High,181420210.59111965,89.2,37129
37131,North Carolina,Northampton,44.211195928753185,Relatively Low,27.939356435643564,84.60575719649562,Relatively Moderate,2089318.6394027597,17.8,37131
37133,North Carolina,Onslow,94.97455470737913,Relatively High,96.3180693069307,98.95702962035878,Very High,170613391.01927578,81.0,37133
37135,North Carolina,Orange,79.07124681933843,Relatively Low,83.57054455445545,81.89403420942845,Relatively Moderate,2999335.9419562896,,37135
37137,North Carolina,Pamlico,72.36005089058524,Relatively Low,64.54207920792079,95.66124322069254,Relatively High,18825840.250390146,58.199999999999996,37137
37139,North Carolina,Pasquotank,58.68320610687023,Relatively Low,56.43564356435643,91.32248644138507,Relatively Moderate,8476741.824006587,63.4,37139
37141,North Carolina,Pender,86.92748091603053,Relatively Moderate,87.31435643564357,97.16312056737588,Relatively High,43067439.131621525,81.6,37141
37143,North Carolina,Perquimans,37.659033078880405,Very Low,32.48762376237624,89.65373383395911,Relatively Moderate,5713728.4672216475,52.2,37143
37145,North Carolina,Person,41.539440203562336,Very Low,34.3440594059406,72.46558197747184,Relatively Low,556579.7180032043,,37145
37147,North Carolina,Pitt,89.82188295165395,Relatively Moderate,88.98514851485149,96.28702544847727,Relatively High,29555081.364295382,48.0,37147
37149,North Carolina,Polk,36.92748091603054,Very Low,26.48514851485149,60.867751355861486,Relatively Low,156565.53718436143,,37149
37151,North Carolina,Randolph,80.62977099236642,Relatively Low,79.36262376237624,84.31372549019608,Relatively Moderate,3119475.9804077116,,37151
37153,North Carolina,Richmond,60.75063613231551,Relatively Low,52.568069306930695,85.98247809762202,Relatively Moderate,3100584.1904568723,,37153
37155,North Carolina,Robeson,91.0941475826972,Relatively Moderate,85.58168316831683,96.45390070921985,Relatively High,17875129.470482685,,37155
37157,North Carolina,Rockingham,71.88295165394402,Relatively Low,67.72896039603961,78.68168544013349,Relatively Low,1307650.6697102096,,37157
37159,North Carolina,Rowan,82.91984732824427,Relatively Moderate,83.07549504950495,72.38214434710054,Relatively Low,711147.3237465385,,37159
37161,North Carolina,Rutherford,72.67811704834605,Relatively Low,66.27475247524752,66.70838548185232,Relatively Low,327174.1352790369,,37161
37163,North Carolina,Sampson,90.20356234096693,Relatively Moderate,85.05569306930693,97.49687108886108,Relatively High,35074686.36077751,0.0,37163
37165,North Carolina,Scotland,63.64503816793893,Relatively Low,48.14356435643564,86.98372966207761,Relatively Moderate,2903806.9576208843,,37165
37167,North Carolina,Stanly,58.842239185750635,Relatively Low,63.273514851485146,77.59699624530664,Relatively Low,1510643.5563533006,,37167
37169,North Carolina,Stokes,39.726463104325695,Very Low,38.64480198019802,68.71088861076345,Relatively Low,465826.0699313372,,37169
37171,North Carolina,Surry,73.56870229007633,Relatively Low,69.74009900990099,71.50604922820192,Relatively Low,574481.7127620915,,37171
37173,North Carolina,Swain,49.10941475826972,Relatively Low,34.18935643564357,54.15102211097205,Very Low,70059.88764539528,,37173
37175,North Carolina,Transylvania,64.24936386768448,Relatively Low,56.59034653465347,59.94993742177722,Relatively Low,155757.71531406773,,37175
37177,North Carolina,Tyrrell,46.024173027989825,Relatively Low,31.806930693069308,92.11514392991239,Relatively Moderate,7263780.081242156,68.8,37177
37179,North Carolina,Union,89.05852417302799,Relatively Moderate,91.46039603960396,81.39340842720067,Relatively Low,3179080.2094706227,,37179
37181,North Carolina,Vance,48.37786259541985,Relatively Low,37.995049504950494,79.05715477680434,Relatively Low,1164059.297521279,,37181
37183,North Carolina,Wake,95.54707379134861,Relatively High,97.71039603960396,89.904046725073,Relatively Moderate,11939865.589906417,,37183
37185,North Carolina,Warren,50.76335877862596,Relatively Low,35.98391089108911,84.85607008760951,Relatively Moderate,2261457.5709538693,,37185
37187,North Carolina,Washington,59.637404580152676,Relatively Low,47.02970297029702,93.78389653733834,Relatively High,10348793.964317512,47.199999999999996,37187
37189,North Carolina,Watauga,71.85114503816794,Relatively Low,68.7809405940594,61.869002920317065,Relatively Low,213673.3849716342,,37189
37191,North Carolina,Wayne,90.39440203562341,Relatively Moderate,87.22153465346535,96.53733833959116,Relatively High,24363502.29030377,,37191
37193,North Carolina,Wilkes,82.63358778625954,Relatively Moderate,75.15470297029702,75.4276178556529,Relatively Low,710420.0187089054,,37193
37195,North Carolina,Wilson,76.27226463104326,Relatively Low,72.58663366336634,90.36295369211514,Relatively Moderate,6880954.740301326,,37195
37197,North Carolina,Yadkin,38.3587786259542,Very Low,33.570544554455445,68.21026282853568,Relatively Low,408441.0384747537,,37197
37199,North Carolina,Yancey,42.23918575063613,Very Low,30.04331683168317,54.943679599499376,Very Low,80882.16611710093,,37199
38001,North Dakota,Adams,4.516539440203562,Very Low,2.537128712871287,,Not Applicable,,,38001
38003,North Dakota,Barnes,45.896946564885496,Relatively Low,44.152227722772274,,Not Applicable,,,38003
38005,North Dakota,Benson,24.268447837150127,Very Low,13.27351485148515,,Not Applicable,,,38005
38007,North Dakota,Billings,0.858778625954199,Very Low,1.577970297029703,,Not Applicable,,,38007
38009,North Dakota,Bottineau,18.670483460559797,Very Low,23.60767326732673,,Not Applicable,,,38009
38011,North Dakota,Bowman,2.099236641221374,Very Low,4.084158415841585,,Not Applicable,,,38011
38013,North Dakota,Burke,1.049618320610687,Very Low,2.011138613861386,,Not Applicable,,,38013
38015,North Dakota,Burleigh,85.1145038167939,Relatively Moderate,87.9950495049505,,Not Applicable,,,38015
38017,North Dakota,Cass,82.3791348600509,Relatively Moderate,89.04702970297029,,Not Applicable,,,38017
38019,North Dakota,Cavalier,11.83206106870229,Very Low,11.076732673267326,,Not Applicable,,,38019
38021,North Dakota,Dickey,15.839694656488549,Very Low,17.97648514851485,,Not Applicable,,,38021
38023,North Dakota,Divide,5.788804071246819,Very Low,3.898514851485149,,Not Applicable,,,38023
38025,North Dakota,Dunn,10.782442748091603,Very Low,12.5,,Not Applicable,,,38025
38027,North Dakota,Eddy,1.844783715012722,Very Low,3.620049504950495,,Not Applicable,,,38027
38029,North Dakota,Emmons,44.274809160305345,Relatively Low,41.676980198019805,,Not Applicable,,,38029
38031,North Dakota,Foster,7.410941475826973,Very Low,7.951732673267327,,Not Applicable,,,38031
38033,North Dakota,Golden Valley,13.072519083969466,Very Low,12.066831683168317,,Not Applicable,,,38033
38035,North Dakota,Grand Forks,57.665394402035616,Relatively Low,67.60519801980197,,Not Applicable,,,38035
38037,North Dakota,Grant,14.790076335877863,Very Low,11.04579207920792,,Not Applicable,,,38037
38039,North Dakota,Griggs,5.120865139949109,Very Low,5.383663366336633,,Not Applicable,,,38039
38041,North Dakota,Hettinger,9.192111959287532,Very Low,7.920792079207921,,Not Applicable,,,38041
38043,North Dakota,Kidder,3.148854961832061,Very Low,6.435643564356436,,Not Applicable,,,38043
38045,North Dakota,LaMoure,10.941475826972011,Very Low,15.93440594059406,,Not Applicable,,,38045
38047,North Dakota,Logan,9.891857506361323,Very Low,7.363861386138614,,Not Applicable,,,38047
38049,North Dakota,McHenry,11.736641221374047,Very Low,23.54579207920792,,Not Applicable,,,38049
38051,North Dakota,McIntosh,35.20992366412214,Very Low,25.556930693069308,,Not Applicable,,,38051
38053,North Dakota,McKenzie,25.03180661577608,Very Low,41.120049504950494,,Not Applicable,,,38053
38055,North Dakota,McLean,43.09796437659033,Relatively Low,53.991336633663366,,Not Applicable,,,38055
38057,North Dakota,Mercer,13.867684478371501,Very Low,25.649752475247524,,Not Applicable,,,38057
38059,North Dakota,Morton,49.586513994910945,Relatively Low,68.50247524752476,,Not Applicable,,,38059
38061,North Dakota,Mountrail,21.374045801526716,Very Low,23.886138613861384,,Not Applicable,,,38061
38063,North Dakota,Nelson,7.919847328244274,Very Low,5.012376237623763,,Not Applicable,,,38063
38065,North Dakota,Oliver,1.717557251908397,Very Low,3.589108910891089,,Not Applicable,,,38065
38067,North Dakota,Pembina,20.928753180661577,Very Low,19.275990099009903,,Not Applicable,,,38067
38069,North Dakota,Pierce,3.244274809160305,Very Low,6.466584158415841,,Not Applicable,,,38069
38071,North Dakota,Ramsey,18.3206106870229,Very Low,29.300742574257427,,Not Applicable,,,38071
38073,North Dakota,Ransom,13.19974554707379,Very Low,19.492574257425744,,Not Applicable,,,38073
38075,North Dakota,Renville,1.526717557251908,Very Low,3.125,,Not Applicable,,,38075
38077,North Dakota,Richland,35.30534351145038,Very Low,43.96658415841584,,Not Applicable,,,38077
38079,North Dakota,Rolette,52.862595419847324,Relatively Low,37.65470297029702,,Not Applicable,,,38079
38081,North Dakota,Sargent,7.442748091603053,Very Low,15.253712871287128,,Not Applicable,,,38081
38083,North Dakota,Sheridan,5.025445292620865,Very Low,9.591584158415841,,Not Applicable,,,38083
38085,North Dakota,Sioux,62.086513994910945,Relatively Low,43.65717821782179,,Not Applicable,,,38085
38087,North Dakota,Slope,0.636132315521628,Very Low,0.773514851485149,,Not Applicable,,,38087
38089,North Dakota,Stark,37.340966921119595,Very Low,49.443069306930695,,Not Applicable,,,38089
38091,North Dakota,Steele,6.647582697201019,Very Low,10.303217821782178,,Not Applicable,,,38091
38093,North Dakota,Stutsman,46.37404580152672,Relatively Low,53.650990099009896,,Not Applicable,,,38093
38095,North Dakota,Towner,2.003816793893129,Very Low,4.053217821782178,,Not Applicable,,,38095
38097,North Dakota,Traill,11.005089058524172,Very Low,27.103960396039607,,Not Applicable,,,38097
38099,North Dakota,Walsh,29.00763358778626,Very Low,42.45049504950495,,Not Applicable,,,38099
38101,North Dakota,Ward,64.75826972010178,Relatively Low,77.84653465346535,,Not Applicable,,,38101
38103,North Dakota,Wells,8.587786259541986,Very Low,9.808168316831683,,Not Applicable,,,38103
38105,North Dakota,Williams,53.657760814249365,Relatively Low,67.48143564356435,,Not Applicable,,,38105
39001,Ohio,Adams,43.829516539440206,Relatively Low,44.771039603960396,41.760534000834376,Very Low,31372.654548347327,,39001
39003,Ohio,Allen,73.34605597964376,Relatively Low,74.10272277227723,46.808510638297875,Very Low,54198.50647650712,,39003
39005,Ohio,Ashland,46.342239185750635,Relatively Low,49.81435643564357,43.76303712974551,Very Low,41572.58358954667,,39005
39007,Ohio,Ashtabula,62.59541984732825,Relatively Low,59.313118811881196,52.31539424280351,Very Low,76656.9505046083,28.799999999999997,39007
39009,Ohio,Athens,68.73409669211196,Relatively Low,68.37871287128714,53.23320817688778,Very Low,93802.99673870855,,39009
39011,Ohio,Auglaize,41.76208651399491,Very Low,50.09282178217822,39.883187317480186,Very Low,32582.81691221504,,39011
39013,Ohio,Belmont,75.19083969465649,Relatively Low,71.75123762376238,55.319148936170215,Very Low,106059.48756661429,,39013
39015,Ohio,Brown,62.56361323155216,Relatively Low,56.25,26.783479349186486,Very Low,8519.778695402534,,39015
39017,Ohio,Butler,91.47582697201018,Relatively Moderate,92.29579207920791,27.743012098456404,Very Low,13507.451096501385,,39017
39019,Ohio,Carroll,19.942748091603054,Very Low,19.245049504950494,36.17021276595745,Very Low,20395.809065301677,,39019
39021,Ohio,Champaign,26.74936386768448,Very Low,36.88118811881188,27.617855652899458,Very Low,13874.655190230173,,39021
39023,Ohio,Clark,77.09923664122137,Relatively Low,74.90717821782178,40.00834376303713,Very Low,25588.214045728582,,39023
39025,Ohio,Clermont,77.86259541984732,Relatively Low,82.51856435643565,20.859407592824365,Very Low,7837.453446628546,,39025
39027,Ohio,Clinton,34.00127226463104,Very Low,40.74876237623762,35.33583646224447,Very Low,22981.978989407104,,39027
39029,Ohio,Columbiana,69.05216284987277,Relatively Low,67.75990099009901,59.532749269920735,Relatively Low,175035.23406393756,,39029
39031,Ohio,Coshocton,49.07760814249364,Relatively Low,36.974009900990104,40.383813099707965,Very Low,20058.61696766566,,39031
39033,Ohio,Crawford,35.24173027989822,Very Low,43.06930693069307,36.086775135586144,Very Low,25019.723552941963,,39033
39035,Ohio,Cuyahoga,97.99618320610686,Relatively High,97.3391089108911,62.369628702544844,Relatively Low,228597.03131522491,33.0,39035
39037,Ohio,Darke,52.67175572519084,Relatively Low,60.98391089108911,37.755527743012095,Very Low,29742.245893281055,,39037
39039,Ohio,Defiance,41.88931297709924,Very Low,52.258663366336634,27.033792240300375,Very Low,13431.22907237336,,39039
39041,Ohio,Delaware,78.7531806615776,Relatively Low,87.74752475247524,27.284105131414265,Very Low,20189.519538203618,,39041
39043,Ohio,Erie,61.35496183206107,Relatively Low,62.190594059405946,49.89570296203588,Very Low,69511.12692979262,47.0,39043
39045,Ohio,Fairfield,72.6145038167939,Relatively Low,79.14603960396039,29.453483521068,Very Low,16652.605650658155,,39045
39047,Ohio,Fayette,25.890585241730278,Very Low,33.04455445544555,33.08302044221944,Very Low,19934.43891415079,,39047
39049,Ohio,Franklin,98.05979643765903,Relatively High,98.01980198019803,49.68710888610764,Very Low,73096.20525977315,,39049
39051,Ohio,Fulton,33.5559796437659,Very Low,43.62623762376238,28.702544847726326,Very Low,14764.973873426956,,39051
39053,Ohio,Gallia,48.31424936386768,Relatively Low,40.68688118811881,47.89319983312474,Very Low,45494.41927522522,,39053
39055,Ohio,Geauga,60.2735368956743,Relatively Low,59.900990099009896,44.43053817271589,Very Low,40218.90484210329,0.0,39055
39057,Ohio,Greene,75.66793893129771,Relatively Low,80.53836633663366,37.63037129745515,Very Low,30021.307669534417,,39057
39059,Ohio,Guernsey,37.5,Very Low,32.054455445544555,40.71756362119316,Very Low,24413.407731525283,,39059
39061,Ohio,Hamilton,96.34223918575063,Relatively High,96.4108910891089,38.17271589486859,Very Low,26187.175315181677,,39061
39063,Ohio,Hancock,54.07124681933843,Relatively Low,72.98886138613861,39.591155611180646,Very Low,49027.76428024509,,39063
39065,Ohio,Hardin,24.427480916030532,Very Low,37.06683168316832,43.59616186900292,Very Low,51675.620208786466,,39065
39067,Ohio,Harrison,11.41857506361323,Very Low,8.508663366336634,34.751773049645394,Very Low,16116.618382563545,,39067
39069,Ohio,Henry,33.81043256997455,Very Low,46.44183168316832,36.79599499374218,Very Low,29725.54978787854,,39069
39071,Ohio,Highland,43.19338422391857,Relatively Low,45.45173267326732,45.8906967042136,Very Low,47346.659065391745,,39071
39073,Ohio,Hocking,47.29643765903308,Relatively Low,48.48391089108911,15.43596161869003,Very Low,3681.900720288422,,39073
39075,Ohio,Holmes,60.40076335877863,Relatively Low,41.150990099009896,52.02336253650396,Very Low,48463.359756286816,,39075
39077,Ohio,Huron,50.286259541984734,Relatively Low,54.26980198019802,45.39007092198582,Very Low,48421.77593600933,,39077
39079,Ohio,Jackson,35.75063613231552,Very Low,26.887376237623762,49.3950771798081,Very Low,49964.53376712917,,39079
39081,Ohio,Jefferson,66.73027989821882,Relatively Low,64.13985148514851,59.82478097622027,Relatively Low,178069.6491640412,,39081
39083,Ohio,Knox,61.036895674300254,Relatively Low,58.44678217821782,40.926157697121404,Very Low,26806.102857434722,,39083
39085,Ohio,Lake,77.35368956743002,Relatively Low,80.7858910891089,49.47851481017939,Very Low,78799.17362598827,38.6,39085
39087,Ohio,Lawrence,70.99236641221374,Relatively Low,70.29702970297029,48.393825615352526,Very Low,58254.0140208581,,39087
39089,Ohio,Licking,78.91221374045801,Relatively Low,82.92079207920791,35.16896120150187,Very Low,25439.577798581042,,39089
39091,Ohio,Logan,53.21246819338422,Relatively Low,58.508663366336634,36.58740091781393,Very Low,25546.688099646897,,39091
39093,Ohio,Lorain,86.25954198473282,Relatively Moderate,87.15965346534654,50.60492282019191,Very Low,82954.07347897747,31.8,39093
39095,Ohio,Lucas,92.39821882951654,Relatively Moderate,91.52227722772277,56.86274509803921,Very Low,133196.84971167543,42.8,39095
39097,Ohio,Madison,24.904580152671755,Very Low,39.17079207920792,21.65206508135169,Very Low,9109.649671956664,,39097
39099,Ohio,Mahoning,83.61959287531806,Relatively Moderate,81.00247524752476,68.54401335002086,Relatively Low,433015.583746948,,39099
39101,Ohio,Marion,61.100508905852415,Relatively Low,59.74628712871287,44.80600750938674,Very Low,39709.253305652135,,39101
39103,Ohio,Medina,68.95674300254453,Relatively Low,76.70173267326733,39.2991239048811,Very Low,35177.577561698075,,39103
39105,Ohio,Meigs,52.958015267175576,Relatively Low,40.71782178217821,55.6528994576554,Very Low,85179.43299269411,,39105
39107,Ohio,Mercer,31.647582697201017,Very Low,56.806930693069305,38.92365456821027,Very Low,48810.72502487108,,39107
39109,Ohio,Miami,61.38676844783715,Relatively Low,71.50371287128714,33.54192740926158,Very Low,24289.711738538055,,39109
39111,Ohio,Monroe,27.25826972010178,Very Low,19.616336633663366,54.81852315394244,Very Low,86364.123303556,,39111
39113,Ohio,Montgomery,92.6526717557252,Relatively Moderate,92.17202970297029,49.18648310387985,Very Low,65998.66759376829,,39113
39115,Ohio,Morgan,18.22519083969466,Very Low,19.801980198019802,36.42052565707134,Very Low,22632.278299491303,,39115
39117,Ohio,Morrow,24.395674300254452,Very Low,29.857673267326735,19.816437213183146,Very Low,6205.728773990871,,39117
39119,Ohio,Muskingum,70.92875318066157,Relatively Low,71.96782178217822,43.09553608677514,Very Low,39569.40985359984,,39119
39121,Ohio,Noble,13.454198473282442,Very Low,11.448019801980198,48.977889027951605,Very Low,55718.17317513564,,39121
39123,Ohio,Ottawa,59.16030534351145,Relatively Low,63.521039603960396,43.97163120567376,Very Low,44541.07206741449,49.0,39123
39125,Ohio,Paulding,21.151399491094146,Very Low,27.53712871287129,32.29036295369212,Very Low,18974.424958172967,,39125
39127,Ohio,Perry,25.986005089058523,Very Low,26.60891089108911,19.107217355027117,Very Low,5063.732863661465,,39127
39129,Ohio,Pickaway,50.92239185750637,Relatively Low,57.42574257425742,26.65832290362954,Very Low,12123.748488827785,,39129
39131,Ohio,Pike,43.12977099236641,Relatively Low,37.15965346534654,42.428035043804755,Very Low,28459.96442782021,,39131
39133,Ohio,Portage,65.07633587786259,Relatively Low,71.3799504950495,55.48602419691281,Very Low,148427.1059041252,,39133
39135,Ohio,Preble,43.288804071246815,Relatively Low,49.72153465346535,28.28535669586984,Very Low,13175.13859074322,,39135
39137,Ohio,Putnam,32.85623409669211,Very Low,48.01980198019802,40.175219023779725,Very Low,38986.21714723015,,39137
39139,Ohio,Richland,61.32315521628499,Relatively Low,63.954207920792086,44.680851063829785,Very Low,44585.989826542296,,39139
39141,Ohio,Ross,62.88167938931297,Relatively Low,62.71658415841584,35.54443053817272,Very Low,20401.96664145738,,39141
39143,Ohio,Sandusky,56.74300254452926,Relatively Low,60.241336633663366,44.88944513975803,Very Low,46672.154951806755,32.0,39143
39145,Ohio,Scioto,70.22900763358778,Relatively Low,69.39975247524752,43.22069253233208,Very Low,36840.546060646826,,39145
39147,Ohio,Seneca,46.85114503816794,Relatively Low,53.34158415841584,44.05506883604506,Very Low,45951.361479315114,,39147
39149,Ohio,Shelby,56.202290076335885,Relatively Low,55.847772277227726,40.634125990821865,Very Low,28610.78915966436,,39149
39151,Ohio,Stark,87.94529262086515,Relatively Moderate,88.52103960396039,58.19774718397998,Very Low,177999.6273387434,,39151
39153,Ohio,Summit,91.15776081424937,Relatively Moderate,90.81064356435643,61.24322069253233,Relatively Low,238815.96487791126,,39153
39155,Ohio,Trumbull,84.47837150127226,Relatively Moderate,81.46658415841584,69.37838965373383,Relatively Low,459110.079329439,,39155
39157,Ohio,Tuscarawas,69.0203562340967,Relatively Low,62.68564356435643,47.934918648310386,Very Low,46844.22722759399,,39157
39159,Ohio,Union,32.729007633587784,Very Low,58.78712871287129,23.028785982478098,Very Low,13811.854860397925,,39159
39161,Ohio,Van Wert,20.10178117048346,Very Low,28.836633663366335,29.828952857738837,Very Low,16295.545312866416,,39161
39163,Ohio,Vinton,11.80025445292621,Very Low,7.611386138613861,33.41677096370463,Very Low,13443.299312475081,,39163
39165,Ohio,Warren,77.79898218829516,Relatively Low,86.57178217821783,21.27659574468085,Very Low,10844.325110106165,,39165
39167,Ohio,Washington,64.40839694656488,Relatively Low,63.89232673267327,57.363370880267,Very Low,142178.2560767925,,39167
39169,Ohio,Wayne,64.85368956743002,Relatively Low,63.86138613861386,52.14851898206091,Very Low,81124.98656632243,,39169
39171,Ohio,Williams,44.40203562340967,Relatively Low,43.75,31.914893617021278,Very Low,14718.517178567097,,39171
39173,Ohio,Wood,65.68066157760815,Relatively Low,81.34282178217822,43.88819357530246,Very Low,72058.66163372205,13.0,39173
39175,Ohio,Wyandot,17.39821882951654,Very Low,28.774752475247524,41.71881518564873,Very Low,43492.3749499616,,39175
40001,Oklahoma,Adair,53.81679389312977,Relatively Low,42.976485148514854,42.26115978306216,Very Low,24813.416385166933,,40001
40003,Oklahoma,Alfalfa,40.64885496183206,Very Low,35.396039603960396,22.361284939507716,Very Low,5895.859870271421,,40003
40005,Oklahoma,Atoka,30.407124681933844,Very Low,24.257425742574256,35.75302461410096,Very Low,16894.668957725848,,40005
40007,Oklahoma,Beaver,37.81806615776082,Very Low,42.35767326732673,20.35878181059658,Very Low,6379.002482641003,,40007
40009,Oklahoma,Beckham,57.82442748091603,Relatively Low,45.38985148514851,20.275344180225282,Very Low,4109.559201996472,,40009
40011,Oklahoma,Blaine,32.347328244274806,Very Low,32.98267326732673,21.90237797246558,Very Low,6455.828950217471,,40011
40013,Oklahoma,Bryan,74.55470737913485,Relatively Low,66.33663366336634,46.266166040884436,Very Low,36987.83113370321,,40013
40015,Oklahoma,Caddo,63.39058524173028,Relatively Low,54.95049504950495,39.21568627450981,Very Low,20492.66459236758,,40015
40017,Oklahoma,Canadian,83.49236641221374,Relatively Moderate,88.18069306930693,30.16270337922403,Very Low,20719.134778933632,,40017
40019,Oklahoma,Carter,74.87277353689568,Relatively Low,70.73019801980197,42.76178556528995,Very Low,31089.655295932163,,40019
40021,Oklahoma,Cherokee,76.90839694656488,Relatively Low,70.94678217821783,32.16520650813517,Very Low,13078.5098535226,,40021
40023,Oklahoma,Choctaw,49.904580152671755,Relatively Low,31.745049504950494,43.721318314559866,Very Low,23467.385185032825,,40023
40025,Oklahoma,Cimarron,47.32824427480916,Relatively Low,34.28217821782179,,Not Applicable,,,40025
40027,Oklahoma,Cleveland,91.2849872773537,Relatively Moderate,91.58415841584159,36.67083854818523,Very Low,26279.671711558967,,40027
40029,Oklahoma,Coal,32.410941475826974,Very Low,17.141089108910894,26.700041718815186,Very Low,6242.542335145107,,40029
40031,Oklahoma,Comanche,86.22773536895674,Relatively Moderate,84.06559405940595,45.139758030871924,Very Low,38409.46430191772,,40031
40033,Oklahoma,Cotton,4.89821882951654,Very Low,4.672029702970297,21.860659157279933,Very Low,6601.789159729088,,40033
40035,Oklahoma,Craig,55.50254452926209,Relatively Low,43.193069306930695,32.332081768877764,Very Low,11582.858561762774,,40035
40037,Oklahoma,Creek,83.23791348600508,Relatively Moderate,81.52846534653465,15.72799332498957,Very Low,3568.357083124446,,40037
40039,Oklahoma,Custer,62.02290076335878,Relatively Low,58.38490099009901,23.863162286191073,Very Low,7057.440084547298,,40039
40041,Oklahoma,Delaware,82.66539440203562,Relatively Moderate,72.46287128712872,44.63913224864414,Very Low,26959.954074452504,,40041
40043,Oklahoma,Dewey,15.648854961832063,Very Low,16.33663366336634,11.931581143095537,Very Low,2426.845647617016,,40043
40045,Oklahoma,Ellis,24.77735368956743,Very Low,16.181930693069308,24.989570296203585,Very Low,6307.995350385932,,40045
40047,Oklahoma,Garfield,82.09287531806616,Relatively Moderate,81.1881188118812,28.911138923654566,Very Low,11949.942715768839,,40047
40049,Oklahoma,Garvin,61.704834605597966,Relatively Low,60.210396039603964,41.093032957864,Very Low,28540.857250079178,,40049
40051,Oklahoma,Grady,75.73155216284987,Relatively Low,75.92821782178217,31.998331247392574,Very Low,16150.56012130658,,40051
40053,Oklahoma,Grant,27.767175572519083,Very Low,23.978960396039604,16.06174384647476,Very Low,3357.947765229182,,40053
40055,Oklahoma,Greer,17.080152671755723,Very Low,10.82920792079208,14.768460575719649,Very Low,2473.4051610285096,,40055
40057,Oklahoma,Harmon,10.209923664122138,Very Low,5.940594059405941,16.97955778055903,Very Low,3050.081982236965,,40057
40059,Oklahoma,Harper,45.67430025445292,Relatively Low,35.70544554455445,28.660826032540676,Very Low,8965.850774769018,,40059
40061,Oklahoma,Haskell,30.50254452926209,Very Low,32.7970297029703,40.80100125156446,Very Low,29907.65231523929,,40061
40063,Oklahoma,Hughes,34.033078880407125,Very Low,33.38490099009901,37.922403003754695,Very Low,22812.77632469207,,40063
40065,Oklahoma,Jackson,86.03689567430025,Relatively Moderate,84.9319306930693,25.49019607843137,Very Low,8836.371237053925,,40065
40067,Oklahoma,Jefferson,20.896946564885496,Very Low,12.283415841584159,32.7075511055486,Very Low,11357.366486346858,,40067
40069,Oklahoma,Johnston,25.38167938931298,Very Low,14.78960396039604,30.538172715894866,Very Low,9379.16974028893,,40069
40071,Oklahoma,Kay,79.86641221374046,Relatively Low,75.58787128712872,24.61410095953275,Very Low,7203.216544974783,,40071
40073,Oklahoma,Kingfisher,56.8384223918575,Relatively Low,56.2190594059406,34.459741343345854,Very Low,18541.261051902467,,40073
40075,Oklahoma,Kiowa,35.782442748091604,Very Low,24.84529702970297,29.411764705882355,Very Low,9005.553465230785,,40075
40077,Oklahoma,Latimer,34.63740458015267,Very Low,20.42079207920792,36.83771380892782,Very Low,14589.36715178612,,40077
40079,Oklahoma,Le Flore,82.69720101781171,Relatively Moderate,74.19554455445545,55.94493116395495,Very Low,86298.05035332423,,40079
40081,Oklahoma,Lincoln,71.31043256997455,Relatively Low,60.117574257425744,18.731748018356278,Very Low,3540.872658177695,,40081
40083,Oklahoma,Logan,74.68193384223919,Relatively Low,76.79455445544554,20.69253233208177,Very Low,6701.151857214598,,40083
40085,Oklahoma,Love,21.119592875318066,Very Low,20.080445544554458,30.95536086775136,Very Low,13468.867450977308,,40085
40087,Oklahoma,McClain,62.81806615776081,Relatively Low,68.6881188118812,22.444722569879016,Very Low,8410.787692519567,,40087
40089,Oklahoma,McCurtain,72.04198473282443,Relatively Low,57.48762376237624,55.98664997914059,Very Low,80012.75385502461,,40089
40091,Oklahoma,McIntosh,65.77608142493638,Relatively Low,48.08168316831683,43.178973717146434,Very Low,22097.205256513076,,40091
40093,Oklahoma,Major,34.19211195928753,Very Low,37.25247524752475,22.611597830621612,Very Low,7276.2276960796235,,40093
40095,Oklahoma,Marshall,48.98218829516539,Relatively Low,33.19925742574257,32.62411347517731,Very Low,10781.511928805317,,40095
40097,Oklahoma,Mayes,77.57633587786259,Relatively Low,68.93564356435643,38.965373383395914,Very Low,19261.85690555489,,40097
40099,Oklahoma,Murray,32.538167938931295,Very Low,26.237623762376238,28.368794326241137,Very Low,9412.664464755631,,40099
40101,Oklahoma,Muskogee,82.029262086514,Relatively Moderate,75.95915841584159,48.018356278681686,Very Low,44569.443986996215,,40101
40103,Oklahoma,Noble,43.95674300254453,Relatively Low,33.879950495049506,23.988318731748016,Very Low,5909.737920869211,,40103
40105,Oklahoma,Nowata,40.776081424936386,Very Low,27.475247524752476,25.782227784730914,Very Low,6380.990612579036,,40105
40107,Oklahoma,Okfuskee,40.394402035623415,Very Low,24.22648514851485,24.030037546933666,Very Low,5059.708492892783,,40107
40109,Oklahoma,Oklahoma,97.93256997455471,Relatively High,97.61757425742574,49.52023362536504,Very Low,65341.488671113795,,40109
40111,Oklahoma,Okmulgee,74.61832061068702,Relatively Low,65.77970297029702,23.27909887359199,Very Low,5596.536472750274,,40111
40113,Oklahoma,Osage,78.0852417302799,Relatively Low,70.42079207920791,28.243637880684187,Very Low,8864.728747720623,,40113
40115,Oklahoma,Ottawa,76.04961832061069,Relatively Low,65.99628712871286,34.04255319148936,Very Low,12923.577498651211,,40115
40117,Oklahoma,Pawnee,48.091603053435115,Relatively Low,39.758663366336634,13.725490196078432,Very Low,2401.243802866655,,40117
40119,Oklahoma,Payne,83.93765903307889,Relatively Moderate,83.78712871287128,30.49645390070922,Very Low,14198.294421982408,,40119
40121,Oklahoma,Pittsburg,73.2824427480916,Relatively Low,63.366336633663366,44.096787651230706,Very Low,28919.53113881161,,40121
40123,Oklahoma,Pontotoc,62.913486005089055,Relatively Low,62.31435643564357,27.11722987067167,Very Low,10592.075769540152,,40123
40125,Oklahoma,Pottawatomie,82.31552162849873,Relatively Moderate,77.72277227722772,37.6720901126408,Very Low,19277.591392940885,,40125
40127,Oklahoma,Pushmataha,32.79262086513995,Very Low,19.028465346534652,31.748018356278685,Very Low,9795.091719661636,,40127
40129,Oklahoma,Roger Mills,23.18702290076336,Very Low,12.34529702970297,17.9808093450146,Very Low,2968.1045755858386,,40129
40131,Oklahoma,Rogers,80.05725190839695,Relatively Low,81.15717821782178,24.6558197747184,Very Low,9121.40626585182,,40131
40133,Oklahoma,Seminole,57.12468193384224,Relatively Low,46.410891089108915,33.87567793074677,Very Low,13257.84953698121,,40133
40135,Oklahoma,Sequoyah,79.1030534351145,Relatively Low,65.87252475247524,41.46850229453484,Very Low,19281.700867978794,,40135
40137,Oklahoma,Stephens,65.93511450381679,Relatively Low,64.48019801980197,30.663329161451813,Very Low,13294.102809050824,,40137
40139,Oklahoma,Texas,56.64758269720102,Relatively Low,59.375,,Not Applicable,,,40139
40141,Oklahoma,Tillman,13.42239185750636,Very Low,10.457920792079207,35.127242386316226,Very Low,16587.083663832866,,40141
40143,Oklahoma,Tulsa,97.90076335877863,Relatively High,97.49381188118812,46.349603671255736,Very Low,46908.311979040394,,40143
40145,Oklahoma,Wagoner,73.25063613231552,Relatively Low,76.20668316831683,21.777221526908637,Very Low,7547.241635404663,,40145
40147,Oklahoma,Washington,76.11323155216286,Relatively Low,73.94801980198021,28.785982478097623,Very Low,11556.1122090131,,40147
40149,Oklahoma,Washita,31.93384223918575,Very Low,21.349009900990097,25.15644555694618,Very Low,6216.979061496627,,40149
40151,Oklahoma,Woods,28.085241730279897,Very Low,41.274752475247524,19.148936170212767,Very Low,6916.708680857989,,40151
40153,Oklahoma,Woodward,41.63486005089059,Very Low,44.523514851485146,20.77596996245307,Very Low,6259.803604659897,,40153
41001,Oregon,Baker,48.155216284987276,Relatively Low,42.75990099009901,,Not Applicable,,,41001
41003,Oregon,Benton,84.35114503816794,Relatively Moderate,86.88118811881188,,Not Applicable,,0.0,41003
41005,Oregon,Clackamas,94.8791348600509,Relatively High,96.3490099009901,,Not Applicable,,18.8,41005
41007,Oregon,Clatsop,95.06997455470739,Relatively High,93.96658415841584,,Not Applicable,,96.39999999999999,41007
41009,Oregon,Columbia,70.67430025445293,Relatively Low,75.77351485148515,,Not Applicable,,50.4,41009
41011,Oregon,Coos,91.88931297709924,Relatively Moderate,89.72772277227723,,Not Applicable,,87.4,41011
41013,Oregon,Crook,33.587786259541986,Very Low,33.94183168316832,,Not Applicable,,,41013
41015,Oregon,Curry,86.54580152671755,Relatively Moderate,81.49752475247524,,Not Applicable,,48.4,41015
41017,Oregon,Deschutes,84.92366412213741,Relatively Moderate,87.19059405940595,,Not Applicable,,,41017
41019,Oregon,Douglas,92.93893129770993,Relatively Moderate,90.31559405940595,,Not Applicable,,62.8,41019
41021,Oregon,Gilliam,2.735368956743003,Very Low,1.887376237623762,,Not Applicable,,,41021
41023,Oregon,Grant,32.12468193384224,Very Low,23.948019801980198,,Not Applicable,,,41023
41025,Oregon,Harney,23.66412213740458,Very Low,19.771039603960396,,Not Applicable,,,41025
41027,Oregon,Hood River,32.06106870229007,Very Low,50.27846534653465,,Not Applicable,,,41027
41029,Oregon,Jackson,92.52544529262087,Relatively Moderate,92.57425742574257,,Not Applicable,,,41029
41031,Oregon,Jefferson,29.866412213740457,Very Low,36.386138613861384,,Not Applicable,,,41031
41033,Oregon,Josephine,90.235368956743,Relatively Moderate,87.84034653465346,,Not Applicable,,,41033
41035,Oregon,Klamath,77.92620865139949,Relatively Low,74.81435643564357,,Not Applicable,,,41035
41037,Oregon,Lake,19.083969465648856,Very Low,17.419554455445542,,Not Applicable,,,41037
41039,Oregon,Lane,96.4058524173028,Relatively High,96.44183168316832,,Not Applicable,,55.2,41039
41041,Oregon,Lincoln,89.94910941475827,Relatively Moderate,86.01485148514851,,Not Applicable,,71.8,41041
41043,Oregon,Linn,88.10432569974554,Relatively Moderate,87.9641089108911,,Not Applicable,,,41043
41045,Oregon,Malheur,34.764631043257,Very Low,36.726485148514854,,Not Applicable,,,41045
41047,Oregon,Marion,95.51526717557252,Relatively High,94.92574257425743,,Not Applicable,,,41047
41049,Oregon,Morrow,26.3676844783715,Very Low,32.363861386138616,,Not Applicable,,,41049
41051,Oregon,Multnomah,98.47328244274809,Relatively High,98.88613861386139,,Not Applicable,,43.4,41051
41053,Oregon,Polk,72.83715012722645,Relatively Low,78.5891089108911,,Not Applicable,,0.0,41053
41055,Oregon,Sherman,2.894402035623409,Very Low,3.650990099009901,,Not Applicable,,,41055
41057,Oregon,Tillamook,81.3295165394402,Relatively Moderate,79.26980198019803,,Not Applicable,,66.8,41057
41059,Oregon,Umatilla,82.28371501272265,Relatively Moderate,79.73391089108911,,Not Applicable,,,41059
41061,Oregon,Union,43.54325699745547,Relatively Low,43.59529702970298,,Not Applicable,,,41061
41063,Oregon,Wallowa,33.969465648854964,Very Low,25.866336633663366,,Not Applicable,,,41063
41065,Oregon,Wasco,67.8117048346056,Relatively Low,71.4108910891089,,Not Applicable,,,41065
41067,Oregon,Washington,96.02417302798982,Relatively High,97.15346534653465,,Not Applicable,,0.0,41067
41069,Oregon,Wheeler,7.15648854961832,Very Low,4.42450495049505,,Not Applicable,,,41069
41071,Oregon,Yamhill,82.85623409669212,Relatively Moderate,85.33415841584159,,Not Applicable,,0.0,41071
42001,Pennsylvania,Adams,67.52544529262087,Relatively Low,69.98762376237624,84.06341259908218,Relatively Moderate,3412387.2312068706,,42001
42003,Pennsylvania,Allegheny,98.09160305343512,Relatively High,98.23638613861387,75.88652482269504,Relatively Low,1198104.9890208358,,42003
42005,Pennsylvania,Armstrong,69.3384223918575,Relatively Low,70.63737623762376,52.23195661243221,Very Low,87906.22495157742,,42005
42007,Pennsylvania,Beaver,75.31806615776081,Relatively Low,76.98019801980197,54.109303295786404,Very Low,114796.63056551639,,42007
42009,Pennsylvania,Bedford,68.22519083969466,Relatively Low,66.52227722772277,77.80559032123487,Relatively Low,1264435.162676351,,42009
42011,Pennsylvania,Berks,92.71628498727735,Relatively Moderate,92.26485148514851,92.53233208176887,Relatively Moderate,11944669.225892348,,42011
42013,Pennsylvania,Blair,77.67175572519083,Relatively Low,75.80445544554455,78.80684188569045,Relatively Low,1430168.6245327187,,42013
42015,Pennsylvania,Bradford,73.1234096692112,Relatively Low,74.41212871287128,69.42010846891948,Relatively Low,561045.0223342248,,42015
42017,Pennsylvania,Bucks,94.78371501272265,Relatively High,95.73019801980197,88.40216937838964,Relatively Moderate,6958916.279363046,65.0,42017
42019,Pennsylvania,Butler,79.26208651399492,Relatively Low,82.95173267326733,57.029620358781806,Very Low,175379.71492507687,,42019
42021,Pennsylvania,Cambria,76.43129770992367,Relatively Low,73.70049504950495,76.22027534418022,Relatively Low,1028930.6131616313,,42021
42023,Pennsylvania,Cameron,12.627226463104327,Very Low,9.498762376237623,55.06883604505632,Very Low,93859.70845332016,,42023
42025,Pennsylvania,Carbon,59.4147582697201,Relatively Low,62.902227722772274,73.13308302044223,Relatively Low,807036.114469605,,42025
42027,Pennsylvania,Centre,67.970737913486,Relatively Low,67.51237623762376,77.47183979974969,Relatively Low,1284951.8550583683,,42027
42029,Pennsylvania,Chester,91.85750636132316,Relatively Moderate,94.98762376237624,88.73591989987484,Relatively Moderate,9611403.69005718,0.0,42029
42031,Pennsylvania,Clarion,30.025445292620866,Very Low,29.486386138613863,63.41259908218606,Relatively Low,265646.21021632454,,42031
42033,Pennsylvania,Clearfield,67.1119592875318,Relatively Low,63.98514851485149,71.04714226115978,Relatively Low,556681.2167371442,,42033
42035,Pennsylvania,Clinton,51.781170483460556,Relatively Low,47.679455445544555,66.79182311222361,Relatively Low,354554.1219276408,,42035
42037,Pennsylvania,Columbia,62.054707379134854,Relatively Low,66.70792079207921,70.3796412181894,Relatively Low,665029.6191010694,,42037
42039,Pennsylvania,Crawford,76.0178117048346,Relatively Low,69.46163366336634,67.08385481852316,Relatively Low,333973.86319318885,,42039
42041,Pennsylvania,Cumberland,86.19592875318067,Relatively Moderate,87.62376237623762,87.44263662911973,Relatively Moderate,5985642.890582156,,42041
42043,Pennsylvania,Dauphin,91.06234096692111,Relatively Moderate,90.6868811881188,89.19482686691697,Relatively Moderate,6928176.219469064,,42043
42045,Pennsylvania,Delaware,92.90712468193384,Relatively Moderate,93.37871287128714,88.11013767209012,Relatively Moderate,5855052.519957642,63.6,42045
42047,Pennsylvania,Elk,45.19720101781171,Relatively Low,51.57797029702971,63.7046307884856,Relatively Low,333176.5949305113,,42047
42049,Pennsylvania,Erie,84.0966921119593,Relatively Moderate,82.85891089108911,71.08886107634544,Relatively Low,597609.6817820924,36.4,42049
42051,Pennsylvania,Fayette,82.22010178117048,Relatively Moderate,77.97029702970298,60.116812682519814,Relatively Low,166819.066261616,,42051
42053,Pennsylvania,Forest,19.91094147582697,Very Low,13.025990099009901,52.065081351689614,Very Low,61133.51980568275,,42053
42055,Pennsylvania,Franklin,76.39949109414759,Relatively Low,78.40346534653465,85.56528994576554,Relatively Moderate,4390863.617272841,,42055
42057,Pennsylvania,Fulton,7.760814249363868,Very Low,8.849009900990099,71.21401752190238,Relatively Low,672559.927805506,,42057
42059,Pennsylvania,Greene,55.1208651399491,Relatively Low,54.98143564356436,63.32916145181476,Relatively Low,273800.0922484787,,42059
42061,Pennsylvania,Huntingdon,50.25445292620865,Relatively Low,51.79455445544554,71.17229870671673,Relatively Low,640397.0106279161,,42061
42063,Pennsylvania,Indiana,63.70865139949109,Relatively Low,58.19925742574258,70.79682937004588,Relatively Low,511171.90490427386,,42063
42065,Pennsylvania,Jefferson,57.88804071246819,Relatively Low,48.20544554455445,69.75385899040467,Relatively Low,404097.2745170039,,42065
42067,Pennsylvania,Juniata,38.80407124681934,Very Low,29.888613861386137,76.72090112640801,Relatively Low,913532.5290642317,,42067
42069,Pennsylvania,Lackawanna,89.91730279898219,Relatively Moderate,88.08787128712872,82.0191906549854,Relatively Moderate,2190400.583717149,,42069
42071,Pennsylvania,Lancaster,95.0381679389313,Relatively High,94.89480198019803,95.49436795994993,Relatively High,23552386.027366318,,42071
42073,Pennsylvania,Lawrence,66.12595419847328,Relatively Low,67.14108910891089,47.309136420525654,Very Low,55828.71771506252,,42073
42075,Pennsylvania,Lebanon,79.89821882951654,Relatively Low,81.25,86.816854401335,Relatively Moderate,4934538.743217868,,42075
42077,Pennsylvania,Lehigh,93.89312977099237,Relatively Moderate,92.88366336633663,90.19607843137256,Relatively Moderate,6880685.944809196,,42077
42079,Pennsylvania,Luzerne,91.63486005089058,Relatively Moderate,89.54207920792079,83.10387984981227,Relatively Moderate,2503856.681626038,,42079
42081,Pennsylvania,Lycoming,79.58015267175573,Relatively Low,80.22896039603961,75.05214851898207,Relatively Low,985863.6714351472,,42081
42083,Pennsylvania,McKean,53.78498727735369,Relatively Low,50.71163366336634,61.74384647476012,Relatively Low,209956.35946412082,,42083
42085,Pennsylvania,Mercer,77.735368956743,Relatively Low,76.02103960396039,64.78931998331248,Relatively Low,306468.7556633237,,42085
42087,Pennsylvania,Mifflin,69.27480916030534,Relatively Low,57.363861386138616,77.34668335419273,Relatively Low,891299.0109865668,,42087
42089,Pennsylvania,Monroe,85.08269720101781,Relatively Moderate,85.55074257425743,82.43637880684189,Relatively Moderate,2778562.6082923114,,42089
42091,Pennsylvania,Montgomery,96.81933842239185,Relatively High,97.58663366336634,89.86232790988737,Relatively Moderate,8942212.145102335,0.0,42091
42093,Pennsylvania,Montour,14.662849872773537,Very Low,14.727722772277227,61.201501877346686,Relatively Low,214801.45344774012,,42093
42095,Pennsylvania,Northampton,90.01272264631042,Relatively Moderate,89.94430693069307,87.0671672924489,Relatively Moderate,5254088.102088861,,42095
42097,Pennsylvania,Northumberland,79.16666666666666,Relatively Low,78.125,79.80809345014602,Relatively Low,1739811.05539361,,42097
42099,Pennsylvania,Perry,53.11704834605598,Relatively Low,57.116336633663366,76.13683771380893,Relatively Low,1203178.18590042,,42099
42101,Pennsylvania,Philadelphia,99.58651399491094,Very High,99.38118811881188,94.28452231956612,Relatively High,12020719.104495889,85.39999999999999,42101
42103,Pennsylvania,Pike,65.87150127226464,Relatively Low,66.92450495049505,76.67918231122236,Relatively Low,1213814.2578349207,,42103
42105,Pennsylvania,Potter,28.148854961832058,Very Low,25.216584158415838,58.156028368794324,Very Low,135927.57642489686,,42105
42107,Pennsylvania,Schuylkill,85.30534351145039,Relatively Moderate,83.29207920792079,82.60325406758447,Relatively Moderate,2455251.3225008207,,42107
42109,Pennsylvania,Snyder,54.293893129770986,Relatively Low,50.37128712871287,77.26324572382144,Relatively Low,1105155.1508216022,,42109
42111,Pennsylvania,Somerset,64.2175572519084,Relatively Low,63.30445544554455,73.17480183562786,Relatively Low,721065.9780050674,,42111
42113,Pennsylvania,Sullivan,10.71882951653944,Very Low,8.756188118811881,58.94868585732165,Relatively Low,151091.7667114194,,42113
42115,Pennsylvania,Susquehanna,53.594147582697204,Relatively Low,56.652227722772274,75.3441802252816,Relatively Low,1058914.6634878814,,42115
42117,Pennsylvania,Tioga,59.764631043257,Relatively Low,57.79702970297029,71.8397997496871,Relatively Low,620228.6116065201,,42117
42119,Pennsylvania,Union,55.24809160305344,Relatively Low,49.350247524752476,74.34292866082603,Relatively Low,705718.0190003577,,42119
42121,Pennsylvania,Venango,55.597964376590326,Relatively Low,52.53712871287129,55.235711305798915,Very Low,106076.75560593154,,42121
42123,Pennsylvania,Warren,65.55343511450383,Relatively Low,65.37747524752476,57.15477680433876,Very Low,139267.91984572887,,42123
42125,Pennsylvania,Washington,83.07888040712467,Relatively Moderate,85.73638613861387,59.86649979140593,Relatively Low,235919.8713626851,,42125
42127,Pennsylvania,Wayne,56.329516539440206,Relatively Low,55.44554455445545,75.96996245306633,Relatively Low,1037628.9231914278,,42127
42129,Pennsylvania,Westmoreland,87.8498727735369,Relatively Moderate,88.49009900990099,69.002920317063,Relatively Low,579675.501569162,,42129
42131,Pennsylvania,Wyoming,44.783715012722645,Relatively Low,46.96782178217821,60.70087609511889,Relatively Low,213788.14484089118,,42131
42133,Pennsylvania,York,90.42620865139949,Relatively Moderate,91.21287128712872,92.36545682102629,Relatively Moderate,15269901.786043439,,42133
44001,Rhode Island,Bristol,19.40203562340967,Very Low,32.39480198019802,74.17605340008345,Relatively Low,1146590.5139647296,65.8,44001
44003,Rhode Island,Kent,69.43384223918575,Relatively Low,74.5358910891089,82.39465999165624,Relatively Moderate,3073399.1090272944,59.599999999999994,44003
44005,Rhode Island,Newport,36.418575063613225,Very Low,47.77227722772277,80.22528160200251,Relatively Low,2382338.2684584134,61.4,44005
44007,Rhode Island,Providence,93.6704834605598,Relatively Moderate,93.03836633663366,91.6979557780559,Relatively Moderate,9477685.268683149,56.39999999999999,44007
44009,Rhode Island,Washington,64.02671755725191,Relatively Low,73.88613861386139,82.22778473091364,Relatively Moderate,3481947.1109015136,76.2,44009
45001,South Carolina,Abbeville,45.35623409669211,Relatively Low,36.16955445544555,64.28869420108468,Relatively Low,233126.16946773836,,45001
45003,South Carolina,Aiken,84.22391857506362,Relatively Moderate,82.82797029702971,90.11264080100125,Relatively Moderate,6926611.009415957,,45003
45005,South Carolina,Allendale,35.46437659033079,Very Low,22.58663366336634,87.52607425949103,Relatively Moderate,3312808.765146323,,45005
45007,South Carolina,Anderson,87.18193384223919,Relatively Moderate,87.37623762376238,77.97246558197747,Relatively Low,1483574.5030436378,,45007
45009,South Carolina,Bamberg,46.469465648854964,Relatively Low,32.116336633663366,89.06967042136003,Relatively Moderate,4155439.034896968,,45009
45011,South Carolina,Barnwell,45.83333333333333,Relatively Low,28.032178217821784,85.31497705465165,Relatively Moderate,2263601.9914457565,,45011
45013,South Carolina,Beaufort,97.10559796437659,Relatively High,96.75123762376238,99.45765540258657,Very High,200604699.38980067,94.19999999999999,45013
45015,South Carolina,Berkeley,94.81552162849873,Relatively High,96.13242574257426,98.33124739257406,Very High,116404510.29401214,78.60000000000001,45015
45017,South Carolina,Calhoun,22.646310432569976,Very Low,17.75990099009901,81.01793909052984,Relatively Low,1690676.7388888022,,45017
45019,South Carolina,Charleston,98.6323155216285,Relatively High,99.00990099009901,99.62453066332915,Very High,281333148.3727052,99.8,45019
45021,South Carolina,Cherokee,69.6882951653944,Relatively Low,65.74876237623762,71.00542344597413,Relatively Low,537271.9624924002,,45021
45023,South Carolina,Chester,43.161577608142494,Relatively Low,38.42821782178218,63.8715060492282,Relatively Low,248671.99969069462,,45023
45025,South Carolina,Chesterfield,73.9821882951654,Relatively Low,64.41831683168317,91.03045473508551,Relatively Moderate,6243906.527124279,,45025
45027,South Carolina,Clarendon,76.49491094147582,Relatively Low,65.6559405940594,94.20108468919483,Relatively High,11253302.9387577,0.0,45027
45029,South Carolina,Colleton,85.46437659033079,Relatively Moderate,78.43440594059405,96.37046307884856,Relatively High,20143320.30817524,78.2,45029
45031,South Carolina,Darlington,72.264631043257,Relatively Low,64.17079207920791,87.85982478097623,Relatively Moderate,3935305.9212608794,,45031
45033,South Carolina,Dillon,84.31933842239185,Relatively Moderate,76.67079207920791,96.32874426366291,Relatively High,20117333.583027557,0.0,45033
45035,South Carolina,Dorchester,93.70229007633588,Relatively Moderate,95.14232673267327,97.87234042553192,Relatively High,84454199.87678213,59.199999999999996,45035
45037,South Carolina,Edgefield,21.978371501272264,Very Low,20.668316831683168,69.83729662077597,Relatively Low,503669.3144567088,,45037
45039,South Carolina,Fairfield,40.80788804071247,Very Low,28.681930693069308,75.30246141009596,Relatively Low,683828.038212993,,45039
45041,South Carolina,Florence,89.56743002544529,Relatively Moderate,87.06683168316832,95.99499374217773,Relatively High,22784930.074430794,0.0,45041
45043,South Carolina,Georgetown,92.49363867684478,Relatively Moderate,89.88242574257426,98.28952857738841,Very High,63561453.33076371,86.4,45043
45045,South Carolina,Greenville,93.95674300254453,Relatively Moderate,94.86386138613861,83.02044221944097,Relatively Moderate,3489849.8285111133,,45045
45047,South Carolina,Greenwood,72.74173027989822,Relatively Low,70.11138613861387,75.59449311639548,Relatively Low,924248.5219962989,,45047
45049,South Carolina,Hampton,64.79007633587787,Relatively Low,50.866336633663366,92.99123904881101,Relatively Moderate,8306222.917733455,24.2,45049
45051,South Carolina,Horry,98.18702290076335,Relatively High,97.46287128712872,99.58281184814352,Very High,200471151.76299703,87.6,45051
45053,South Carolina,Jasper,78.5941475826972,Relatively Low,71.3180693069307,96.20358781810596,Relatively High,21531992.478818394,59.0,45053
45055,South Carolina,Kershaw,66.66666666666666,Relatively Low,65.84158415841584,86.06591572799333,Relatively Moderate,3905740.477811071,,45055
45057,South Carolina,Lancaster,79.42111959287533,Relatively Low,79.88861386138613,74.96871088861077,Relatively Low,947993.739099602,,45057
45059,South Carolina,Laurens,76.20865139949109,Relatively Low,69.89480198019803,76.76261994159366,Relatively Low,954113.523241199,,45059
45061,South Carolina,Lee,35.973282442748086,Very Low,24.752475247524753,85.23153942428036,Relatively Moderate,2600381.2676309245,,45061
45063,South Carolina,Lexington,90.9033078880407,Relatively Moderate,91.39851485148515,92.07342511472673,Relatively Moderate,13001271.27257285,,45063
45065,South Carolina,McCormick,9.541984732824428,Very Low,4.300742574257425,62.3279098873592,Relatively Low,158349.82019945077,,45065
45067,South Carolina,Marion,80.69338422391857,Relatively Low,69.95668316831683,94.78514810179391,Relatively High,12530623.336900765,17.2,45067
45069,South Carolina,Marlboro,57.474554707379134,Relatively Low,40.19183168316832,88.23529411764706,Relatively Moderate,3246708.958548038,,45069
45071,South Carolina,Newberry,61.99109414758269,Relatively Low,55.53836633663366,80.18356278681685,Relatively Low,1515643.831899125,,45071
45073,South Carolina,Oconee,85.6234096692112,Relatively Moderate,81.96163366336634,72.75761368377138,Relatively Low,601343.1387606906,,45073
45075,South Carolina,Orangeburg,87.72264631043257,Relatively Moderate,81.7450495049505,95.32749269920734,Relatively High,14846851.38429271,,45075
45077,South Carolina,Pickens,77.60814249363868,Relatively Low,77.93935643564357,70.67167292448895,Relatively Low,615342.8104130331,,45077
45079,South Carolina,Richland,93.09796437659033,Relatively Moderate,93.59529702970298,94.36795994993741,Relatively High,18792668.524300456,,45079
45081,South Carolina,Saluda,40.13994910941476,Very Low,27.19678217821782,75.67793074676679,Relatively Low,725560.8516525646,,45081
45083,South Carolina,Spartanburg,90.64885496183206,Relatively Moderate,89.66584158415841,81.22653316645807,Relatively Low,2208834.6239912324,,45083
45085,South Carolina,Sumter,81.74300254452926,Relatively Moderate,80.07425742574257,91.90654985398415,Relatively Moderate,9824378.32072398,,45085
45087,South Carolina,Union,58.206106870229014,Relatively Low,43.90470297029702,71.13057989153107,Relatively Low,414930.6733364723,,45087
45089,South Carolina,Williamsburg,82.06106870229007,Relatively Moderate,72.64851485148515,95.16061743846474,Relatively High,14890582.545759594,23.0,45089
45091,South Carolina,York,88.67684478371501,Relatively Moderate,90.625,75.51105548602419,Relatively Low,1385573.657663273,,45091
46003,South Dakota,Aurora,19.59287531806616,Very Low,27.011138613861384,,Not Applicable,,,46003
46005,South Dakota,Beadle,47.13740458015267,Relatively Low,53.774752475247524,,Not Applicable,,,46005
46007,South Dakota,Bennett,5.916030534351145,Very Low,1.856435643564356,,Not Applicable,,,46007
46009,South Dakota,Bon Homme,10.846055979643767,Very Low,23.081683168316832,,Not Applicable,,,46009
46011,South Dakota,Brookings,50.06361323155216,Relatively Low,66.05816831683168,,Not Applicable,,,46011
46013,South Dakota,Brown,73.53689567430025,Relatively Low,77.6299504950495,,Not Applicable,,,46013
46015,South Dakota,Brule,58.71501272264631,Relatively Low,58.972772277227726,,Not Applicable,,,46015
46017,South Dakota,Buffalo,13.740458015267176,Very Low,9.746287128712872,,Not Applicable,,,46017
46019,South Dakota,Butte,23.25063613231552,Very Low,26.91831683168317,,Not Applicable,,,46019
46021,South Dakota,Campbell,4.389312977099237,Very Low,10.14851485148515,,Not Applicable,,,46021
46023,South Dakota,Charles Mix,48.536895674300254,Relatively Low,45.88490099009901,,Not Applicable,,,46023
46025,South Dakota,Clark,4.548346055979644,Very Low,9.68440594059406,,Not Applicable,,,46025
46027,South Dakota,Clay,20.451653944020357,Very Low,40.96534653465346,,Not Applicable,,,46027
46029,South Dakota,Codington,61.768447837150134,Relatively Low,67.57425742574257,,Not Applicable,,,46029
46031,South Dakota,Corson,38.104325699745544,Very Low,22.679455445544555,,Not Applicable,,,46031
46033,South Dakota,Custer,16.348600508905854,Very Low,29.73391089108911,,Not Applicable,,,46033
46035,South Dakota,Davison,39.24936386768448,Very Low,46.008663366336634,,Not Applicable,,,46035
46037,South Dakota,Day,27.639949109414758,Very Low,22.957920792079207,,Not Applicable,,,46037
46039,South Dakota,Deuel,6.870229007633588,Very Low,15.006188118811881,,Not Applicable,,,46039
46041,South Dakota,Dewey,78.72137404580153,Relatively Low,63.5519801980198,,Not Applicable,,,46041
46043,South Dakota,Douglas,10.400763358778626,Very Low,17.326732673267326,,Not Applicable,,,46043
46045,South Dakota,Edmunds,6.965648854961833,Very Low,14.139851485148514,,Not Applicable,,,46045
46047,South Dakota,Fall River,30.916030534351147,Very Low,20.73019801980198,,Not Applicable,,,46047
46049,South Dakota,Faulk,7.951653944020356,Very Low,4.11509900990099,,Not Applicable,,,46049
46051,South Dakota,Grant,18.893129770992367,Very Low,37.87128712871287,,Not Applicable,,,46051
46053,South Dakota,Gregory,16.157760814249365,Very Low,24.102722772277225,,Not Applicable,,,46053
46055,South Dakota,Haakon,9.732824427480915,Very Low,10.055693069306932,,Not Applicable,,,46055
46057,South Dakota,Hamlin,9.987277353689567,Very Low,21.998762376237625,,Not Applicable,,,46057
46059,South Dakota,Hand,6.456743002544529,Very Low,10.612623762376238,,Not Applicable,,,46059
46061,South Dakota,Hanson,14.821882951653945,Very Low,9.83910891089109,,Not Applicable,,,46061
46063,South Dakota,Harding,1.494910941475827,Very Low,2.753712871287129,,Not Applicable,,,46063
46065,South Dakota,Hughes,16.475826972010175,Very Low,34.96287128712871,,Not Applicable,,,46065
46067,South Dakota,Hutchinson,47.93256997455471,Relatively Low,58.261138613861384,,Not Applicable,,,46067
46069,South Dakota,Hyde,6.488549618320611,Very Low,3.867574257425742,,Not Applicable,,,46069
46071,South Dakota,Jackson,10.178117048346055,Very Low,3.712871287128713,,Not Applicable,,,46071
46073,South Dakota,Jerauld,9.510178117048346,Very Low,9.870049504950495,,Not Applicable,,,46073
46075,South Dakota,Jones,1.33587786259542,Very Low,2.28960396039604,,Not Applicable,,,46075
46077,South Dakota,Kingsbury,7.856234096692112,Very Low,20.3279702970297,,Not Applicable,,,46077
46079,South Dakota,Lake,32.63358778625955,Very Low,41.24381188118812,,Not Applicable,,,46079
46081,South Dakota,Lawrence,49.26844783715013,Relatively Low,53.24876237623762,,Not Applicable,,,46081
46083,South Dakota,Lincoln,62.97709923664122,Relatively Low,80.60024752475248,,Not Applicable,,,46083
46085,South Dakota,Lyman,26.463104325699742,Very Low,16.955445544554458,,Not Applicable,,,46085
46087,South Dakota,McCook,43.44783715012723,Relatively Low,62.5309405940594,,Not Applicable,,,46087
46089,South Dakota,McPherson,11.132315521628499,Very Low,7.116336633663366,,Not Applicable,,,46089
46091,South Dakota,Marshall,14.472010178117047,Very Low,17.450495049504948,,Not Applicable,,,46091
46093,South Dakota,Meade,49.459287531806616,Relatively Low,63.056930693069305,,Not Applicable,,,46093
46095,South Dakota,Mellette,5.152671755725191,Very Low,1.763613861386139,,Not Applicable,,,46095
46097,South Dakota,Miner,3.435114503816794,Very Low,11.695544554455447,,Not Applicable,,,46097
46099,South Dakota,Minnehaha,89.53562340966921,Relatively Moderate,90.93440594059405,,Not Applicable,,,46099
46101,South Dakota,Moody,26.94020356234097,Very Low,29.981435643564357,,Not Applicable,,,46101
46102,South Dakota,Oglala Lakota,49.840966921119595,Relatively Low,28.898514851485146,,Not Applicable,,,46102
46103,South Dakota,Pennington,78.56234096692111,Relatively Low,80.13613861386139,,Not Applicable,,,46103
46105,South Dakota,Perkins,2.608142493638677,Very Low,5.476485148514851,,Not Applicable,,,46105
46107,South Dakota,Potter,10.01908396946565,Very Low,14.294554455445544,,Not Applicable,,,46107
46109,South Dakota,Roberts,37.786259541984734,Very Low,29.238861386138616,,Not Applicable,,,46109
46111,South Dakota,Sanborn,3.562340966921119,Very Low,7.54950495049505,,Not Applicable,,,46111
46115,South Dakota,Spink,17.65267175572519,Very Low,33.78712871287129,,Not Applicable,,,46115
46117,South Dakota,Stanley,5.057251908396947,Very Low,9.993811881188119,,Not Applicable,,,46117
46119,South Dakota,Sully,6.329516539440204,Very Low,13.79950495049505,,Not Applicable,,,46119
46121,South Dakota,Todd,36.60941475826972,Very Low,18.471534653465348,,Not Applicable,,,46121
46123,South Dakota,Tripp,36.45038167938932,Very Low,27.50618811881188,,Not Applicable,,,46123
46125,South Dakota,Turner,23.982188295165393,Very Low,37.4690594059406,,Not Applicable,,,46125
46127,South Dakota,Union,37.11832061068702,Very Low,53.74381188118812,,Not Applicable,,,46127
46129,South Dakota,Walworth,39.50381679389313,Very Low,35.89108910891089,,Not Applicable,,,46129
46135,South Dakota,Yankton,63.358778625954194,Relatively Low,59.18935643564357,,Not Applicable,,,46135
46137,South Dakota,Ziebach,25.190839694656486,Very Low,10.952970297029703,,Not Applicable,,,46137
47001,Tennessee,Anderson,73.18702290076335,Relatively Low,71.99876237623762,48.64413850646642,Very Low,58981.70054048527,,47001
47003,Tennessee,Bedford,69.24300254452926,Relatively Low,68.2240099009901,55.02711722987067,Very Low,110486.01476190145,,47003
47005,Tennessee,Benton,39.05852417302799,Very Low,33.818069306930695,40.46725073007927,Very Low,24150.058904236725,,47005
47007,Tennessee,Bledsoe,24.141221374045802,Very Low,17.29579207920792,35.294117647058826,Very Low,15643.779576087903,,47007
47009,Tennessee,Blount,74.17302798982189,Relatively Low,77.5990099009901,55.56946182728411,Very Low,142515.3768308575,,47009
47011,Tennessee,Bradley,73.40966921119593,Relatively Low,77.19678217821783,55.778055903212355,Very Low,144285.62593465456,,47011
47013,Tennessee,Campbell,58.01526717557252,Relatively Low,47.24628712871287,43.30413016270338,Very Low,27384.953231510273,,47013
47015,Tennessee,Cannon,22.900763358778626,Very Low,22.834158415841586,27.200667501042968,Very Low,10343.78928627412,,47015
47017,Tennessee,Carroll,72.80534351145039,Relatively Low,67.38861386138613,52.3988318731748,Very Low,70951.34211100216,,47017
47019,Tennessee,Carter,63.167938931297705,Relatively Low,52.722772277227726,51.981643721318314,Very Low,60749.841901548396,,47019
47021,Tennessee,Cheatham,46.278625954198475,Relatively Low,55.507425742574256,17.521902377972467,Very Low,5683.983394191783,,47021
47023,Tennessee,Chester,44.49745547073791,Relatively Low,44.74009900990099,47.64288694201085,Very Low,54280.58904409008,,47023
47025,Tennessee,Claiborne,42.8117048346056,Relatively Low,35.9220297029703,43.42928660826033,Very Low,30415.671185531457,,47025
47027,Tennessee,Clay,13.295165394402037,Very Low,9.962871287128714,35.41927409261577,Very Low,16644.445279237785,,47027
47029,Tennessee,Cocke,54.51653944020356,Relatively Low,41.55321782178218,36.2119315811431,Very Low,15176.844644029936,,47029
47031,Tennessee,Coffee,63.51781170483461,Relatively Low,65.19183168316832,51.89820609094702,Very Low,84902.78635146137,,47031
47033,Tennessee,Crockett,52.57633587786259,Relatively Low,43.87376237623762,47.14226115978306,Very Low,40903.096421433984,,47033
47035,Tennessee,Cumberland,67.23918575063614,Relatively Low,57.58044554455446,51.43929912390488,Very Low,58420.42492775022,,47035
47037,Tennessee,Davidson,97.16921119592875,Relatively High,96.96782178217822,53.650396328744264,Very Low,106807.5925300305,,47037
47039,Tennessee,Decatur,38.42239185750636,Very Low,28.001237623762375,47.017104714226114,Very Low,38953.29217567977,,47039
47041,Tennessee,DeKalb,25.47709923664122,Very Low,24.504950495049506,47.72632457238215,Very Low,53112.13029887589,,47041
47043,Tennessee,Dickson,53.46692111959288,Relatively Low,58.47772277227723,22.82019190654985,Very Low,8135.3791441626045,,47043
47045,Tennessee,Dyer,86.57760814249363,Relatively Moderate,82.73514851485149,51.56445556946183,Very Low,64557.83906184853,,47045
47047,Tennessee,Fayette,75.95419847328245,Relatively Low,72.24628712871286,50.187734668335416,Very Low,61939.55635795149,,47047
47049,Tennessee,Fentress,28.435114503816795,Very Low,18.378712871287128,46.39132248644138,Very Low,34260.83993350831,,47049
47051,Tennessee,Franklin,57.50636132315522,Relatively Low,59.59158415841584,47.476011681268254,Very Low,58636.221658869224,,47051
47053,Tennessee,Gibson,85.94147582697201,Relatively Moderate,83.19925742574257,54.31789737171464,Very Low,93874.86387783493,,47053
47055,Tennessee,Giles,60.94147582697202,Relatively Low,56.00247524752475,56.73758865248227,Very Low,115351.17917355051,,47055
47057,Tennessee,Grainger,18.606870229007633,Very Low,13.830445544554456,24.94785148101794,Very Low,6878.556720648105,,47057
47059,Tennessee,Greene,56.297709923664115,Relatively Low,47.741336633663366,48.51898206090947,Very Low,46398.383247674945,,47059
47061,Tennessee,Grundy,34.25572519083969,Very Low,19.05940594059406,45.26491447642887,Very Low,27356.49220995623,,47061
47063,Tennessee,Hamblen,47.105597964376585,Relatively Low,42.38861386138614,39.92490613266583,Very Low,23259.80763861118,,47063
47065,Tennessee,Hamilton,93.28880407124683,Relatively Moderate,93.6881188118812,62.53650396328744,Relatively Low,275950.32383973483,,47065
47067,Tennessee,Hancock,11.927480916030534,Very Low,5.167079207920792,26.032540675844807,Very Low,5903.594529065986,,47067
47069,Tennessee,Hardeman,63.00890585241731,Relatively Low,50.0,58.69837296620776,Relatively Low,116979.63542228496,,47069
47071,Tennessee,Hardin,70.70610687022901,Relatively Low,59.49876237623762,58.86524822695035,Relatively Low,124078.16956238257,,47071
47073,Tennessee,Hawkins,55.75699745547074,Relatively Low,47.339108910891085,38.214434710054235,Very Low,19778.732773232503,,47073
47075,Tennessee,Haywood,64.69465648854961,Relatively Low,52.97029702970298,56.61243220692532,Very Low,94084.80412607982,,47075
47077,Tennessee,Henderson,63.104325699745544,Relatively Low,59.3440594059406,53.10805173133083,Very Low,84544.79142176334,,47077
47079,Tennessee,Henry,84.7328244274809,Relatively Moderate,78.83663366336634,48.85273258239466,Very Low,46872.20443021477,,47079
47081,Tennessee,Hickman,47.16921119592875,Relatively Low,44.64727722772277,29.49520233625365,Very Low,11444.115504137373,,47081
47083,Tennessee,Houston,13.104325699745548,Very Low,13.923267326732674,24.69753858990405,Very Low,8500.53024910227,,47083
47085,Tennessee,Humphreys,48.25063613231552,Relatively Low,44.214108910891085,41.843971631205676,Very Low,28273.064738419875,,47085
47087,Tennessee,Jackson,22.519083969465647,Very Low,11.602722772277229,25.323320817688778,Very Low,5667.153890319623,,47087
47089,Tennessee,Jefferson,44.87913486005089,Relatively Low,43.254950495049506,42.88694201084689,Very Low,33245.9531048075,,47089
47091,Tennessee,Johnson,28.18066157760814,Very Low,16.61509900990099,51.147267417605335,Very Low,51201.18357507304,,47091
47093,Tennessee,Knox,92.1119592875318,Relatively Moderate,93.2240099009901,65.79057154776804,Relatively Low,429879.420872403,,47093
47095,Tennessee,Lake,47.837150127226465,Relatively Low,33.353960396039604,29.11973299958281,Very Low,8368.503582867092,,47095
47097,Tennessee,Lauderdale,71.56488549618321,Relatively Low,61.20049504950495,50.104297037964116,Very Low,49719.8382197693,,47097
47099,Tennessee,Lawrence,69.65648854961832,Relatively Low,63.92326732673267,54.65164789319983,Very Low,92419.00239892806,,47099
47101,Tennessee,Lewis,13.931297709923665,Very Low,14.449257425742573,37.12974551522737,Very Low,22951.120096242572,,47101
47103,Tennessee,Lincoln,58.905852417302796,Relatively Low,53.21782178217822,53.81727158948686,Very Low,85045.33248850754,,47103
47105,Tennessee,Loudon,68.35241730279898,Relatively Low,63.706683168316836,53.149770546516486,Very Low,81966.69842012206,,47105
47107,Tennessee,McMinn,60.24173027989822,Relatively Low,57.023514851485146,50.35460992907801,Very Low,64127.04157050933,,47107
47109,Tennessee,McNairy,50.540712468193384,Relatively Low,49.69059405940594,57.2799332498957,Very Low,135287.5626790872,,47109
47111,Tennessee,Macon,34.57379134860051,Very Low,29.176980198019802,25.53191489361702,Very Low,7544.021684533027,,47111
47113,Tennessee,Madison,92.08015267175573,Relatively Moderate,90.03712871287128,62.20275344180225,Relatively Low,204736.41464838953,,47113
47115,Tennessee,Marion,58.23791348600509,Relatively Low,53.92945544554455,37.71380892782645,Very Low,20681.886690493753,,47115
47117,Tennessee,Marshall,45.41984732824427,Relatively Low,59.808168316831676,44.597413433458485,Very Low,60193.19870675881,,47117
47119,Tennessee,Maury,79.29389312977099,Relatively Low,82.27103960396039,38.38130997079683,Very Low,30425.883124191434,,47119
47121,Tennessee,Meigs,12.72264631043257,Very Low,8.38490099009901,28.201919065498537,Very Low,9050.769166858237,,47121
47123,Tennessee,Monroe,60.909669211195926,Relatively Low,52.629950495049506,60.32540675844806,Relatively Low,156166.54815069228,,47123
47125,Tennessee,Montgomery,87.37277353689568,Relatively Moderate,88.61386138613861,40.88443888193575,Very Low,36226.3408467434,,47125
47127,Tennessee,Moore,9.923664122137405,Very Low,9.251237623762377,32.58239465999166,Very Low,15310.304416933555,,47127
47129,Tennessee,Morgan,19.052162849872772,Very Low,19.52351485148515,33.37505214851898,Very Low,16753.683494881054,,47129
47131,Tennessee,Obion,81.29770992366412,Relatively Moderate,76.57797029702971,48.43554443053817,Very Low,48857.12228472731,,47131
47133,Tennessee,Overton,22.232824427480917,Very Low,23.32920792079208,39.71631205673759,Very Low,26607.174114147325,,47133
47135,Tennessee,Perry,33.396946564885496,Very Low,21.689356435643564,42.17772215269087,Very Low,22858.353406151145,,47135
47137,Tennessee,Pickett,4.611959287531807,Very Low,2.382425742574258,35.586149353358365,Very Low,15853.17477745303,,47137
47139,Tennessee,Polk,31.170483460559794,Very Low,21.10148514851485,46.01585314977055,Very Low,33552.847572862454,,47139
47141,Tennessee,Putnam,65.83969465648855,Relatively Low,66.76980198019803,47.97663746349603,Very Low,59234.041906280894,,47141
47143,Tennessee,Rhea,49.17302798982188,Relatively Low,46.875,46.55819774718398,Very Low,45450.512616432374,,47143
47145,Tennessee,Roane,68.98854961832062,Relatively Low,63.11881188118812,48.56070087609512,Very Low,49539.03905835611,,47145
47147,Tennessee,Robertson,60.43256997455471,Relatively Low,66.39851485148515,32.91614518147685,Very Low,19978.91355051909,,47147
47149,Tennessee,Rutherford,91.73027989821882,Relatively Moderate,93.40965346534654,52.690863579474346,Very Low,114841.78441879588,,47149
47151,Tennessee,Scott,26.11323155216285,Very Low,19.46163366336634,43.84647476011681,Very Low,30922.84102647263,,47151
47153,Tennessee,Sequatchie,40.17175572519084,Very Low,38.95420792079208,24.196912807676263,Very Low,7559.770130110887,,47153
47155,Tennessee,Sevier,77.3854961832061,Relatively Low,74.35024752475248,56.48727576136837,Very Low,119021.00756774054,,47155
47157,Tennessee,Shelby,99.36386768447836,Relatively High,99.16460396039604,67.1255736337088,Relatively Low,349653.53253460483,,47157
47159,Tennessee,Smith,18.765903307888042,Very Low,33.508663366336634,23.112223612849395,Very Low,10846.626919026261,,47159
47161,Tennessee,Stewart,29.357506361323153,Very Low,21.008663366336634,19.02377972465582,Very Low,3863.5538212549886,,47161
47163,Tennessee,Sullivan,71.46946564885496,Relatively Low,71.13242574257426,54.69336670838548,Very Low,112928.421680881,,47163
47165,Tennessee,Sumner,87.65903307888041,Relatively Moderate,89.44925742574257,32.540675844806,Very Low,21977.676520609508,,47165
47167,Tennessee,Tipton,81.04325699745547,Relatively Moderate,76.11386138613861,46.47476011681268,Very Low,40410.179763248125,,47167
47169,Tennessee,Trousdale,6.106870229007633,Very Low,11.417079207920793,7.259073842302878,Very Low,754.2232851401296,,47169
47171,Tennessee,Unicoi,10.591603053435113,Very Low,10.426980198019802,34.16770963704631,Very Low,17108.5795948172,,47171
47173,Tennessee,Union,12.881679389312978,Very Low,13.366336633663368,22.987067167292448,Very Low,7026.34170807806,,47173
47175,Tennessee,Van Buren,2.671755725190839,Very Low,3.681930693069307,18.60659157279933,Very Low,5752.669773500806,,47175
47177,Tennessee,Warren,63.45419847328244,Relatively Low,57.456683168316836,53.52523988318731,Very Low,84047.40694772021,,47177
47179,Tennessee,Washington,61.164122137404576,Relatively Low,64.60396039603961,55.86149353358365,Very Low,134990.6272477557,,47179
47181,Tennessee,Wayne,42.970737913486005,Relatively Low,32.64232673267327,51.397580308719235,Very Low,57953.21004631447,,47181
47183,Tennessee,Weakley,74.04580152671755,Relatively Low,76.26856435643565,47.6011681268252,Very Low,62969.08195751896,,47183
47185,Tennessee,White,38.54961832061068,Very Low,35.179455445544555,40.550688360450565,Very Low,25129.495026605386,,47185
47187,Tennessee,Williamson,85.14631043256998,Relatively Moderate,90.53217821782178,41.0095953274927,Very Low,55401.87529956197,,47187
47189,Tennessee,Wilson,79.99363867684478,Relatively Low,86.32425742574257,38.54818523153942,Very Low,39265.20441548822,,47189
48001,Texas,Anderson,73.6323155216285,Relatively Low,65.50123762376238,73.38339591155612,Relatively Low,573210.4373344698,,48001
48003,Texas,Andrews,8.969465648854962,Very Low,17.26485148514851,15.76971214017522,Very Low,5465.229826737439,,48003
48005,Texas,Angelina,71.81933842239185,Relatively Low,65.5940594059406,81.26825198164373,Relatively Low,1714678.509594087,,48005
48007,Texas,Aransas,61.19592875318066,Relatively Low,51.082920792079214,91.23904881101377,Relatively Moderate,6514778.547652452,67.80000000000001,48007
48009,Texas,Archer,7.697201017811704,Very Low,7.797029702970297,28.82770129328327,Very Low,12467.757352690216,,48009
48011,Texas,Armstrong,20.0381679389313,Very Low,19.183168316831683,0.0,No Rating,0.0,,48011
48013,Texas,Atascosa,60.68702290076335,Relatively Low,47.80321782178218,66.75010429703796,Relatively Low,277549.9543906623,,48013
48015,Texas,Austin,53.14885496183206,Relatively Low,49.474009900990104,75.92824363788068,Relatively Low,941052.8045352721,,48015
48017,Texas,Bailey,42.43002544529262,Very Low,25.58787128712871,38.297872340425535,Very Low,15698.774770687807,,48017
48019,Texas,Bandera,66.69847328244275,Relatively Low,55.01237623762376,46.64163537755528,Very Low,35124.38642316613,,48019
48021,Texas,Bastrop,81.1704834605598,Relatively Moderate,80.94059405940595,63.24572382144347,Relatively Low,279036.93307095644,,48021
48023,Texas,Baylor,17.493638676844782,Very Low,9.653465346534654,31.414267834793492,Very Low,10109.846842720288,,48023
48025,Texas,Bee,62.69083969465649,Relatively Low,53.37252475247525,91.19732999582811,Relatively Moderate,6600175.654934418,,48025
48027,Texas,Bell,91.12595419847328,Relatively Moderate,91.30569306930693,79.01543596161869,Relatively Low,1782189.1940858227,,48027
48029,Texas,Bexar,99.42748091603053,Relatively High,99.28836633663366,83.52106800166875,Relatively Moderate,2714222.204643485,,48029
48031,Texas,Blanco,33.01526717557252,Very Low,35.61262376237624,52.27367542761786,Very Low,85332.46014334448,,48031
48033,Texas,Borden,5.693384223918575,Very Low,3.929455445544555,10.763454317897372,Very Low,1779.4474080096752,,48033
48035,Texas,Bosque,36.895674300254456,Very Low,31.435643564356436,53.60867751355861,Very Low,84226.21331447865,,48035
48037,Texas,Bowie,79.00763358778626,Relatively Low,75.4950495049505,49.93742177722152,Very Low,60603.23218097644,,48037
48039,Texas,Brazoria,93.63867684478372,Relatively Moderate,94.52351485148515,96.91280767626199,Relatively High,43631619.348518506,76.4,48039
48041,Texas,Brazos,88.35877862595419,Relatively Moderate,86.63366336633663,85.64872757613684,Relatively Moderate,3576743.625333904,,48041
48043,Texas,Brewster,21.055979643765905,Very Low,20.575495049504948,28.32707551105549,Very Low,11095.39549637031,,48043
48045,Texas,Briscoe,8.746819338422391,Very Low,16.646039603960396,9.428452231956612,Very Low,2279.06098506058,,48045
48047,Texas,Brooks,60.81424936386769,Relatively Low,46.68935643564357,81.60200250312892,Relatively Moderate,1432945.234299605,,48047
48049,Texas,Brown,64.8854961832061,Relatively Low,59.03465346534653,44.97288277012933,Very Low,35479.922641009594,,48049
48051,Texas,Burleson,29.134860050890588,Very Low,24.16460396039604,72.50730079265749,Relatively Low,582700.9710306131,,48051
48053,Texas,Burnet,76.62213740458014,Relatively Low,68.65717821782178,60.40884438881936,Relatively Low,154891.42050386325,,48053
48055,Texas,Caldwell,79.77099236641222,Relatively Low,75.09282178217822,60.24196912807677,Relatively Low,171803.57008617578,,48055
48057,Texas,Calhoun,66.2531806615776,Relatively Low,62.933168316831676,92.82436378806842,Relatively Moderate,11018138.618481724,53.800000000000004,48057
48059,Texas,Callahan,14.694656488549619,Very Low,12.128712871287128,28.952857738840216,Very Low,10547.932360264838,,48059
48061,Texas,Cameron,97.29643765903307,Relatively High,94.77103960396039,99.04046725073007,Very High,84054210.89334068,67.0,48061
48063,Texas,Camp,39.344783715012724,Very Low,23.793316831683168,54.73508552357112,Very Low,71960.97883490921,,48063
48065,Texas,Carson,25.222646310432573,Very Low,40.47029702970298,0.0,No Rating,0.0,,48065
48067,Texas,Cass,50.795165394402034,Relatively Low,38.11881188118812,56.278681685440134,Very Low,88798.16315203224,,48067
48069,Texas,Castro,34.4147582697201,Very Low,25.30940594059406,0.0,No Rating,0.0,,48069
48071,Texas,Chambers,51.844783715012724,Relatively Low,72.74133663366337,85.77388402169377,Relatively Moderate,7587152.453892421,55.00000000000001,48071
48073,Texas,Cherokee,61.641221374045806,Relatively Low,55.476485148514854,70.71339173967459,Relatively Low,487931.35348011355,,48073
48075,Texas,Childress,19.561068702290076,Very Low,19.090346534653467,18.48143512724239,Very Low,4599.400619120112,,48075
48077,Texas,Clay,14.28117048346056,Very Low,15.996287128712872,27.57613683771381,Very Low,11346.50658521538,,48077
48079,Texas,Cochran,12.786259541984732,Very Low,8.137376237623762,19.774718397997496,Very Low,4193.185942430002,,48079
48081,Texas,Coke,3.657760814249364,Very Low,2.784653465346535,15.47768043387568,Very Low,3399.3648513170383,,48081
48083,Texas,Coleman,20.610687022900763,Very Low,13.087871287128714,38.84021693783897,Very Low,18584.297381696302,,48083
48085,Texas,Collin,98.85496183206108,Relatively High,99.41212871287128,59.741343345848975,Relatively Low,292306.4770579951,,48085
48087,Texas,Collingsworth,27.417302798982192,Very Low,24.31930693069307,12.181894034209428,Very Low,2277.996965548885,,48087
48089,Texas,Colorado,62.24554707379135,Relatively Low,52.66089108910891,87.98498122653316,Relatively Moderate,3828961.5661951955,,48089
48091,Texas,Comal,92.68447837150127,Relatively Moderate,93.93564356435643,62.87025448477264,Relatively Low,325705.88557459577,,48091
48093,Texas,Comanche,51.01781170483461,Relatively Low,38.98514851485149,53.90070921985816,Very Low,72380.90779068232,,48093
48095,Texas,Concho,4.484732824427481,Very Low,3.310643564356436,27.075511055486025,Very Low,9379.596644238794,,48095
48097,Texas,Cooke,73.31424936386769,Relatively Low,71.07054455445545,48.14351272423863,Very Low,54851.782532824036,,48097
48099,Texas,Coryell,63.42239185750637,Relatively Low,65.1299504950495,58.48977889027952,Relatively Low,171536.42787939787,,48099
48101,Texas,Cottle,12.46819338422392,Very Low,5.569306930693069,17.313308302044224,Very Low,2788.488613518779,,48101
48103,Texas,Crane,1.145038167938931,Very Low,0.618811881188119,11.097204839382561,Very Low,1599.1746183751275,,48103
48105,Texas,Crockett,5.820610687022901,Very Low,6.25,19.732999582811846,Very Low,5898.662147700281,,48105
48107,Texas,Crosby,23.727735368956743,Very Low,11.262376237623762,20.52565707133917,Very Low,3545.778647551061,,48107
48109,Texas,Culberson,11.641221374045802,Very Low,4.579207920792079,11.430955360867753,Very Low,1324.8429791408455,,48109
48111,Texas,Dallam,51.14503816793893,Relatively Low,48.82425742574257,,Not Applicable,,,48111
48113,Texas,Dallas,99.6501272264631,Very High,99.65965346534654,73.55027117229871,Relatively Low,676443.6742165304,,48113
48115,Texas,Dawson,38.74045801526718,Very Low,28.217821782178216,34.292866082603254,Very Low,13746.509815249445,,48115
48117,Texas,Deaf Smith,61.800254452926204,Relatively Low,59.96287128712871,0.0,No Rating,0.0,,48117
48119,Texas,Delta,8.9058524173028,Very Low,8.787128712871286,41.38506466416354,Very Low,30075.03785080356,,48119
48121,Texas,Denton,96.9147582697201,Relatively High,98.26732673267327,58.406341259908224,Very Low,235706.8852070988,,48121
48123,Texas,DeWitt,83.9058524173028,Relatively Moderate,73.48391089108911,90.27951606174385,Relatively Moderate,4835883.681870057,,48123
48125,Texas,Dickens,13.61323155216285,Very Low,6.652227722772277,12.640801001251564,Very Low,1787.5318008986476,,48125
48127,Texas,Dimmit,35.87786259541985,Very Low,18.657178217821784,61.785565289945765,Relatively Low,136889.05263733695,,48127
48129,Texas,Donley,26.622137404580155,Very Low,20.173267326732674,20.483938256153525,Very Low,4725.35908009982,,48129
48131,Texas,Duval,54.42111959287532,Relatively Low,35.024752475247524,74.84355444305382,Relatively Low,529009.409684721,,48131
48133,Texas,Eastland,41.157760814249365,Very Low,32.76608910891089,46.76679182311222,Very Low,39583.02239129811,,48133
48135,Texas,Ector,82.82442748091603,Relatively Moderate,82.45668316831683,36.2953692115144,Very Low,21823.546828966082,,48135
48137,Texas,Edwards,5.725190839694656,Very Low,2.258663366336634,45.223195661243224,Very Low,29698.61802088501,,48137
48139,Texas,Ellis,81.61577608142494,Relatively Moderate,82.64232673267327,52.19023779724657,Very Low,92004.77787935614,,48139
48141,Texas,El Paso,95.45165394402035,Relatively High,92.45049504950495,41.13475177304964,Very Low,20788.5049741569,,48141
48143,Texas,Erath,75.0,Relatively Low,75.89727722772277,56.40383813099707,Very Low,137577.50326212242,,48143
48145,Texas,Falls,26.240458015267176,Very Low,17.1720297029703,68.04338756779308,Relatively Low,339172.4294254075,,48145
48147,Texas,Fannin,68.12977099236642,Relatively Low,69.58539603960396,48.769294952023365,Very Low,64590.7559588597,,48147
48149,Texas,Fayette,57.98346055979644,Relatively Low,55.07425742574258,80.5590321234877,Relatively Low,1756164.808277246,,48149
48151,Texas,Fisher,1.940203562340967,Very Low,4.857673267326732,12.51564455569462,Very Low,4159.755274882505,,48151
48153,Texas,Floyd,30.725190839694655,Very Low,25.495049504950494,31.122236128493952,Very Low,12090.764450865918,,48153
48155,Texas,Foard,4.4529262086514,Very Low,2.877475247524753,12.974551522736755,Very Low,2392.483841491448,,48155
48157,Texas,Fort Bend,97.45547073791349,Relatively High,98.14356435643565,97.58030871923238,Relatively High,70697411.8121587,19.2,48157
48159,Texas,Franklin,24.80916030534351,Very Low,20.915841584158414,55.527743012098455,Very Low,103176.78048853124,,48159
48161,Texas,Freestone,56.52035623409669,Relatively Low,46.28712871287129,71.54776804338758,Relatively Low,484756.0271884957,,48161
48163,Texas,Frio,55.94783715012722,Relatively Low,37.43811881188119,71.58948685857321,Relatively Low,395048.33081155224,,48163
48165,Texas,Gaines,57.63358778625955,Relatively Low,45.14232673267327,39.3825615352524,Very Low,18424.089904681645,,48165
48167,Texas,Galveston,95.3880407124682,Relatively High,95.57549504950495,97.03796412181894,Relatively High,42008508.33611065,88.6,48167
48169,Texas,Garza,20.006361323155218,Very Low,11.819306930693068,11.4726741760534,Very Low,1581.4999544666111,,48169
48171,Texas,Gillespie,57.69720101781171,Relatively Low,54.88861386138614,55.360867751355855,Very Low,107795.66736398159,,48171
48173,Texas,Glasscock,4.262086513994911,Very Low,3.743811881188118,18.10596579057155,Very Low,4533.091253187679,,48173
48175,Texas,Goliad,22.58269720101781,Very Low,18.873762376237625,85.02294534835211,Relatively Moderate,3044112.894196481,,48175
48177,Texas,Gonzales,85.65521628498728,Relatively Moderate,77.81559405940595,88.65248226950354,Relatively Moderate,3860464.1077094716,,48177
48179,Texas,Gray,59.891857506361326,Relatively Low,57.332920792079214,26.992073425114725,Very Low,9762.767637872883,,48179
48181,Texas,Grayson,80.3117048346056,Relatively Low,81.03341584158416,53.31664580725908,Very Low,103363.87793217097,,48181
48183,Texas,Gregg,86.99109414758269,Relatively Moderate,84.99381188118812,72.04839382561535,Relatively Low,602356.416433963,,48183
48185,Texas,Grimes,56.965648854961835,Relatively Low,49.31930693069307,84.93950771798082,Relatively Moderate,2776124.504931322,,48185
48187,Texas,Guadalupe,91.50763358778626,Relatively Moderate,92.63613861386139,66.66666666666666,Relatively Low,508516.44461198687,,48187
48189,Texas,Hale,78.43511450381679,Relatively Low,73.11262376237624,39.799749687108886,Very Low,22573.288556570966,,48189
48191,Texas,Hall,34.605597964376585,Very Low,20.2970297029703,19.065498539841467,Very Low,3284.857193130236,,48191
48193,Texas,Hamilton,12.849872773536896,Very Low,12.623762376237623,46.85022945348352,Very Low,48554.68755959019,,48193
48195,Texas,Hansford,41.98473282442748,Very Low,42.1720297029703,0.0,No Rating,0.0,,48195
48197,Texas,Hardeman,8.651399491094146,Very Low,3.465346534653466,22.27784730913642,Very Low,4328.37216011867,,48197
48199,Texas,Hardin,69.56106870229007,Relatively Low,69.92574257425743,87.1506049228202,Relatively Moderate,4866313.752690945,34.4,48199
48201,Texas,Harris,99.93638676844783,Very High,99.90717821782178,100.0,Very High,457859275.1658155,83.2,48201
48203,Texas,Harrison,77.70356234096693,Relatively Low,71.22524752475248,69.79557780559033,Relatively Low,433619.73691013834,,48203
48205,Texas,Hartley,33.11068702290076,Very Low,48.17450495049505,,Not Applicable,,,48205
48207,Texas,Haskell,11.704834605597965,Very Low,10.643564356435643,30.78848560700876,Very Low,12832.81621448456,,48207
48209,Texas,Hays,90.55343511450383,Relatively Moderate,91.42945544554455,63.913224864413856,Relatively Low,388386.762435726,,48209
48211,Texas,Hemphill,16.50763358778626,Very Low,18.162128712871286,22.69503546099291,Very Low,7276.488157290209,,48211
48213,Texas,Henderson,84.54198473282443,Relatively Moderate,78.1868811881188,66.20775969962453,Relatively Low,286956.61470530584,,48213
48215,Texas,Hidalgo,99.01399491094148,Relatively High,97.86509900990099,99.49937421777221,Very High,126725498.11915208,,48215
48217,Texas,Hill,72.96437659033079,Relatively Low,67.29579207920791,65.87400917813933,Relatively Low,302400.44747661916,,48217
48219,Texas,Hockley,51.43129770992366,Relatively Low,47.586633663366335,25.990821860659157,Very Low,8233.480343484,,48219
48221,Texas,Hood,70.51526717557252,Relatively Low,71.62747524752476,52.94117647058824,Very Low,96709.38026855036,,48221
48223,Texas,Hopkins,71.2150127226463,Relatively Low,70.69925742574257,57.90571547768043,Very Low,152277.35859374277,,48223
48225,Texas,Houston,60.655216284987276,Relatively Low,45.69925742574257,77.55527743012098,Relatively Low,856087.8692629985,,48225
48227,Texas,Howard,54.80279898218829,Relatively Low,47.648514851485146,33.917396745932415,Very Low,14618.300470890848,,48227
48229,Texas,Hudspeth,2.290076335877862,Very Low,1.485148514851485,7.425949103045474,Very Low,553.9352015205354,,48229
48231,Texas,Hunt,82.1882951653944,Relatively Moderate,81.2809405940594,45.93241551939925,Very Low,45651.18368571055,,48231
48233,Texas,Hutchinson,67.68447837150127,Relatively Low,64.04702970297029,0.0,No Rating,0.0,,48233
48235,Texas,Irion,1.78117048346056,Very Low,1.082920792079208,9.17813934084272,Very Low,1183.9899754487697,,48235
48237,Texas,Jack,11.38676844783715,Very Low,14.665841584158414,30.120984564038384,Very Low,15043.148116742284,,48237
48239,Texas,Jackson,71.69211195928753,Relatively Low,66.30569306930693,94.03420942845223,Relatively High,13439104.137565693,51.800000000000004,48239
48241,Texas,Jasper,61.1323155216285,Relatively Low,51.454207920792086,88.6942010846892,Relatively Moderate,4240078.064029571,0.0,48241
48243,Texas,Jeff Davis,2.926208651399491,Very Low,1.918316831683168,8.969545264914476,Very Low,1173.097166989744,,48243
48245,Texas,Jefferson,95.67430025445293,Relatively High,93.75,98.24780976220275,Very High,61248977.06480078,78.8,48245
48247,Texas,Jim Hogg,45.45165394402035,Relatively Low,25.804455445544555,65.4985398414685,Relatively Low,201546.1506025674,,48247
48249,Texas,Jim Wells,86.51399491094148,Relatively Moderate,78.77475247524752,94.07592824363789,Relatively High,10597035.690149587,,48249
48251,Texas,Johnson,86.67302798982189,Relatively Moderate,87.90222772277228,53.48352106800167,Very Low,119798.88534562978,,48251
48253,Texas,Jones,37.94529262086514,Very Low,30.290841584158418,32.12348769294952,Very Low,12620.105209197272,,48253
48255,Texas,Karnes,58.42875318066157,Relatively Low,42.23391089108911,85.14810179390905,Relatively Moderate,2304523.3556405455,,48255
48257,Texas,Kaufman,76.17684478371501,Relatively Low,81.09529702970298,50.31289111389236,Very Low,90043.87620415013,,48257
48259,Texas,Kendall,65.48982188295165,Relatively Low,68.90470297029702,47.76804338756779,Very Low,63167.24278671015,,48259
48261,Texas,Kenedy,28.37150127226463,Very Low,21.25618811881188,73.09136420525657,Relatively Low,573169.6744659259,0.0,48261
48263,Texas,Kent,1.081424936386768,Very Low,1.113861386138614,8.218606591572799,Very Low,1204.1855868701832,,48263
48265,Texas,Kerr,77.16284987277355,Relatively Low,68.03836633663366,61.95244055068836,Relatively Low,170624.75835489552,,48265
48267,Texas,Kimble,32.156488549618324,Very Low,18.842821782178216,50.39632874426366,Very Low,45777.838524521634,,48267
48269,Texas,King,0.318066157760814,Very Low,0.123762376237624,10.513141426783479,Very Low,1320.1222660084804,,48269
48271,Texas,Kinney,2.194656488549618,Very Low,1.021039603960396,40.75928243637881,Very Low,19145.541284444258,,48271
48273,Texas,Kleberg,84.4147582697201,Relatively Moderate,76.88737623762376,93.90905298289528,Relatively High,11064919.34867388,34.8,48273
48275,Texas,Knox,17.84351145038168,Very Low,8.972772277227723,28.994576554025862,Very Low,8027.542446162054,,48275
48277,Texas,Lamar,79.54834605597965,Relatively Low,74.07178217821783,55.903212348769294,Very Low,102403.94773109333,,48277
48279,Texas,Lamb,61.22773536895675,Relatively Low,50.525990099009896,43.67959949937422,Very Low,27843.03021095783,,48279
48281,Texas,Lampasas,29.930025445292618,Very Low,25.0,45.55694618272841,Very Low,37796.97432701548,,48281
48283,Texas,La Salle,22.55089058524173,Very Low,10.21039603960396,63.370880267000416,Relatively Low,161986.6855577142,,48283
48285,Texas,Lavaca,78.9440203562341,Relatively Low,75.71163366336634,84.73091364205257,Relatively Moderate,2994776.8261891413,,48285
48287,Texas,Lee,40.458015267175576,Very Low,41.181930693069305,72.5907384230288,Relatively Low,689221.8859372572,,48287
48289,Texas,Leon,58.30152671755725,Relatively Low,50.835396039603964,74.71839799749687,Relatively Low,716580.0809976197,,48289
48291,Texas,Liberty,79.51653944020356,Relatively Low,74.78341584158416,90.1543596161869,Relatively Moderate,6063825.862380512,20.599999999999998,48291
48293,Texas,Limestone,59.25572519083969,Relatively Low,45.57549504950495,72.92448894451398,Relatively Low,489330.54243598133,,48293
48295,Texas,Lipscomb,27.89440203562341,Very Low,29.517326732673265,16.729244889445138,Very Low,4117.594487967062,,48295
48297,Texas,Live Oak,33.74681933842239,Very Low,23.51485148514851,79.43262411347519,Relatively Low,1209648.4303672123,,48297
48299,Texas,Llano,70.3880407124682,Relatively Low,57.76608910891089,54.025865665415104,Very Low,70801.67421362287,,48299
48301,Texas,Loving,0.031806615776081,Very Low,0.030940594059406,7.008760951188986,Very Low,51.711793642472685,,48301
48303,Texas,Lubbock,96.2468193384224,Relatively High,96.10148514851485,47.18397997496871,Very Low,54036.50150048175,,48303
48305,Texas,Lynn,22.99618320610687,Very Low,18.100247524752476,23.23738005840634,Very Low,6117.895269552702,,48305
48307,Texas,McCulloch,10.05089058524173,Very Low,7.085396039603959,30.621610346266166,Very Low,11297.065067583446,,48307
48309,Texas,McLennan,91.22137404580153,Relatively Moderate,89.29455445544554,81.35168961201502,Relatively Low,1877489.03392535,,48309
48311,Texas,McMullen,0.572519083969466,Very Low,0.587871287128713,54.56821026282853,Very Low,116117.33365256038,,48311
48313,Texas,Madison,34.891857506361326,Very Low,31.86881188118812,79.09887359198999,Relatively Low,1403700.0465774368,,48313
48315,Texas,Marion,29.166666666666668,Very Low,15.563118811881187,51.689612015018774,Very Low,50267.21226738512,,48315
48317,Texas,Martin,19.974554707379134,Very Low,15.068069306930692,20.191906549853982,Very Low,4719.284220082111,,48317
48319,Texas,Mason,10.973282442748092,Very Low,6.033415841584159,41.51022110972048,Very Low,21848.15534275816,,48319
48321,Texas,Matagorda,80.34351145038168,Relatively Low,75.37128712871286,95.61952440550688,Relatively High,20089310.456717566,68.0,48321
48323,Texas,Maverick,64.15394402035624,Relatively Low,46.225247524752476,65.8322903629537,Relatively Low,214603.40443711306,,48323
48325,Texas,Medina,68.70229007633588,Relatively Low,61.60272277227723,59.03212348769294,Relatively Low,138425.23120301522,,48325
48327,Texas,Menard,3.053435114503817,Very Low,2.042079207920792,36.00333750521485,Very Low,17712.38741754431,,48327
48329,Texas,Midland,81.20229007633588,Relatively Moderate,83.23019801980197,38.423028785982474,Very Low,29431.40071676997,,48329
48331,Texas,Milam,58.07888040712468,Relatively Low,44.43069306930693,77.76387150604923,Relatively Low,896596.7096027217,,48331
48333,Texas,Mills,5.597964376590331,Very Low,2.599009900990099,33.458489778890275,Very Low,12716.538329941284,,48333
48335,Texas,Mitchell,19.751908396946565,Very Low,16.30569306930693,23.90488110137672,Very Low,6761.31977788511,,48335
48337,Texas,Montague,54.86641221374045,Relatively Low,52.011138613861384,38.79849812265332,Very Low,23601.292186701234,,48337
48339,Texas,Montgomery,95.73791348600508,Relatively High,96.47277227722772,93.74217772215269,Relatively High,17943904.76647687,,48339
48341,Texas,Moore,61.895674300254456,Relatively Low,61.26237623762376,0.0,No Rating,0.0,,48341
48343,Texas,Morris,34.541984732824424,Very Low,22.215346534653467,49.3116395494368,Very Low,44140.88140454513,,48343
48345,Texas,Motley,3.180661577608142,Very Low,1.639851485148515,9.762202753441802,Very Low,1270.3353235492514,,48345
48347,Texas,Nacogdoches,80.72519083969466,Relatively Low,74.22648514851485,83.3959115561118,Relatively Moderate,2285332.8539964897,,48347
48349,Texas,Navarro,75.25445292620864,Relatively Low,69.2141089108911,61.45181476846058,Relatively Low,182785.25936004182,,48349
48351,Texas,Newton,27.16284987277354,Very Low,15.129950495049505,82.35294117647058,Relatively Moderate,1646325.436235418,38.2,48351
48353,Texas,Nolan,37.849872773536894,Very Low,23.4220297029703,26.825198164372132,Very Low,6839.220563545214,,48353
48355,Texas,Nueces,96.62849872773536,Relatively High,95.32797029702971,98.58156028368793,Very High,83417724.76383545,72.2,48355
48357,Texas,Ochiltree,34.86005089058524,Very Low,49.535891089108915,27.701293283270758,Very Low,15363.19974085198,,48357
48359,Texas,Oldham,9.701017811704835,Very Low,9.715346534653465,,Not Applicable,,,48359
48361,Texas,Orange,85.90966921119593,Relatively Moderate,84.8700495049505,95.2023362536504,Relatively High,21465619.167651117,80.2,48361
48363,Texas,Palo Pinto,55.216284987277355,Relatively Low,49.87623762376238,43.47100542344597,Very Low,32168.015741944986,,48363
48365,Texas,Panola,55.43893129770993,Relatively Low,44.98762376237624,78.26449728827701,Relatively Low,1064389.6298687514,,48365
48367,Texas,Parker,81.10687022900763,Relatively Moderate,84.46782178217822,45.18147684605757,Very Low,55243.51217845331,,48367
48369,Texas,Parmer,81.80661577608143,Relatively Moderate,83.04455445544554,40.96787651230705,Very Low,32906.948943770934,,48369
48371,Texas,Pecos,25.127226463104325,Very Low,16.212871287128714,30.45473508552357,Very Low,9837.621746576353,,48371
48373,Texas,Polk,75.57251908396947,Relatively Low,66.89356435643565,89.98748435544431,Relatively Moderate,5311834.322280842,,48373
48375,Texas,Potter,90.48982188295165,Relatively Moderate,86.75742574257426,0.0,No Rating,0.0,,48375
48377,Texas,Presidio,10.241730279898219,Very Low,3.558168316831683,14.43471005423446,Very Low,1827.6561671274455,,48377
48379,Texas,Rains,14.09033078880407,Very Low,15.655940594059405,41.969128076762615,Very Low,34025.341741681244,,48379
48381,Texas,Randall,86.76844783715013,Relatively Moderate,87.87128712871286,0.0,No Rating,0.0,,48381
48383,Texas,Reagan,5.884223918575064,Very Low,5.043316831683168,14.309553608677513,Very Low,3148.7374168858905,,48383
48385,Texas,Real,42.589058524173026,Very Low,25.154702970297027,46.59991656236963,Very Low,30447.162280601264,,48385
48387,Texas,Red River,64.7264631043257,Relatively Low,52.13490099009901,46.68335419274093,Very Low,34372.54550019484,,48387
48389,Texas,Reeves,19.147582697201017,Very Low,14.882425742574256,15.644555694618273,Very Low,3085.9710966800208,,48389
48391,Texas,Refugio,37.468193384223916,Very Low,26.021039603960393,87.35919899874844,Relatively Moderate,3487419.2978007267,42.6,48391
48393,Texas,Roberts,3.11704834605598,Very Low,6.528465346534654,7.342511472674176,Very Low,823.9281850729996,,48393
48395,Texas,Robertson,29.580152671755727,Very Low,22.988861386138616,72.0066750104297,Relatively Low,535661.2677098302,,48395
48397,Texas,Rockwall,70.73791348600508,Relatively Low,82.39480198019803,33.95911556111806,Very Low,30600.214281567172,,48397
48399,Texas,Runnels,26.494910941475823,Very Low,21.93688118811881,33.12473925740509,Very Low,14411.043457283618,,48399
48401,Texas,Rusk,54.007633587786266,Relatively Low,50.34034653465347,71.63120567375887,Relatively Low,582176.7207899785,,48401
48403,Texas,Sabine,22.105597964376592,Very Low,15.810643564356436,73.75886524822694,Relatively Low,603442.7021077363,,48403
48405,Texas,San Augustine,17.62086513994911,Very Low,7.766089108910891,73.46683354192741,Relatively Low,461888.4907732496,,48405
48407,Texas,San Jacinto,58.87404580152672,Relatively Low,48.51485148514851,74.50980392156863,Relatively Low,639771.3185512223,,48407
48409,Texas,San Patricio,85.40076335877863,Relatively Moderate,79.42450495049505,95.0354609929078,Relatively High,15828061.767831998,53.0,48409
48411,Texas,San Saba,7.283715012722647,Very Low,5.971534653465346,37.88068418856905,Very Low,21898.475110153417,,48411
48413,Texas,Schleicher,3.753180661577608,Very Low,2.660891089108911,24.28035043804756,Very Low,7358.070596848069,,48413
48415,Texas,Scurry,29.993638676844785,Very Low,27.66089108910891,22.861910721735505,Very Low,6467.982921922158,,48415
48417,Texas,Shackelford,1.431297709923664,Very Low,3.094059405940594,19.524405506883603,Very Low,8252.234705255178,,48417
48419,Texas,Shelby,55.72519083969466,Relatively Low,45.23514851485149,83.22903629536921,Relatively Moderate,2129702.5447245142,,48419
48421,Texas,Sherman,30.279898218829516,Very Low,37.5309405940594,,Not Applicable,,,48421
48423,Texas,Smith,84.16030534351145,Relatively Moderate,81.2190594059406,75.09386733416771,Relatively Low,832304.070799358,,48423
48425,Texas,Somervell,10.814249363867685,Very Low,25.030940594059402,42.92866082603254,Very Low,58290.95572173459,,48425
48427,Texas,Starr,84.79643765903307,Relatively Moderate,72.06064356435643,78.7651230705048,Relatively Low,861298.2389025146,,48427
48429,Texas,Stephens,9.223918575063614,Very Low,11.324257425742575,26.90863579474343,Very Low,11248.718036304343,,48429
48431,Texas,Sterling,1.11323155216285,Very Low,1.330445544554455,7.88485607008761,Very Low,1181.2057212138861,,48431
48433,Texas,Stonewall,3.816793893129771,Very Low,2.13490099009901,15.143929912390488,Very Low,2762.61296756031,,48433
48435,Texas,Sutton,7.061068702290077,Very Low,3.434405940594059,29.24488944513976,Very Low,8887.127981336327,,48435
48437,Texas,Swisher,37.43638676844784,Very Low,31.18811881188119,43.13725490196079,Very Low,30648.564966216378,,48437
48439,Texas,Tarrant,99.14122137404581,Relatively High,99.25742574257426,72.2569879015436,Relatively Low,728400.459754858,,48439
48441,Texas,Taylor,83.81043256997455,Relatively Moderate,84.71534653465346,49.01960784313725,Very Low,70146.00143185351,,48441
48443,Texas,Terrell,0.413486005089058,Very Low,0.185643564356436,10.137672090112641,Very Low,1440.11095477609,,48443
48445,Texas,Terry,52.035623409669206,Relatively Low,42.85272277227723,31.330830204422195,Very Low,11286.346849781807,,48445
48447,Texas,Throckmorton,3.307888040712468,Very Low,2.846534653465347,19.858156028368796,Very Low,5243.804641941898,,48447
48449,Texas,Titus,46.81933842239186,Relatively Low,41.70792079207921,56.69586983729662,Very Low,114881.94414353787,,48449
48451,Texas,Tom Green,77.32188295165395,Relatively Low,73.14356435643565,47.22569879015436,Very Low,47222.732793042254,,48451
48453,Texas,Travis,97.74173027989822,Relatively High,98.51485148514851,77.1380892782645,Relatively Low,1648338.6227604342,,48453
48455,Texas,Trinity,60.62340966921119,Relatively Low,45.17326732673268,83.68794326241135,Relatively Moderate,1940171.3604169488,,48455
48457,Texas,Tyler,61.00508905852418,Relatively Low,48.36014851485149,88.6107634543179,Relatively Moderate,3859913.3276963867,,48457
48459,Texas,Upshur,66.92111959287533,Relatively Low,62.561881188118804,61.326658322903626,Relatively Low,194142.45592351718,,48459
48461,Texas,Upton,7.665394402035624,Very Low,5.445544554455446,16.39549436795995,Very Low,3285.3500174576407,,48461
48463,Texas,Uvalde,70.0381679389313,Relatively Low,61.35519801980198,62.4113475177305,Relatively Low,188675.35862902942,,48463
48465,Texas,Val Verde,76.08142493638677,Relatively Low,65.90346534653465,57.6136837713809,Very Low,103788.06163550678,,48465
48467,Texas,Van Zandt,58.778625954198475,Relatively Low,60.61262376237624,62.745098039215684,Relatively Low,272373.37770642544,,48467
48469,Texas,Victoria,86.4821882951654,Relatively Moderate,84.59158415841584,96.16186900292033,Relatively High,25536009.350170366,27.800000000000004,48469
48471,Texas,Walker,73.82315521628499,Relatively Low,67.69801980198021,84.10513141426783,Relatively Moderate,2561339.5500679947,,48471
48473,Texas,Waller,70.26081424936386,Relatively Low,66.21287128712872,83.27075511055486,Relatively Moderate,2564202.014261128,,48473
48475,Texas,Ward,15.362595419847327,Very Low,9.158415841584159,21.193158114309554,Very Low,4521.94293963496,,48475
48477,Texas,Washington,71.97837150127226,Relatively Low,62.40717821782178,84.68919482686692,Relatively Moderate,2458043.2830568748,,48477
48479,Texas,Webb,89.24936386768448,Relatively Moderate,82.48762376237624,85.73216520650814,Relatively Moderate,2472618.4447694067,,48479
48481,Texas,Wharton,83.01526717557252,Relatively Moderate,76.73267326732673,94.82686691697955,Relatively High,14223175.120021204,0.0,48481
48483,Texas,Wheeler,41.28498727735369,Very Low,30.971534653465348,23.362536503963288,Very Low,5627.605881540091,,48483
48485,Texas,Wichita,81.90203562340967,Relatively Moderate,79.61014851485149,47.5177304964539,Very Low,50519.61655639405,,48485
48487,Texas,Wilbarger,46.087786259541986,Relatively Low,37.19059405940594,29.28660826032541,Very Low,9684.243121182784,,48487
48489,Texas,Willacy,77.48091603053436,Relatively Low,62.438118811881196,91.65623696287025,Relatively Moderate,5908563.06586204,40.400000000000006,48489
48491,Texas,Williamson,90.10814249363868,Relatively Moderate,93.50247524752476,69.04463913224865,Relatively Low,860306.2473745093,,48491
48493,Texas,Wilson,75.54071246819338,Relatively Low,74.04084158415841,63.7880684188569,Relatively Low,285861.89999853616,,48493
48495,Texas,Winkler,4.134860050890586,Very Low,3.248762376237624,11.222361284939508,Very Low,1965.7967414758493,,48495
48497,Texas,Wise,58.96946564885496,Relatively Low,61.16955445544554,33.79224030037547,Very Low,18801.006228874012,,48497
48499,Texas,Wood,63.231552162849866,Relatively Low,50.959158415841586,66.08260325406758,Relatively Low,265845.2427347537,,48499
48501,Texas,Yoakum,46.0559796437659,Relatively Low,28.58910891089109,30.037546933667088,Very Low,8223.999638315961,,48501
48503,Texas,Young,36.354961832061065,Very Low,38.366336633663366,41.92740926157697,Very Low,32948.590991701385,,48503
48505,Texas,Zapata,31.361323155216287,Very Low,15.191831683168317,65.99916562369629,Relatively Low,211681.29383151274,,48505
48507,Texas,Zavala,53.62595419847328,Relatively Low,34.375,60.28368794326241,Relatively Low,119999.53123589068,,48507
49001,Utah,Beaver,10.368956743002544,Very Low,12.097772277227723,,Not Applicable,,,49001
49003,Utah,Box Elder,55.916030534351144,Relatively Low,73.36014851485149,,Not Applicable,,,49003
49005,Utah,Cache,66.53944020356234,Relatively Low,79.08415841584159,,Not Applicable,,,49005
49007,Utah,Carbon,8.68320610687023,Very Low,10.922029702970297,,Not Applicable,,,49007
49009,Utah,Daggett,3.689567430025445,Very Low,3.403465346534654,,Not Applicable,,,49009
49011,Utah,Davis,87.81806615776081,Relatively Moderate,92.85272277227723,,Not Applicable,,0.0,49011
49013,Utah,Duchesne,7.601781170483461,Very Low,14.85148514851485,,Not Applicable,,,49013
49015,Utah,Emery,6.997455470737914,Very Low,7.02351485148515,,Not Applicable,,,49015
49017,Utah,Garfield,37.62722646310432,Very Low,36.448019801980195,,Not Applicable,,,49017
49019,Utah,Grand,10.2735368956743,Very Low,13.737623762376238,,Not Applicable,,,49019
49021,Utah,Iron,61.41857506361323,Relatively Low,72.83415841584159,,Not Applicable,,,49021
49023,Utah,Juab,15.298982188295165,Very Low,30.78589108910891,,Not Applicable,,,49023
49025,Utah,Kane,39.662849872773535,Very Low,47.15346534653465,,Not Applicable,,,49025
49027,Utah,Millard,22.169211195928753,Very Low,22.524752475247524,,Not Applicable,,,49027
49029,Utah,Morgan,3.466921119592875,Very Low,12.995049504950495,,Not Applicable,,,49029
49031,Utah,Piute,0.89058524173028,Very Low,0.928217821782178,,Not Applicable,,,49031
49033,Utah,Rich,0.826972010178117,Very Low,1.423267326732673,,Not Applicable,,,49033
49035,Utah,Salt Lake,98.56870229007633,Relatively High,99.31930693069307,,Not Applicable,,0.0,49035
49037,Utah,San Juan,26.81297709923664,Very Low,13.242574257425744,,Not Applicable,,,49037
49039,Utah,Sanpete,38.61323155216285,Very Low,42.57425742574257,,Not Applicable,,,49039
49041,Utah,Sevier,22.74173027989822,Very Low,35.426980198019805,,Not Applicable,,,49041
49043,Utah,Summit,60.08269720101781,Relatively Low,78.89851485148515,,Not Applicable,,,49043
49045,Utah,Tooele,48.88676844783715,Relatively Low,69.15222772277228,,Not Applicable,,,49045
49047,Utah,Uintah,3.975826972010178,Very Low,7.518564356435643,,Not Applicable,,,49047
49049,Utah,Utah,95.32442748091603,Relatively High,97.4319306930693,,Not Applicable,,,49049
49051,Utah,Wasatch,33.524173027989825,Very Low,54.45544554455446,,Not Applicable,,,49051
49053,Utah,Washington,92.8117048346056,Relatively Moderate,94.09034653465346,,Not Applicable,,,49053
49055,Utah,Wayne,1.876590330788804,Very Low,1.701732673267327,,Not Applicable,,,49055
49057,Utah,Weber,87.02290076335878,Relatively Moderate,90.96534653465346,,Not Applicable,,,49057
50001,Vermont,Addison,26.78117048346056,Very Low,39.913366336633665,67.45932415519398,Relatively Low,595242.3948114337,,50001
50003,Vermont,Bennington,52.32188295165394,Relatively Low,58.353960396039604,71.88151856487276,Relatively Low,780682.5944159094,,50003
50005,Vermont,Caledonia,30.15267175572519,Very Low,37.964108910891085,71.25573633708802,Relatively Low,739854.3206932341,,50005
50007,Vermont,Chittenden,63.899491094147585,Relatively Low,79.85767326732673,65.91572799332499,Relatively Low,661061.304428434,,50007
50009,Vermont,Essex,3.212468193384224,Very Low,5.507425742574258,56.362119315811434,Very Low,171521.61901207417,,50009
50011,Vermont,Franklin,29.198473282442748,Very Low,45.761138613861384,59.11556111806424,Relatively Low,261212.8169628933,,50011
50013,Vermont,Grand Isle,1.908396946564886,Very Low,8.075495049504951,34.54317897371715,Very Low,40062.197117721946,,50013
50015,Vermont,Lamoille,18.25699745547074,Very Low,37.12871287128713,61.61869002920317,Relatively Low,376789.457833325,,50015
50017,Vermont,Orange,26.431297709923662,Very Low,39.54207920792079,65.45682102628285,Relatively Low,471672.5704772571,,50017
50019,Vermont,Orleans,36.83206106870229,Very Low,41.80074257425743,67.25073007926575,Relatively Low,466998.37146082276,,50019
50021,Vermont,Rutland,50.47709923664122,Relatively Low,57.95173267326733,70.04589069670422,Relatively Low,679025.6685294827,,50021
50023,Vermont,Washington,52.2264631043257,Relatively Low,63.83044554455446,67.33416770963704,Relatively Low,601321.3832737769,,50023
50025,Vermont,Windham,56.93384223918575,Relatively Low,61.23143564356436,74.55152273675426,Relatively Low,986765.2002379689,,50025
50027,Vermont,Windsor,61.57760814249363,Relatively Low,67.82178217821783,72.96620775969961,Relatively Low,880469.3463826979,,50027
51001,Virginia,Accomack,81.01145038167938,Relatively Moderate,73.26732673267327,94.45139758030872,Relatively High,13204631.910512736,96.8,51001
51003,Virginia,Albemarle,78.14885496183206,Relatively Low,79.95049504950495,82.64497288277013,Relatively Moderate,2969353.9432244236,,51003
51005,Virginia,Alleghany,38.07251908396946,Very Low,38.242574257425744,54.90196078431373,Very Low,110245.09042277085,,51005
51007,Virginia,Amelia,11.959287531806616,Very Low,13.490099009900991,67.75135586149354,Relatively Low,473566.53317006456,,51007
51009,Virginia,Amherst,20.99236641221374,Very Low,19.554455445544555,66.24947851481018,Relatively Low,352676.81758209097,,51009
51011,Virginia,Appomattox,5.089058524173027,Very Low,5.662128712871287,60.99290780141844,Relatively Low,236024.6016239092,,51011
51013,Virginia,Arlington,66.79389312977099,Relatively Low,78.49628712871286,80.43387567793074,Relatively Low,2952029.765341539,41.6,51013
51015,Virginia,Augusta,68.60687022900763,Relatively Low,67.97648514851485,79.22403003754694,Relatively Low,1552567.579174818,,51015
51017,Virginia,Bath,5.375318066157761,Very Low,4.733910891089109,47.559449311639554,Very Low,53410.72123025095,,51017
51019,Virginia,Bedford,51.17684478371501,Relatively Low,55.97153465346535,73.00792657488527,Relatively Low,826821.0943479193,,51019
51021,Virginia,Bland,13.040712468193385,Very Low,13.118811881188119,33.58364622444723,Very Low,16887.611293977447,,51021
51023,Virginia,Botetourt,18.09796437659033,Very Low,30.816831683168317,56.02836879432624,Very Low,175236.0531677035,,51023
51025,Virginia,Brunswick,28.117048346055977,Very Low,22.71039603960396,79.89153108051731,Relatively Low,1461189.051380979,,51025
51027,Virginia,Buchanan,50.604325699745544,Relatively Low,37.71658415841584,46.09929078014184,Very Low,32702.74852768525,,51027
51029,Virginia,Buckingham,18.956743002544528,Very Low,12.314356435643564,75.46933667083854,Relatively Low,722098.5478745548,,51029
51031,Virginia,Campbell,31.99745547073791,Very Low,31.342821782178216,71.96495619524406,Relatively Low,626026.1477338632,,51031
51033,Virginia,Caroline,20.706106870229007,Very Low,27.629950495049506,78.97371714643305,Relatively Low,1846216.969682736,26.200000000000003,51033
51035,Virginia,Carroll,45.13358778625955,Relatively Low,34.870049504950494,61.284939507717986,Relatively Low,163389.1300087244,,51035
51036,Virginia,Charles City,9.319338422391857,Very Low,6.280940594059406,66.62494785148102,Relatively Low,316877.7667162435,45.2,51036
51037,Virginia,Charlotte,17.36641221374046,Very Low,8.53960396039604,74.09261576971214,Relatively Low,528404.3468793128,,51037
51041,Virginia,Chesterfield,84.82824427480917,Relatively Moderate,88.67574257425743,85.81560283687944,Relatively Moderate,6078741.478042617,44.800000000000004,51041
51043,Virginia,Clarke,6.933842239185751,Very Low,15.47029702970297,55.694618272841055,Very Low,192557.0801433518,,51043
51045,Virginia,Craig,6.23409669211196,Very Low,4.238861386138614,34.62661660408845,Very Low,16289.989240763061,,51045
51047,Virginia,Culpeper,46.24681933842239,Relatively Low,50.24752475247525,70.88026700041719,Relatively Low,656818.610156701,,51047
51049,Virginia,Cumberland,19.720101781170484,Very Low,13.644801980198022,72.88277012932832,Relatively Low,555243.8793535209,,51049
51051,Virginia,Dickenson,17.938931297709924,Very Low,13.211633663366337,42.052565707133915,Very Low,26204.490129222202,,51051
51053,Virginia,Dinwiddie,19.338422391857506,Very Low,23.112623762376238,66.54151022110972,Relatively Low,432226.54363860463,,51053
51057,Virginia,Essex,18.575063613231553,Very Low,14.32549504950495,80.01668752607426,Relatively Low,1506512.5282784232,55.60000000000001,51057
51059,Virginia,Fairfax,94.65648854961832,Relatively High,96.3799504950495,93.03295786399666,Relatively Moderate,18003739.155274235,52.6,51059
51061,Virginia,Fauquier,47.67811704834606,Relatively Low,63.79950495049505,72.13183145598666,Relatively Low,1062499.6327294172,,51061
51063,Virginia,Floyd,6.615776081424936,Very Low,7.425742574257425,53.274926992073425,Very Low,109994.7187954573,,51063
51065,Virginia,Fluvanna,13.486005089058525,Very Low,18.316831683168317,67.70963704630788,Relatively Low,534192.3814870312,,51065
51067,Virginia,Franklin,42.716284987277355,Very Low,39.0470297029703,69.21151439299123,Relatively Low,445051.0269164187,,51067
51069,Virginia,Frederick,44.720101781170484,Relatively Low,60.4269801980198,76.38715060492281,Relatively Low,1698505.5396779554,,51069
51071,Virginia,Giles,16.571246819338423,Very Low,14.387376237623762,36.87943262411347,Very Low,20302.153631896057,,51071
51073,Virginia,Gloucester,22.614503816793892,Very Low,30.909653465346537,75.7613683771381,Relatively Low,1275628.6736268464,66.60000000000001,51073
51075,Virginia,Goochland,15.521628498727736,Very Low,26.330445544554454,60.15853149770547,Relatively Low,280732.2313449082,,51075
51077,Virginia,Grayson,24.650127226463102,Very Low,17.01732673267327,54.23445974134334,Very Low,80076.3968850964,,51077
51079,Virginia,Greene,9.287531806615776,Very Low,11.912128712871286,63.454317897371716,Relatively Low,309354.349072892,,51079
51081,Virginia,Greensville,17.779898218829516,Very Low,9.344059405940595,79.30746766791823,Relatively Low,1077540.661281121,,51081
51083,Virginia,Halifax,47.01017811704835,Relatively Low,30.600247524752476,78.55652899457655,Relatively Low,953330.3638249171,,51083
51085,Virginia,Hanover,53.49872773536896,Relatively Low,71.10148514851485,74.88527325823947,Relatively Low,1560775.9910190145,25.2,51085
51087,Virginia,Henrico,83.3969465648855,Relatively Moderate,85.76732673267327,81.81059657905716,Relatively Moderate,2752723.175193822,35.8,51087
51089,Virginia,Henry,63.61323155216285,Relatively Low,51.113861386138616,74.0508969545265,Relatively Low,558628.9664686632,,51089
51091,Virginia,Highland,2.512722646310432,Very Low,2.568069306930693,42.30287859824781,Very Low,33756.107596533955,,51091
51093,Virginia,Isle of Wight,37.913486005089055,Very Low,50.61881188118812,82.56153525239883,Relatively Moderate,3574850.6256744363,61.8,51093
51095,Virginia,James City,53.33969465648855,Relatively Low,63.73762376237624,82.10262828535669,Relatively Moderate,3257387.282055708,53.2,51095
51097,Virginia,King and Queen,16.189567430025445,Very Low,10.674504950495049,68.41885690446391,Relatively Low,365126.3258438416,51.6,51097
51099,Virginia,King George,12.754452926208652,Very Low,27.289603960396043,79.76637463496037,Relatively Low,2800838.1882140245,43.6,51099
51101,Virginia,King William,8.269720101781171,Very Low,18.81188118811881,63.66291197329996,Relatively Low,458788.3959149554,50.6,51101
51103,Virginia,Lancaster,32.283715012722645,Very Low,24.28836633663366,85.48185231539425,Relatively Moderate,2907990.0362231606,60.6,51103
51105,Virginia,Lee,57.31552162849872,Relatively Low,40.25371287128713,41.34334584897789,Very Low,19182.545406214977,,51105
51107,Virginia,Loudoun,78.11704834605598,Relatively Low,86.44801980198021,80.10012515644556,Relatively Low,3092750.5301801087,,51107
51109,Virginia,Louisa,32.1882951653944,Very Low,35.45792079207921,79.84981226533166,Relatively Low,1841020.4292945582,,51109
51111,Virginia,Lunenburg,19.84732824427481,Very Low,9.096534653465346,76.51230705047976,Relatively Low,693882.5494868028,,51111
51113,Virginia,Madison,8.428753180661577,Very Low,11.386138613861387,70.29620358781811,Relatively Low,657866.2047932473,,51113
51115,Virginia,Mathews,12.181933842239186,Very Low,8.013613861386139,70.58823529411765,Relatively Low,462066.09437259345,80.0,51115
51117,Virginia,Mecklenburg,54.32569974554708,Relatively Low,45.26608910891089,85.273258239466,Relatively Moderate,2803173.279101546,,51117
51119,Virginia,Middlesex,23.791348600508904,Very Low,16.893564356435643,85.5235711305799,Relatively Moderate,2985766.7883434845,57.99999999999999,51119
51121,Virginia,Montgomery,47.51908396946565,Relatively Low,54.238861386138616,57.113057989153106,Very Low,165494.07493716467,,51121
51125,Virginia,Nelson,34.096692111959285,Very Low,30.32178217821782,67.58448060075094,Relatively Low,389524.7406564111,,51125
51127,Virginia,New Kent,14.122137404580155,Very Low,23.4529702970297,66.91697955778055,Relatively Low,551055.5789481197,52.800000000000004,51127
51131,Virginia,Northampton,44.465648854961835,Relatively Low,32.70420792079208,89.48685857321652,Relatively Moderate,4654849.597990207,57.199999999999996,51131
51133,Virginia,Northumberland,39.98091603053435,Very Low,28.496287128712872,86.9002920317063,Relatively Moderate,3253387.041743366,68.4,51133
51135,Virginia,Nottoway,28.975826972010175,Very Low,18.44059405940594,78.89027951606174,Relatively Low,1049330.2129563622,,51135
51137,Virginia,Orange,25.572519083969464,Very Low,39.26361386138614,76.92949520233626,Relatively Low,1662499.6284105026,,51137
51139,Virginia,Page,37.88167938931298,Very Low,33.16831683168317,77.01293283270755,Relatively Low,1044232.7552397138,,51139
51141,Virginia,Patrick,20.865139949109416,Very Low,19.306930693069308,64.20525657071339,Relatively Low,278188.9902070264,,51141
51143,Virginia,Pittsylvania,63.77226463104325,Relatively Low,54.084158415841586,77.63871506049227,Relatively Low,990666.6934283508,,51143
51145,Virginia,Powhatan,21.087786259541986,Very Low,33.632425742574256,61.53525239883187,Relatively Low,306650.23371256713,,51145
51147,Virginia,Prince Edward,32.37913486005089,Very Low,22.55569306930693,76.47058823529412,Relatively Low,816688.7398449827,,51147
51149,Virginia,Prince George,13.899491094147582,Very Low,26.949257425742573,70.00417188151856,Relatively Low,841104.6743331763,40.0,51149
51153,Virginia,Prince William,83.17430025445293,Relatively Moderate,87.68564356435643,82.97872340425532,Relatively Moderate,4168003.563171735,48.8,51153
51155,Virginia,Pulaski,45.92875318066158,Relatively Low,39.94430693069307,51.93992490613266,Very Low,67970.06951333555,,51155
51157,Virginia,Rappahannock,6.902035623409669,Very Low,6.188118811881188,55.27743012098456,Very Low,112657.95093807875,,51157
51159,Virginia,Richmond,10.432569974554708,Very Low,7.704207920792079,79.47434292866082,Relatively Low,1392047.2374356913,48.199999999999996,51159
51161,Virginia,Roanoke,52.19465648854962,Relatively Low,60.024752475247524,68.46057571964957,Relatively Low,601907.3871979694,,51161
51163,Virginia,Rockbridge,33.30152671755725,Very Low,31.404702970297027,69.12807676261994,Relatively Low,459756.737390618,,51163
51165,Virginia,Rockingham,75.03180661577609,Relatively Low,76.60891089108911,82.51981643721318,Relatively Moderate,2825811.9476911663,,51165
51167,Virginia,Russell,36.54580152671756,Very Low,30.012376237623762,50.8552357113058,Very Low,59128.64795201231,,51167
51169,Virginia,Scott,41.9529262086514,Very Low,28.155940594059402,37.838965373383395,Very Low,16285.894169172438,,51169
51171,Virginia,Shenandoah,59.82824427480916,Relatively Low,58.23019801980198,80.1418439716312,Relatively Low,1743237.0487071897,,51171
51173,Virginia,Smyth,57.79262086513995,Relatively Low,50.12376237623762,57.989153108051724,Very Low,121927.49337192689,,51173
51175,Virginia,Southampton,29.802798982188293,Very Low,31.25,83.93825615352523,Relatively Moderate,3076938.164946804,21.0,51175
51177,Virginia,Spotsylvania,52.894402035623415,Relatively Low,68.00742574257426,72.17355027117229,Relatively Low,1051325.6451864934,17.599999999999998,51177
51179,Virginia,Stafford,65.04452926208651,Relatively Low,76.82549504950495,77.51355861493533,Relatively Low,2009841.1592593633,47.4,51179
51181,Virginia,Surry,4.707379134860051,Very Low,4.331683168316832,69.58698372966208,Relatively Low,522328.9606356091,42.0,51181
51183,Virginia,Sussex,13.231552162849871,Very Low,9.034653465346535,73.25823946599917,Relatively Low,585091.2627368863,,51183
51185,Virginia,Tazewell,60.17811704834606,Relatively Low,50.99009900990099,51.81476846057572,Very Low,61330.38322292813,,51185
51187,Virginia,Warren,31.583969465648853,Very Low,45.3279702970297,59.90821860659157,Relatively Low,263057.68213500746,,51187
51191,Virginia,Washington,46.56488549618321,Relatively Low,43.31683168316832,54.98539841468503,Very Low,102586.70479657367,,51191
51193,Virginia,Westmoreland,37.37277353689568,Very Low,31.219059405940598,86.5665415102211,Relatively Moderate,3560032.173559056,64.8,51193
51195,Virginia,Wise,50.413486005089055,Relatively Low,45.853960396039604,48.685857321652065,Very Low,51722.59072005364,,51195
51197,Virginia,Wythe,48.72773536895674,Relatively Low,41.738861386138616,58.57321652065082,Relatively Low,134285.38444921141,,51197
51199,Virginia,York,44.656488549618324,Relatively Low,66.49133663366337,81.68544013350021,Relatively Moderate,4035939.7509844922,57.4,51199
51510,Virginia,Alexandria,73.69592875318067,Relatively Low,79.82673267326733,79.14059240717563,Relatively Low,2091383.8872680336,56.00000000000001,51510
51520,Virginia,Bristol,8.619592875318066,Very Low,4.826732673267327,33.166458072590736,Very Low,12155.829350690503,,51520
51530,Virginia,Buena Vista,3.276081424936387,Very Low,3.186881188118812,53.02461410095953,Very Low,92114.12395574474,,51530
51540,Virginia,Charlottesville,24.33206106870229,Very Low,35.79826732673268,69.46182728410513,Relatively Low,684856.133999113,,51540
51550,Virginia,Chesapeake,80.85241730279898,Relatively Low,85.39603960396039,92.0317062995411,Relatively Moderate,14484946.862398125,80.60000000000001,51550
51570,Virginia,Colonial Heights,6.043256997455471,Very Low,10.241336633663366,58.9904046725073,Relatively Low,240267.0116216215,43.0,51570
51580,Virginia,Covington,9.669211195928753,Very Low,11.633663366336634,43.92991239048811,Very Low,41690.84011359024,,51580
51590,Virginia,Danville,68.03435114503816,Relatively Low,57.39480198019802,76.63746349603672,Relatively Low,853348.0148477597,,51590
51595,Virginia,Emporia,4.993638676844784,Very Low,3.836633663366336,73.8840216937839,Relatively Low,734273.5692332498,,51595
51600,Virginia,Fairfax,5.279898218829516,Very Low,12.252475247524753,62.161034626616605,Relatively Low,385034.256408788,,51600
51610,Virginia,Falls Church,1.622137404580153,Very Low,5.41460396039604,53.733833959115564,Very Low,200769.7189190821,,51610
51620,Virginia,Franklin,7.538167938931298,Very Low,5.10519801980198,78.84856070087609,Relatively Low,1210176.609984335,16.6,51620
51630,Virginia,Fredericksburg,8.71501272264631,Very Low,21.318069306930692,57.863996662494785,Very Low,252472.39813290208,17.0,51630
51640,Virginia,Galax,6.806615776081425,Very Low,4.176980198019802,46.18272841051314,Very Low,38503.123581750326,,51640
51650,Virginia,Hampton,61.73664122137404,Relatively Low,65.625,85.39841468502296,Relatively Moderate,4166035.684110357,80.4,51650
51660,Virginia,Harrisonburg,26.590330788804074,Very Low,31.126237623762375,70.6299541093033,Relatively Low,638811.4537662844,,51660
51670,Virginia,Hopewell,17.239185750636132,Very Low,10.736386138613861,75.55277430120985,Relatively Low,720340.3561217285,48.6,51670
51678,Virginia,Lexington,3.721374045801527,Very Low,2.413366336633664,58.030871923237385,Very Low,132112.8639903539,,51678
51680,Virginia,Lynchburg,49.300254452926204,Relatively Low,50.0309405940594,74.30120984564039,Relatively Low,820447.5266248026,,51680
51683,Virginia,Manassas,16.634860050890584,Very Low,24.195544554455445,65.24822695035462,Relatively Low,416580.4141169269,,51683
51685,Virginia,Manassas Park,4.930025445292621,Very Low,5.909653465346534,54.860241969128076,Very Low,130734.51217992233,,51685
51690,Virginia,Martinsville,9.573791348600508,Very Low,6.40470297029703,59.32415519399249,Relatively Low,139163.51973883485,,51690
51700,Virginia,Newport News,72.2328244274809,Relatively Low,73.91707920792079,88.31873174801835,Relatively Moderate,5864431.265630645,60.199999999999996,51700
51710,Virginia,Norfolk,81.23409669211196,Relatively Moderate,82.17821782178217,92.94952023362536,Relatively Moderate,13498701.437861739,82.39999999999999,51710
51720,Virginia,Norton,1.55852417302799,Very Low,0.804455445544555,27.53441802252816,Very Low,8124.1497172656045,,51720
51730,Virginia,Petersburg,16.9529262086514,Very Low,14.542079207920791,68.91948268669171,Relatively Low,445319.3419346852,36.199999999999996,51730
51735,Virginia,Poquoson,2.353689567430025,Very Low,10.550742574257425,60.450563204005,Relatively Low,426919.3043542534,62.4,51735
51740,Virginia,Portsmouth,53.975826972010175,Relatively Low,57.085396039603964,86.60826032540676,Relatively Moderate,4721480.895115516,64.2,51740
51750,Virginia,Radford,2.639949109414758,Very Low,3.496287128712872,28.452231956612433,Very Low,13649.027393229877,,51750
51760,Virginia,Richmond,78.4033078880407,Relatively Low,79.23886138613861,79.34918648310388,Relatively Low,1771533.4745480854,39.800000000000004,51760
51770,Virginia,Roanoke,72.86895674300254,Relatively Low,67.04826732673267,74.59324155193993,Relatively Low,726965.967262582,,51770
51775,Virginia,Salem,18.638676844783713,Very Low,31.157178217821784,57.69712140175219,Very Low,204717.57169632154,,51775
51790,Virginia,Staunton,10.623409669211197,Very Low,14.170792079207919,62.286191072173544,Relatively Low,280776.4435900942,,51790
51800,Virginia,Suffolk,60.1145038167939,Relatively Low,68.31683168316832,88.19357530246141,Relatively Moderate,6675456.827251169,61.0,51800
51810,Virginia,Virginia Beach,57.85623409669212,Relatively Low,72.86509900990099,88.94451397580309,Relatively Moderate,9843103.7922464,67.4,51810
51820,Virginia,Waynesboro,10.337150127226463,Very Low,18.28589108910891,61.36837713808928,Relatively Low,295573.9232594261,,51820
51830,Virginia,Williamsburg,2.417302798982188,Very Low,6.930693069306932,66.95869837296621,Relatively Low,695184.7097726956,37.4,51830
51840,Virginia,Winchester,16.857506361323153,Very Low,17.512376237623762,69.92073425114727,Relatively Low,552684.1060034453,,51840
53001,Washington,Adams,23.21882951653944,Very Low,23.85519801980198,,Not Applicable,,,53001
53003,Washington,Asotin,17.90712468193384,Very Low,14.263613861386137,,Not Applicable,,,53003
53005,Washington,Benton,87.08651399491094,Relatively Moderate,87.77846534653465,,Not Applicable,,,53005
53007,Washington,Chelan,90.87150127226464,Relatively Moderate,89.60396039603961,,Not Applicable,,,53007
53009,Washington,Clallam,89.7264631043257,Relatively Moderate,86.72648514851485,,Not Applicable,,55.800000000000004,53009
53011,Washington,Clark,92.23918575063614,Relatively Moderate,94.36881188118812,,Not Applicable,,29.2,53011
53013,Washington,Columbia,8.555979643765903,Very Low,7.827970297029703,,Not Applicable,,,53013
53015,Washington,Cowlitz,90.29898218829516,Relatively Moderate,89.57301980198021,,Not Applicable,,51.0,53015
53017,Washington,Douglas,74.07760814249363,Relatively Low,69.77103960396039,,Not Applicable,,,53017
53019,Washington,Ferry,51.653944020356235,Relatively Low,36.91212871287129,,Not Applicable,,,53019
53021,Washington,Franklin,72.48727735368958,Relatively Low,74.75247524752476,,Not Applicable,,,53021
53023,Washington,Garfield,1.590330788804071,Very Low,2.073019801980198,,Not Applicable,,,53023
53025,Washington,Grant,76.94020356234097,Relatively Low,71.56559405940595,,Not Applicable,,,53025
53027,Washington,Grays Harbor,96.97837150127226,Relatively High,95.94678217821783,,Not Applicable,,99.0,53027
53029,Washington,Island,77.98982188295165,Relatively Low,79.30074257425743,,Not Applicable,,73.4,53029
53031,Washington,Jefferson,64.3765903307888,Relatively Low,54.85767326732673,,Not Applicable,,64.4,53031
53033,Washington,King,99.68193384223919,Very High,99.72153465346535,,Not Applicable,,71.0,53033
53035,Washington,Kitsap,92.30279898218829,Relatively Moderate,94.43069306930693,,Not Applicable,,79.4,53035
53037,Washington,Kittitas,89.12213740458014,Relatively Moderate,88.58292079207921,,Not Applicable,,,53037
53039,Washington,Klickitat,73.88676844783714,Relatively Low,68.87376237623762,,Not Applicable,,,53039
53041,Washington,Lewis,89.69465648854961,Relatively Moderate,87.93316831683168,,Not Applicable,,,53041
53043,Washington,Lincoln,54.898218829516544,Relatively Low,47.12252475247525,,Not Applicable,,,53043
53045,Washington,Mason,85.33715012722645,Relatively Moderate,81.7141089108911,,Not Applicable,,75.2,53045
53047,Washington,Okanogan,89.18575063613231,Relatively Moderate,84.03465346534654,,Not Applicable,,,53047
53049,Washington,Pacific,92.74809160305344,Relatively Moderate,91.24381188118812,,Not Applicable,,75.0,53049
53051,Washington,Pend Oreille,28.021628498727736,Very Low,31.280940594059402,,Not Applicable,,,53051
53053,Washington,Pierce,98.53689567430025,Relatively High,99.13366336633663,,Not Applicable,,71.39999999999999,53053
53055,Washington,San Juan,35.36895674300254,Very Low,34.74628712871287,,Not Applicable,,58.4,53055
53057,Washington,Skagit,88.77226463104326,Relatively Moderate,88.95420792079209,,Not Applicable,,91.4,53057
53059,Washington,Skamania,49.68193384223918,Relatively Low,59.25123762376238,,Not Applicable,,17.4,53059
53061,Washington,Snohomish,97.86895674300254,Relatively High,98.70049504950495,,Not Applicable,,77.60000000000001,53061
53063,Washington,Spokane,89.98091603053436,Relatively Moderate,90.5940594059406,,Not Applicable,,,53063
53065,Washington,Stevens,60.33715012722646,Relatively Low,57.209158415841586,,Not Applicable,,,53065
53067,Washington,Thurston,94.49745547073792,Relatively High,95.45173267326733,,Not Applicable,,58.599999999999994,53067
53069,Washington,Wahkiakum,19.27480916030534,Very Low,17.35767326732673,,Not Applicable,,70.39999999999999,53069
53071,Washington,Walla Walla,60.36895674300254,Relatively Low,61.13861386138614,,Not Applicable,,,53071
53073,Washington,Whatcom,90.96692111959288,Relatively Moderate,91.55321782178217,,Not Applicable,,63.2,53073
53075,Washington,Whitman,39.75826972010178,Very Low,49.10272277227723,,Not Applicable,,,53075
53077,Washington,Yakima,94.0203562340967,Relatively Moderate,92.32673267326733,,Not Applicable,,,53077
54001,West Virginia,Barbour,24.013994910941474,Very Low,25.247524752475247,47.68460575719649,Very Low,56302.98725150901,,54001
54003,West Virginia,Berkeley,68.25699745547074,Relatively Low,76.85643564356435,80.35043804755945,Relatively Low,2602369.054315829,,54003
54005,West Virginia,Boone,69.37022900763358,Relatively Low,58.415841584158414,44.13850646641635,Very Low,28065.026473164224,,54005
54007,West Virginia,Braxton,36.16412213740458,Very Low,29.76485148514851,45.72382144347101,Very Low,37192.8677840483,,54007
54009,West Virginia,Brooke,54.230279898218825,Relatively Low,44.12128712871287,52.4822695035461,Very Low,63826.366028257165,,54009
54011,West Virginia,Cabell,85.36895674300254,Relatively Moderate,83.41584158415841,57.23821443471005,Very Low,132032.07651837685,,54011
54013,West Virginia,Calhoun,16.825699745547073,Very Low,12.80940594059406,44.55569461827284,Very Low,33253.98682527276,,54013
54015,West Virginia,Clay,22.296437659033078,Very Low,11.66460396039604,28.53566958698373,Very Low,7584.074912732471,,54015
54017,West Virginia,Doddridge,14.440203562340967,Very Low,18.007425742574256,36.71255736337088,Very Low,24881.81215394037,,54017
54019,West Virginia,Fayette,53.43511450381679,Relatively Low,49.226485148514854,42.01084689194827,Very Low,28794.760455373827,,54019
54021,West Virginia,Gilmer,11.450381679389313,Very Low,16.862623762376238,41.80225281602002,Very Low,39536.77578450646,,54021
54023,West Virginia,Grant,33.17430025445292,Very Low,27.22772277227723,64.58072590738423,Relatively Low,257617.26681696821,,54023
54025,West Virginia,Greenbrier,75.76335877862596,Relatively Low,68.40965346534654,53.40008343763037,Very Low,75606.58946857817,,54025
54027,West Virginia,Hampshire,38.0089058524173,Very Low,36.35519801980198,65.6654151022111,Relatively Low,327767.6363273478,,54027
54029,West Virginia,Hancock,40.68066157760814,Very Low,41.584158415841586,51.31414267834794,Very Low,76521.2862872007,,54029
54031,West Virginia,Hardy,42.461832061068705,Very Low,38.149752475247524,72.67417605340009,Relatively Low,618236.8713756182,,54031
54033,West Virginia,Harrison,73.60050890585241,Relatively Low,70.88490099009901,60.575719649561954,Relatively Low,194262.7056105173,,54033
54035,West Virginia,Jackson,56.45674300254453,Relatively Low,51.39232673267327,56.52899457655403,Very Low,114827.70921117284,,54035
54037,West Virginia,Jefferson,47.80534351145038,Relatively Low,58.01361386138614,69.0863579474343,Relatively Low,660415.3206028325,,54037
54039,West Virginia,Kanawha,94.529262086514,Relatively High,93.90470297029702,64.41385064664163,Relatively Low,293886.54658985866,,54039
54041,West Virginia,Lewis,43.70229007633588,Relatively Low,41.98638613861386,47.3508552357113,Very Low,49859.639920870926,,54041
54043,West Virginia,Lincoln,59.70101781170484,Relatively Low,51.36138613861386,47.43429286608261,Very Low,42749.086457540914,,54043
54045,West Virginia,Logan,79.23027989821882,Relatively Low,72.3391089108911,54.276178556529,Very Low,83137.06457966592,,54045
54047,West Virginia,McDowell,76.65394402035624,Relatively Low,61.540841584158414,55.19399249061326,Very Low,69936.19207277017,,54047
54049,West Virginia,Marion,71.50127226463104,Relatively Low,72.12252475247524,58.78181059657906,Relatively Low,181218.5687619077,,54049
54051,West Virginia,Marshall,56.80661577608143,Relatively Low,56.34282178217822,51.73133083020443,Very Low,79668.09778890239,,54051
54053,West Virginia,Mason,57.44274809160306,Relatively Low,51.60891089108911,57.5302461410096,Very Low,122700.31468955798,,54053
54055,West Virginia,Mercer,65.235368956743,Relatively Low,57.54950495049505,50.02085940759282,Very Low,55124.68905882866,,54055
54057,West Virginia,Mineral,52.83078880407125,Relatively Low,49.84529702970298,59.69962453066333,Relatively Low,168565.1929295372,,54057
54059,West Virginia,Mingo,72.58269720101781,Relatively Low,55.940594059405946,51.606174384647474,Very Low,47436.9969318146,,54059
54061,West Virginia,Monongalia,71.53307888040712,Relatively Low,77.53712871287128,63.16228619107217,Relatively Low,351299.97765647515,,54061
54063,West Virginia,Monroe,28.27608142493639,Very Low,18.90470297029703,45.6403838130997,Very Low,32799.27266856027,,54063
54065,West Virginia,Morgan,30.438931297709924,Very Low,25.092821782178216,62.619941593658744,Relatively Low,209104.2826078384,,54065
54067,West Virginia,Nicholas,58.17430025445292,Relatively Low,48.76237623762376,46.14100959532749,Very Low,35760.22767069089,,54067
54069,West Virginia,Ohio,69.81552162849873,Relatively Low,73.63861386138613,52.10680016687525,Very Low,98545.69316620383,,54069
54071,West Virginia,Pendleton,30.12086513994911,Very Low,34.43688118811881,60.82603254067585,Relatively Low,227313.96246657614,,54071
54073,West Virginia,Pleasants,20.260814249363868,Very Low,15.594059405940595,43.012098456403834,Very Low,29738.887915264375,,54073
54075,West Virginia,Pocahontas,27.544529262086513,Very Low,20.792079207920793,48.10179390905298,Very Low,45850.93179470727,,54075
54077,West Virginia,Preston,33.842239185750635,Very Low,31.528465346534652,55.11055486024197,Very Low,103466.19063714363,,54077
54079,West Virginia,Putnam,74.01399491094148,Relatively Low,75.68069306930693,51.522736754276174,Very Low,87033.78592352626,,54079
54081,West Virginia,Raleigh,65.52162849872774,Relatively Low,60.36509900990099,52.899457655402585,Very Low,77257.28170166693,,54081
54083,West Virginia,Randolph,57.06106870229007,Relatively Low,58.10643564356436,50.81351689612015,Very Low,74781.57487533921,,54083
54085,West Virginia,Ritchie,16.125954198473284,Very Low,17.11014851485149,45.68210262828536,Very Low,46074.60967930754,,54085
54087,West Virginia,Roane,45.00636132315521,Relatively Low,34.839108910891085,51.481017939090535,Very Low,58411.40780253605,,54087
54089,West Virginia,Summers,40.235368956743,Very Low,27.073019801980198,41.63537755527743,Very Low,21750.272767066755,,54089
54091,West Virginia,Taylor,23.505089058524174,Very Low,25.46410891089109,45.431789737171464,Very Low,45554.21311420525,,54091
54093,West Virginia,Tucker,12.563613231552162,Very Low,10.983910891089108,47.05882352941176,Very Low,46752.05449536005,,54093
54095,West Virginia,Tyler,35.591603053435115,Very Low,22.741336633663366,48.81101376720901,Very Low,41405.263325951244,,54095
54097,West Virginia,Upshur,44.847328244274806,Relatively Low,40.93440594059406,47.80976220275344,Very Low,49550.51809296918,,54097
54099,West Virginia,Wayne,79.80279898218829,Relatively Low,73.05074257425743,46.725073007926575,Very Low,39681.97024840137,,54099
54101,West Virginia,Webster,35.273536895674305,Very Low,18.935643564356436,31.87317480183563,Very Low,9275.823079155134,,54101
54103,West Virginia,Wetzel,56.902035623409674,Relatively Low,53.27970297029702,50.89695452649144,Very Low,65424.98480511223,,54103
54105,West Virginia,Wirt,9.033078880407125,Very Low,7.889851485148515,29.870671672924487,Very Low,12172.382041573781,,54105
54107,West Virginia,Wood,79.83460559796438,Relatively Low,77.78465346534654,60.03337505214852,Relatively Low,187561.6789419312,,54107
54109,West Virginia,Wyoming,67.36641221374046,Relatively Low,58.57054455445545,51.105548602419695,Very Low,57548.40883711948,,54109
55001,Wisconsin,Adams,70.8969465648855,Relatively Low,59.71534653465347,9.470171047142262,Very Low,1141.6384628985065,,55001
55003,Wisconsin,Ashland,31.679389312977097,Very Low,29.207920792079207,0.0,No Rating,0.0,14.6,55003
55005,Wisconsin,Barron,68.63867684478372,Relatively Low,69.02846534653465,0.0,No Rating,0.0,,55005
55007,Wisconsin,Bayfield,35.08269720101781,Very Low,32.24009900990099,0.0,No Rating,0.0,24.4,55007
55009,Wisconsin,Brown,90.04452926208651,Relatively Moderate,90.90346534653465,26.115978306216103,Very Low,12482.27537044846,46.400000000000006,55009
55011,Wisconsin,Buffalo,14.53562340966921,Very Low,22.09158415841584,0.0,No Rating,0.0,,55011
55013,Wisconsin,Burnett,49.33206106870229,Relatively Low,40.77970297029702,,Not Applicable,,,55013
55015,Wisconsin,Calumet,30.18447837150127,Very Low,57.98267326732673,10.17939090529829,Very Low,3788.406288347958,,55015
55017,Wisconsin,Chippewa,67.33460559796438,Relatively Low,73.79331683168317,0.0,No Rating,0.0,,55017
55019,Wisconsin,Clark,68.44783715012723,Relatively Low,56.12623762376238,0.0,No Rating,0.0,,55019
55021,Wisconsin,Columbia,81.42493638676844,Relatively Moderate,84.18935643564357,10.596579057154777,Very Low,2378.3060629188903,,55021
55023,Wisconsin,Crawford,46.21501272264631,Relatively Low,48.948019801980195,8.1351689612015,Very Low,1142.948310276241,,55023
55025,Wisconsin,Dane,93.86132315521628,Relatively Moderate,95.26608910891089,29.161451814768462,Very Low,16576.95831705564,,55025
55027,Wisconsin,Dodge,69.91094147582697,Relatively Low,75.99009900990099,18.439716312056735,Very Low,6218.909977541011,,55027
55029,Wisconsin,Door,46.88295165394402,Relatively Low,49.75247524752475,0.0,No Rating,0.0,40.2,55029
55031,Wisconsin,Douglas,62.37277353689568,Relatively Low,67.88366336633663,,Not Applicable,,24.0,55031
55033,Wisconsin,Dunn,48.791348600508904,Relatively Low,63.67574257425742,0.0,No Rating,0.0,,55033
55035,Wisconsin,Eau Claire,78.30788804071247,Relatively Low,83.01361386138613,0.0,No Rating,0.0,,55035
55037,Wisconsin,Florence,54.19847328244275,Relatively Low,55.87871287128713,0.0,No Rating,0.0,,55037
55039,Wisconsin,Fond du Lac,76.30407124681933,Relatively Low,81.62128712871286,20.650813516896118,Very Low,7877.485907198643,,55039
55041,Wisconsin,Forest,47.391857506361326,Relatively Low,41.491336633663366,0.0,No Rating,0.0,,55041
55043,Wisconsin,Grant,61.06870229007634,Relatively Low,61.974009900990104,15.310805173133083,Very Low,3647.4551678312055,,55043
55045,Wisconsin,Green,46.4058524173028,Relatively Low,56.37376237623762,10.721735502711722,Very Low,2596.8455189798538,,55045
55047,Wisconsin,Green Lake,58.0470737913486,Relatively Low,48.85519801980198,12.682519816437212,Very Low,2088.0549734589786,,55047
55049,Wisconsin,Iowa,23.377862595419845,Very Low,38.273514851485146,8.17688777638715,Very Low,1593.0089707453144,,55049
55051,Wisconsin,Iron,11.482188295165395,Very Low,7.673267326732673,0.0,No Rating,0.0,21.8,55051
55053,Wisconsin,Jackson,48.05979643765903,Relatively Low,45.01856435643564,0.0,No Rating,0.0,,55053
55055,Wisconsin,Jefferson,75.79516539440203,Relatively Low,80.7240099009901,14.392991239048811,Very Low,4157.784602173466,,55055
55057,Wisconsin,Juneau,70.80152671755725,Relatively Low,66.55321782178217,8.552357113057989,Very Low,1147.3349159279833,,55057
55059,Wisconsin,Kenosha,84.95547073791349,Relatively Moderate,86.78836633663366,18.1476846057572,Very Low,5774.036295850369,30.8,55059
55061,Wisconsin,Kewaunee,17.302798982188293,Very Low,28.6509900990099,16.562369628702545,Very Low,5568.347360309101,30.2,55061
55063,Wisconsin,La Crosse,80.53435114503816,Relatively Low,84.74628712871286,0.0,No Rating,0.0,,55063
55065,Wisconsin,Lafayette,33.14249363867685,Very Low,42.26485148514851,13.391739674593243,Very Low,3590.285981283525,,55065
55067,Wisconsin,Langlade,49.55470737913486,Relatively Low,50.89727722772277,0.0,No Rating,0.0,,55067
55069,Wisconsin,Lincoln,52.639949109414765,Relatively Low,59.09653465346535,0.0,No Rating,0.0,,55069
55071,Wisconsin,Manitowoc,68.92493638676844,Relatively Low,74.65965346534654,21.735502711722987,Very Low,8100.810547352407,32.2,55071
55073,Wisconsin,Marathon,87.1501272264631,Relatively Moderate,88.36633663366337,0.0,No Rating,0.0,,55073
55075,Wisconsin,Marinette,80.02544529262087,Relatively Low,80.44554455445545,0.0,No Rating,0.0,15.8,55075
55077,Wisconsin,Marquette,47.58269720101781,Relatively Low,46.62747524752475,7.592824363788068,Very Low,734.3581442603485,,55077
55078,Wisconsin,Menominee,9.12849872773537,Very Low,4.888613861386139,0.0,No Rating,0.0,,55078
55079,Wisconsin,Milwaukee,98.37786259541986,Relatively High,98.11262376237624,18.773466833541928,Very Low,4641.947298808479,35.6,55079
55081,Wisconsin,Monroe,78.84860050890585,Relatively Low,72.77227722772277,11.347517730496454,Very Low,1830.277971877496,,55081
55083,Wisconsin,Oconto,61.45038167938931,Relatively Low,64.32549504950495,0.0,No Rating,0.0,37.8,55083
55085,Wisconsin,Oneida,62.531806615776084,Relatively Low,66.1819306930693,0.0,No Rating,0.0,,55085
55087,Wisconsin,Outagamie,79.67557251908397,Relatively Low,85.95297029702971,18.189403420942845,Very Low,7254.0530756588805,,55087
55089,Wisconsin,Ozaukee,50.31806615776081,Relatively Low,75.12376237623762,7.467667918231122,Very Low,1506.7819613171769,31.0,55089
55091,Wisconsin,Pepin,7.188295165394402,Very Low,8.353960396039604,0.0,No Rating,0.0,,55091
55093,Wisconsin,Pierce,42.33460559796438,Very Low,58.292079207920786,,Not Applicable,,,55093
55095,Wisconsin,Polk,63.295165394402034,Relatively Low,65.28465346534654,,Not Applicable,,,55095
55097,Wisconsin,Portage,62.72264631043257,Relatively Low,77.22772277227723,0.0,No Rating,0.0,,55097
55099,Wisconsin,Price,32.31552162849873,Very Low,31.652227722772274,0.0,No Rating,0.0,,55099
55101,Wisconsin,Racine,85.43256997455471,Relatively Moderate,86.81930693069307,19.35753024614101,Very Low,6284.036986018299,25.0,55101
55103,Wisconsin,Richland,51.55852417302798,Relatively Low,46.50371287128713,8.635794743429287,Very Low,1110.878802950472,,55103
55105,Wisconsin,Rock,86.35496183206108,Relatively Moderate,88.14975247524752,14.935335836462244,Very Low,4480.547346650117,,55105
55107,Wisconsin,Rusk,37.27735368956743,Very Low,36.788366336633665,0.0,No Rating,0.0,,55107
55109,Wisconsin,St. Croix,64.12213740458014,Relatively Low,77.28960396039604,,Not Applicable,,,55109
55111,Wisconsin,Sauk,72.10559796437659,Relatively Low,77.10396039603961,9.011264080100124,Very Low,1765.4653711291269,,55111
55113,Wisconsin,Sawyer,74.49109414758269,Relatively Low,65.71782178217822,0.0,No Rating,0.0,,55113
55115,Wisconsin,Shawano,63.13613231552163,Relatively Low,69.09034653465346,0.0,No Rating,0.0,,55115
55117,Wisconsin,Sheboygan,70.19720101781171,Relatively Low,77.50618811881188,21.526908635794744,Very Low,8627.805629402994,27.0,55117
55119,Wisconsin,Taylor,37.18193384223918,Very Low,39.78960396039604,0.0,No Rating,0.0,,55119
55121,Wisconsin,Trempealeau,58.651399491094146,Relatively Low,60.64356435643564,0.0,No Rating,0.0,,55121
55123,Wisconsin,Vernon,74.96819338422391,Relatively Low,68.13118811881188,9.637046307884855,Very Low,1302.5245118215362,,55123
55125,Wisconsin,Vilas,63.26335877862596,Relatively Low,58.04455445544554,0.0,No Rating,0.0,,55125
55127,Wisconsin,Walworth,74.77735368956743,Relatively Low,79.57920792079209,12.599082186065916,Very Low,3409.8816139132905,,55127
55129,Wisconsin,Washburn,32.76081424936387,Very Low,36.29331683168317,,Not Applicable,,,55129
55131,Wisconsin,Washington,68.32061068702289,Relatively Low,83.10643564356435,9.261576971214017,Very Low,2823.7170340828297,,55131
55133,Wisconsin,Waukesha,88.8676844783715,Relatively Moderate,93.62623762376238,9.720483938256153,Very Low,3164.73782161419,,55133
55135,Wisconsin,Waupaca,67.58905852417303,Relatively Low,66.1200495049505,0.0,No Rating,0.0,,55135
55137,Wisconsin,Waushara,43.25699745547074,Relatively Low,48.79331683168317,8.927826449728828,Very Low,1567.1067504700356,,55137
55139,Wisconsin,Winnebago,86.83206106870229,Relatively Moderate,88.42821782178217,16.896120150187734,Very Low,5283.81643623259,,55139
55141,Wisconsin,Wood,75.89058524173028,Relatively Low,79.33168316831683,0.0,No Rating,0.0,,55141
56001,Wyoming,Albany,48.473282442748086,Relatively Low,56.86881188118812,,Not Applicable,,,56001
56003,Wyoming,Big Horn,31.138676844783713,Very Low,30.35272277227723,,Not Applicable,,,56003
56005,Wyoming,Campbell,56.13867684478372,Relatively Low,67.63613861386139,,Not Applicable,,,56005
56007,Wyoming,Carbon,42.68447837150127,Very Low,43.40965346534654,,Not Applicable,,,56007
56009,Wyoming,Converse,31.424936386768447,Very Low,33.972772277227726,,Not Applicable,,,56009
56011,Wyoming,Crook,16.06234096692112,Very Low,18.780940594059405,,Not Applicable,,,56011
56013,Wyoming,Fremont,59.732824427480914,Relatively Low,57.82797029702971,,Not Applicable,,,56013
56015,Wyoming,Goshen,28.466921119592875,Very Low,32.95173267326732,,Not Applicable,,,56015
56017,Wyoming,Hot Springs,16.0941475826972,Very Low,11.50990099009901,,Not Applicable,,,56017
56019,Wyoming,Johnson,19.306615776081426,Very Low,20.699257425742573,,Not Applicable,,,56019
56021,Wyoming,Laramie,76.68575063613231,Relatively Low,80.7549504950495,,Not Applicable,,,56021
56023,Wyoming,Lincoln,51.908396946564885,Relatively Low,56.775990099009896,,Not Applicable,,,56023
56025,Wyoming,Natrona,68.86132315521628,Relatively Low,74.84529702970298,,Not Applicable,,,56025
56027,Wyoming,Niobrara,3.339694656488549,Very Low,1.670792079207921,,Not Applicable,,,56027
56029,Wyoming,Park,57.729007633587784,Relatively Low,59.99381188118812,,Not Applicable,,,56029
56031,Wyoming,Platte,25.731552162849873,Very Low,16.584158415841586,,Not Applicable,,,56031
56033,Wyoming,Sheridan,65.20356234096693,Relatively Low,68.62623762376238,,Not Applicable,,,56033
56035,Wyoming,Sublette,21.62849872773537,Very Low,26.825495049504948,,Not Applicable,,,56035
56037,Wyoming,Sweetwater,30.62977099236641,Very Low,40.84158415841584,,Not Applicable,,,56037
56039,Wyoming,Teton,70.64249363867684,Relatively Low,79.91955445544554,,Not Applicable,,,56039
56041,Wyoming,Uinta,16.698473282442748,Very Low,26.20668316831683,,Not Applicable,,,56041
56043,Wyoming,Washakie,24.36386768447837,Very Low,17.91460396039604,,Not Applicable,,,56043
56045,Wyoming,Weston,7.888040712468193,Very Low,11.540841584158416,,Not Applicable,,,56045
60010,American Samoa,Eastern,,Insufficient Data,81.99257425742574,,Insufficient Data,2826021.846006593,,60010
60020,American Samoa,Manu'a,,Insufficient Data,2.629950495049505,,Insufficient Data,139926.93554627438,,60020
60050,American Samoa,Western,,Insufficient Data,55.78589108910891,,Insufficient Data,4796867.869628763,,60050
66010,Guam,Guam,,Insufficient Data,96.28712871287128,,Insufficient Data,148706410.0641606,,66010
69100,Northern Mariana Islands,Rota,,Insufficient Data,4.26980198019802,,Insufficient Data,948997.6398284605,,69100
69110,Northern Mariana Islands,Saipan,,Insufficient Data,85.27227722772277,,Insufficient Data,21610756.75055292,,69110
69120,Northern Mariana Islands,Tinian,,Insufficient Data,2.97029702970297,,Insufficient Data,1311787.155478961,,69120
72001,Puerto Rico,Adjuntas,,Insufficient Data,61.10767326732673,,Insufficient Data,5723759.845534553,,72001
72003,Puerto Rico,Aguada,,Insufficient Data,78.6819306930693,,Insufficient Data,15760325.425252946,,72003
72005,Puerto Rico,Aguadilla,,Insufficient Data,86.60272277227723,,Insufficient Data,30387976.297829505,,72005
72007,Puerto Rico,Aguas Buenas,,Insufficient Data,59.56064356435643,,Insufficient Data,8599634.74513521,,72007
72009,Puerto Rico,Aibonito,,Insufficient Data,58.941831683168324,,Insufficient Data,9024812.993841192,,72009
72011,Puerto Rico,Añasco,,Insufficient Data,67.07920792079209,,Insufficient Data,9890400.120108504,,72011
72013,Puerto Rico,Arecibo,,Insufficient Data,91.1819306930693,,Insufficient Data,37960260.58498373,,72013
72015,Puerto Rico,Arroyo,,Insufficient Data,42.91460396039604,,Insufficient Data,7127526.369678036,,72015
72017,Puerto Rico,Barceloneta,,Insufficient Data,80.19801980198021,,Insufficient Data,18687953.01237468,,72017
72019,Puerto Rico,Barranquitas,,Insufficient Data,67.11014851485149,,Insufficient Data,9406929.957285699,,72019
72021,Puerto Rico,Bayamón,,Insufficient Data,94.83292079207921,,Insufficient Data,85128411.71674788,,72021
72023,Puerto Rico,Cabo Rojo,,Insufficient Data,79.64108910891089,,Insufficient Data,21496153.272935886,,72023
72025,Puerto Rico,Caguas,,Insufficient Data,91.70792079207921,,Insufficient Data,58941695.80893828,,72025
72027,Puerto Rico,Camuy,,Insufficient Data,74.9381188118812,,Insufficient Data,11344705.729452373,,72027
72029,Puerto Rico,Canóvanas,,Insufficient Data,73.01980198019803,,Insufficient Data,17397667.637639757,,72029
72031,Puerto Rico,Carolina,,Insufficient Data,94.2450495049505,,Insufficient Data,84251885.29915279,,72031
72033,Puerto Rico,Cataño,,Insufficient Data,70.35891089108911,,Insufficient Data,12876311.562080823,,72033
72035,Puerto Rico,Cayey,,Insufficient Data,72.67945544554455,,Insufficient Data,15007882.543345358,,72035
72037,Puerto Rico,Ceiba,,Insufficient Data,42.29579207920792,,Insufficient Data,7951814.170442036,,72037
72039,Puerto Rico,Ciales,,Insufficient Data,53.00123762376238,,Insufficient Data,6032425.662695521,,72039
72041,Puerto Rico,Cidra,,Insufficient Data,74.31930693069307,,Insufficient Data,16702744.324698895,,72041
72043,Puerto Rico,Coamo,,Insufficient Data,66.36757425742574,,Insufficient Data,12997794.206447192,,72043
72045,Puerto Rico,Comerío,,Insufficient Data,51.42326732673267,,Insufficient Data,5965501.905548021,,72045
72047,Puerto Rico,Corozal,,Insufficient Data,73.73143564356435,,Insufficient Data,11224994.001443256,,72047
72049,Puerto Rico,Culebra,,Insufficient Data,0.897277227722772,,Insufficient Data,1032721.8143500839,,72049
72051,Puerto Rico,Dorado,,Insufficient Data,79.02227722772277,,Insufficient Data,14589656.647716513,,72051
72053,Puerto Rico,Fajardo,,Insufficient Data,73.60767326732673,,Insufficient Data,18849082.03519299,,72053
72054,Puerto Rico,Florida,,Insufficient Data,27.691831683168317,,Insufficient Data,4124601.4813811304,,72054
72055,Puerto Rico,Guánica,,Insufficient Data,42.728960396039604,,Insufficient Data,6647234.979552843,,72055
72057,Puerto Rico,Guayama,,Insufficient Data,75.40222772277228,,Insufficient Data,20980470.722338557,,72057
72059,Puerto Rico,Guayanilla,,Insufficient Data,47.46287128712871,,Insufficient Data,6277815.570027061,,72059
72061,Puerto Rico,Guaynabo,,Insufficient Data,89.97524752475248,,Insufficient Data,48312378.56934659,,72061
72063,Puerto Rico,Gurabo,,Insufficient Data,73.42202970297029,,Insufficient Data,19382008.899497107,,72063
72065,Puerto Rico,Hatillo,,Insufficient Data,89.20173267326733,,Insufficient Data,14820822.711970063,,72065
72067,Puerto Rico,Hormigueros,,Insufficient Data,46.8440594059406,,Insufficient Data,6096517.457421393,,72067
72069,Puerto Rico,Humacao,,Insufficient Data,84.375,,Insufficient Data,32351975.572740305,,72069
72071,Puerto Rico,Isabela,,Insufficient Data,78.03217821782178,,Insufficient Data,15900559.093411831,,72071
72073,Puerto Rico,Jayuya,,Insufficient Data,61.88118811881188,,Insufficient Data,4830088.058671309,,72073
72075,Puerto Rico,Juana Díaz,,Insufficient Data,71.78217821782178,,Insufficient Data,17256356.2404576,,72075
72077,Puerto Rico,Juncos,,Insufficient Data,69.33787128712872,,Insufficient Data,16995565.818026528,,72077
72079,Puerto Rico,Lajas,,Insufficient Data,52.815594059405946,,Insufficient Data,9041979.442928603,,72079
72081,Puerto Rico,Lares,,Insufficient Data,69.2759900990099,,Insufficient Data,9293063.35875002,,72081
72083,Puerto Rico,Las Marías,,Insufficient Data,45.42079207920792,,Insufficient Data,2708061.2473514946,,72083
72085,Puerto Rico,Las Piedras,,Insufficient Data,71.8440594059406,,Insufficient Data,18723924.059918568,,72085
72087,Puerto Rico,Loíza,,Insufficient Data,63.42821782178218,,Insufficient Data,9994326.107392652,,72087
72089,Puerto Rico,Luquillo,,Insufficient Data,53.063118811881196,,Insufficient Data,9293853.499085287,,72089
72091,Puerto Rico,Manatí,,Insufficient Data,77.07301980198021,,Insufficient Data,19028857.23151541,,72091
72093,Puerto Rico,Maricao,,Insufficient Data,53.527227722772274,,Insufficient Data,1882036.643895644,,72093
72095,Puerto Rico,Maunabo,,Insufficient Data,24.133663366336634,,Insufficient Data,4095608.1044282033,,72095
72097,Puerto Rico,Mayagüez,,Insufficient Data,89.69678217821783,,Insufficient Data,39685123.65938544,,72097
72099,Puerto Rico,Moca,,Insufficient Data,70.20420792079209,,Insufficient Data,13053234.12289797,,72099
72101,Puerto Rico,Morovis,,Insufficient Data,62.22153465346535,,Insufficient Data,9358427.689643435,,72101
72103,Puerto Rico,Naguabo,,Insufficient Data,62.65470297029702,,Insufficient Data,11459681.526550023,,72103
72105,Puerto Rico,Naranjito,,Insufficient Data,67.54331683168317,,Insufficient Data,9359486.526951108,,72105
72107,Puerto Rico,Orocovis,,Insufficient Data,58.818069306930695,,Insufficient Data,6284366.690114564,,72107
72109,Puerto Rico,Patillas,,Insufficient Data,43.37871287128713,,Insufficient Data,7164884.995667476,,72109
72111,Puerto Rico,Peñuelas,,Insufficient Data,52.78465346534653,,Insufficient Data,8390756.130050771,,72111
72113,Puerto Rico,Ponce,,Insufficient Data,93.13118811881188,,Insufficient Data,73231858.72053787,,72113
72115,Puerto Rico,Quebradillas,,Insufficient Data,57.88985148514851,,Insufficient Data,8767565.538312769,,72115
72117,Puerto Rico,Rincón,,Insufficient Data,48.66955445544555,,Insufficient Data,6519760.4306305265,,72117
72119,Puerto Rico,Río Grande,,Insufficient Data,80.04331683168317,,Insufficient Data,23629305.973460916,,72119
72121,Puerto Rico,Sabana Grande,,Insufficient Data,53.83663366336634,,Insufficient Data,7855873.001110449,,72121
72123,Puerto Rico,Salinas,,Insufficient Data,64.75866336633663,,Insufficient Data,13478203.327139884,,72123
72125,Puerto Rico,San Germán,,Insufficient Data,71.03960396039604,,Insufficient Data,13451646.390760995,,72125
72127,Puerto Rico,San Juan,,Insufficient Data,98.85519801980197,,Insufficient Data,193328387.35134333,,72127
72129,Puerto Rico,San Lorenzo,,Insufficient Data,73.29826732673267,,Insufficient Data,14900998.15259539,,72129
72131,Puerto Rico,San Sebastián,,Insufficient Data,75.4641089108911,,Insufficient Data,15273009.808869598,,72131
72133,Puerto Rico,Santa Isabel,,Insufficient Data,47.86509900990099,,Insufficient Data,8701707.822089363,,72133
72135,Puerto Rico,Toa Alta,,Insufficient Data,78.71287128712872,,Insufficient Data,20333567.577572145,,72135
72137,Puerto Rico,Toa Baja,,Insufficient Data,86.9740099009901,,Insufficient Data,25052420.907878645,,72137
72139,Puerto Rico,Trujillo Alto,,Insufficient Data,82.54950495049505,,Insufficient Data,25675982.828758903,,72139
72141,Puerto Rico,Utuado,,Insufficient Data,86.66460396039604,,Insufficient Data,10517494.616462434,,72141
72143,Puerto Rico,Vega Alta,,Insufficient Data,73.23638613861387,,Insufficient Data,12432012.036363445,,72143
72145,Puerto Rico,Vega Baja,,Insufficient Data,85.79826732673267,,Insufficient Data,18261103.83249369,,72145
72147,Puerto Rico,Vieques,,Insufficient Data,22.02970297029703,,Insufficient Data,4647068.1235746555,,72147
72149,Puerto Rico,Villalba,,Insufficient Data,46.65841584158416,,Insufficient Data,6861859.364547812,,72149
72151,Puerto Rico,Yabucoa,,Insufficient Data,64.01608910891089,,Insufficient Data,12656540.756811144,,72151
72153,Puerto Rico,Yauco,,Insufficient Data,70.48267326732673,,Insufficient Data,10703066.20893091,,72153
78010,Virgin Islands,St. Croix,,Insufficient Data,87.09777227722772,,Insufficient Data,42187678.47554457,,78010
78020,Virgin Islands,St. John,,Insufficient Data,20.544554455445542,,Insufficient Data,5423595.816214678,,78020
78030,Virgin Islands,St. Thomas,,Insufficient Data,88.11881188118812,,Insufficient Data,40312002.9255987,,78030
09110,Connecticut,Capitol,97.36005089058524,Relatively High,97.74133663366337,93.15811430955361,Relatively High,15317302.910526378,38.4,09110
09120,Connecticut,Greater Bridgeport,91.76208651399492,Relatively Moderate,91.02722772277228,95.07717980809345,Relatively High,21851179.259666152,94.8,09120
09130,Connecticut,Lower Connecticut River Valley,83.84223918575063,Relatively Moderate,86.69554455445545,87.69294952023363,Relatively Moderate,6572098.173242264,79.60000000000001,09130
09140,Connecticut,Naugatuck Valley,93.19338422391857,Relatively Moderate,93.65717821782178,95.11889862327911,Relatively High,23649670.966690216,42.199999999999996,09140
09150,Connecticut,Northeastern Connecticut,62.75445292620865,Relatively Low,75.24752475247524,86.14935335836462,Relatively Moderate,6295057.271820629,0.0,09150
09160,Connecticut,Northwest Hills,79.6119592875318,Relatively Low,84.68440594059405,86.77513558614936,Relatively Moderate,6160303.404502575,,09160
09170,Connecticut,South Central Connecticut,95.13358778625954,Relatively High,95.04950495049505,96.99624530663328,Relatively High,37381242.30940977,93.8,09170
09180,Connecticut,Southeastern Connecticut,88.64503816793892,Relatively Moderate,89.26361386138613,94.74342928660826,Relatively High,22302862.168859206,71.2,09180
09190,Connecticut,Western Connecticut,96.27862595419847,Relatively High,96.9059405940594,96.95452649144765,Relatively High,44609622.14546803,89.8,09190
