fips,GeoName,TotalPop,happening,human,worried,personal,harmUS,devharm,futuregen,CO2limits,regulate
01001,"Autauga County, Alabama",41829,58.925,46.619,49.543,33.731,51.152,54.355,57.917,56.867,67.518
01003,"Baldwin County, Alabama",162434,60.59,46.056,51.564,33.873,51.285,54.925,59.75,55.341,67.055
01005,"Barbour County, Alabama",20346,66.975,51.662,58.408,42.343,57.677,59.994,62.346,65.633,71.58
01007,"Bibb County, Alabama",17885,57.679,44.925,48.393,34.331,50.411,52.464,56.048,56.225,66.303
01009,"Blount County, Alabama",44177,52.372,43.147,44.333,30.573,46.881,49.577,53.9,51.48,62.922
01011,"Bullock County, Alabama",8202,72.33,55.475,64.634,48.724,63.779,65.589,66.488,71.695,74.988
01013,"Butler County, Alabama",15459,65.254,49.914,55.568,40.172,56.221,58.277,61.215,63.792,70.97
01015,"Calhoun County, Alabama",89901,61.336,49.208,52.577,35.35,52.695,55.742,59.361,59.929,68.983
01017,"Chambers County, Alabama",26817,64.602,48.617,54.801,39.217,55.112,57.463,59.933,63.274,70.582
01019,"Cherokee County, Alabama",20567,56.216,44.947,46.982,32.391,48.938,51.077,55.491,54.485,65.136
01021,"Chilton County, Alabama",33283,56.115,45.575,47.737,33.714,50.364,52.555,56.34,55.706,65.842
01023,"Choctaw County, Alabama",10425,65.971,50.885,57.189,40.958,57.16,59.417,62.091,64.733,71.619
01025,"Clarke County, Alabama",19001,62.474,47.898,54.955,38.697,54.731,57.211,59.719,60.023,70.338
01027,"Clay County, Alabama",10560,54.66,43.25,46.736,31.949,47.603,50.192,53.944,54.408,65.142
01029,"Cleburne County, Alabama",11500,57.483,47.155,49.623,32.509,50.227,53.052,57.681,55.767,66.29
01031,"Coffee County, Alabama",39125,59.04,44.967,47.768,33.562,50.332,53.727,56.775,55.814,65.627
01033,"Colbert County, Alabama",42886,61.486,46.542,50.392,34.025,50.229,54.442,59.017,56.057,68.751
01035,"Conecuh County, Alabama",9862,62.348,48.39,54.42,38.987,54.228,56.494,58.726,62.571,70.781
01037,"Coosa County, Alabama",9004,61.468,47.515,52.629,37.414,53.617,55.721,58.839,60.162,68.921
01039,"Covington County, Alabama",29164,58.216,44.451,48.274,31.711,48.274,51.042,54.913,53.692,65.899
01041,"Crenshaw County, Alabama",10749,61.921,49.075,53.594,37.0,54.089,56.564,60.133,60.088,68.835
01043,"Cullman County, Alabama",63739,49.259,41.439,41.965,29.094,45.329,47.242,51.123,51.399,62.321
01045,"Dale County, Alabama",37748,59.623,46.494,50.468,34.697,51.189,53.867,57.155,56.553,66.982
01047,"Dallas County, Alabama",30317,70.438,54.218,63.288,46.387,61.206,64.411,65.96,70.417,74.982
01049,"DeKalb County, Alabama",53718,58.752,46.54,49.199,32.812,49.554,52.325,56.63,55.944,65.358
01051,"Elmore County, Alabama",62974,58.695,46.851,49.664,33.987,50.832,53.754,57.288,55.746,67.344
01053,"Escambia County, Alabama",29000,57.457,47.472,49.993,35.012,50.351,53.62,56.563,57.454,68.603
01055,"Etowah County, Alabama",80659,59.326,45.939,50.169,34.318,51.293,54.412,58.719,57.741,68.153
01057,"Fayette County, Alabama",13088,55.366,43.601,46.504,32.354,48.497,50.599,54.557,53.748,64.908
01059,"Franklin County, Alabama",23755,57.627,46.685,49.62,34.404,51.168,53.346,57.244,56.973,66.613
01061,"Geneva County, Alabama",20635,56.687,44.699,46.665,32.466,49.001,51.456,54.913,54.386,65.044
01063,"Greene County, Alabama",6570,71.194,54.412,64.563,48.524,63.819,65.571,66.436,68.652,75.268
01065,"Hale County, Alabama",11404,67.942,53.508,62.857,43.206,60.463,63.665,66.362,60.196,75.086
01067,"Henry County, Alabama",13547,59.998,46.203,51.041,35.47,51.577,54.319,57.621,58.175,67.666
01069,"Houston County, Alabama",79964,61.596,47.112,51.608,34.551,51.298,54.764,58.116,57.885,68.041
01071,"Jackson County, Alabama",40933,54.166,43.672,47.038,30.972,48.888,51.406,56.135,49.988,65.541
01073,"Jefferson County, Alabama",508231,66.697,52.751,59.561,41.585,59.39,62.179,64.611,70.037,74.449
01075,"Lamar County, Alabama",10868,52.636,41.975,44.844,30.77,47.399,49.483,53.801,49.27,64.349
01077,"Lauderdale County, Alabama",74063,63.4,51.166,53.737,34.654,51.393,56.017,60.831,57.564,68.685
01079,"Lawrence County, Alabama",25938,56.131,44.866,48.408,34.052,50.161,52.585,56.372,56.207,66.688
01081,"Lee County, Alabama",125087,69.091,52.884,57.361,37.373,55.702,60.439,64.35,63.999,71.702
01083,"Limestone County, Alabama",71644,54.14,46.883,49.248,33.178,49.826,52.953,56.151,54.882,65.569
01085,"Lowndes County, Alabama",7907,69.629,53.078,62.953,46.513,62.341,64.506,65.992,65.399,74.914
01087,"Macon County, Alabama",15682,72.42,55.208,64.946,48.951,63.8,66.115,67.279,71.121,76.439
01089,"Madison County, Alabama",278364,65.669,55.506,56.88,36.114,54.457,58.44,62.153,65.015,72.939
01091,"Marengo County, Alabama",15071,64.683,47.546,55.167,40.005,55.562,58.472,60.399,64.64,71.732
01093,"Marion County, Alabama",23649,55.167,43.729,45.219,30.825,47.343,49.474,54.46,53.905,64.328
01095,"Marshall County, Alabama",71493,57.655,45.095,48.256,32.38,48.999,52.417,57.198,54.958,65.968
01097,"Mobile County, Alabama",316322,62.65,49.715,54.78,38.475,55.334,58.239,59.695,60.696,73.172
01099,"Monroe County, Alabama",16591,63.042,48.84,55.479,37.599,53.452,57.105,59.794,62.135,71.143
01101,"Montgomery County, Alabama",173271,72.322,56.348,63.308,44.745,61.83,65.096,66.773,71.151,75.246
01103,"Morgan County, Alabama",91736,56.532,43.583,49.161,32.674,49.012,52.361,55.861,55.317,66.522
01105,"Perry County, Alabama",7418,70.238,54.015,63.515,46.949,61.726,64.038,65.652,70.294,75.007
01107,"Pickens County, Alabama",16444,65.324,50.857,56.874,40.217,56.822,58.775,61.132,64.478,70.215
01109,"Pike County, Alabama",26868,67.493,52.963,59.008,39.931,57.189,61.067,64.205,64.413,72.395
01111,"Randolph County, Alabama",17672,58.026,45.272,49.047,34.485,50.528,52.721,56.192,57.799,66.705
01113,"Russell County, Alabama",43865,67.022,52.067,58.679,42.155,57.495,60.742,63.519,66.402,72.629
01115,"St. Clair County, Alabama",67309,58.064,43.211,46.485,32.312,48.302,51.612,56.08,53.985,65.667
01117,"Shelby County, Alabama",160651,60.763,48.647,52.501,34.184,52.266,56.947,60.845,55.512,67.135
01119,"Sumter County, Alabama",10463,71.831,53.815,63.65,47.275,62.15,64.848,66.111,69.108,75.752
01121,"Talladega County, Alabama",63214,61.922,48.376,53.683,37.471,54.788,57.726,61.006,59.111,70.47
01123,"Tallapoosa County, Alabama",32072,61.673,48.409,52.995,35.862,51.901,55.46,59.268,58.464,68.311
01125,"Tuscaloosa County, Alabama",163036,64.144,48.428,53.098,38.718,55.089,58.841,61.709,63.243,70.559
01127,"Walker County, Alabama",50143,50.273,43.38,46.285,30.692,49.702,51.471,56.156,44.442,65.519
01129,"Washington County, Alabama",12940,54.185,45.911,50.625,35.292,54.619,55.897,59.91,46.366,68.046
01131,"Wilcox County, Alabama",8167,68.966,52.26,62.523,46.011,60.291,62.772,64.067,68.475,73.859
01133,"Winston County, Alabama",18884,54.685,43.807,45.541,31.502,48.402,50.222,54.745,53.686,64.078
02013,"Aleutians East Borough, Alaska",2935,74.302,60.451,66.216,49.999,68.498,71.276,74.247,70.541,72.016
02016,"Aleutians West Census Area, Alaska",4788,72.908,59.509,65.177,48.257,67.826,70.51,74.005,67.836,71.827
02020,"Anchorage Municipality, Alaska",222915,73.197,56.257,62.53,42.214,61.503,66.531,70.281,66.451,72.41
02050,"Bethel Census Area, Alaska",11593,73.782,60.876,67.149,50.167,69.2,71.705,74.63,69.647,71.682
02060,"Bristol Bay Borough, Alaska",697,72.369,57.859,62.765,44.229,64.885,68.131,72.747,67.887,71.922
02068,"Denali Borough, Alaska",1973,69.989,57.805,62.614,42.139,65.598,68.374,74.241,61.14,73.115
02070,"Dillingham Census Area, Alaska",3439,73.663,59.906,65.813,49.234,68.345,71.072,74.103,69.563,71.595
02090,"Fairbanks North Star Borough, Alaska",75497,69.617,54.079,60.897,39.643,60.583,65.091,70.46,64.844,72.05
02100,"Haines Borough, Alaska",1960,73.24,57.622,62.199,42.336,63.697,67.161,72.612,69.356,72.222
02105,"Hoonah-Angoon Census Area, Alaska",1801,75.606,61.538,67.302,47.124,67.411,71.118,75.447,71.323,73.917
02110,"Juneau City and Borough, Alaska",25349,73.773,58.858,65.589,43.256,64.978,69.901,75.165,70.227,73.776
02122,"Kenai Peninsula Borough, Alaska",44941,70.72,55.762,61.484,40.871,62.017,65.591,71.323,67.193,72.847
02130,"Ketchikan Gateway Borough, Alaska",10724,73.829,58.999,63.396,43.922,64.424,68.173,73.261,70.179,73.003
02150,"Kodiak Island Borough, Alaska",10073,73.506,58.835,64.144,45.897,65.836,68.859,73.248,69.837,72.062
02158,"Kusilvak Census Area, Alaska",4877,73.132,60.707,66.985,50.693,69.39,71.6,74.243,69.251,71.196
02164,"Lake and Peninsula Borough, Alaska",1002,73.208,59.488,65.238,48.593,67.928,70.584,73.852,69.209,71.377
02170,"Matanuska-Susitna Borough, Alaska",75364,68.16,54.18,59.268,39.664,59.821,63.348,69.521,65.004,72.48
02180,"Nome Census Area, Alaska",6520,73.215,59.672,65.535,49.101,68.264,70.777,73.847,69.062,71.208
02185,"North Slope Borough, Alaska",7254,74.603,61.493,66.586,46.388,66.96,70.898,74.94,69.68,72.854
02188,"Northwest Arctic Borough, Alaska",5014,73.019,59.711,65.581,49.556,68.477,70.787,73.698,69.094,70.924
02195,"Petersburg Borough, Alaska",2520,73.332,58.549,63.851,45.215,65.253,68.074,72.952,69.884,72.261
02198,"Prince of Wales-Hyder Census Area, Alaska",4936,73.67,59.325,64.788,46.085,66.124,69.328,73.671,70.023,72.461
02220,"Sitka City and Borough, Alaska",6796,76.841,61.818,67.026,45.033,66.397,70.599,75.37,71.6,74.189
02230,"Skagway Municipality, Alaska",878,75.518,60.86,65.733,42.889,64.781,69.289,75.028,71.195,74.596
02240,"Southeast Fairbanks Census Area, Alaska",5008,71.373,56.725,61.677,42.525,63.369,66.179,71.717,67.619,72.105
02261,"Valdez-Cordova Census Area, Alaska",7103,72.887,58.277,63.017,43.715,64.683,67.901,73.13,68.188,72.551
02275,"Wrangell City and Borough, Alaska",1989,72.915,58.35,63.442,44.151,64.44,67.325,72.522,69.763,72.614
02282,"Yakutat City and Borough, Alaska",502,73.277,58.963,64.192,46.418,66.287,69.398,73.364,69.164,71.938
02290,"Yukon-Koyukuk Census Area, Alaska",3917,74.584,61.481,67.307,48.844,68.474,71.846,75.164,70.242,72.788
04001,"Apache County, Arizona",51692,69.358,59.386,67.796,47.433,67.304,69.243,71.69,60.02,75.007
04003,"Cochise County, Arizona",98482,65.125,52.467,59.712,40.686,58.516,60.365,63.533,60.566,70.694
04005,"Coconino County, Arizona",110571,72.083,60.61,67.358,47.406,66.532,68.821,71.894,65.121,75.683
04007,"Gila County, Arizona",42548,65.677,50.254,55.471,38.708,55.745,57.552,61.307,60.853,68.188
04009,"Graham County, Arizona",27544,66.466,50.717,57.908,40.59,57.802,60.187,64.235,61.321,69.552
04011,"Greenlee County, Arizona",6866,65.743,51.045,58.69,40.004,55.992,58.765,62.484,59.788,69.75
04012,"La Paz County, Arizona",17288,67.211,52.309,58.457,41.273,59.021,60.039,63.593,62.137,68.741
04013,"Maricopa County, Arizona",3211667,69.218,55.49,60.979,39.99,60.8,63.309,67.495,63.777,72.525
04015,"Mohave County, Arizona",169179,61.763,47.249,53.176,36.823,53.516,55.012,58.937,55.92,66.932
04017,"Navajo County, Arizona",79026,70.496,56.493,62.626,44.487,63.264,64.995,68.065,62.817,72.082
04019,"Pima County, Arizona",801273,78.887,62.128,71.552,50.213,65.968,69.509,73.385,74.586,77.213
04021,"Pinal County, Arizona",321619,68.797,51.303,60.236,42.088,59.778,62.095,63.322,65.046,73.461
04023,"Santa Cruz County, Arizona",33712,75.834,59.453,69.508,50.229,65.613,67.154,69.69,71.223,75.367
04025,"Yavapai County, Arizona",186873,63.266,50.551,55.561,37.602,56.225,57.744,62.368,63.333,69.049
04027,"Yuma County, Arizona",154560,71.051,56.449,64.365,46.069,61.269,63.378,65.806,66.179,71.939
05001,"Arkansas County, Arkansas",13945,66.804,51.1,57.864,38.209,56.25,61.123,65.645,63.081,69.937
05003,"Ashley County, Arkansas",15772,63.449,46.931,53.076,36.725,53.648,57.078,60.831,59.377,67.648
05005,"Baxter County, Arkansas",33993,63.915,46.219,49.175,32.443,50.988,56.438,62.739,56.486,66.274
05007,"Benton County, Arkansas",189690,65.897,50.851,57.284,35.693,54.26,60.773,66.747,61.022,68.95
05009,"Boone County, Arkansas",28774,62.203,46.332,51.568,33.92,52.092,56.054,62.177,57.722,65.507
05011,"Bradley County, Arkansas",8351,65.962,49.724,56.839,40.291,57.432,60.914,64.561,63.307,68.782
05013,"Calhoun County, Arkansas",4166,58.442,43.7,49.412,33.679,50.545,54.397,58.914,54.705,65.523
05015,"Carroll County, Arkansas",21756,63.228,50.196,54.243,36.488,54.817,59.362,64.475,62.018,68.424
05017,"Chicot County, Arkansas",8370,70.308,53.416,62.573,45.53,62.148,65.74,68.619,68.905,73.31
05019,"Clark County, Arkansas",18120,70.033,53.679,60.005,41.059,59.773,64.114,68.448,67.129,71.898
05021,"Clay County, Arkansas",11745,62.094,46.145,51.461,34.621,51.761,55.607,62.646,61.045,68.008
05023,"Cleburne County, Arkansas",20431,59.592,44.866,48.497,32.71,50.894,54.696,60.254,56.482,64.391
05025,"Cleveland County, Arkansas",6363,59.111,44.509,48.979,33.208,50.635,54.416,59.435,56.284,65.213
05027,"Columbia County, Arkansas",18826,65.082,48.365,55.49,38.105,55.377,59.766,63.715,61.193,68.855
05029,"Conway County, Arkansas",16123,66.478,51.183,56.702,37.0,55.779,60.421,65.314,63.206,70.46
05031,"Craighead County, Arkansas",79505,63.604,49.852,55.636,35.892,55.14,59.951,65.605,61.521,68.915
05033,"Crawford County, Arkansas",46986,60.321,45.948,49.212,33.213,50.321,54.959,61.334,54.63,65.209
05035,"Crittenden County, Arkansas",35567,71.487,54.121,61.955,43.927,61.849,65.522,68.622,67.667,72.305
05037,"Cross County, Arkansas",12915,65.294,49.334,55.24,37.019,54.825,58.766,63.785,61.598,68.374
05039,"Dallas County, Arkansas",5739,70.384,53.809,61.82,42.415,60.322,64.645,68.3,67.211,72.284
05041,"Desha County, Arkansas",8833,68.014,50.776,59.787,42.599,58.964,62.493,65.487,66.134,71.272
05043,"Drew County, Arkansas",14487,66.152,49.821,56.162,38.698,56.4,60.548,64.804,62.976,69.513
05045,"Faulkner County, Arkansas",93692,64.695,50.738,54.762,35.484,54.434,59.482,63.873,63.482,68.214
05047,"Franklin County, Arkansas",13608,56.887,45.296,48.509,33.344,51.116,54.607,59.762,57.119,64.909
05049,"Fulton County, Arkansas",9653,60.243,46.101,50.008,33.243,51.168,55.215,60.842,57.753,65.535
05051,"Garland County, Arkansas",78234,65.635,49.677,55.358,36.531,55.655,60.061,64.662,62.42,68.855
05053,"Grant County, Arkansas",13934,57.481,44.237,47.977,31.642,49.93,54.003,59.585,53.311,65.101
05055,"Greene County, Arkansas",33632,59.873,47.056,51.133,32.655,50.888,55.855,61.312,57.971,66.507
05057,"Hempstead County, Arkansas",16301,66.626,51.099,57.231,39.478,57.63,61.614,65.419,63.22,69.284
05059,"Hot Spring County, Arkansas",26512,61.026,48.637,53.824,34.444,53.275,57.805,62.988,56.959,67.585
05061,"Howard County, Arkansas",9937,63.835,48.861,55.005,38.471,56.278,59.699,63.721,61.243,67.385
05063,"Independence County, Arkansas",28369,55.306,46.966,50.711,32.352,54.456,57.672,64.303,43.669,65.938
05065,"Izard County, Arkansas",11099,62.543,48.502,51.564,34.287,53.181,57.053,62.298,60.016,66.745
05067,"Jackson County, Arkansas",13750,62.178,48.034,53.781,36.419,54.493,58.166,62.815,59.656,67.696
05069,"Jefferson County, Arkansas",54651,67.494,53.263,61.21,43.579,60.898,64.769,67.981,62.208,74.874
05071,"Johnson County, Arkansas",19902,63.322,49.849,54.447,36.492,54.852,58.422,62.994,61.129,66.885
05073,"Lafayette County, Arkansas",5555,65.433,49.029,56.35,39.556,57.012,60.458,64.084,62.509,68.678
05075,"Lawrence County, Arkansas",12935,60.494,46.451,50.406,32.701,50.637,55.221,60.951,57.488,65.904
05077,"Lee County, Arkansas",7626,70.491,53.299,62.477,45.389,62.075,65.2,67.813,69.056,72.356
05079,"Lincoln County, Arkansas",11321,64.801,49.715,55.682,37.619,54.805,59.517,63.785,62.146,69.037
05081,"Little River County, Arkansas",9668,60.116,44.548,50.134,34.506,51.441,55.365,59.935,56.776,66.159
05083,"Logan County, Arkansas",16930,58.912,46.09,50.16,33.803,51.999,55.516,60.526,57.791,65.899
05085,"Lonoke County, Arkansas",53331,59.129,43.974,48.804,31.814,49.19,54.59,59.99,56.054,65.382
05087,"Madison County, Arkansas",12265,62.471,49.399,53.863,34.294,52.882,57.672,63.246,60.025,67.933
05089,"Marion County, Arkansas",13389,61.206,46.173,49.924,33.445,52.287,56.203,61.757,58.229,66.083
05091,"Miller County, Arkansas",33324,63.87,47.234,53.987,36.023,53.207,58.164,62.821,59.594,67.675
05093,"Mississippi County, Arkansas",31430,70.093,52.774,61.108,40.657,58.714,63.175,66.898,65.905,71.989
05095,"Monroe County, Arkansas",5772,68.728,52.202,60.388,43.388,60.578,63.451,66.765,67.194,71.245
05097,"Montgomery County, Arkansas",7297,59.802,47.441,51.78,33.907,52.276,56.424,61.557,58.161,66.143
05099,"Nevada County, Arkansas",6527,63.908,47.499,54.28,37.998,54.997,58.711,62.594,61.286,68.296
05101,"Newton County, Arkansas",6298,59.898,46.271,49.775,33.555,51.891,55.436,60.775,57.919,65.317
05103,"Ouachita County, Arkansas",18697,68.483,49.659,58.097,39.843,56.56,61.181,64.958,64.807,71.045
05105,"Perry County, Arkansas",7968,62.575,48.806,53.123,34.685,53.52,57.764,63.266,60.459,67.697
05107,"Phillips County, Arkansas",14079,71.205,55.235,64.897,47.313,63.743,67.136,69.433,71.487,74.083
05109,"Pike County, Arkansas",8458,60.73,47.271,51.37,34.667,53.297,56.919,61.933,58.183,66.082
05111,"Poinsett County, Arkansas",18319,62.417,48.305,53.416,35.651,53.531,57.358,62.489,61.477,68.473
05113,"Polk County, Arkansas",15460,60.095,46.679,50.445,34.361,53.016,56.882,62.266,58.139,64.894
05115,"Pope County, Arkansas",49065,62.371,47.531,51.884,34.295,52.011,56.757,62.116,58.286,66.129
05117,"Prairie County, Arkansas",6563,62.721,48.214,53.059,36.19,54.878,58.236,63.218,60.151,67.151
05119,"Pulaski County, Arkansas",301184,74.462,59.237,65.736,43.93,61.497,66.942,70.422,68.845,74.118
05121,"Randolph County, Arkansas",13577,58.254,45.198,49.246,33.735,51.429,55.466,61.079,58.422,65.731
05123,"St. Francis County, Arkansas",20521,69.183,52.645,61.218,44.272,61.051,64.759,67.058,68.337,72.36
05125,"Saline County, Arkansas",90101,58.775,44.434,51.342,32.684,51.537,56.012,59.539,56.835,66.369
05127,"Scott County, Arkansas",7735,59.559,46.29,50.174,34.122,52.152,55.504,60.72,57.836,65.147
05129,"Searcy County, Arkansas",6330,63.201,48.785,52.936,36.763,55.625,58.134,63.133,61.409,66.529
05131,"Sebastian County, Arkansas",96580,68.667,51.33,57.8,37.992,55.791,60.985,65.834,61.87,68.562
05133,"Sevier County, Arkansas",12254,66.182,52.882,58.08,40.944,59.152,62.377,66.637,63.487,68.062
05135,"Sharp County, Arkansas",13420,61.787,48.141,52.394,34.064,52.763,57.02,62.695,59.536,67.102
05137,"Stone County, Arkansas",9972,64.805,48.706,51.845,35.364,53.576,57.334,62.684,60.692,66.927
05139,"Union County, Arkansas",30170,61.387,45.041,52.614,35.928,52.985,57.305,61.443,56.369,67.187
05141,"Van Buren County, Arkansas",13339,60.231,46.535,50.532,33.117,51.398,55.59,61.099,57.786,66.16
05143,"Washington County, Arkansas",171940,69.548,54.882,59.985,39.79,59.534,64.95,69.978,67.333,70.394
05145,"White County, Arkansas",60219,58.678,43.705,48.424,32.471,50.759,54.498,60.52,57.431,65.495
05147,"Woodruff County, Arkansas",5217,66.388,50.424,57.664,39.986,57.733,61.139,65.147,64.848,70.243
05149,"Yell County, Arkansas",16205,62.934,48.254,53.662,37.072,54.966,58.304,63.172,59.368,66.687
06001,"Alameda County, California",1299186,86.126,73.559,79.212,55.839,75.75,80.006,82.971,79.776,81.046
06003,"Alpine County, California",907,75.709,61.591,67.561,46.777,67.386,70.43,75.353,70.969,75.379
06005,"Amador County, California",32008,69.23,51.333,58.839,37.939,57.025,61.545,67.624,62.671,70.822
06007,"Butte County, California",181415,72.198,54.351,62.983,41.429,61.324,64.6,69.059,67.491,72.855
06009,"Calaveras County, California",37469,68.598,51.764,58.382,38.98,58.034,61.251,67.486,62.322,70.601
06011,"Colusa County, California",15579,70.281,57.465,64.254,45.967,63.639,66.512,70.756,65.834,71.121
06013,"Contra Costa County, California",871947,80.108,64.112,71.483,50.914,70.247,74.434,76.818,75.701,77.729
06015,"Del Norte County, California",21470,70.439,55.74,61.475,42.25,61.256,64.35,70.076,65.651,71.783
06017,"El Dorado County, California",148640,69.311,54.155,60.119,39.037,59.192,63.763,68.461,63.478,71.257
06019,"Fresno County, California",698150,72.962,57.527,70.383,49.986,65.6,67.581,72.459,69.974,72.887
06021,"Glenn County, California",20426,68.57,53.49,59.59,42.539,60.578,63.074,68.69,61.852,69.303
06023,"Humboldt County, California",109510,79.333,62.906,68.839,44.036,65.772,70.236,75.901,73.319,76.384
06025,"Imperial County, California",128543,76.616,64.795,72.853,52.045,69.06,71.475,75.895,70.566,75.824
06027,"Inyo County, California",14450,72.795,57.178,63.626,43.378,63.544,66.46,71.881,66.09,72.641
06029,"Kern County, California",625303,69.574,54.197,59.454,43.637,60.827,63.283,65.893,64.721,69.649
06031,"Kings County, California",109142,69.954,56.569,63.333,46.19,63.583,66.692,70.528,65.694,71.451
06033,"Lake County, California",50858,74.059,58.64,65.254,43.58,63.738,66.924,73.302,70.329,74.838
06035,"Lassen County, California",26258,63.789,48.814,53.355,36.991,54.601,57.986,63.972,57.188,66.684
06037,"Los Angeles County, California",7851531,74.898,64.738,71.744,54.564,69.465,72.931,76.991,74.576,75.766
06039,"Madera County, California",112202,71.603,57.884,66.724,45.781,63.923,66.489,70.926,66.354,71.623
06041,"Marin County, California",207389,81.582,65.865,71.884,48.369,69.837,74.361,79.256,75.809,78.728
06043,"Mariposa County, California",14675,72.251,55.793,61.349,42.589,63.054,65.855,71.811,68.117,71.966
06045,"Mendocino County, California",68528,77.83,60.874,67.729,46.316,65.921,69.405,75.736,72.03,76.746
06047,"Merced County, California",189013,74.497,59.695,68.248,48.736,65.723,67.898,72.872,68.843,74.39
06049,"Modoc County, California",7206,69.76,55.059,58.847,40.06,60.118,63.04,69.544,63.454,69.627
06051,"Mono County, California",11500,76.637,62.026,67.684,47.003,67.422,70.353,75.658,72.293,75.13
06053,"Monterey County, California",319087,77.684,65.633,72.512,51.255,69.519,71.658,76.679,74.874,75.851
06055,"Napa County, California",110634,76.344,61.981,69.182,46.836,66.473,70.811,75.994,72.489,77.004
06057,"Nevada County, California",81901,73.357,58.222,63.707,40.821,62.23,66.939,73.336,68.639,74.701
06059,"Orange County, California",2452994,73.596,61.492,66.868,49.146,65.105,68.93,75.384,69.166,74.482
06061,"Placer County, California",294359,72.442,55.893,61.374,39.654,58.987,64.588,70.683,64.897,72.664
06063,"Plumas County, California",15637,70.679,55.25,60.834,38.486,59.016,63.825,70.488,64.395,72.395
06065,"Riverside County, California",1769474,74.392,59.906,68.635,46.807,64.769,68.936,74.821,67.031,75.012
06067,"Sacramento County, California",1147265,78.815,61.451,66.817,47.184,65.234,68.901,75.107,72.221,75.932
06069,"San Benito County, California",43815,75.484,61.758,69.281,47.701,65.976,69.083,74.339,69.91,75.247
06071,"San Bernardino County, California",1562559,77.33,59.715,68.424,49.571,65.46,69.558,73.782,64.971,77.651
06073,"San Diego County, California",2576493,74.701,58.49,67.25,45.553,65.354,71.376,74.334,67.615,75.397
06075,"San Francisco County, California",753146,86.533,72.752,78.771,53.689,73.289,78.451,83.007,79.42,80.126
06077,"San Joaquin County, California",530706,74.95,60.998,67.433,47.023,65.275,68.659,72.022,65.593,72.958
06079,"San Luis Obispo County, California",230964,77.892,60.624,65.673,43.053,63.979,67.438,75.287,69.481,75.169
06081,"San Mateo County, California",604687,83.146,71.743,75.91,50.219,71.627,76.078,80.295,78.689,80.972
06083,"Santa Barbara County, California",344624,78.468,66.512,71.11,50.446,69.81,74.126,77.852,74.8,76.887
06085,"Santa Clara County, California",1489516,82.377,69.127,74.396,52.481,70.337,76.263,81.206,74.051,77.36
06087,"Santa Cruz County, California",220004,82.674,69.335,72.74,50.188,69.14,74.014,79.991,77.979,78.681
06089,"Shasta County, California",140412,66.669,50.424,54.774,35.269,54.969,59.177,66.878,59.157,69.467
06091,"Sierra County, California",2490,70.858,55.916,60.6,41.285,62.263,64.879,71.326,65.552,72.005
06093,"Siskiyou County, California",34744,73.244,56.503,63.189,40.356,60.252,65.085,71.629,66.094,72.602
06095,"Solano County, California",339715,72.345,60.48,66.099,45.435,66.205,69.089,74.528,69.958,76.318
06097,"Sonoma County, California",400497,77.761,63.048,70.868,48.216,66.942,71.742,77.67,74.838,77.953
06099,"Stanislaus County, California",392393,70.16,61.031,66.013,46.281,62.855,65.432,71.422,62.315,73.569
06101,"Sutter County, California",70760,67.594,54.883,60.582,42.597,60.862,64.053,68.594,62.92,70.677
06103,"Tehama County, California",48195,66.354,50.325,58.032,38.185,56.518,60.663,67.23,60.206,69.164
06105,"Trinity County, California",10690,72.073,56.083,61.17,41.82,62.223,64.862,70.803,66.815,72.332
06107,"Tulare County, California",316949,71.176,58.793,65.99,47.471,64.383,67.115,70.909,63.071,69.805
06109,"Tuolumne County, California",44919,66.909,50.207,56.153,37.717,56.144,60.581,67.417,61.959,69.998
06111,"Ventura County, California",648513,74.129,58.729,66.599,45.158,63.971,67.657,72.373,68.881,74.303
06113,"Yolo County, California",169057,79.835,66.112,72.509,50.428,69.892,73.307,77.923,76.449,78.329
06115,"Yuba County, California",54621,69.627,53.193,60.632,41.953,60.463,64.193,70.012,63.259,70.843
08001,"Adams County, Colorado",361672,76.295,61.232,70.211,46.904,64.025,67.678,74.354,70.312,75.951
08003,"Alamosa County, Colorado",12512,72.332,57.15,64.754,45.35,62.865,65.314,69.567,69.469,73.36
08005,"Arapahoe County, Colorado",483209,71.395,58.376,63.645,44.437,61.141,64.502,68.995,68.884,73.488
08007,"Archuleta County, Colorado",10699,69.138,53.8,58.906,40.063,59.145,62.579,67.765,66.179,71.312
08009,"Baca County, Colorado",2824,60.573,45.887,50.581,34.184,52.195,54.316,59.972,56.402,65.32
08011,"Bent County, Colorado",4920,64.752,50.134,55.485,39.16,55.983,58.111,62.783,61.85,68.362
08013,"Boulder County, Colorado",258107,77.186,64.12,70.56,46.564,68.135,71.523,75.344,76.842,77.644
08014,"Broomfield County, Colorado",50426,75.746,59.752,66.565,42.88,61.975,67.255,71.632,72.918,75.644
08015,"Chaffee County, Colorado",16184,70.971,55.744,61.537,41.525,61.25,63.851,68.741,69.657,73.178
08017,"Cheyenne County, Colorado",1347,59.388,44.745,49.336,34.472,51.893,53.467,58.878,55.242,64.614
08019,"Clear Creek County, Colorado",7905,75.38,60.068,66.039,42.168,63.365,67.466,72.735,71.838,75.404
08021,"Conejos County, Colorado",5932,74.067,59.912,67.723,47.704,65.092,67.674,71.717,70.511,74.145
08023,"Costilla County, Colorado",3017,78.558,65.22,73.213,53.447,70.351,72.371,75.782,76.485,77.25
08025,"Crowley County, Colorado",4912,61.257,47.061,52.524,37.246,53.448,55.272,60.006,57.919,66.18
08027,"Custer County, Colorado",3840,69.29,53.328,58.323,40.169,59.985,61.895,67.161,65.904,69.823
08029,"Delta County, Colorado",24168,61.971,50.245,54.46,37.845,55.827,57.523,63.324,61.634,68.747
08031,"Denver County, Colorado",553616,81.509,65.661,74.266,50.067,68.927,71.653,76.369,77.429,77.267
08033,"Dolores County, Colorado",1485,65.575,50.528,54.533,37.84,57.745,58.762,64.397,62.555,68.065
08035,"Douglas County, Colorado",239131,69.659,54.105,61.567,39.355,58.645,63.431,69.476,67.782,72.138
08037,"Eagle County, Colorado",42239,76.734,61.753,68.38,44.842,64.744,68.851,73.44,73.397,75.817
08039,"Elbert County, Colorado",19652,64.568,49.129,54.107,34.087,53.322,57.318,63.327,59.089,68.079
08041,"El Paso County, Colorado",519166,68.886,51.738,58.317,39.528,59.133,61.499,67.299,63.765,70.354
08043,"Fremont County, Colorado",39246,64.749,47.567,52.502,35.569,53.692,56.53,62.098,58.781,67.443
08045,"Garfield County, Colorado",43508,71.975,57.471,63.499,43.994,62.208,65.044,69.425,69.141,73.352
08047,"Gilpin County, Colorado",4962,73.733,58.498,64.499,41.032,61.592,65.918,71.296,70.115,74.784
08049,"Grand County, Colorado",12417,71.013,55.306,60.717,40.993,61.387,63.665,68.821,67.957,71.887
08051,"Gunnison County, Colorado",13610,76.567,61.461,67.25,44.63,65.74,69.062,73.781,74.92,76.481
08053,"Hinsdale County, Colorado",739,69.352,53.407,58.594,39.176,59.171,61.737,67.207,66.292,71.149
08055,"Huerfano County, Colorado",5519,74.489,59.184,65.955,45.223,64.281,66.907,71.579,71.059,74.618
08057,"Jackson County, Colorado",1048,66.445,51.851,56.537,40.031,59.439,60.28,65.669,63.471,68.843
08059,"Jefferson County, Colorado",454500,70.247,53.815,62.883,38.725,59.508,62.36,67.594,71.173,72.277
08061,"Kiowa County, Colorado",1031,57.908,42.871,46.891,32.121,49.623,51.615,57.335,53.509,64.184
08063,"Kit Carson County, Colorado",5841,62.535,47.744,52.229,36.974,55.19,56.412,61.663,58.705,65.961
08065,"Lake County, Colorado",6318,76.858,62.979,69.412,46.685,66.368,69.596,74.122,74.41,75.917
08067,"La Plata County, Colorado",44538,74.674,59.592,65.888,42.691,62.689,67.189,72.384,71.74,75.667
08069,"Larimer County, Colorado",270352,74.661,57.479,63.649,41.432,61.247,65.392,70.761,70.186,75.849
08071,"Las Animas County, Colorado",11631,71.549,56.861,63.758,44.808,62.861,65.062,69.516,68.089,72.337
08073,"Lincoln County, Colorado",4442,65.975,51.057,56.442,40.768,58.486,60.146,64.73,62.188,67.988
08075,"Logan County, Colorado",17053,62.163,47.122,51.822,35.881,53.775,55.629,60.971,58.436,66.3
08077,"Mesa County, Colorado",116995,65.35,50.416,56.335,37.775,55.95,59.438,64.483,61.388,69.056
08079,"Mineral County, Colorado",747,74.665,59.475,65.07,42.452,63.662,67.038,72.467,71.027,74.487
08081,"Moffat County, Colorado",9677,52.894,44.864,50.53,34.154,55.758,55.952,62.455,40.943,65.809
08083,"Montezuma County, Colorado",20111,63.887,49.59,55.375,37.13,55.128,58.048,63.603,61.28,68.973
08085,"Montrose County, Colorado",32178,63.195,48.454,53.937,37.0,54.875,56.981,62.262,59.399,67.577
08087,"Morgan County, Colorado",20840,64.131,52.57,59.115,41.308,60.573,61.716,67.055,59.893,70.081
08089,"Otero County, Colorado",14039,67.177,52.22,60.175,41.807,59.352,61.536,65.933,64.623,70.485
08091,"Ouray County, Colorado",4029,77.572,62.413,68.11,44.217,65.733,69.528,74.692,74.863,76.813
08093,"Park County, Colorado",14384,67.364,51.312,56.385,37.721,57.226,59.715,65.237,64.248,69.909
08095,"Phillips County, Colorado",3209,63.867,48.825,53.491,37.299,55.796,57.466,62.657,60.142,66.423
08097,"Pitkin County, Colorado",15036,78.974,63.599,69.694,46.108,67.327,71.01,75.544,76.325,77.165
08099,"Prowers County, Colorado",9020,63.984,49.294,55.507,39.176,56.445,58.112,62.976,59.905,67.415
08101,"Pueblo County, Colorado",126985,69.605,55.429,62.931,43.166,60.188,63.305,67.91,64.469,72.663
08103,"Rio Blanco County, Colorado",4798,62.099,48.318,52.588,36.477,55.763,57.539,63.141,58.831,66.853
08105,"Rio Grande County, Colorado",8709,69.982,55.081,62.218,43.875,61.009,63.234,67.704,66.522,71.057
08107,"Routt County, Colorado",20245,72.27,59.213,65.271,42.088,65.034,68.145,72.986,66.051,75.235
08109,"Saguache County, Colorado",5056,73.103,59.109,65.909,46.817,65.084,66.836,71.001,71.69,73.886
08111,"San Juan County, Colorado",255,74.497,59.6,63.614,38.783,61.435,66.088,70.816,70.123,72.357
08113,"San Miguel County, Colorado",6507,77.962,62.295,68.324,45.759,66.587,69.841,74.418,75.96,76.671
08115,"Sedgwick County, Colorado",1811,64.794,49.772,54.755,38.338,57.145,58.418,63.785,61.153,67.791
08117,"Summit County, Colorado",25397,74.449,58.546,64.912,42.065,61.872,65.962,70.983,72.097,75.398
08119,"Teller County, Colorado",19745,64.25,48.17,53.028,35.403,54.212,56.861,62.475,60.381,67.711
08121,"Washington County, Colorado",3740,61.187,46.326,50.716,34.273,52.713,54.725,60.645,56.691,65.701
08123,"Weld County, Colorado",216533,60.829,50.213,56.172,38.731,56.59,59.301,64.427,62.375,68.586
08125,"Yuma County, Colorado",7404,64.713,50.036,54.746,38.119,57.197,57.968,63.729,60.701,67.108
09001,"Fairfield County, Connecticut",727442,76.24,65.616,72.873,43.893,68.115,72.555,79.199,76.182,79.103
09003,"Hartford County, Connecticut",704159,73.374,56.864,68.454,43.483,62.971,68.483,76.167,70.76,76.574
09005,"Litchfield County, Connecticut",148638,67.014,53.012,59.026,36.091,56.635,62.112,69.665,65.035,73.689
09007,"Middlesex County, Connecticut",133272,72.176,58.248,63.51,39.406,59.665,64.206,71.678,69.89,76.961
09009,"New Haven County, Connecticut",682412,74.123,56.756,67.728,44.752,63.491,68.64,77.37,71.742,77.23
09011,"New London County, Connecticut",215672,69.733,56.521,65.362,39.826,60.975,64.671,71.454,68.483,76.747
09013,"Tolland County, Connecticut",124265,72.124,57.948,65.694,39.321,60.12,65.576,73.546,69.655,77.719
09015,"Windham County, Connecticut",93020,63.864,54.375,59.649,37.051,57.602,61.372,68.915,65.216,75.609
10001,"Kent County, Delaware",134211,69.865,51.248,59.726,40.15,58.371,61.337,66.385,66.283,74.274
10003,"New Castle County, Delaware",433947,70.875,56.831,67.366,44.795,63.191,67.499,71.695,73.098,77.679
10005,"Sussex County, Delaware",177909,69.332,54.466,60.897,40.15,57.092,62.596,69.208,66.393,72.978
11001,"District of Columbia, District of Columbia",562763,85.756,70.974,75.511,51.176,71.783,77.753,82.168,79.585,81.972
12001,"Alachua County, Florida",215778,77.262,61.025,67.121,44.963,64.402,68.71,74.657,72.755,78.358
12003,"Baker County, Florida",21093,58.921,43.585,47.558,33.285,49.56,51.81,58.401,54.379,65.974
12005,"Bay County, Florida",143074,69.085,49.953,54.049,35.356,53.589,57.316,64.807,59.575,69.372
12007,"Bradford County, Florida",21492,59.28,46.128,51.461,34.599,51.063,54.309,59.931,56.832,67.123
12009,"Brevard County, Florida",469998,71.886,55.218,58.481,40.37,56.549,61.159,68.532,66.735,72.917
12011,"Broward County, Florida",1500346,75.613,59.434,68.856,48.098,64.926,68.55,72.172,72.758,77.316
12013,"Calhoun County, Florida",11356,59.062,45.083,49.093,34.78,51.262,53.137,59.253,56.428,66.355
12015,"Charlotte County, Florida",154789,66.641,52.363,53.911,35.998,55.126,59.515,65.028,64.405,71.841
12017,"Citrus County, Florida",121711,69.274,51.553,56.336,35.282,52.897,56.364,65.154,61.248,70.821
12019,"Clay County, Florida",157914,62.885,46.426,53.138,35.68,52.879,56.039,62.396,57.493,68.698
12021,"Collier County, Florida",299554,66.898,53.796,59.589,40.229,59.598,62.627,68.141,62.836,71.494
12023,"Columbia County, Florida",53954,62.09,48.094,52.065,35.503,52.913,56.041,61.29,59.152,69.023
12027,"DeSoto County, Florida",29254,68.895,54.947,60.072,44.153,61.352,62.597,67.342,65.537,70.797
12029,"Dixie County, Florida",13386,63.035,48.284,51.068,36.36,53.933,55.158,61.612,59.695,67.816
12031,"Duval County, Florida",714286,72.164,50.939,63.618,42.757,60.11,64.538,68.473,63.782,75.05
12033,"Escambia County, Florida",246269,71.056,53.549,60.262,40.812,59.738,63.115,66.96,65.656,73.762
12035,"Flagler County, Florida",88402,68.542,53.789,58.224,37.849,54.963,59.157,66.629,63.298,73.325
12037,"Franklin County, Florida",9818,64.32,48.765,53.278,37.049,54.254,56.68,63.059,60.887,69.257
12039,"Gadsden County, Florida",35930,73.138,57.065,65.932,46.151,62.182,65.644,69.71,69.653,76.323
12041,"Gilchrist County, Florida",14051,64.848,50.655,54.536,36.165,54.64,57.577,64.665,60.34,69.626
12043,"Glades County, Florida",11245,65.782,50.988,56.176,40.077,57.141,59.036,64.836,61.901,69.678
12045,"Gulf County, Florida",13423,65.352,49.37,53.67,38.143,55.759,57.802,63.924,61.232,68.9
12047,"Hamilton County, Florida",11574,66.483,50.572,57.007,41.24,57.948,59.619,64.946,62.564,70.709
12049,"Hardee County, Florida",20018,64.143,50.798,56.333,40.681,57.251,58.891,64.524,58.945,68.874
12051,"Hendry County, Florida",29363,76.165,63.671,69.508,51.315,68.48,70.097,74.847,72.722,75.366
12053,"Hernando County, Florida",148796,63.623,47.241,53.914,36.639,54.388,58.161,64.093,62.587,71.621
12055,"Highlands County, Florida",84429,65.966,51.026,56.593,39.5,56.658,59.03,64.591,62.533,69.886
12057,"Hillsborough County, Florida",1063125,74.538,60.116,66.603,45.941,64.222,69.285,73.558,70.699,78.106
12059,"Holmes County, Florida",15629,56.712,42.784,45.405,31.956,48.214,50.232,57.586,51.348,64.072
12061,"Indian River County, Florida",125597,67.28,50.805,55.095,37.752,56.229,59.63,66.567,63.383,70.935
12063,"Jackson County, Florida",39439,62.927,46.052,51.718,36.345,51.887,55.17,61.041,58.095,68.59
12065,"Jefferson County, Florida",11783,68.042,50.317,57.014,39.687,55.763,59.147,64.671,63.827,72.022
12067,"Lafayette County, Florida",6783,58.462,44.034,48.449,34.728,50.753,52.746,58.316,54.47,65.155
12069,"Lake County, Florida",269794,70.722,54.303,58.216,37.112,55.732,60.41,68.486,61.846,73.192
12071,"Lee County, Florida",588693,64.343,50.651,60.076,38.186,56.365,59.763,64.964,65.214,71.139
12073,"Leon County, Florida",234087,73.321,57.836,65.384,45.571,62.17,67.034,71.813,69.872,77.627
12075,"Levy County, Florida",32015,64.917,48.717,53.283,36.938,54.626,58.027,64.847,60.251,70.811
12077,"Liberty County, Florida",6970,62.365,46.876,50.053,35.596,52.277,54.471,60.927,56.98,67.5
12079,"Madison County, Florida",14989,67.021,48.4,55.514,39.725,55.795,58.139,62.886,61.916,70.68
12081,"Manatee County, Florida",303375,70.875,54.527,57.924,39.5,58.885,63.15,69.487,66.815,74.437
12083,"Marion County, Florida",283087,69.834,52.347,56.463,37.052,55.646,59.787,66.427,63.665,74.725
12085,"Martin County, Florida",131352,67.429,51.47,56.085,37.108,56.532,58.64,68.086,60.335,71.833
12086,"Miami-Dade County, Florida",2165208,78.71,65.606,71.201,55.585,70.343,72.977,75.911,76.35,77.038
12087,"Monroe County, Florida",64795,76.107,59.546,65.655,44.136,63.244,66.994,72.597,71.566,75.557
12089,"Nassau County, Florida",64415,66.506,48.735,53.407,33.676,52.571,56.854,64.521,56.207,69.9
12091,"Okaloosa County, Florida",156180,69.588,50.476,55.784,35.899,53.615,58.625,66.74,60.527,70.111
12093,"Okeechobee County, Florida",31733,61.723,48.636,53.452,38.098,54.233,56.646,61.759,60.253,68.481
12095,"Orange County, Florida",1024121,70.244,55.608,63.837,45.113,64.736,68.385,72.45,69.109,75.335
12097,"Osceola County, Florida",254625,77.461,60.768,69.241,49.248,65.187,69.131,74.432,73.196,76.912
12099,"Palm Beach County, Florida",1166266,77.954,58.187,65.364,44.815,61.107,65.714,72.236,73.089,75.426
12101,"Pasco County, Florida",406411,75.298,59.002,60.757,40.477,57.211,61.068,67.723,65.968,74.011
12103,"Pinellas County, Florida",798558,72.715,58.247,61.375,42.859,60.023,65.593,72.099,70.841,76.452
12105,"Polk County, Florida",518793,72.623,53.551,61.926,41.169,58.826,63.633,69.732,68.299,74.549
12107,"Putnam County, Florida",57138,59.361,49.024,55.179,36.664,55.582,58.564,64.871,55.78,70.45
12109,"St. Johns County, Florida",183961,64.892,47.196,52.678,35.317,54.738,56.631,63.183,60.542,68.867
12111,"St. Lucie County, Florida",243531,72.999,58.554,64.066,42.442,60.472,63.915,70.078,67.796,74.245
12113,"Santa Rosa County, Florida",132534,69.899,50.264,51.963,33.577,52.347,56.515,62.377,57.828,69.681
12115,"Sarasota County, Florida",352164,70.341,55.436,60.697,37.81,56.303,60.264,68.497,63.708,73.908
12117,"Seminole County, Florida",358208,71.397,50.421,59.108,38.983,58.193,61.847,68.389,65.625,74.034
12119,"Sumter County, Florida",112146,68.123,52.132,57.052,37.693,56.349,59.832,66.648,63.241,71.218
12121,"Suwannee County, Florida",34382,64.476,47.424,53.289,37.559,54.037,55.966,62.317,57.963,67.928
12123,"Taylor County, Florida",17886,62.859,47.518,52.707,36.174,52.695,55.423,61.71,58.752,68.541
12125,"Union County, Florida",12362,64.907,49.792,54.203,36.677,54.179,57.384,63.789,59.493,68.726
12127,"Volusia County, Florida",433326,71.661,53.818,58.472,39.719,57.437,61.035,68.075,67.668,74.465
12129,"Wakulla County, Florida",25059,60.567,48.926,53.177,34.629,52.26,55.758,63.271,57.49,69.192
12131,"Walton County, Florida",52457,65.443,49.987,53.21,34.931,53.512,56.824,64.161,60.532,68.848
12133,"Washington County, Florida",19693,56.097,43.109,46.652,33.16,48.476,50.635,57.313,54.176,66.07
13001,"Appling County, Georgia",13844,61.507,46.204,51.709,36.135,50.255,50.502,57.787,56.635,67.462
13003,"Atkinson County, Georgia",6009,62.61,47.617,53.762,38.153,51.605,51.748,58.539,58.1,68.021
13005,"Bacon County, Georgia",8358,61.282,44.288,50.619,34.355,48.311,49.011,56.567,55.482,67.124
13007,"Baker County, Georgia",2559,65.189,47.72,55.539,39.277,52.45,53.171,59.535,60.836,71.143
13009,"Baldwin County, Georgia",36585,65.365,49.65,58.709,40.371,55.445,56.423,63.708,58.242,73.001
13011,"Banks County, Georgia",14251,58.06,44.453,48.097,32.865,47.31,47.564,55.572,53.14,65.137
13013,"Barrow County, Georgia",56444,63.754,47.714,54.844,35.393,50.266,51.139,60.476,58.762,69.42
13015,"Bartow County, Georgia",78040,56.484,46.087,50.897,34.308,51.059,51.713,59.635,47.103,67.669
13017,"Ben Hill County, Georgia",12809,65.436,48.034,54.477,38.344,51.923,52.613,59.013,60.394,70.424
13019,"Berrien County, Georgia",14468,60.254,45.051,48.615,34.716,48.985,48.839,56.561,54.985,66.359
13021,"Bibb County, Georgia",115473,72.24,52.351,63.415,45.13,58.815,59.53,64.476,65.245,75.113
13023,"Bleckley County, Georgia",9982,60.121,43.103,48.686,34.315,47.782,48.367,55.47,53.962,66.843
13025,"Brantley County, Georgia",14145,56.231,42.763,46.241,31.546,45.54,45.78,53.93,52.051,65.609
13027,"Brooks County, Georgia",12197,67.673,50.597,57.67,40.873,55.437,55.943,62.449,62.87,71.517
13029,"Bryan County, Georgia",25377,66.307,48.894,53.904,35.887,50.72,53.542,60.311,59.357,69.532
13031,"Bulloch County, Georgia",59793,70.201,52.163,59.244,40.315,55.613,57.659,64.829,64.145,72.86
13033,"Burke County, Georgia",16664,65.093,48.652,57.896,41.252,54.318,55.223,61.22,62.882,72.509
13035,"Butts County, Georgia",18841,61.298,44.233,50.857,34.665,47.546,48.544,56.124,56.136,67.714
13037,"Calhoun County, Georgia",5278,72.773,54.656,63.466,47.384,60.538,60.718,65.785,69.742,74.854
13039,"Camden County, Georgia",39773,62.981,46.228,51.307,35.927,50.669,52.212,58.901,57.442,68.017
13043,"Candler County, Georgia",8112,62.358,46.288,52.483,37.322,51.088,51.266,58.047,57.428,67.953
13045,"Carroll County, Georgia",88162,66.559,49.497,56.014,37.856,53.627,55.134,64.63,55.246,70.95
13047,"Catoosa County, Georgia",50903,60.305,44.576,48.456,31.603,46.868,48.568,56.865,53.399,65.819
13049,"Charlton County, Georgia",10505,62.91,47.083,52.702,38.212,51.981,51.934,58.473,58.59,67.698
13051,"Chatham County, Georgia",224583,75.77,57.579,64.632,44.375,60.638,63.184,69.622,71.082,76.339
13053,"Chattahoochee County, Georgia",8449,73.985,58.535,63.241,45.501,62.152,62.885,69.251,68.626,74.045
13055,"Chattooga County, Georgia",19212,59.15,43.634,49.122,33.586,47.156,47.195,55.543,54.868,66.643
13057,"Cherokee County, Georgia",180733,63.621,50.075,54.971,36.314,52.106,54.659,62.27,60.37,68.991
13059,"Clarke County, Georgia",102951,77.526,61.631,68.937,47.991,63.418,65.794,72.528,74.833,76.589
13061,"Clay County, Georgia",2417,74.299,55.698,65.428,49.967,63.739,62.887,67.586,70.999,74.963
13063,"Clayton County, Georgia",200333,75.674,60.871,69.311,53.053,65.428,66.203,70.564,71.782,78.448
13065,"Clinch County, Georgia",4934,60.496,44.271,50.685,35.557,48.751,49.103,56.006,56.149,67.24
13067,"Cobb County, Georgia",564849,73.216,57.51,62.736,42.675,58.14,60.88,70.131,63.943,74.844
13069,"Coffee County, Georgia",32410,63.606,47.179,53.592,37.478,51.012,51.919,58.754,58.358,69.114
13071,"Colquitt County, Georgia",33551,65.875,51.502,57.546,41.382,55.772,55.39,62.55,61.565,69.777
13073,"Columbia County, Georgia",109474,63.705,48.075,54.415,34.851,49.868,52.906,60.129,54.819,69.272
13075,"Cook County, Georgia",12744,63.467,46.893,53.285,37.264,51.315,51.911,58.899,58.042,69.003
13077,"Coweta County, Georgia",105183,63.56,47.453,53.381,36.209,51.722,53.107,61.242,57.765,68.751
13079,"Crawford County, Georgia",9724,60.343,43.771,49.284,34.187,47.119,48.064,55.518,55.075,67.619
13081,"Crisp County, Georgia",17168,67.011,49.03,56.721,41.094,54.676,54.853,61.1,62.246,70.807
13083,"Dade County, Georgia",13159,61.753,45.244,48.854,33.949,49.208,49.008,56.911,56.485,66.061
13085,"Dawson County, Georgia",18851,59.517,44.687,47.996,32.077,47.405,48.215,56.033,54.025,65.962
13087,"Decatur County, Georgia",20236,67.218,49.363,57.072,40.746,54.485,55.176,61.456,62.268,71.305
13089,"DeKalb County, Georgia",568921,84.489,64.292,74.08,53.903,68.47,71.783,77.117,75.955,80.151
13091,"Dodge County, Georgia",16735,62.776,46.092,51.984,36.654,50.484,51.072,58.087,57.557,68.426
13093,"Dooly County, Georgia",11370,68.235,50.718,59.24,43.387,56.899,57.028,62.446,65.149,71.931
13095,"Dougherty County, Georgia",68947,75.885,56.981,66.706,48.822,62.782,63.558,68.08,72.844,77.105
13097,"Douglas County, Georgia",104449,70.614,54.662,61.951,43.65,58.162,59.874,65.458,68.035,75.561
13099,"Early County, Georgia",7784,65.772,47.025,55.589,39.666,52.397,53.306,59.353,60.287,71.156
13101,"Echols County, Georgia",3135,57.25,43.875,47.946,34.098,47.284,47.47,54.663,51.996,64.458
13103,"Effingham County, Georgia",42957,60.475,44.162,50.348,32.789,47.775,48.807,56.54,51.92,67.904
13105,"Elbert County, Georgia",15029,63.852,46.117,52.752,38.058,51.417,51.684,58.574,59.274,69.296
13107,"Emanuel County, Georgia",16843,65.814,49.193,56.037,39.76,53.72,53.818,60.229,59.942,70.108
13109,"Evans County, Georgia",7889,63.642,48.141,54.811,39.85,54.0,54.085,60.315,61.395,68.744
13111,"Fannin County, Georgia",20674,60.569,48.383,52.067,34.09,49.778,51.443,59.953,56.827,68.138
13113,"Fayette County, Georgia",85298,68.96,53.041,58.34,39.772,55.554,57.64,64.23,63.754,72.336
13115,"Floyd County, Georgia",74151,61.623,47.665,53.064,36.232,51.654,52.471,59.739,55.963,69.077
13117,"Forsyth County, Georgia",157731,62.927,52.291,53.995,37.253,53.545,56.403,63.958,61.759,69.585
13119,"Franklin County, Georgia",17558,57.734,44.747,49.25,32.951,47.028,48.293,57.201,55.803,67.643
13121,"Fulton County, Georgia",791629,78.943,66.831,71.717,49.013,66.197,69.559,74.718,76.785,80.177
13123,"Gilmer County, Georgia",24019,65.325,51.017,54.7,36.907,53.221,53.941,62.068,60.254,68.911
13125,"Glascock County, Georgia",2305,56.442,42.164,46.57,31.429,45.267,45.76,53.768,51.026,64.905
13127,"Glynn County, Georgia",65054,67.598,51.592,57.036,38.395,53.803,55.687,63.287,62.846,71.666
13129,"Gordon County, Georgia",42575,60.606,44.596,49.684,34.46,48.928,49.304,57.6,55.094,67.888
13131,"Grady County, Georgia",18714,66.298,48.599,55.167,39.615,53.917,53.992,60.407,60.44,69.531
13133,"Greene County, Georgia",13717,67.254,50.285,57.5,40.296,55.365,56.209,62.357,62.029,70.535
13135,"Gwinnett County, Georgia",654849,67.039,57.517,63.754,45.952,60.493,62.316,66.957,70.848,75.01
13137,"Habersham County, Georgia",34246,58.589,44.014,48.21,33.768,48.082,48.174,55.987,52.875,65.382
13139,"Hall County, Georgia",145009,63.121,50.704,55.84,38.009,53.213,54.661,61.174,60.198,69.632
13141,"Hancock County, Georgia",7334,66.87,52.005,61.632,44.059,57.58,57.615,62.126,60.962,74.316
13143,"Haralson County, Georgia",21931,56.713,42.974,46.71,31.889,46.589,47.131,55.208,53.903,66.122
13145,"Harris County, Georgia",26243,61.698,45.851,49.964,33.797,49.201,51.022,58.859,53.196,68.027
13147,"Hart County, Georgia",20249,61.654,45.89,51.346,34.787,48.631,49.804,57.354,55.984,68.181
13149,"Heard County, Georgia",8955,50.195,43.898,47.47,30.368,47.87,47.936,56.919,37.713,66.752
13151,"Henry County, Georgia",162888,71.923,53.47,59.616,44.937,58.35,59.398,65.886,68.024,74.253
13153,"Houston County, Georgia",112680,67.886,51.307,57.216,38.924,53.221,56.175,62.084,64.164,72.519
13155,"Irwin County, Georgia",7283,58.57,42.307,47.82,33.54,46.066,46.851,53.917,52.974,66.4
13157,"Jackson County, Georgia",48982,61.994,46.587,50.784,33.408,48.077,49.607,57.738,56.995,68.195
13159,"Jasper County, Georgia",10487,60.702,46.263,52.266,35.079,50.017,50.707,58.245,54.171,68.546
13161,"Jeff Davis County, Georgia",10945,57.238,42.143,47.099,33.057,45.878,46.129,53.508,52.197,65.374
13163,"Jefferson County, Georgia",12030,68.992,50.977,60.64,43.834,57.101,57.48,62.751,65.425,73.529
13165,"Jenkins County, Georgia",6806,65.931,48.835,56.228,40.131,54.223,54.154,60.532,61.764,70.288
13167,"Johnson County, Georgia",7801,65.592,48.871,55.216,40.095,54.296,53.883,60.431,61.17,69.33
13169,"Jones County, Georgia",21786,64.408,48.131,53.057,36.595,51.446,52.28,59.598,57.212,69.815
13171,"Lamar County, Georgia",14645,64.961,47.977,54.23,38.161,52.546,53.586,60.729,59.641,70.271
13173,"Lanier County, Georgia",7726,59.819,43.422,49.315,34.027,46.854,47.934,55.148,54.656,67.372
13175,"Laurens County, Georgia",35691,64.358,46.238,54.059,38.059,51.225,52.145,58.775,58.814,69.506
13177,"Lee County, Georgia",21540,63.383,46.496,51.21,34.499,48.651,49.691,57.624,54.93,68.094
13179,"Liberty County, Georgia",44535,73.741,54.817,64.316,45.881,59.764,61.358,67.243,68.789,76.094
13181,"Lincoln County, Georgia",6281,61.989,45.099,51.549,35.42,48.859,50.021,57.006,56.577,68.625
13183,"Long County, Georgia",13055,68.501,52.627,58.809,40.283,54.85,56.57,63.724,62.354,72.131
13185,"Lowndes County, Georgia",87130,67.607,50.395,57.988,39.617,54.011,56.146,62.52,63.683,71.622
13187,"Lumpkin County, Georgia",26187,59.647,44.356,48.211,31.877,46.487,48.049,56.298,54.224,66.391
13189,"McDuffie County, Georgia",16056,65.741,48.163,55.957,38.715,52.188,53.448,60.016,60.641,71.07
13191,"McIntosh County, Georgia",11681,67.174,49.305,56.331,39.929,53.942,54.683,61.355,62.355,71.214
13193,"Macon County, Georgia",10854,74.683,55.807,65.794,47.585,61.071,62.014,66.962,71.17,76.403
13195,"Madison County, Georgia",22232,61.702,45.563,50.762,34.2,48.746,49.914,57.924,56.451,67.739
13197,"Marion County, Georgia",6841,68.655,53.43,59.877,41.581,56.216,57.302,63.784,65.057,72.836
13199,"Meriwether County, Georgia",16497,66.223,49.864,57.553,40.512,54.337,54.673,60.796,62.929,71.383
13201,"Miller County, Georgia",4496,59.563,42.67,48.685,34.161,47.259,47.896,54.879,54.005,66.76
13205,"Mitchell County, Georgia",17219,69.246,51.885,59.802,42.633,57.24,57.383,63.171,65.675,72.153
13207,"Monroe County, Georgia",21357,55.681,44.887,50.162,33.037,50.872,51.146,59.035,40.124,67.722
13209,"Montgomery County, Georgia",7142,62.608,46.284,51.971,37.2,51.296,51.474,58.422,56.95,67.977
13211,"Morgan County, Georgia",14135,67.455,49.955,55.6,39.712,55.442,55.838,62.911,62.33,70.292
13213,"Murray County, Georgia",29630,55.184,43.516,46.92,32.166,44.97,45.438,52.97,52.811,64.948
13215,"Muscogee County, Georgia",147885,74.184,56.496,64.462,46.194,60.245,60.826,66.244,69.161,75.474
13217,"Newton County, Georgia",78088,72.018,52.957,59.898,42.97,56.682,58.265,64.706,67.287,74.56
13219,"Oconee County, Georgia",27081,66.596,50.228,54.355,35.152,51.503,54.841,61.865,59.574,69.839
13221,"Oglethorpe County, Georgia",11614,63.897,48.137,53.771,36.351,50.946,52.119,59.571,59.08,69.228
13223,"Paulding County, Georgia",113794,63.521,47.063,51.285,35.559,50.178,51.652,58.28,59.171,70.587
13225,"Peach County, Georgia",21169,73.21,55.823,63.572,45.027,59.374,60.83,67.181,67.694,74.939
13227,"Pickens County, Georgia",24470,62.031,47.359,51.182,33.724,49.452,50.594,59.055,55.999,67.421
13229,"Pierce County, Georgia",14344,55.479,41.228,45.001,31.342,44.926,45.211,52.864,50.88,64.317
13231,"Pike County, Georgia",13763,55.662,41.393,45.892,31.208,44.997,45.538,53.126,51.599,65.08
13233,"Polk County, Georgia",30827,60.602,46.154,51.812,34.752,49.388,50.126,57.801,51.068,67.259
13235,"Pulaski County, Georgia",9330,61.33,43.86,50.925,36.148,48.989,49.448,55.925,56.172,67.705
13237,"Putnam County, Georgia",17108,63.851,48.562,54.538,37.967,53.048,53.297,60.77,59.105,69.393
13239,"Quitman County, Georgia",1854,69.504,52.145,61.738,43.998,57.993,58.614,64.019,64.935,72.478
13241,"Rabun County, Georgia",13665,65.381,50.63,54.888,35.686,52.117,53.851,62.114,59.657,69.455
13243,"Randolph County, Georgia",5263,75.631,57.361,66.829,50.846,65.164,64.284,69.064,72.805,75.6
13245,"Richmond County, Georgia",154549,74.278,56.606,65.819,45.955,60.146,62.438,66.81,69.904,78.197
13247,"Rockdale County, Georgia",66447,76.117,57.299,65.507,47.625,61.135,62.408,68.646,71.457,77.306
13249,"Schley County, Georgia",3979,60.058,43.157,49.235,35.144,48.254,48.736,55.548,54.254,66.404
13251,"Screven County, Georgia",10941,66.886,49.155,57.001,39.693,53.582,54.756,61.105,61.988,71.459
13253,"Seminole County, Georgia",6636,63.851,46.4,53.101,37.543,51.209,51.785,58.504,58.836,69.26
13255,"Spalding County, Georgia",49208,65.089,46.396,55.509,37.858,51.518,52.589,58.218,59.868,71.095
13257,"Stephens County, Georgia",19932,64.712,48.511,53.274,35.314,50.436,51.599,59.072,57.51,68.266
13259,"Stewart County, Georgia",5246,72.522,55.361,64.404,47.037,59.298,60.358,64.944,68.735,74.767
13261,"Sumter County, Georgia",23295,70.376,51.72,60.486,44.212,57.663,58.753,64.924,65.803,73.224
13263,"Talbot County, Georgia",5260,73.557,55.331,65.151,46.175,59.884,61.156,66.635,69.442,76.049
13265,"Taliaferro County, Georgia",1430,72.685,54.198,64.538,48.513,61.77,61.197,65.853,69.797,74.769
13267,"Tattnall County, Georgia",20113,67.126,49.436,55.873,40.808,55.365,55.118,61.588,62.323,69.156
13269,"Taylor County, Georgia",6498,64.135,46.299,53.954,37.793,50.887,51.628,58.118,59.578,69.747
13271,"Telfair County, Georgia",13872,61.811,46.681,53.689,38.25,50.431,50.947,56.682,59.014,68.915
13273,"Terrell County, Georgia",6826,70.195,51.734,61.259,45.113,58.22,58.552,64.459,66.281,73.836
13275,"Thomas County, Georgia",33976,68.728,49.232,56.375,40.314,54.516,55.482,62.519,61.927,70.875
13277,"Tift County, Georgia",30443,64.749,47.559,53.414,37.782,51.877,52.835,59.672,58.472,69.34
13279,"Toombs County, Georgia",19835,64.798,48.633,55.009,37.924,52.363,53.392,60.37,59.021,69.365
13281,"Towns County, Georgia",9941,61.074,45.019,49.555,32.9,48.245,49.613,57.822,55.116,67.594
13283,"Treutlen County, Georgia",5201,65.75,49.654,55.624,39.74,54.418,54.213,61.116,62.163,70.14
13285,"Troup County, Georgia",52457,64.145,47.907,55.898,38.681,52.66,53.63,59.711,61.015,69.874
13287,"Turner County, Georgia",6049,64.576,46.891,54.283,38.749,51.894,52.454,58.141,59.428,69.815
13289,"Twiggs County, Georgia",6691,66.787,50.23,58.588,41.834,55.947,55.796,62.104,62.354,72.429
13291,"Union County, Georgia",19015,61.465,46.781,50.317,32.184,47.875,49.377,58.255,55.609,67.463
13293,"Upson County, Georgia",20132,63.88,47.201,53.66,35.253,49.487,50.976,57.925,57.962,69.461
13295,"Walker County, Georgia",53595,58.644,43.678,47.66,31.893,46.049,47.129,54.109,53.604,66.594
13297,"Walton County, Georgia",67395,62.434,45.841,50.648,34.383,48.946,49.77,58.22,56.179,67.81
13299,"Ware County, Georgia",27051,65.945,45.865,53.348,35.71,50.263,50.222,57.811,58.08,68.764
13301,"Warren County, Georgia",4218,67.576,48.794,58.785,42.242,54.81,55.365,60.687,63.327,72.514
13303,"Washington County, Georgia",15916,71.661,51.716,61.003,43.928,57.677,57.582,64.055,65.494,73.204
13305,"Wayne County, Georgia",22395,62.733,47.531,53.697,35.825,50.213,51.805,59.481,57.849,68.388
13307,"Webster County, Georgia",1988,62.339,44.358,52.702,37.308,49.247,50.304,56.255,57.6,69.237
13309,"Wheeler County, Georgia",6614,60.161,43.382,49.555,35.376,47.516,48.372,54.802,54.998,67.5
13311,"White County, Georgia",23088,57.887,43.229,46.063,31.292,46.041,46.956,54.949,52.289,65.484
13313,"Whitfield County, Georgia",76386,64.322,50.821,55.468,38.127,52.156,53.617,60.829,58.445,69.326
13315,"Wilcox County, Georgia",7153,61.492,44.81,50.81,36.522,49.599,50.042,56.538,56.544,67.651
13317,"Wilkes County, Georgia",7825,66.005,48.476,55.776,40.577,54.452,54.55,60.431,61.529,70.927
13319,"Wilkinson County, Georgia",6991,67.59,50.55,58.67,39.553,53.578,55.355,62.081,62.276,72.947
13321,"Worth County, Georgia",15853,59.866,43.458,49.332,34.347,47.472,47.777,54.581,53.88,66.769
15001,"Hawaii County, Hawaii",154438,80.886,66.998,71.836,49.347,69.042,74.23,78.517,77.11,77.853
15003,"Honolulu County, Hawaii",776608,82.567,67.692,73.784,54.21,72.458,77.127,81.628,81.457,80.037
15005,"Kalawao County, Hawaii",35,78.733,66.889,74.939,57.747,74.899,76.986,79.676,76.987,77.613
15007,"Kauai County, Hawaii",55647,76.171,62.921,69.877,47.162,66.585,72.939,77.05,73.315,76.189
15009,"Maui County, Hawaii",128763,78.639,63.968,72.073,49.873,68.878,74.297,78.502,76.445,76.925
16001,"Ada County, Idaho",336905,71.697,55.259,60.511,37.003,57.142,63.004,68.716,66.809,73.716
16003,"Adams County, Idaho",3282,62.816,48.149,52.415,36.015,55.381,57.524,62.065,60.167,67.169
16005,"Bannock County, Idaho",62442,71.264,54.216,61.207,38.604,58.423,62.775,67.281,65.912,72.33
16007,"Bear Lake County, Idaho",4362,60.777,46.168,50.094,34.904,54.212,56.048,60.543,56.96,65.084
16009,"Benewah County, Idaho",6962,59.488,45.463,50.048,34.122,52.21,55.038,59.413,57.492,65.728
16011,"Bingham County, Idaho",31267,60.995,47.268,52.297,36.754,54.997,57.397,61.304,59.09,66.425
16013,"Blaine County, Idaho",16960,74.479,59.243,65.862,43.69,63.137,67.5,71.298,73.001,75.814
16015,"Boise County, Idaho",5879,66.731,51.934,56.715,36.461,57.068,61.085,65.79,62.273,69.338
16017,"Bonner County, Idaho",34176,65.649,48.986,54.952,36.311,55.784,59.364,63.824,64.096,68.903
16019,"Bonneville County, Idaho",77354,68.196,50.65,54.88,35.564,54.848,59.189,62.371,60.747,68.688
16021,"Boundary County, Idaho",8808,60.059,44.898,49.217,33.8,52.008,54.309,58.487,56.28,65.33
16023,"Butte County, Idaho",2012,58.123,44.131,48.105,32.417,51.586,54.069,58.902,53.26,64.966
16025,"Camas County, Idaho",665,61.645,47.142,51.914,32.655,51.573,55.808,60.947,57.703,67.689
16027,"Canyon County, Idaho",150042,58.799,47.199,53.513,36.605,55.461,58.467,61.171,62.403,66.281
16029,"Caribou County, Idaho",4889,59.556,45.202,49.125,33.874,52.906,55.184,59.802,55.273,64.798
16031,"Cassia County, Idaho",15992,61.05,46.587,51.603,36.299,53.561,56.071,60.034,56.585,64.966
16033,"Clark County, Idaho",747,63.965,51.688,57.567,42.671,60.071,61.354,64.005,60.184,65.978
16035,"Clearwater County, Idaho",7211,63.315,47.541,52.652,35.46,54.243,57.276,61.826,60.282,66.979
16037,"Custer County, Idaho",3430,65.248,50.473,54.664,38.067,58.033,60.028,64.397,62.569,67.799
16039,"Elmore County, Idaho",19674,64.579,48.99,54.679,35.923,54.637,58.485,63.261,58.889,67.715
16041,"Franklin County, Idaho",8871,56.4,42.05,45.976,31.502,49.063,51.693,56.236,52.543,62.891
16043,"Fremont County, Idaho",9465,59.592,45.405,49.812,33.473,51.689,54.82,59.253,55.433,64.948
16045,"Gem County, Idaho",13071,60.376,47.173,50.624,34.774,53.648,55.985,60.484,58.927,66.31
16047,"Gooding County, Idaho",11013,58.963,45.305,50.529,35.213,52.105,54.688,58.495,55.522,64.939
16049,"Idaho County, Idaho",13098,63.848,49.031,53.013,37.117,56.769,58.616,62.988,61.199,66.842
16051,"Jefferson County, Idaho",18323,60.029,45.23,49.264,34.029,52.295,54.467,59.385,55.818,64.271
16053,"Jerome County, Idaho",16162,62.621,49.119,54.829,38.013,55.528,58.244,62.031,59.097,66.913
16055,"Kootenai County, Idaho",117948,62.714,46.817,52.959,34.198,52.446,56.268,60.392,58.529,68.525
16057,"Latah County, Idaho",31842,74.953,59.54,65.339,42.641,63.63,68.046,72.18,72.706,75.275
16059,"Lemhi County, Idaho",6360,62.818,47.663,51.998,35.59,54.812,57.264,61.799,59.897,66.804
16061,"Lewis County, Idaho",2954,62.632,46.874,51.481,35.771,54.453,56.75,60.791,59.306,66.407
16063,"Lincoln County, Idaho",3696,65.489,51.872,57.275,40.78,59.484,61.288,65.087,62.344,68.338
16065,"Madison County, Idaho",28131,61.5,46.875,51.913,35.502,55.413,58.081,62.375,58.586,65.582
16067,"Minidoka County, Idaho",14692,59.456,45.634,51.248,35.972,52.477,55.171,58.861,55.826,64.835
16069,"Nez Perce County, Idaho",31451,63.977,49.073,54.469,34.704,53.53,57.887,62.393,61.069,68.992
16071,"Oneida County, Idaho",3056,57.669,43.279,47.157,32.339,50.32,52.756,57.397,54.367,64.102
16073,"Owyhee County, Idaho",8427,61.842,48.674,53.639,38.809,56.527,57.971,61.59,60.011,65.765
16075,"Payette County, Idaho",16826,60.39,45.061,50.692,34.752,52.273,54.611,59.33,56.629,65.46
16077,"Power County, Idaho",5392,65.817,52.654,57.504,40.608,58.179,60.886,64.504,61.437,68.507
16079,"Shoshone County, Idaho",10015,63.154,48.633,53.69,36.825,55.245,57.093,61.865,62.282,68.441
16081,"Teton County, Idaho",8159,74.205,58.862,64.522,43.958,64.328,67.731,71.481,71.732,73.837
16083,"Twin Falls County, Idaho",60425,63.724,48.515,53.129,35.237,53.309,57.377,61.869,59.451,67.244
16085,"Valley County, Idaho",8502,64.546,48.655,53.939,34.795,53.584,57.735,62.35,62.029,69.455
16087,"Washington County, Idaho",7680,63.496,49.512,54.297,38.6,57.809,59.559,63.683,61.496,67.294
17001,"Adams County, Illinois",51393,63.851,51.203,52.481,33.679,52.313,56.082,63.01,58.423,70.473
17003,"Alexander County, Illinois",4951,65.167,50.202,55.182,38.74,55.208,57.633,63.861,62.664,73.116
17005,"Bond County, Illinois",13507,62.153,50.935,53.217,35.819,55.932,58.506,65.336,56.953,71.296
17007,"Boone County, Illinois",39900,66.919,54.861,57.227,37.745,56.543,60.263,66.901,65.366,74.117
17009,"Brown County, Illinois",5634,62.831,50.124,52.504,35.036,52.863,56.69,63.698,57.95,70.398
17011,"Bureau County, Illinois",26122,64.421,52.775,55.496,35.248,55.141,58.765,66.411,59.545,73.206
17013,"Calhoun County, Illinois",3837,61.67,49.41,50.955,34.165,52.934,55.382,63.082,59.076,70.762
17015,"Carroll County, Illinois",11722,63.672,49.706,51.744,34.463,52.879,56.213,63.091,61.1,71.693
17017,"Cass County, Illinois",9675,65.422,53.638,56.622,37.622,56.082,59.277,66.14,62.796,72.503
17019,"Champaign County, Illinois",169893,76.985,64.474,67.46,45.376,65.326,68.913,73.959,74.512,79.362
17021,"Christian County, Illinois",26391,55.974,47.628,49.574,32.471,53.362,55.15,63.351,47.333,69.992
17023,"Clark County, Illinois",12193,59.731,47.932,49.492,32.856,51.822,54.219,62.439,57.615,69.858
17025,"Clay County, Illinois",10365,57.229,45.226,46.565,31.232,49.032,51.736,59.311,54.455,67.333
17027,"Clinton County, Illinois",29637,63.76,48.956,51.562,33.444,51.562,55.598,63.815,58.86,70.062
17029,"Coles County, Illinois",42379,66.294,52.506,54.864,36.885,56.054,59.037,66.235,63.878,72.431
17031,"Cook County, Illinois",4063290,79.588,66.997,71.157,52.486,71.34,73.826,78.422,80.349,81.977
17033,"Crawford County, Illinois",15289,59.875,48.784,51.035,33.433,52.745,55.81,63.488,53.728,70.007
17035,"Cumberland County, Illinois",8383,57.713,45.923,47.179,31.072,48.942,51.965,59.608,54.583,67.907
17037,"DeKalb County, Illinois",81607,72.299,57.978,61.537,39.687,59.541,64.006,69.652,68.383,76.088
17039,"De Witt County, Illinois",12544,60.992,47.971,49.62,32.461,50.346,53.857,61.619,57.683,69.735
17041,"Douglas County, Illinois",14756,63.1,50.637,52.639,36.014,54.808,56.859,64.101,60.772,70.113
17043,"DuPage County, Illinois",716870,78.105,59.379,66.238,42.784,62.568,66.905,73.991,73.284,76.938
17045,"Edgar County, Illinois",13895,58.526,47.765,49.346,32.404,50.946,53.343,61.437,57.655,68.68
17047,"Edwards County, Illinois",4994,56.299,43.692,44.6,30.085,47.564,50.265,58.084,52.759,66.333
17049,"Effingham County, Illinois",26106,58.593,45.478,45.883,30.698,48.647,51.811,59.871,55.435,67.537
17051,"Fayette County, Illinois",17201,57.202,46.178,47.778,32.294,49.407,52.11,59.7,55.712,67.6
17053,"Ford County, Illinois",10331,61.279,48.641,50.338,33.57,52.196,54.977,62.537,57.991,69.636
17055,"Franklin County, Illinois",30440,61.642,48.782,50.829,32.943,51.161,54.665,62.413,58.934,70.198
17057,"Fulton County, Illinois",28332,63.304,50.76,53.412,34.707,53.277,56.831,64.392,60.235,72.592
17059,"Gallatin County, Illinois",4088,60.28,48.068,50.103,32.166,50.221,53.759,61.696,57.113,70.103
17061,"Greene County, Illinois",10437,59.772,47.395,48.853,32.372,50.191,53.057,60.809,57.256,69.29
17063,"Grundy County, Illinois",37574,62.168,49.557,52.056,33.588,51.693,55.855,63.204,59.383,71.795
17065,"Hamilton County, Illinois",6397,61.117,48.312,49.704,33.239,52.232,54.676,62.402,57.365,68.839
17067,"Hancock County, Illinois",14328,56.38,45.18,46.545,31.686,49.425,52.334,58.878,55.809,68.733
17069,"Hardin County, Illinois",3301,57.016,44.476,46.278,31.247,48.051,50.549,58.089,54.817,67.374
17071,"Henderson County, Illinois",5611,62.428,50.932,53.291,33.721,52.986,56.619,64.568,58.308,72.389
17073,"Henry County, Illinois",38351,63.564,50.519,52.974,34.071,52.362,56.692,64.294,59.741,72.178
17075,"Iroquois County, Illinois",22003,59.449,48.678,50.281,33.168,51.538,54.94,62.104,57.208,69.232
17077,"Jackson County, Illinois",47899,71.45,58.008,60.402,40.461,60.59,65.851,71.64,70.103,75.887
17079,"Jasper County, Illinois",7391,52.541,46.057,47.619,31.087,53.107,54.382,62.904,41.083,68.455
17081,"Jefferson County, Illinois",29723,61.968,48.727,50.979,34.347,52.34,55.302,62.567,58.985,69.968
17083,"Jersey County, Illinois",17438,59.624,47.759,49.784,31.608,50.916,54.426,62.815,52.752,70.686
17085,"Jo Daviess County, Illinois",17632,65.543,52.744,54.208,35.555,54.74,58.447,65.781,62.953,72.946
17087,"Johnson County, Illinois",10297,57.364,45.784,47.854,32.899,50.9,53.265,60.558,52.231,68.007
17089,"Kane County, Illinois",391093,72.574,58.279,61.795,41.609,61.17,65.303,70.796,68.983,74.635
17091,"Kankakee County, Illinois",85098,68.459,54.099,56.861,38.034,55.602,59.056,66.223,63.841,72.867
17093,"Kendall County, Illinois",88284,72.09,57.621,62.663,39.79,58.64,63.265,70.551,67.943,75.669
17095,"Knox County, Illinois",40941,68.518,55.206,58.604,37.661,56.442,60.233,67.655,66.268,75.266
17097,"Lake County, Illinois",529441,76.947,63.605,66.399,43.056,63.862,68.851,75.569,72.539,78.915
17099,"LaSalle County, Illinois",86367,67.926,48.413,54.084,35.834,53.296,57.165,65.023,63.11,72.09
17101,"Lawrence County, Illinois",13045,60.421,47.578,49.423,34.364,51.969,54.304,61.41,57.618,68.834
17103,"Lee County, Illinois",27659,64.754,51.684,54.297,35.637,54.024,57.669,64.958,62.072,72.5
17105,"Livingston County, Illinois",28508,60.919,48.901,49.968,34.32,52.505,54.977,62.104,59.582,70.318
17107,"Logan County, Illinois",23566,62.203,49.536,52.055,35.537,54.012,56.59,63.276,61.116,70.362
17109,"McDonough County, Illinois",25734,68.6,55.546,59.161,38.963,58.875,62.481,69.316,67.637,74.118
17111,"McHenry County, Illinois",233357,70.125,51.134,56.962,36.504,56.613,60.586,66.664,62.045,72.979
17113,"McLean County, Illinois",135481,72.298,57.963,60.845,38.577,58.346,62.874,69.933,67.427,75.755
17115,"Macon County, Illinois",82757,65.972,53.801,55.765,36.092,54.919,58.378,65.155,61.282,73.754
17117,"Macoupin County, Illinois",35927,62.122,48.982,50.921,32.993,51.413,54.912,62.14,59.19,70.793
17119,"Madison County, Illinois",207102,65.733,51.27,56.753,35.474,54.465,59.945,65.294,63.298,73.019
17121,"Marion County, Illinois",29347,59.366,47.045,49.108,32.424,50.021,52.853,60.545,58.107,69.028
17123,"Marshall County, Illinois",9422,61.491,48.659,50.554,33.13,51.314,54.57,62.232,58.72,70.645
17125,"Mason County, Illinois",10923,57.65,48.844,51.78,33.436,54.116,55.984,63.893,51.183,71.423
17127,"Massac County, Illinois",11229,53.426,45.438,49.082,31.387,52.51,54.08,62.888,40.841,68.813
17129,"Menard County, Illinois",9632,64.373,52.784,54.888,34.016,53.369,57.652,65.289,61.436,72.04
17131,"Mercer County, Illinois",12294,61.599,49.899,53.441,32.323,51.641,55.916,64.497,55.516,73.016
17133,"Monroe County, Illinois",26279,57.897,49.299,50.653,31.297,52.607,55.253,65.039,46.193,70.077
17135,"Montgomery County, Illinois",23252,56.692,46.183,48.303,31.854,50.501,53.103,60.948,50.9,69.333
17137,"Morgan County, Illinois",27874,63.209,50.437,52.823,35.021,53.524,56.76,64.011,60.324,72.214
17139,"Moultrie County, Illinois",10977,60.92,49.052,50.878,34.194,53.017,55.396,62.62,58.784,69.434
17141,"Ogle County, Illinois",39614,66.797,52.386,53.879,35.843,54.837,57.878,65.853,61.919,71.885
17143,"Peoria County, Illinois",140577,67.085,53.821,58.963,39.929,58.63,63.21,68.725,65.244,75.343
17145,"Perry County, Illinois",17308,60.23,47.296,49.378,33.927,51.328,53.892,61.039,57.746,69.18
17147,"Piatt County, Illinois",12724,63.665,51.276,53.421,33.037,52.249,56.954,64.644,59.874,71.886
17149,"Pike County, Illinois",12211,60.15,47.976,49.337,32.844,51.223,53.92,61.688,56.887,69.285
17151,"Pope County, Illinois",3640,57.531,44.988,46.352,31.468,48.639,51.374,58.965,54.35,67.486
17153,"Pulaski County, Illinois",4405,64.323,48.969,53.235,37.142,54.284,56.94,63.149,59.024,71.864
17155,"Putnam County, Illinois",4607,60.665,48.431,50.885,33.023,51.421,54.799,62.499,56.931,71.169
17157,"Randolph County, Illinois",26228,57.915,48.107,50.578,33.528,52.587,55.152,63.116,51.676,70.006
17159,"Richland County, Illinois",12270,60.257,47.122,48.598,32.434,50.305,53.344,61.006,57.059,68.469
17161,"Rock Island County, Illinois",112750,67.072,55.294,59.98,39.462,58.111,62.127,69.482,66.786,75.793
17163,"St. Clair County, Illinois",201009,72.911,57.373,59.893,40.645,59.473,62.725,70.499,64.48,76.906
17165,"Saline County, Illinois",18961,60.685,46.663,48.742,32.122,50.079,53.642,61.347,56.985,69.125
17167,"Sangamon County, Illinois",153048,68.482,51.886,57.866,36.917,56.236,60.141,67.225,64.667,74.606
17169,"Schuyler County, Illinois",5719,64.147,50.942,52.731,35.604,54.488,57.105,64.412,61.487,71.341
17171,"Scott County, Illinois",3918,58.955,46.76,47.815,31.814,49.89,52.591,60.469,55.768,68.971
17173,"Shelby County, Illinois",17164,60.028,47.269,48.88,31.18,49.146,53.311,61.299,56.669,69.742
17175,"Stark County, Illinois",4303,63.549,51.12,52.945,34.496,53.683,56.891,64.651,60.513,71.6
17177,"Stephenson County, Illinois",35610,67.269,53.474,56.414,37.537,56.11,59.167,66.55,64.58,73.338
17179,"Tazewell County, Illinois",103166,61.189,49.901,50.707,33.045,52.304,55.267,62.608,55.117,70.629
17181,"Union County, Illinois",13555,61.368,48.892,50.846,33.708,51.922,55.108,62.39,59.459,70.443
17183,"Vermilion County, Illinois",59727,65.409,50.532,53.665,35.485,53.257,56.202,63.644,59.161,71.255
17185,"Wabash County, Illinois",9009,50.075,44.073,46.305,30.074,51.533,53.256,61.242,39.761,68.292
17187,"Warren County, Illinois",13463,67.754,54.495,56.537,37.877,57.264,60.522,67.663,65.231,73.685
17189,"Washington County, Illinois",11095,58.305,45.701,47.019,30.798,48.843,52.157,59.997,54.235,68.004
17191,"Wayne County, Illinois",12735,56.384,44.878,45.891,31.149,49.103,51.472,58.866,54.441,66.472
17193,"White County, Illinois",10935,61.866,49.348,50.239,31.894,50.516,54.389,62.202,57.72,70.147
17195,"Whiteside County, Illinois",43785,65.821,52.454,56.167,37.152,54.636,58.476,66.034,62.299,73.865
17197,"Will County, Illinois",511534,69.172,57.436,59.184,40.139,57.988,62.431,70.196,70.049,77.662
17199,"Williamson County, Illinois",52555,63.906,50.295,52.447,33.546,52.162,55.875,63.755,58.242,71.107
17201,"Winnebago County, Illinois",218502,69.483,56.121,61.119,41.123,58.288,62.526,68.999,67.727,74.169
17203,"Woodford County, Illinois",29249,60.897,48.309,50.05,31.762,50.455,54.687,62.235,56.834,69.836
18001,"Adams County, Indiana",24182,64.016,52.558,53.615,36.515,54.78,57.056,64.344,62.057,70.8
18003,"Allen County, Indiana",273884,65.608,51.332,55.319,35.533,54.132,57.66,65.386,61.152,72.096
18005,"Bartholomew County, Indiana",62208,64.508,50.687,52.678,35.009,52.814,56.518,62.557,61.266,70.312
18007,"Benton County, Indiana",6497,61.86,50.082,51.803,34.328,52.517,55.584,62.442,58.622,70.394
18009,"Blackford County, Indiana",9547,60.634,46.962,49.28,32.59,49.362,52.707,59.854,57.243,69.82
18011,"Boone County, Indiana",47058,62.657,51.266,53.431,33.458,52.53,57.302,64.025,59.984,71.391
18013,"Brown County, Indiana",12283,63.966,47.936,49.754,32.969,51.122,54.64,61.158,59.575,70.634
18015,"Carroll County, Indiana",15459,60.365,47.374,49.76,32.58,50.646,53.776,60.596,57.163,69.245
18017,"Cass County, Indiana",29164,62.859,49.655,51.817,34.964,52.464,55.431,61.819,59.053,70.383
18019,"Clark County, Indiana",89235,67.628,52.177,55.753,35.745,53.673,57.773,65.108,63.653,73.411
18021,"Clay County, Indiana",20210,57.373,46.567,46.972,31.584,48.96,51.708,58.303,54.703,69.003
18023,"Clinton County, Indiana",23905,63.173,50.843,51.976,34.442,52.682,55.564,61.955,59.789,70.095
18025,"Crawford County, Indiana",8231,60.427,47.064,48.921,32.811,49.843,52.402,59.118,58.08,69.792
18027,"Daviess County, Indiana",23304,58.717,50.127,51.232,35.269,54.831,55.836,62.51,54.21,69.234
18029,"Dearborn County, Indiana",38194,58.82,48.226,50.065,31.187,50.61,54.379,61.743,50.451,70.49
18031,"Decatur County, Indiana",20044,62.138,48.664,50.139,31.853,49.869,53.996,60.343,56.523,69.807
18033,"DeKalb County, Indiana",32219,61.662,49.115,50.9,32.32,49.912,54.083,61.311,57.907,70.404
18035,"Delaware County, Indiana",93954,67.71,55.64,57.265,37.802,56.582,60.116,66.328,64.988,74.362
18037,"Dubois County, Indiana",31943,58.174,46.251,48.872,31.599,48.84,52.565,59.346,55.432,69.766
18039,"Elkhart County, Indiana",146926,68.931,54.445,56.488,37.574,56.471,58.873,66.387,63.884,71.625
18041,"Fayette County, Indiana",18098,60.445,48.59,50.571,33.056,49.821,53.294,60.138,59.151,70.118
18043,"Floyd County, Indiana",59175,66.024,51.468,54.976,35.093,53.163,57.653,64.06,62.18,73.149
18045,"Fountain County, Indiana",12831,58.187,47.19,48.521,32.653,51.004,53.339,60.295,54.699,68.78
18047,"Franklin County, Indiana",17426,56.945,44.521,45.612,29.751,46.794,50.371,56.934,53.323,68.052
18049,"Fulton County, Indiana",15453,58.804,48.596,48.519,33.168,50.955,53.612,60.302,57.504,69.062
18051,"Gibson County, Indiana",25721,50.843,43.715,45.706,29.656,50.291,52.448,59.86,39.369,68.369
18053,"Grant County, Indiana",53031,67.938,50.19,54.974,34.961,54.586,57.802,66.404,61.995,71.962
18055,"Greene County, Indiana",25158,59.32,45.81,48.029,31.431,48.062,51.556,58.718,56.119,68.685
18057,"Hamilton County, Indiana",228189,68.63,55.123,56.741,36.948,55.472,60.927,67.086,66.834,74.142
18059,"Hancock County, Indiana",56375,59.536,46.787,48.518,31.416,48.855,53.916,60.777,57.446,70.003
18061,"Harrison County, Indiana",30774,56.933,47.742,49.709,30.958,50.617,53.732,61.925,47.839,70.247
18063,"Hendricks County, Indiana",119762,66.889,49.991,51.562,34.192,52.116,56.981,63.508,58.951,71.657
18065,"Henry County, Indiana",38468,61.701,49.206,50.089,32.829,50.276,53.759,61.167,57.975,70.281
18067,"Howard County, Indiana",63701,62.488,49.909,51.76,34.051,51.68,54.861,61.371,61.369,69.506
18069,"Huntington County, Indiana",28460,59.762,46.741,49.029,31.888,49.441,53.226,60.361,56.873,69.328
18071,"Jackson County, Indiana",33124,60.508,47.988,49.616,33.438,50.296,52.974,60.209,57.506,69.146
18073,"Jasper County, Indiana",25467,55.668,48.05,49.423,31.855,51.304,54.052,61.16,48.807,70.492
18075,"Jay County, Indiana",15554,62.828,48.363,51.537,35.205,52.454,54.758,61.771,58.863,70.312
18077,"Jefferson County, Indiana",25519,57.639,48.267,51.65,33.404,53.841,55.765,63.511,48.701,71.532
18079,"Jennings County, Indiana",21217,60.76,48.628,50.187,32.783,50.463,53.708,60.808,57.886,69.891
18081,"Johnson County, Indiana",113548,58.612,46.464,49.305,32.223,50.198,54.724,60.618,56.118,68.991
18083,"Knox County, Indiana",29327,55.71,45.787,47.821,30.914,49.855,52.699,59.71,50.065,68.954
18085,"Kosciusko County, Indiana",59638,58.37,48.95,49.098,34.012,51.765,54.758,60.778,56.07,68.449
18087,"LaGrange County, Indiana",26124,65.858,54.158,55.65,39.777,58.832,59.299,65.629,65.076,70.738
18089,"Lake County, Indiana",370512,70.483,58.96,62.509,42.822,60.724,65.197,69.352,69.052,76.968
18091,"LaPorte County, Indiana",86515,67.099,51.859,56.488,37.563,54.898,58.289,64.512,62.51,74.297
18093,"Lawrence County, Indiana",35512,60.159,47.656,47.593,31.642,48.939,52.184,58.922,57.164,68.49
18095,"Madison County, Indiana",101086,63.536,50.858,53.511,35.423,53.615,56.55,62.952,61.56,71.311
18097,"Marion County, Indiana",710457,68.919,58.681,64.685,45.607,61.379,65.089,68.975,73.716,76.895
18099,"Marshall County, Indiana",34844,64.4,48.644,52.1,35.082,53.692,56.757,63.217,59.748,69.804
18101,"Martin County, Indiana",7915,59.573,47.192,48.46,32.762,50.491,52.903,59.843,56.772,68.532
18103,"Miami County, Indiana",28181,56.588,47.19,47.309,32.035,48.628,51.544,58.925,57.27,68.904
18105,"Monroe County, Indiana",122381,75.08,65.067,67.061,43.592,63.747,69.109,74.962,74.047,79.35
18107,"Montgomery County, Indiana",29532,59.666,47.604,49.031,33.021,50.535,53.461,60.128,56.334,68.784
18109,"Morgan County, Indiana",53622,60.611,48.318,50.025,32.004,49.636,53.498,60.784,56.238,69.534
18111,"Newton County, Indiana",10978,59.868,47.697,49.262,33.391,50.774,53.208,60.035,57.552,69.306
18113,"Noble County, Indiana",35441,58.916,47.726,49.623,33.4,50.516,54.3,61.067,58.548,68.819
18115,"Ohio County, Indiana",4755,52.025,45.216,47.118,30.608,51.11,52.75,60.512,41.645,68.84
18117,"Orange County, Indiana",15012,60.486,48.166,49.948,33.57,50.995,53.508,60.383,58.533,69.839
18119,"Owen County, Indiana",16414,58.538,49.15,49.793,33.295,50.87,53.662,60.335,57.868,69.324
18121,"Parke County, Indiana",13329,59.072,46.893,49.467,33.244,51.175,53.669,60.55,54.749,69.559
18123,"Perry County, Indiana",15021,62.381,49.496,52.592,34.203,53.412,56.566,63.811,56.279,72.57
18125,"Pike County, Indiana",9613,52.423,45.389,48.212,30.217,51.092,53.494,61.483,40.221,69.154
18127,"Porter County, Indiana",130247,67.958,53.031,58.474,36.55,55.267,59.782,66.162,63.109,74.198
18129,"Posey County, Indiana",19947,56.844,45.492,46.393,30.255,48.074,51.779,58.903,50.864,68.671
18131,"Pulaski County, Indiana",9770,60.855,48.658,50.07,34.068,51.905,54.176,61.06,58.494,69.884
18133,"Putnam County, Indiana",30315,63.197,50.142,50.862,34.199,52.119,55.573,61.753,59.657,70.304
18135,"Randolph County, Indiana",19245,61.714,49.069,50.68,33.659,51.255,54.312,61.336,58.283,70.024
18137,"Ripley County, Indiana",21672,57.776,48.628,48.276,31.684,49.196,52.434,59.943,57.439,69.34
18139,"Rush County, Indiana",12916,58.298,45.808,47.242,31.325,47.753,50.833,57.946,54.822,68.36
18141,"St. Joseph County, Indiana",205045,68.853,55.164,60.444,39.815,58.046,62.708,68.72,66.859,74.214
18143,"Scott County, Indiana",18279,63.031,50.899,53.145,33.658,51.498,55.457,62.646,60.605,71.947
18145,"Shelby County, Indiana",34228,61.174,47.394,48.97,32.516,49.369,52.679,60.177,57.072,69.49
18147,"Spencer County, Indiana",15947,53.547,46.513,48.784,30.911,52.316,55.087,63.052,43.645,70.291
18149,"Starke County, Indiana",17557,59.936,48.008,49.938,33.425,50.74,53.409,60.13,59.27,70.199
18151,"Steuben County, Indiana",27295,62.756,50.934,53.589,34.159,52.693,56.397,63.037,60.912,71.144
18153,"Sullivan County, Indiana",16610,52.794,46.432,48.685,30.351,51.132,53.929,61.872,40.972,69.943
18155,"Switzerland County, Indiana",7945,55.759,49.962,52.433,32.455,54.304,56.664,64.654,44.529,71.612
18157,"Tippecanoe County, Indiana",150302,72.08,58.513,61.505,41.442,60.303,64.319,70.332,67.281,74.934
18159,"Tipton County, Indiana",12087,58.675,46.263,47.548,31.766,49.218,52.194,59.068,55.109,68.162
18161,"Union County, Indiana",5591,60.964,49.396,51.203,32.737,50.974,54.536,61.865,58.233,70.76
18163,"Vanderburgh County, Indiana",141954,67.165,52.024,55.141,34.374,53.683,56.986,62.749,63.076,72.63
18165,"Vermillion County, Indiana",12149,53.598,48.389,50.005,31.384,53.059,55.607,63.264,41.995,70.787
18167,"Vigo County, Indiana",85480,66.865,54.188,58.065,36.719,55.871,60.438,66.113,63.403,74.225
18169,"Wabash County, Indiana",24970,58.148,46.195,47.779,31.432,48.809,51.897,58.529,54.716,68.213
18171,"Warren County, Indiana",6434,60.623,48.184,49.504,32.613,50.855,53.978,61.037,56.682,69.512
18173,"Warrick County, Indiana",46930,61.601,47.342,51.773,32.284,51.104,55.081,61.559,53.026,70.39
18175,"Washington County, Indiana",21421,59.972,47.707,49.332,32.576,49.993,52.945,59.953,57.552,69.444
18177,"Wayne County, Indiana",51876,62.597,50.746,52.448,34.775,52.799,56.29,62.185,60.796,71.504
18179,"Wells County, Indiana",20989,56.984,44.806,46.115,30.545,47.468,50.775,57.6,54.154,68.11
18181,"White County, Indiana",18533,62.492,48.952,50.619,34.476,52.461,54.887,62.114,59.589,70.239
18183,"Whitley County, Indiana",25832,60.4,48.793,49.578,30.964,48.617,52.869,59.712,56.748,69.956
19001,"Adair County, Iowa",5581,63.166,49.953,53.933,34.503,54.251,59.189,67.317,59.529,69.612
19003,"Adams County, Iowa",2948,66.141,53.209,57.495,35.196,55.868,61.872,70.097,61.638,71.126
19005,"Allamakee County, Iowa",10704,64.239,52.169,56.723,36.356,57.01,61.627,69.538,59.475,70.884
19007,"Appanoose County, Iowa",9758,63.024,49.199,53.483,33.684,53.013,57.852,66.44,59.664,69.049
19009,"Audubon County, Iowa",4553,64.237,51.111,55.639,34.474,53.881,59.743,67.999,60.466,70.637
19011,"Benton County, Iowa",19562,67.418,52.109,57.669,34.424,53.622,60.127,69.764,62.419,71.343
19013,"Black Hawk County, Iowa",104150,72.313,58.625,63.716,40.665,59.033,65.118,72.419,68.397,75.62
19015,"Boone County, Iowa",20591,65.446,51.346,55.954,34.893,54.582,60.615,68.594,62.056,71.122
19017,"Bremer County, Iowa",19305,66.987,53.959,57.755,35.692,56.327,62.772,70.632,63.55,71.738
19019,"Buchanan County, Iowa",15430,66.339,52.534,57.009,36.033,55.734,61.251,69.273,62.285,71.201
19021,"Buena Vista County, Iowa",15115,70.136,56.473,62.248,41.762,61.101,65.246,71.42,65.778,71.283
19023,"Butler County, Iowa",11354,62.396,48.952,52.92,33.587,52.99,58.287,66.527,58.731,69.003
19025,"Calhoun County, Iowa",7757,62.467,49.066,53.085,33.038,52.378,58.364,66.605,58.079,68.974
19027,"Carroll County, Iowa",15380,63.425,49.541,53.643,33.23,52.576,58.105,66.824,59.24,69.558
19029,"Cass County, Iowa",10290,63.671,50.965,55.385,34.816,54.651,59.996,67.877,60.675,69.49
19031,"Cedar County, Iowa",14232,64.144,50.834,55.221,34.681,54.435,60.546,68.629,62.002,71.126
19033,"Cerro Gordo County, Iowa",34116,67.047,54.811,58.358,36.297,56.171,62.294,70.256,64.063,72.506
19035,"Cherokee County, Iowa",9014,62.24,48.613,51.934,32.637,52.171,57.525,66.201,57.707,68.601
19037,"Chickasaw County, Iowa",9310,66.493,53.342,57.767,35.525,55.861,61.634,69.748,62.918,71.842
19039,"Clarke County, Iowa",6947,64.377,51.72,56.043,36.682,56.084,61.056,68.785,62.117,70.667
19041,"Clay County, Iowa",12680,65.256,50.741,54.724,35.047,55.192,60.632,68.673,60.424,69.569
19043,"Clayton County, Iowa",13860,64.843,52.484,56.977,35.629,56.169,61.377,69.521,60.501,71.501
19045,"Clinton County, Iowa",36441,64.613,51.784,57.63,35.325,55.734,61.021,68.69,61.897,71.312
19047,"Crawford County, Iowa",12876,65.064,52.677,56.811,37.506,56.194,61.01,68.678,60.987,69.494
19049,"Dallas County, Iowa",60310,71.202,54.877,59.568,36.745,55.897,63.895,71.828,64.509,72.315
19051,"Davis County, Iowa",6284,64.971,52.067,56.181,36.85,57.108,61.138,68.96,62.418,69.348
19053,"Decatur County, Iowa",6288,69.028,55.653,60.032,39.446,60.364,64.771,72.242,66.091,71.932
19055,"Delaware County, Iowa",13141,66.755,53.344,57.631,34.656,54.263,59.817,69.499,60.03,70.903
19057,"Des Moines County, Iowa",30589,67.367,52.829,58.117,36.411,55.888,61.727,69.206,64.064,71.938
19059,"Dickinson County, Iowa",13841,63.544,49.488,53.574,33.486,53.362,59.32,67.396,58.819,69.014
19061,"Dubuque County, Iowa",74491,69.037,54.676,58.694,36.909,56.583,63.049,69.984,64.631,73.227
19063,"Emmet County, Iowa",7557,65.415,51.829,56.022,36.597,56.512,61.363,69.109,61.705,69.763
19065,"Fayette County, Iowa",15769,67.299,53.618,58.088,37.453,57.428,62.483,70.307,64.336,71.398
19067,"Floyd County, Iowa",12261,65.983,52.796,57.705,37.108,57.082,62.042,69.525,63.488,71.359
19069,"Franklin County, Iowa",7861,63.748,50.869,55.315,35.88,55.118,59.893,68.011,59.675,69.337
19071,"Fremont County, Iowa",5435,54.939,47.229,51.749,31.665,54.382,58.762,67.704,42.63,68.498
19073,"Greene County, Iowa",6932,65.598,52.234,56.649,35.799,55.91,61.282,69.258,62.014,71.172
19075,"Grundy County, Iowa",9455,64.678,49.703,55.871,33.821,53.624,60.176,68.504,60.069,69.444
19077,"Guthrie County, Iowa",8252,63.736,50.322,54.372,34.704,54.475,59.6,67.667,60.136,69.652
19079,"Hamilton County, Iowa",11639,64.007,50.496,54.93,34.687,54.285,60.31,68.322,59.671,69.371
19081,"Hancock County, Iowa",8470,64.339,51.01,55.095,34.2,54.607,60.193,68.26,59.514,69.517
19083,"Hardin County, Iowa",13481,62.079,48.814,53.192,33.753,53.311,58.973,66.583,58.981,69.932
19085,"Harrison County, Iowa",10901,63.641,50.215,54.391,33.472,53.342,59.087,67.414,59.431,69.584
19087,"Henry County, Iowa",15533,63.6,49.974,54.117,34.703,53.382,59.263,66.829,59.947,69.292
19089,"Howard County, Iowa",6943,65.723,52.439,56.853,36.453,56.589,61.419,69.365,62.989,71.307
19091,"Humboldt County, Iowa",7343,61.079,46.722,50.631,32.085,50.968,56.378,64.431,56.413,67.108
19093,"Ida County, Iowa",5302,62.787,49.822,53.543,33.995,54.001,59.151,67.341,58.276,68.59
19095,"Iowa County, Iowa",12451,65.381,51.782,55.571,34.715,54.74,60.67,68.769,61.275,71.079
19097,"Jackson County, Iowa",15071,64.249,51.34,56.717,34.308,53.846,59.966,67.986,61.069,71.61
19099,"Jasper County, Iowa",28585,65.524,52.409,57.076,35.469,55.513,61.594,69.607,62.946,71.538
19101,"Jefferson County, Iowa",14766,72.636,58.949,64.008,41.696,62.497,67.918,74.645,69.837,74.385
19103,"Johnson County, Iowa",117391,78.354,65.411,72.43,44.931,66.378,73.327,79.686,75.726,78.314
19105,"Jones County, Iowa",16125,66.132,52.969,56.695,36.722,56.47,62.201,70.05,63.576,71.946
19107,"Keokuk County, Iowa",7887,64.385,51.454,55.41,34.284,54.312,60.103,68.418,59.268,69.957
19109,"Kossuth County, Iowa",11808,62.864,49.301,53.385,33.964,53.546,58.834,66.954,58.872,69.092
19111,"Lee County, Iowa",27065,64.391,49.832,55.358,34.788,53.979,59.911,68.238,60.655,70.313
19113,"Linn County, Iowa",169630,69.779,56.954,60.388,37.885,57.914,65.139,72.851,66.239,74.203
19115,"Louisa County, Iowa",8649,64.76,52.197,58.166,37.1,56.72,62.006,69.679,59.169,70.838
19117,"Lucas County, Iowa",6575,60.566,48.286,52.136,32.494,51.339,56.668,64.837,57.886,68.7
19119,"Lyon County, Iowa",8429,58.921,46.795,50.911,32.112,51.85,56.665,65.502,53.575,66.015
19121,"Madison County, Iowa",11823,64.471,50.804,54.901,34.911,54.948,60.222,68.243,60.703,69.855
19123,"Mahaska County, Iowa",16886,61.866,49.605,52.658,33.966,53.732,58.848,66.905,58.559,68.512
19125,"Marion County, Iowa",25272,65.637,52.074,56.056,35.632,55.851,61.537,69.436,62.848,70.581
19127,"Marshall County, Iowa",30161,70.631,57.048,62.257,40.866,59.85,65.003,72.174,65.83,73.133
19129,"Mills County, Iowa",11391,57.266,47.664,53.068,31.447,54.032,59.306,68.242,44.846,69.105
19131,"Mitchell County, Iowa",8112,65.8,52.555,56.142,35.739,56.129,61.138,69.139,62.605,70.671
19133,"Monona County, Iowa",7006,61.201,48.399,52.473,33.774,53.122,58.456,66.598,57.844,68.749
19135,"Monroe County, Iowa",5893,60.647,49.018,52.921,33.902,54.082,58.562,66.644,57.205,68.414
19137,"Montgomery County, Iowa",7791,62.472,49.137,53.331,33.872,53.114,58.379,66.574,58.909,68.788
19139,"Muscatine County, Iowa",32165,61.549,52.378,56.443,37.008,55.903,61.657,68.577,59.367,70.669
19141,"O'Brien County, Iowa",10634,62.084,49.002,52.393,34.294,54.146,58.625,66.653,57.694,67.463
19143,"Osceola County, Iowa",4674,59.562,47.122,50.721,32.979,52.258,56.83,64.967,54.428,66.486
19145,"Page County, Iowa",12275,63.867,50.381,54.557,34.111,53.644,59.516,67.578,59.787,69.117
19147,"Palo Alto County, Iowa",7031,67.08,53.265,57.538,35.895,56.01,61.67,70.17,62.355,71.002
19149,"Plymouth County, Iowa",18733,62.222,49.053,52.857,33.068,52.544,58.305,66.581,56.204,68.085
19151,"Pocahontas County, Iowa",5400,63.926,50.812,54.766,35.901,55.862,60.306,68.209,59.967,69.055
19153,"Polk County, Iowa",355181,69.459,57.969,61.748,38.109,58.133,65.461,70.744,65.533,73.242
19155,"Pottawattamie County, Iowa",71353,62.292,50.804,54.913,34.172,54.651,60.541,68.82,58.754,70.859
19157,"Poweshiek County, Iowa",14982,73.215,59.28,64.157,40.658,61.829,67.705,75.09,69.846,75.418
19159,"Ringgold County, Iowa",3789,62.658,49.025,52.254,33.268,52.388,57.577,66.22,57.895,68.781
19161,"Sac County, Iowa",7684,60.538,47.264,51.104,32.415,51.512,56.853,65.131,56.07,67.661
19163,"Scott County, Iowa",131018,67.215,52.723,59.354,36.968,56.227,63.173,69.769,63.203,73.455
19165,"Shelby County, Iowa",9048,64.393,50.811,53.155,34.528,54.575,59.413,67.326,60.067,68.853
19167,"Sioux County, Iowa",25378,62.58,49.211,52.666,33.345,53.779,58.932,66.93,56.179,66.586
19169,"Story County, Iowa",80702,75.672,60.358,65.328,41.728,63.274,70.073,76.851,70.756,76.018
19171,"Tama County, Iowa",12986,66.162,53.167,58.017,36.955,56.678,62.204,69.806,62.505,71.439
19173,"Taylor County, Iowa",4750,65.221,52.246,56.564,35.372,55.171,60.924,68.994,61.272,70.18
19175,"Union County, Iowa",9653,66.848,53.567,58.404,35.476,55.53,61.958,70.076,63.229,71.868
19177,"Van Buren County, Iowa",5490,64.806,51.639,55.382,36.054,56.346,60.715,68.733,61.736,69.477
19179,"Wapello County, Iowa",27372,61.381,50.535,55.656,35.481,55.934,60.748,68.549,55.453,70.334
19181,"Warren County, Iowa",37043,64.082,50.332,57.197,34.242,54.516,60.698,69.062,62.02,70.899
19183,"Washington County, Iowa",16626,66.942,53.988,58.77,37.067,57.235,62.776,70.989,63.842,72.362
19185,"Wayne County, Iowa",4815,62.647,49.536,53.402,34.858,54.186,58.562,66.647,59.894,68.791
19187,"Webster County, Iowa",28907,63.128,51.506,56.273,35.274,54.658,60.24,68.186,61.834,71.01
19189,"Winnebago County, Iowa",8273,66.357,51.396,56.689,35.826,55.718,61.234,69.119,62.47,70.647
19191,"Winneshiek County, Iowa",16642,71.739,58.334,62.931,41.449,62.553,67.666,74.935,69.503,74.343
19193,"Woodbury County, Iowa",75544,64.599,53.613,59.117,36.474,56.929,62.951,70.11,58.658,71.657
19195,"Worth County, Iowa",5882,61.742,48.342,52.95,32.864,51.826,57.715,65.989,57.839,69.521
19197,"Wright County, Iowa",9737,64.391,51.052,55.601,34.973,54.427,60.195,68.178,60.316,70.06
20001,"Allen County, Kansas",9753,62.757,48.213,52.576,33.809,51.559,55.689,63.721,58.554,68.001
20003,"Anderson County, Kansas",5780,63.977,50.097,53.913,35.304,54.627,57.599,65.644,60.386,68.797
20005,"Atchison County, Kansas",12503,67.005,52.802,58.516,37.376,57.499,61.309,69.141,61.596,71.672
20007,"Barber County, Kansas",3612,58.946,45.018,48.498,31.71,49.683,53.096,61.205,54.344,65.333
20009,"Barton County, Kansas",20364,61.349,48.389,53.804,33.523,51.646,56.112,63.761,57.755,68.324
20011,"Bourbon County, Kansas",10922,65.422,51.132,55.664,35.365,54.825,58.93,66.828,60.818,69.454
20013,"Brown County, Kansas",7205,63.222,49.332,53.728,34.27,53.031,57.29,65.101,58.19,68.49
20015,"Butler County, Kansas",49323,61.287,47.822,52.177,33.055,51.664,56.117,63.712,57.486,68.046
20017,"Chase County, Kansas",2024,66.664,52.626,56.915,36.664,56.677,60.287,68.218,62.525,70.154
20019,"Chautauqua County, Kansas",2661,61.28,47.856,51.399,34.188,52.818,55.788,63.48,57.076,66.233
20021,"Cherokee County, Kansas",15484,60.813,46.395,50.134,32.389,51.644,55.802,65.015,54.327,67.646
20023,"Cheyenne County, Kansas",2104,61.412,47.306,50.835,33.374,52.45,55.677,63.665,56.323,66.098
20025,"Clark County, Kansas",1553,61.869,47.751,51.138,33.713,52.673,56.219,63.951,56.255,66.09
20027,"Clay County, Kansas",6169,60.474,46.073,49.782,31.903,50.33,54.229,62.308,55.767,66.217
20029,"Cloud County, Kansas",6969,60.404,46.533,50.384,32.261,50.695,53.936,62.363,57.396,67.272
20031,"Coffey County, Kansas",6488,59.716,45.637,49.347,31.692,49.787,53.691,61.768,54.846,66.277
20033,"Comanche County, Kansas",1373,59.849,46.016,49.856,31.615,49.732,53.988,62.244,54.328,65.898
20035,"Cowley County, Kansas",27089,64.865,51.396,56.316,35.566,54.767,59.006,66.349,61.332,69.567
20037,"Crawford County, Kansas",30598,66.559,50.851,55.799,35.418,53.547,58.519,66.804,61.81,70.754
20039,"Decatur County, Kansas",2325,61.497,47.465,50.737,33.559,52.668,55.714,63.771,56.751,66.194
20041,"Dickinson County, Kansas",14428,62.142,47.948,51.916,33.921,52.54,55.96,63.882,57.893,67.395
20043,"Doniphan County, Kansas",6253,59.054,45.901,50.222,32.516,51.115,54.535,62.639,52.482,66.651
20045,"Douglas County, Kansas",97082,78.473,63.01,69.635,43.198,63.875,70.035,76.055,73.013,78.163
20047,"Edwards County, Kansas",2239,61.891,48.212,52.542,34.847,52.925,56.331,63.981,57.056,66.561
20049,"Elk County, Kansas",2020,60.115,46.743,50.136,33.52,51.877,54.549,62.535,56.133,66.065
20051,"Ellis County, Kansas",22635,62.137,48.032,53.163,32.469,51.116,56.105,63.953,57.984,68.222
20053,"Ellsworth County, Kansas",5105,62.209,48.039,51.959,33.835,52.273,56.127,63.868,57.399,67.17
20055,"Finney County, Kansas",25538,65.553,55.016,61.326,41.623,60.089,62.838,69.407,59.1,70.274
20057,"Ford County, Kansas",23958,67.201,55.718,61.886,42.517,60.354,63.581,69.415,62.332,70.068
20059,"Franklin County, Kansas",19338,62.111,47.645,52.907,33.105,51.281,55.364,63.078,57.566,68.649
20061,"Geary County, Kansas",24108,67.888,51.409,58.564,38.147,55.794,60.698,67.477,62.338,71.329
20063,"Gove County, Kansas",2059,63.999,50.159,53.447,36.159,56.132,58.414,66.185,59.497,67.082
20065,"Graham County, Kansas",2029,63.06,48.776,52.577,35.117,54.264,57.21,64.904,58.215,67.278
20067,"Grant County, Kansas",5201,62.617,50.338,55.457,38.191,55.198,58.172,64.784,57.372,65.853
20069,"Gray County, Kansas",4311,61.115,46.875,51.32,33.97,51.95,55.515,63.201,55.077,65.783
20071,"Greeley County, Kansas",889,64.138,50.133,54.261,36.699,55.952,58.73,65.996,58.843,66.92
20073,"Greenwood County, Kansas",4842,59.76,45.571,49.361,31.953,50.002,53.665,61.715,55.178,65.962
20075,"Hamilton County, Kansas",1836,67.14,54.615,59.106,41.601,60.565,62.475,69.067,62.513,68.169
20077,"Harper County, Kansas",4285,59.727,46.053,49.737,32.715,50.734,53.932,61.924,55.398,66.118
20079,"Harvey County, Kansas",26004,68.256,52.432,58.193,37.7,56.086,60.53,68.08,63.18,70.59
20081,"Haskell County, Kansas",2865,62.448,49.736,54.895,37.565,55.106,57.614,64.639,58.566,66.429
20083,"Hodgeman County, Kansas",1451,58.952,45.02,48.694,31.504,49.678,53.556,61.499,53.173,64.623
20085,"Jackson County, Kansas",10005,63.604,48.436,52.61,34.36,52.564,56.379,63.879,58.556,68.051
20087,"Jefferson County, Kansas",14501,58.987,48.16,52.671,32.727,52.735,56.424,64.756,51.669,69.127
20089,"Jewell County, Kansas",2370,59.271,45.492,48.727,32.022,50.425,53.498,61.677,54.495,65.575
20091,"Johnson County, Kansas",439729,75.46,55.15,60.845,37.549,57.19,64.413,71.464,63.539,74.253
20093,"Kearny County, Kansas",2799,63.056,50.223,55.023,37.939,55.808,58.248,65.407,58.73,66.827
20095,"Kingman County, Kansas",5799,60.388,46.14,49.908,32.102,50.44,54.258,62.323,55.561,66.345
20097,"Kiowa County, Kansas",1956,62.103,48.417,52.541,32.902,51.877,56.348,64.497,56.006,66.953
20099,"Labette County, Kansas",15492,65.351,49.812,56.563,34.172,52.766,58.644,66.733,58.265,69.134
20101,"Lane County, Kansas",1243,58.308,44.334,47.814,31.01,48.999,52.769,60.867,52.835,64.784
20103,"Leavenworth County, Kansas",60905,67.797,52.484,57.606,36.284,54.762,59.31,66.642,63.491,71.591
20105,"Lincoln County, Kansas",2392,64.881,51.089,55.064,34.376,54.318,58.636,66.782,59.385,68.765
20107,"Linn County, Kansas",7423,54.733,47.43,52.014,31.28,53.656,56.772,65.944,41.273,67.99
20109,"Logan County, Kansas",2124,62.312,48.254,51.717,34.61,53.835,56.632,64.5,57.843,66.322
20111,"Lyon County, Kansas",25879,69.138,54.92,60.232,39.346,57.929,61.544,69.074,64.491,72.141
20113,"McPherson County, Kansas",22027,64.197,51.261,55.856,34.14,53.502,58.571,66.685,59.141,69.258
20115,"Marion County, Kansas",9429,62.35,49.378,53.348,34.321,53.353,56.771,64.55,59.061,68.222
20117,"Marshall County, Kansas",7494,62.542,48.563,52.273,34.075,52.771,56.068,64.159,58.868,68.35
20119,"Meade County, Kansas",3161,63.096,49.842,53.951,37.019,55.74,58.025,65.386,58.814,66.605
20121,"Miami County, Kansas",24805,63.143,48.156,52.494,33.107,52.137,56.338,64.291,56.483,68.464
20123,"Mitchell County, Kansas",4806,57.433,43.697,47.182,30.091,47.761,51.891,59.977,52.487,65.05
20125,"Montgomery County, Kansas",25153,67.544,51.732,56.626,36.471,54.995,59.262,67.817,59.77,69.63
20127,"Morris County, Kansas",4356,60.728,48.53,52.517,33.93,52.795,55.657,63.936,59.228,67.758
20129,"Morton County, Kansas",2100,62.806,49.783,53.994,37.338,55.97,58.293,65.389,58.281,67.127
20131,"Nemaha County, Kansas",7443,60.664,46.728,50.038,32.732,51.524,54.709,62.766,55.853,66.179
20133,"Neosho County, Kansas",12119,63.19,48.936,53.27,34.309,53.076,56.924,64.829,58.825,68.415
20135,"Ness County, Kansas",2299,60.314,46.488,49.953,33.122,51.768,54.808,62.72,55.183,65.403
20137,"Norton County, Kansas",4434,59.934,46.745,49.918,33.574,52.16,54.815,62.384,55.656,65.295
20139,"Osage County, Kansas",12146,61.796,48.269,52.459,33.598,51.956,55.715,63.645,57.814,68.234
20141,"Osborne County, Kansas",2841,61.766,46.737,50.963,33.062,51.897,55.399,63.563,56.586,66.388
20143,"Ottawa County, Kansas",4514,63.001,49.284,53.061,32.647,51.927,56.638,64.96,57.312,68.031
20145,"Pawnee County, Kansas",5516,60.928,47.203,51.329,33.356,51.29,55.281,62.899,56.597,66.942
20147,"Phillips County, Kansas",4170,57.49,44.079,47.549,31.045,49.03,52.384,60.388,52.546,64.458
20149,"Pottawatomie County, Kansas",16705,55.945,48.685,52.214,32.747,55.71,58.363,66.776,42.988,67.624
20151,"Pratt County, Kansas",7191,62.172,49.206,52.725,34.077,52.83,57.083,65.043,58.421,67.948
20153,"Rawlins County, Kansas",1997,63.552,49.314,52.561,35.201,54.971,57.832,65.631,58.592,66.666
20155,"Reno County, Kansas",48669,60.599,47.982,52.923,35.003,53.401,57.398,64.817,60.334,68.676
20157,"Republic County, Kansas",3765,59.579,44.485,47.974,31.29,49.306,53.312,61.604,53.156,65.759
20159,"Rice County, Kansas",7527,62.204,47.946,52.262,34.429,52.978,56.456,64.163,57.126,67.072
20161,"Riley County, Kansas",62757,71.92,55.761,61.832,40.429,60.943,65.735,72.144,70.028,73.571
20163,"Rooks County, Kansas",3955,60.83,46.83,49.571,32.238,50.911,54.269,62.931,55.684,65.975
20165,"Rush County, Kansas",2441,63.224,49.381,53.482,33.744,53.147,57.264,65.361,57.975,67.641
20167,"Russell County, Kansas",5484,56.774,43.199,46.949,29.626,46.93,51.312,59.389,51.495,64.498
20169,"Saline County, Kansas",42025,67.526,50.359,57.717,35.883,54.529,59.227,67.458,60.76,70.619
20171,"Scott County, Kansas",3623,61.395,47.986,51.749,34.765,53.311,56.162,63.804,56.358,65.77
20173,"Sedgwick County, Kansas",378365,68.285,52.246,57.602,37.925,56.126,61.213,67.69,65.145,71.413
20175,"Seward County, Kansas",15465,71.087,58.934,65.361,47.348,64.701,66.626,72.117,67.188,71.355
20177,"Shawnee County, Kansas",135438,69.029,54.003,59.446,38.655,57.459,62.193,69.008,67.489,71.27
20179,"Sheridan County, Kansas",1894,62.642,48.598,51.794,34.7,54.403,57.082,65.056,57.646,66.499
20181,"Sherman County, Kansas",4540,59.431,45.572,49.544,32.598,50.292,53.817,61.756,54.256,65.583
20183,"Smith County, Kansas",2936,60.338,46.226,49.684,32.497,51.03,54.291,62.441,55.787,66.115
20185,"Stafford County, Kansas",3226,63.585,49.962,54.131,34.962,54.181,57.989,65.779,58.101,67.753
20187,"Stanton County, Kansas",1502,64.599,51.3,56.357,38.893,57.135,59.672,66.524,59.695,67.428
20189,"Stevens County, Kansas",4001,60.456,47.642,52.295,36.121,53.231,55.855,62.928,55.444,64.873
20191,"Sumner County, Kansas",17477,61.694,47.675,51.705,33.615,51.576,55.8,63.799,56.759,67.091
20193,"Thomas County, Kansas",6055,59.379,45.124,48.872,31.788,49.903,53.722,61.841,53.682,65.634
20195,"Trego County, Kansas",2319,60.031,45.75,49.304,32.034,50.685,54.17,62.273,55.144,65.544
20197,"Wabaunsee County, Kansas",5221,57.016,48.641,52.945,33.334,56.393,58.736,67.48,44.029,68.677
20199,"Wallace County, Kansas",1180,61.438,47.396,50.244,33.396,53.015,56.047,63.994,55.503,65.113
20201,"Washington County, Kansas",4265,59.894,46.025,49.411,32.26,50.691,53.979,62.133,55.302,65.865
20203,"Wichita County, Kansas",1596,66.328,52.762,57.129,39.739,59.066,61.292,68.239,61.406,67.498
20205,"Wilson County, Kansas",6674,62.692,49.219,53.419,33.712,52.622,56.644,64.859,58.088,68.119
20207,"Woodson County, Kansas",2499,60.328,47.79,50.793,33.502,52.23,55.429,63.437,57.447,67.248
20209,"Wyandotte County, Kansas",118317,75.191,61.294,69.553,46.904,63.876,68.384,73.568,71.174,76.789
21001,"Adair County, Kentucky",15380,58.957,44.525,46.932,31.865,50.143,51.131,56.712,52.538,65.477
21003,"Allen County, Kentucky",15783,59.119,49.447,51.086,33.312,53.612,55.938,63.016,57.239,68.67
21005,"Anderson County, Kentucky",16840,60.128,47.373,49.837,31.757,50.287,52.794,59.35,54.61,67.585
21007,"Ballard County, Kentucky",6306,55.828,44.888,47.541,30.621,48.913,51.108,57.474,50.96,66.465
21009,"Barren County, Kentucky",33259,64.022,51.204,55.017,35.363,54.251,55.955,63.3,58.278,70.085
21011,"Bath County, Kentucky",9156,59.509,49.368,51.49,34.275,53.283,54.228,60.196,57.266,69.194
21013,"Bell County, Kentucky",21353,58.982,48.156,50.955,34.986,53.89,54.027,59.997,56.937,67.154
21015,"Boone County, Kentucky",94885,60.206,51.222,52.297,33.62,53.688,56.287,62.99,56.766,69.558
21017,"Bourbon County, Kentucky",15563,63.593,50.408,53.751,36.522,55.602,56.892,62.497,59.146,69.637
21019,"Boyd County, Kentucky",37855,61.741,49.995,52.959,34.337,53.925,55.721,62.108,58.847,70.243
21021,"Boyle County, Kentucky",23882,62.758,51.584,53.903,36.043,55.925,57.96,63.098,59.16,69.922
21023,"Bracken County, Kentucky",6248,55.865,47.298,49.464,32.816,53.744,54.538,61.295,50.127,67.378
21025,"Breathitt County, Kentucky",10415,61.928,49.778,52.704,35.322,54.137,55.575,61.585,58.303,68.613
21027,"Breckinridge County, Kentucky",15453,59.928,49.998,51.485,35.054,54.615,55.216,61.153,57.265,68.156
21029,"Bullitt County, Kentucky",61588,58.125,47.169,49.596,32.181,51.196,53.204,59.462,54.577,67.673
21031,"Butler County, Kentucky",9901,54.258,45.762,46.607,31.501,51.026,51.636,57.949,46.389,66.17
21033,"Caldwell County, Kentucky",9871,60.714,49.364,52.29,33.442,52.729,55.091,61.444,56.218,68.982
21035,"Calloway County, Kentucky",31725,64.565,53.024,55.949,36.463,56.555,58.739,64.553,61.13,70.314
21037,"Campbell County, Kentucky",72647,66.74,53.715,57.694,36.617,56.973,59.811,66.428,59.613,71.862
21039,"Carlisle County, Kentucky",3786,56.377,45.226,47.715,31.922,50.283,51.614,57.762,52.488,65.911
21041,"Carroll County, Kentucky",7942,55.522,49.575,54.764,33.709,56.173,57.262,64.275,41.883,70.68
21043,"Carter County, Kentucky",21140,61.016,49.157,51.525,34.55,53.579,54.585,60.82,57.329,68.078
21045,"Casey County, Kentucky",12223,56.076,45.35,47.545,32.268,50.659,51.377,57.51,52.876,65.229
21047,"Christian County, Kentucky",52571,64.659,50.944,54.92,39.282,57.781,58.548,63.844,60.625,70.255
21049,"Clark County, Kentucky",27787,61.568,49.574,52.736,34.554,53.889,55.903,61.934,57.742,69.329
21051,"Clay County, Kentucky",16226,60.776,50.06,52.715,34.52,54.237,55.177,61.401,57.611,67.267
21053,"Clinton County, Kentucky",7836,54.677,45.473,47.734,31.459,49.484,50.866,57.32,52.602,65.525
21055,"Crittenden County, Kentucky",7101,56.725,45.604,47.572,32.462,51.124,51.887,58.008,53.234,65.827
21057,"Cumberland County, Kentucky",5262,54.261,44.124,46.335,31.948,50.151,50.641,56.269,52.157,65.436
21059,"Daviess County, Kentucky",75531,58.535,48.673,51.737,32.989,52.209,54.161,61.033,53.762,68.354
21061,"Edmonson County, Kentucky",9834,57.289,46.292,48.517,33.087,51.705,52.337,58.476,54.475,66.52
21063,"Elliott County, Kentucky",6117,57.856,46.592,48.772,32.791,50.933,52.153,58.355,55.757,67.455
21065,"Estill County, Kentucky",11263,59.77,47.761,50.317,33.847,52.733,53.718,60.309,55.585,68.918
21067,"Fayette County, Kentucky",251732,73.276,60.985,63.264,43.693,62.623,65.991,70.866,68.608,75.057
21069,"Fleming County, Kentucky",10923,61.315,50.014,52.578,34.425,53.917,55.118,61.955,57.796,68.775
21071,"Floyd County, Kentucky",28980,54.558,44.158,47.796,31.09,48.806,49.795,55.522,53.267,66.098
21073,"Franklin County, Kentucky",39744,66.2,54.975,59.141,37.685,57.871,60.955,66.092,63.999,73.893
21075,"Fulton County, Kentucky",4853,55.653,48.477,53.783,35.6,57.582,57.86,63.879,43.195,69.972
21077,"Gallatin County, Kentucky",6550,56.779,47.796,50.338,34.083,54.242,54.43,60.765,51.096,67.873
21079,"Garrard County, Kentucky",13480,57.28,46.38,48.889,32.495,51.406,52.68,58.946,53.16,66.71
21081,"Grant County, Kentucky",18119,56.482,45.628,47.695,32.293,50.719,51.714,57.737,53.922,66.934
21083,"Graves County, Kentucky",28252,57.422,45.263,47.072,31.259,49.475,51.332,57.527,51.842,66.253
21085,"Grayson County, Kentucky",19929,56.748,46.233,48.456,32.821,51.74,52.761,59.074,54.655,66.903
21087,"Green County, Kentucky",8690,58.506,46.324,49.457,33.055,51.791,52.711,59.008,54.553,66.516
21089,"Greenup County, Kentucky",28076,60.71,47.315,49.131,31.67,51.024,54.167,60.699,55.376,68.311
21091,"Hancock County, Kentucky",6479,53.508,44.705,47.588,30.62,50.039,51.51,58.234,46.787,67.618
21093,"Hardin County, Kentucky",81349,63.214,50.164,54.557,36.306,55.449,57.435,63.089,59.996,70.676
21095,"Harlan County, Kentucky",20938,57.41,47.561,50.253,33.095,51.648,52.687,59.574,54.137,66.533
21097,"Harrison County, Kentucky",14390,59.619,47.307,50.708,33.825,52.593,53.621,59.302,57.146,68.411
21099,"Hart County, Kentucky",14012,60.59,49.348,52.274,35.646,54.782,55.308,61.213,58.094,68.418
21101,"Henderson County, Kentucky",35515,58.424,49.031,52.734,33.711,53.533,55.641,62.09,49.711,69.885
21103,"Henry County, Kentucky",12077,59.995,48.287,51.095,34.7,53.54,54.486,60.463,57.317,68.377
21105,"Hickman County, Kentucky",3671,58.635,47.01,50.139,34.558,53.208,53.765,59.405,55.216,67.007
21107,"Hopkins County, Kentucky",35108,57.517,45.749,48.387,31.536,48.978,51.616,57.411,51.915,66.914
21109,"Jackson County, Kentucky",10318,53.364,43.307,45.052,30.983,49.232,49.694,56.007,51.093,64.322
21111,"Jefferson County, Kentucky",594941,70.53,52.96,62.107,40.231,60.712,63.28,67.995,65.84,74.856
21113,"Jessamine County, Kentucky",39534,62.821,51.283,54.209,35.982,55.903,57.597,63.92,58.443,69.223
21115,"Johnson County, Kentucky",17758,56.033,44.769,46.784,31.75,50.332,51.188,57.356,52.548,65.0
21117,"Kenton County, Kentucky",125048,65.349,53.299,57.288,35.957,56.659,60.09,65.452,59.485,69.928
21119,"Knott County, Kentucky",12333,56.807,46.204,48.8,32.927,51.585,52.464,58.54,55.032,66.598
21121,"Knox County, Kentucky",23993,54.902,45.439,47.908,31.879,49.55,51.195,57.551,51.354,65.547
21123,"Larue County, Kentucky",10987,58.133,46.604,49.063,33.437,51.692,52.673,58.776,54.904,66.948
21125,"Laurel County, Kentucky",46196,57.365,44.403,48.129,31.148,49.546,50.979,57.259,53.095,66.138
21127,"Lawrence County, Kentucky",12048,48.938,44.423,47.31,30.622,52.442,52.208,59.364,37.996,66.152
21129,"Lee County, Kentucky",5345,55.402,44.785,47.096,31.898,49.762,50.453,56.572,53.191,65.407
21131,"Leslie County, Kentucky",8189,51.866,41.989,44.004,29.983,47.337,47.854,54.066,48.837,63.295
21133,"Letcher County, Kentucky",17761,54.927,44.569,47.026,31.4,49.404,50.496,56.626,52.185,65.512
21135,"Lewis County, Kentucky",10505,49.229,44.502,46.254,30.464,52.516,51.82,58.856,37.328,65.842
21137,"Lincoln County, Kentucky",18652,59.872,48.604,51.204,33.971,52.653,54.015,60.31,56.149,67.787
21139,"Livingston County, Kentucky",7273,55.022,44.377,46.525,31.083,49.269,50.392,56.707,51.409,65.919
21141,"Logan County, Kentucky",20446,57.49,46.02,48.245,32.725,50.59,52.213,58.79,55.044,67.77
21143,"Lyon County, Kentucky",6982,60.852,49.439,52.226,32.835,51.942,55.021,61.359,56.264,69.223
21145,"McCracken County, Kentucky",50830,62.011,51.192,53.522,33.525,54.127,57.901,64.87,53.4,70.621
21147,"McCreary County, Kentucky",13786,52.04,43.336,45.435,31.859,49.217,49.67,55.195,49.475,63.688
21149,"McLean County, Kentucky",7044,55.411,45.351,47.976,30.521,49.543,51.579,58.229,49.81,67.081
21151,"Madison County, Kentucky",70864,62.581,51.171,55.213,36.17,55.97,58.507,64.466,60.258,70.926
21153,"Magoffin County, Kentucky",9789,56.88,46.178,48.779,32.3,50.698,51.676,57.863,54.563,66.636
21155,"Marion County, Kentucky",14534,64.604,51.313,55.317,37.86,56.433,57.636,63.537,60.741,70.644
21157,"Marshall County, Kentucky",24783,56.154,44.402,46.637,30.612,48.325,50.437,56.742,51.816,66.16
21159,"Martin County, Kentucky",9510,54.178,42.641,44.551,31.192,49.101,49.165,54.83,50.213,63.559
21161,"Mason County, Kentucky",13263,54.276,48.324,51.764,33.368,56.247,56.781,63.588,41.964,69.193
21163,"Meade County, Kentucky",21691,59.127,46.258,48.902,32.779,51.062,52.809,58.558,53.881,67.381
21165,"Menifee County, Kentucky",5043,56.344,46.275,49.337,32.7,50.787,51.705,58.257,56.018,67.014
21167,"Mercer County, Kentucky",16738,59.582,49.39,52.549,33.167,53.389,55.71,62.189,53.139,69.074
21169,"Metcalfe County, Kentucky",7677,59.197,48.366,51.16,33.827,52.993,54.374,60.465,57.205,68.309
21171,"Monroe County, Kentucky",8278,56.357,46.666,48.794,33.444,52.152,52.217,58.019,53.809,65.694
21173,"Montgomery County, Kentucky",21060,60.17,48.222,50.253,33.809,52.485,53.679,59.499,56.891,67.976
21175,"Morgan County, Kentucky",10804,55.696,45.453,47.718,32.94,50.504,52.283,58.457,52.665,66.477
21177,"Muhlenberg County, Kentucky",24712,51.762,45.144,48.62,31.119,51.759,52.578,59.308,42.182,67.354
21179,"Nelson County, Kentucky",34410,62.082,49.183,53.054,34.106,53.27,55.963,62.013,59.565,69.879
21181,"Nicholas County, Kentucky",5446,63.24,53.817,57.028,37.616,57.428,59.279,65.671,63.223,71.724
21183,"Ohio County, Kentucky",18171,52.597,47.435,50.526,30.734,53.595,54.805,61.561,39.152,68.327
21185,"Oldham County, Kentucky",48607,64.302,51.638,53.603,34.812,54.264,56.991,63.766,58.574,70.159
21187,"Owen County, Kentucky",8119,58.766,47.621,49.876,33.042,52.037,53.024,59.431,55.898,67.785
21189,"Owsley County, Kentucky",3557,56.171,45.445,48.054,32.823,51.064,51.358,57.505,53.825,65.763
21191,"Pendleton County, Kentucky",11166,52.61,45.523,48.147,29.9,50.639,52.156,58.956,44.106,66.1
21193,"Perry County, Kentucky",20890,57.874,47.14,49.704,33.924,52.667,53.777,60.057,56.359,66.972
21195,"Pike County, Kentucky",47922,60.968,49.747,50.026,33.501,52.091,53.185,60.369,53.321,67.171
21197,"Powell County, Kentucky",9391,61.188,50.63,53.486,34.464,53.924,55.911,62.114,58.379,69.59
21199,"Pulaski County, Kentucky",49854,55.227,44.219,46.639,30.693,49.162,51.229,57.429,50.601,65.185
21201,"Robertson County, Kentucky",1746,57.261,45.842,48.018,32.006,50.335,51.713,58.007,54.662,66.454
21203,"Rockcastle County, Kentucky",13123,54.172,43.097,45.833,31.312,49.141,49.824,55.853,51.729,64.822
21205,"Rowan County, Kentucky",19791,65.092,52.574,55.922,36.231,56.215,58.681,64.822,62.187,71.515
21207,"Russell County, Kentucky",13734,51.765,43.145,44.398,30.362,48.163,48.715,55.125,50.026,65.096
21209,"Scott County, Kentucky",39850,62.397,49.223,52.268,34.443,53.757,56.057,61.584,58.93,69.463
21211,"Shelby County, Kentucky",35663,61.945,50.881,55.229,36.666,55.85,57.922,63.308,60.057,70.497
21213,"Simpson County, Kentucky",13618,58.263,45.949,49.259,32.655,50.661,52.347,58.146,54.011,67.65
21215,"Spencer County, Kentucky",14102,58.671,46.838,48.969,31.994,50.885,53.089,59.357,54.354,67.15
21217,"Taylor County, Kentucky",19695,57.545,46.496,49.844,33.367,52.388,53.234,58.823,54.934,66.632
21219,"Todd County, Kentucky",9036,58.026,46.647,49.78,34.213,52.691,53.377,59.119,54.427,66.917
21221,"Trigg County, Kentucky",11193,58.857,46.338,49.251,33.189,51.711,53.315,59.231,54.84,67.19
21223,"Trimble County, Kentucky",6689,56.466,50.1,53.288,33.211,55.638,56.94,64.004,46.217,69.776
21225,"Union County, Kentucky",11875,56.592,44.365,47.449,32.836,50.949,52.073,57.448,52.79,66.792
21227,"Warren County, Kentucky",97677,67.989,54.122,58.452,38.142,57.099,59.615,66.197,62.914,71.807
21229,"Washington County, Kentucky",9193,62.004,50.346,53.463,34.638,53.828,56.105,62.23,58.097,69.634
21231,"Wayne County, Kentucky",16293,58.626,46.913,48.672,32.713,50.88,52.231,58.52,53.63,66.408
21233,"Webster County, Kentucky",10108,52.639,45.811,48.922,31.919,52.714,53.252,60.036,43.095,67.427
21235,"Whitley County, Kentucky",27214,57.877,46.441,48.353,32.078,51.355,52.422,58.549,52.459,65.239
21237,"Wolfe County, Kentucky",5543,62.27,51.094,53.984,36.951,56.315,56.542,62.604,61.296,69.771
21239,"Woodford County, Kentucky",20219,65.779,52.936,56.511,36.223,56.399,59.244,65.09,61.239,71.472
22001,"Acadia Parish, Louisiana",46021,60.588,45.297,52.281,34.792,51.27,52.982,59.289,55.943,66.356
22003,"Allen Parish, Louisiana",19873,61.219,45.487,50.781,34.62,50.804,53.253,58.619,56.067,65.869
22005,"Ascension Parish, Louisiana",88235,65.269,50.557,55.356,36.137,52.841,56.212,61.524,58.587,68.572
22007,"Assumption Parish, Louisiana",17660,62.601,47.142,54.194,37.665,53.137,55.178,59.527,59.373,67.952
22009,"Avoyelles Parish, Louisiana",31176,62.504,46.965,53.676,36.629,52.534,54.691,59.71,58.388,67.613
22011,"Beauregard Parish, Louisiana",27671,57.175,43.518,47.709,33.347,49.871,51.195,56.44,52.927,64.067
22013,"Bienville Parish, Louisiana",10552,66.51,49.124,57.385,39.984,55.759,57.898,62.286,62.146,70.409
22015,"Bossier Parish, Louisiana",94482,65.576,48.157,53.619,35.895,52.436,55.77,61.182,58.744,67.292
22017,"Caddo Parish, Louisiana",188557,67.087,49.187,58.745,41.493,57.727,59.71,62.485,64.688,71.584
22019,"Calcasieu Parish, Louisiana",150267,62.763,48.53,53.687,35.925,53.096,54.741,60.972,55.761,67.875
22021,"Caldwell Parish, Louisiana",7678,60.378,46.117,51.37,33.755,50.199,52.821,58.705,55.579,66.008
22023,"Cameron Parish, Louisiana",5368,50.058,40.168,44.018,29.317,46.715,47.977,54.646,39.451,61.833
22025,"Catahoula Parish, Louisiana",7717,58.326,42.587,48.839,34.217,48.898,50.621,55.411,54.48,64.792
22027,"Claiborne Parish, Louisiana",13222,66.949,49.7,58.041,40.307,55.987,58.614,62.676,62.183,70.114
22029,"Concordia Parish, Louisiana",15202,60.757,44.996,52.167,36.65,51.568,53.388,57.512,57.169,66.833
22031,"De Soto Parish, Louisiana",20600,59.123,47.35,54.135,37.923,55.955,56.893,61.652,51.529,68.907
22033,"East Baton Rouge Parish, Louisiana",342680,68.393,52.682,62.837,42.887,60.308,63.179,66.346,65.314,74.073
22035,"East Carroll Parish, Louisiana",5854,67.963,49.512,60.42,43.347,57.345,59.413,62.236,65.627,71.399
22037,"East Feliciana Parish, Louisiana",15894,62.41,47.131,54.967,38.594,55.019,56.489,61.107,55.725,69.046
22039,"Evangeline Parish, Louisiana",25040,60.748,44.923,51.318,35.681,51.473,52.966,57.733,55.796,65.815
22041,"Franklin Parish, Louisiana",15134,59.064,43.854,50.471,35.331,50.641,52.057,56.697,55.993,65.462
22043,"Grant Parish, Louisiana",17657,58.706,44.64,49.745,35.564,51.957,52.935,58.312,55.443,64.425
22045,"Iberia Parish, Louisiana",53548,62.461,47.426,55.963,37.985,54.432,56.725,61.089,60.088,68.455
22047,"Iberville Parish, Louisiana",25898,66.192,50.412,59.267,41.809,58.668,60.049,64.311,59.805,71.48
22049,"Jackson Parish, Louisiana",12411,63.088,47.785,54.297,37.602,54.108,55.735,60.59,60.092,67.571
22051,"Jefferson Parish, Louisiana",339488,70.84,53.767,61.716,42.083,58.338,62.527,66.36,65.813,72.305
22053,"Jefferson Davis Parish, Louisiana",23405,60.548,43.95,49.782,34.682,50.693,52.078,58.045,56.222,65.884
22055,"Lafayette Parish, Louisiana",183015,68.619,50.881,59.627,37.965,54.977,58.829,64.286,62.116,68.956
22057,"Lafourche Parish, Louisiana",75184,61.996,47.041,52.977,35.56,52.468,54.184,60.192,56.102,65.758
22059,"LaSalle Parish, Louisiana",11476,57.127,43.03,47.176,33.353,49.565,50.367,55.96,53.113,62.716
22061,"Lincoln Parish, Louisiana",37826,68.647,51.38,58.366,40.708,57.506,60.264,64.718,63.121,70.509
22063,"Livingston Parish, Louisiana",102037,57.435,43.506,47.367,31.353,47.883,50.069,56.423,53.868,63.77
22065,"Madison Parish, Louisiana",8715,68.667,51.018,61.389,44.493,59.866,61.095,64.372,64.62,71.912
22067,"Morehouse Parish, Louisiana",19699,64.673,47.157,55.65,38.728,54.025,56.03,60.16,59.996,69.126
22069,"Natchitoches Parish, Louisiana",29667,67.711,49.448,57.247,40.357,56.51,58.527,62.723,62.694,70.437
22071,"Orleans Parish, Louisiana",310908,82.965,66.935,73.292,53.918,70.209,73.048,75.764,77.454,78.087
22073,"Ouachita Parish, Louisiana",116544,61.979,48.983,56.537,37.675,54.494,56.959,62.596,60.558,69.561
22075,"Plaquemines Parish, Louisiana",17240,63.019,48.09,54.109,37.503,54.293,56.15,61.224,57.122,67.596
22077,"Pointe Coupee Parish, Louisiana",17219,62.695,48.61,56.286,39.367,57.23,58.116,62.807,56.299,69.081
22079,"Rapides Parish, Louisiana",98639,64.19,49.011,53.671,37.763,54.465,56.354,61.734,56.694,67.772
22081,"Red River Parish, Louisiana",6536,64.002,49.705,57.801,39.529,57.249,58.825,63.707,56.763,70.533
22083,"Richland Parish, Louisiana",15576,63.051,46.722,54.133,37.065,52.687,54.955,59.713,58.644,67.792
22085,"Sabine Parish, Louisiana",18308,59.66,45.409,50.385,35.546,52.269,53.499,58.43,54.883,64.557
22087,"St. Bernard Parish, Louisiana",33371,63.425,47.948,54.408,36.848,52.876,55.413,60.631,58.803,68.126
22089,"St. Charles Parish, Louisiana",39611,61.933,47.496,53.873,35.997,53.537,56.034,61.536,53.659,68.407
22091,"St. Helena Parish, Louisiana",8138,70.006,52.556,61.799,44.64,60.424,61.679,65.395,66.961,72.525
22093,"St. James Parish, Louisiana",16489,68.997,51.404,60.038,42.953,58.729,60.358,64.422,64.897,72.159
22095,"St. John the Baptist Parish, Louisiana",32656,71.484,53.723,62.853,43.88,59.477,61.939,65.49,65.037,73.32
22097,"St. Landry Parish, Louisiana",60783,66.193,48.287,56.444,38.849,55.476,56.914,61.652,60.969,70.814
22099,"St. Martin Parish, Louisiana",40561,65.284,48.11,55.433,38.248,54.81,57.153,62.175,60.646,69.299
22101,"St. Mary Parish, Louisiana",39152,62.827,47.915,54.768,37.771,53.989,55.898,60.093,58.321,67.878
22103,"St. Tammany Parish, Louisiana",190837,61.96,48.076,51.736,34.712,52.136,54.343,60.901,57.964,67.067
22105,"Tangipahoa Parish, Louisiana",98332,64.611,49.701,57.792,40.057,56.661,58.406,63.743,62.631,69.435
22107,"Tensas Parish, Louisiana",3548,65.915,47.716,57.394,40.883,55.526,57.233,60.891,62.412,70.113
22109,"Terrebonne Parish, Louisiana",83715,61.318,46.724,52.35,36.369,53.354,55.188,60.016,58.567,66.032
22111,"Union Parish, Louisiana",17457,59.822,44.545,50.298,35.166,51.204,52.658,57.763,54.905,65.573
22113,"Vermilion Parish, Louisiana",44378,59.208,46.746,52.021,34.759,52.29,54.409,59.762,56.998,66.498
22115,"Vernon Parish, Louisiana",38095,60.568,45.044,49.692,33.869,50.227,52.549,58.589,54.11,65.095
22117,"Washington Parish, Louisiana",35249,65.379,49.056,55.791,38.447,54.904,56.695,61.408,60.753,68.69
22119,"Webster Parish, Louisiana",30598,61.041,46.06,52.901,36.268,51.687,54.159,58.889,57.03,66.897
22121,"West Baton Rouge Parish, Louisiana",19558,63.958,46.468,56.241,37.886,55.604,57.199,62.071,53.616,69.673
22123,"West Carroll Parish, Louisiana",8561,57.15,42.719,47.432,33.1,48.835,50.08,55.606,53.131,63.546
22125,"West Feliciana Parish, Louisiana",12835,57.462,45.992,53.345,36.356,55.229,56.894,62.087,43.164,68.171
22127,"Winn Parish, Louisiana",11422,60.073,44.044,50.098,35.289,50.727,52.351,57.205,55.472,65.494
23001,"Androscoggin County, Maine",83916,68.977,56.662,61.218,38.025,59.431,63.34,70.034,64.74,76.821
23003,"Aroostook County, Maine",55629,66.385,51.937,57.229,36.043,56.86,59.918,67.776,62.513,73.439
23005,"Cumberland County, Maine",235255,73.953,59.655,63.831,39.578,63.504,68.143,73.392,72.627,78.929
23007,"Franklin County, Maine",24546,67.783,56.059,60.653,37.853,59.825,63.076,70.484,65.136,75.54
23009,"Hancock County, Maine",45060,74.025,60.441,64.468,40.086,63.409,67.429,73.334,72.007,77.707
23011,"Kennebec County, Maine",97720,72.144,55.066,61.689,38.229,59.323,64.026,71.025,67.69,76.38
23013,"Knox County, Maine",32602,74.403,60.238,65.647,38.757,61.386,65.71,73.616,70.171,78.232
23015,"Lincoln County, Maine",28368,72.684,58.07,63.605,39.191,61.56,65.827,72.856,69.52,77.314
23017,"Oxford County, Maine",46423,68.633,53.592,58.888,35.865,57.254,60.935,68.773,64.668,75.401
23019,"Penobscot County, Maine",123714,72.212,56.736,61.561,37.298,58.812,64.163,71.734,65.738,75.618
23021,"Piscataquis County, Maine",13971,64.238,51.091,55.87,35.78,56.523,59.223,66.412,62.572,73.085
23023,"Sagadahoc County, Maine",28540,73.825,59.898,65.531,38.609,61.131,66.355,73.508,69.292,77.966
23025,"Somerset County, Maine",40817,66.295,53.217,58.271,35.09,56.218,60.123,67.648,63.353,74.328
23027,"Waldo County, Maine",31920,72.011,57.941,63.389,38.418,61.137,65.538,72.29,66.236,75.836
23029,"Washington County, Maine",25669,67.969,55.22,61.144,38.559,60.32,63.226,69.61,66.594,76.15
23031,"York County, Maine",164004,73.222,58.705,65.407,38.19,60.374,65.944,72.373,70.38,76.619
24001,"Allegany County, Maryland",59367,64.506,49.014,53.139,34.2,52.067,56.786,64.179,58.328,68.603
24003,"Anne Arundel County, Maryland",440595,70.001,56.771,61.077,39.995,59.805,64.73,68.905,67.793,75.169
24005,"Baltimore County, Maryland",648870,80.102,60.703,71.069,46.103,64.622,69.727,77.039,76.004,78.648
24009,"Calvert County, Maryland",69572,68.923,52.057,57.82,37.231,55.93,61.157,66.724,62.13,71.012
24011,"Caroline County, Maryland",25058,62.298,47.214,52.126,35.412,52.432,56.225,62.157,59.133,68.815
24013,"Carroll County, Maryland",130567,66.388,50.11,53.98,34.558,52.54,57.432,64.764,60.058,69.368
24015,"Cecil County, Maryland",78932,61.323,50.324,53.798,34.858,52.549,57.905,64.5,59.711,67.995
24017,"Charles County, Maryland",119325,75.87,59.116,65.917,46.881,63.616,68.211,72.754,71.197,77.708
24019,"Dorchester County, Maryland",25411,70.645,54.015,60.471,41.532,59.316,63.744,68.869,68.067,72.779
24021,"Frederick County, Maryland",190117,70.416,57.585,60.434,39.265,58.684,64.065,70.91,70.22,74.834
24023,"Garrett County, Maryland",23729,61.244,47.861,51.288,33.126,52.156,56.196,63.13,56.699,68.226
24025,"Harford County, Maryland",194375,70.974,53.748,59.74,37.28,56.0,61.489,68.199,63.257,72.306
24027,"Howard County, Maryland",237985,76.382,62.067,68.354,44.002,64.218,70.576,74.0,70.631,77.071
24029,"Kent County, Maryland",16451,75.531,60.788,66.555,43.925,64.216,68.905,74.355,72.514,76.407
24031,"Montgomery County, Maryland",796524,84.025,72.677,75.865,53.027,71.792,76.86,80.822,79.513,80.706
24033,"Prince George's County, Maryland",702595,77.629,63.0,69.785,53.289,70.621,73.08,75.128,76.413,78.018
24035,"Queen Anne's County, Maryland",38573,67.316,51.521,54.894,35.59,54.968,59.545,66.266,61.813,69.929
24037,"St. Mary's County, Maryland",84082,66.522,50.787,55.089,36.691,54.831,59.235,65.415,61.722,70.484
24039,"Somerset County, Maryland",21374,67.726,51.113,58.021,41.438,58.179,61.983,66.622,64.699,71.598
24041,"Talbot County, Maryland",30359,72.046,55.684,61.956,40.003,59.185,64.736,70.535,68.122,74.027
24043,"Washington County, Maryland",116677,68.998,52.858,56.04,37.216,55.561,60.622,66.758,64.967,71.089
24045,"Wicomico County, Maryland",79669,71.922,52.908,60.425,40.478,57.472,62.292,67.499,66.455,73.533
24047,"Worcester County, Maryland",42585,68.41,52.451,56.712,37.671,55.857,60.93,67.037,64.231,71.599
24510,"Baltimore city, Maryland",486482,81.366,63.526,73.847,54.05,71.573,74.635,77.345,77.207,79.837
25001,"Barnstable County, Massachusetts",180576,73.49,56.341,64.127,38.501,61.534,65.965,72.974,70.7,75.746
25003,"Berkshire County, Massachusetts",105195,75.356,61.36,68.35,41.976,63.925,68.218,75.503,72.54,78.896
25005,"Bristol County, Massachusetts",442309,74.005,62.168,63.465,40.845,62.005,66.105,74.174,71.87,77.993
25007,"Dukes County, Massachusetts",14030,78.287,64.873,70.864,44.007,67.098,71.608,78.273,76.574,80.473
25009,"Essex County, Massachusetts",611927,74.936,61.35,71.165,45.882,66.74,71.88,77.066,75.709,78.165
25011,"Franklin County, Massachusetts",58375,75.778,62.098,67.929,40.921,63.947,68.182,75.25,74.026,79.436
25013,"Hampden County, Massachusetts",366214,72.55,58.738,63.708,40.761,62.226,64.719,72.508,72.166,76.437
25015,"Hampshire County, Massachusetts",136825,81.088,65.016,70.225,43.822,68.124,72.37,79.666,78.063,81.692
25017,"Middlesex County, Massachusetts",1273976,77.912,64.436,72.993,48.623,70.913,73.935,79.459,77.363,81.098
25019,"Nantucket County, Massachusetts",8875,77.764,63.8,69.711,44.074,66.795,71.162,77.597,75.996,79.686
25021,"Norfolk County, Massachusetts",549344,79.09,66.252,72.993,48.297,69.254,71.872,78.322,76.579,81.159
25023,"Plymouth County, Massachusetts",399612,74.685,60.696,64.662,41.743,62.133,66.025,73.359,71.015,78.853
25025,"Suffolk County, Massachusetts",657596,83.839,72.347,78.795,54.025,74.55,78.124,82.655,80.183,82.921
25027,"Worcester County, Massachusetts",645548,71.601,59.927,64.634,39.628,61.256,66.008,72.602,68.682,75.735
26001,"Alcona County, Michigan",9019,62.403,48.983,50.281,33.834,52.556,55.174,63.076,60.681,69.83
26003,"Alger County, Michigan",7796,69.622,57.296,59.264,40.794,60.871,63.254,70.363,69.318,74.334
26005,"Allegan County, Michigan",86896,62.418,52.051,52.57,34.074,52.699,57.293,64.806,61.099,72.204
26007,"Alpena County, Michigan",23147,63.109,49.247,51.812,33.587,52.093,55.906,64.139,61.483,71.311
26009,"Antrim County, Michigan",18874,67.665,55.432,57.108,37.153,57.361,61.149,68.889,66.35,73.163
26011,"Arenac County, Michigan",12407,62.565,50.452,52.134,33.81,52.471,55.925,64.144,61.881,71.317
26013,"Baraga County, Michigan",6956,64.021,51.385,53.628,36.363,54.612,58.018,65.164,62.785,71.532
26015,"Barry County, Michigan",46565,63.743,50.29,51.587,33.849,51.989,55.81,63.914,61.693,71.197
26017,"Bay County, Michigan",83137,64.48,53.279,55.221,35.084,53.863,58.262,65.521,63.129,73.203
26019,"Benzie County, Michigan",14285,68.245,55.575,57.667,37.146,57.195,61.313,68.936,66.736,73.984
26021,"Berrien County, Michigan",120561,66.482,53.89,56.316,38.07,57.366,60.758,67.193,65.603,74.162
26023,"Branch County, Michigan",33400,61.583,49.971,51.554,34.785,52.856,56.235,64.19,61.01,70.854
26025,"Calhoun County, Michigan",103328,67.37,53.38,57.766,37.871,56.553,60.268,67.75,65.591,74.568
26027,"Cass County, Michigan",40641,61.146,50.845,51.333,35.544,53.969,57.068,64.343,60.791,70.552
26029,"Charlevoix County, Michigan",21067,66.849,53.444,55.162,35.952,55.665,59.533,67.351,64.732,72.495
26031,"Cheboygan County, Michigan",21116,64.458,50.934,53.323,34.519,54.226,57.899,65.998,63.7,71.783
26033,"Chippewa County, Michigan",30792,67.956,55.258,56.6,39.176,58.361,61.323,68.443,66.546,72.444
26035,"Clare County, Michigan",24551,63.553,52.675,53.704,35.284,53.978,56.817,65.694,63.787,71.444
26037,"Clinton County, Michigan",60149,66.689,52.028,54.281,34.806,54.196,58.843,67.099,63.277,73.1
26039,"Crawford County, Michigan",11339,65.56,52.997,54.544,35.51,55.298,58.343,66.802,64.408,72.02
26041,"Delta County, Michigan",28899,61.363,50.803,52.512,34.561,53.859,57.621,65.303,62.678,71.971
26043,"Dickinson County, Michigan",20454,64.005,51.354,52.775,33.898,52.787,57.314,65.705,62.078,70.357
26045,"Eaton County, Michigan",85949,70.295,54.916,57.831,36.5,56.193,60.564,68.446,68.782,75.43
26047,"Emmet County, Michigan",26469,67.442,54.75,57.504,36.176,56.442,60.464,68.231,65.902,72.727
26049,"Genesee County, Michigan",315260,72.141,59.035,61.157,39.375,58.292,62.907,69.533,68.849,75.932
26051,"Gladwin County, Michigan",20403,62.973,51.076,52.732,34.484,53.018,56.546,64.453,62.048,71.408
26053,"Gogebic County, Michigan",13032,63.19,54.235,54.752,35.698,55.523,59.022,65.531,65.22,73.577
26055,"Grand Traverse County, Michigan",72889,68.25,54.236,57.99,36.573,56.717,61.628,68.377,65.682,74.383
26057,"Gratiot County, Michigan",32781,66.201,53.571,55.59,36.784,55.163,58.986,66.063,64.32,73.122
26059,"Hillsdale County, Michigan",35678,59.742,48.693,49.879,33.212,52.173,54.847,63.23,59.738,69.581
26061,"Houghton County, Michigan",29011,69.782,56.763,59.076,39.037,59.425,62.605,70.083,68.403,73.604
26063,"Huron County, Michigan",25433,61.386,48.759,50.234,33.452,52.187,55.419,62.754,60.744,69.929
26065,"Ingham County, Michigan",231330,75.988,64.583,67.323,45.203,64.296,69.047,75.36,75.58,78.103
26067,"Ionia County, Michigan",49150,62.047,50.587,53.032,34.549,53.615,57.088,65.394,61.576,71.655
26069,"Iosco County, Michigan",21046,63.228,50.037,53.365,34.861,54.04,56.869,65.306,63.661,71.593
26071,"Iron County, Michigan",9396,63.772,50.775,53.121,35.127,54.309,57.391,65.283,62.752,71.696
26073,"Isabella County, Michigan",58461,70.373,57.774,59.74,38.549,58.976,63.065,70.79,69.91,75.945
26075,"Jackson County, Michigan",124199,65.004,51.969,53.561,35.498,54.205,58.607,65.997,65.072,73.039
26077,"Kalamazoo County, Michigan",204409,74.613,59.315,61.944,39.789,60.394,65.283,73.509,72.307,77.307
26079,"Kalkaska County, Michigan",13776,62.983,51.024,52.503,34.129,52.953,56.344,64.595,61.646,70.97
26081,"Kent County, Michigan",484558,69.425,57.788,58.67,37.853,57.358,60.66,69.286,64.117,72.515
26083,"Keweenaw County, Michigan",1790,65.671,52.241,53.709,34.89,54.606,58.442,66.285,64.284,72.212
26085,"Lake County, Michigan",9828,66.128,53.392,55.806,37.591,56.359,59.186,66.037,65.422,72.748
26087,"Lapeer County, Michigan",69405,61.8,48.831,50.283,32.705,50.891,55.145,63.124,60.466,70.977
26089,"Leelanau County, Michigan",18046,72.746,59.44,61.785,39.794,60.518,65.17,72.5,70.516,75.796
26091,"Lenawee County, Michigan",77365,62.569,51.781,53.04,35.498,54.793,59.019,66.537,63.646,72.915
26093,"Livingston County, Michigan",146727,64.413,49.703,50.614,32.111,51.603,56.714,64.746,59.991,71.601
26095,"Luce County, Michigan",5307,64.216,52.376,54.02,36.719,55.874,58.95,66.066,63.802,71.349
26097,"Mackinac County, Michigan",9061,70.305,57.918,60.069,41.634,62.139,64.638,71.336,69.061,73.588
26099,"Macomb County, Michigan",682201,66.774,52.433,59.144,36.187,54.136,57.661,68.195,67.065,74.675
26101,"Manistee County, Michigan",20135,67.528,54.746,57.02,36.728,56.514,60.375,68.073,66.695,73.722
26103,"Marquette County, Michigan",54816,70.108,56.052,59.373,37.399,57.87,62.115,70.067,68.464,75.415
26105,"Mason County, Michigan",22953,65.134,52.317,54.24,35.514,54.946,58.501,66.396,63.886,72.374
26107,"Mecosta County, Michigan",35182,65.819,52.455,54.404,36.056,55.697,59.109,66.822,65.539,72.456
26109,"Menominee County, Michigan",18857,63.68,52.383,55.641,35.121,55.007,58.202,66.56,63.541,72.54
26111,"Midland County, Michigan",65383,66.86,52.154,54.0,34.897,53.993,59.08,66.258,64.446,72.205
26113,"Missaukee County, Michigan",11535,63.075,50.332,52.154,34.642,53.818,56.749,64.97,61.154,70.471
26115,"Monroe County, Michigan",116876,63.403,51.807,53.985,35.207,53.24,57.192,65.799,59.876,72.396
26117,"Montcalm County, Michigan",48901,65.265,50.626,53.779,33.164,52.423,54.955,63.611,63.731,71.238
26119,"Montmorency County, Michigan",7868,61.108,46.909,48.852,32.356,50.745,53.04,62.247,59.702,69.538
26121,"Muskegon County, Michigan",132477,64.598,53.996,57.406,37.894,56.391,59.894,67.322,65.046,74.042
26123,"Newaygo County, Michigan",37168,62.187,51.394,52.188,34.855,53.956,56.119,64.874,62.758,71.421
26125,"Oakland County, Michigan",981690,74.295,57.456,60.907,41.163,59.798,66.701,72.481,74.54,78.864
26127,"Oceana County, Michigan",20285,65.265,53.42,55.478,37.674,56.592,59.408,67.428,65.44,71.97
26129,"Ogemaw County, Michigan",17049,62.309,50.165,51.859,34.081,52.696,55.843,63.986,61.799,70.997
26131,"Ontonagon County, Michigan",5217,62.452,50.353,51.889,34.394,53.565,56.568,64.388,61.666,71.15
26133,"Osceola County, Michigan",17943,62.802,50.978,51.558,34.127,53.67,56.517,64.537,62.198,71.235
26135,"Oscoda County, Michigan",6708,60.695,48.567,50.028,33.768,52.218,54.638,62.708,60.486,69.497
26137,"Otsego County, Michigan",19229,63.547,50.685,52.148,34.188,53.319,56.831,64.938,61.149,70.866
26139,"Ottawa County, Michigan",214643,63.259,52.353,49.723,34.554,54.703,58.589,65.48,58.18,70.436
26141,"Presque Isle County, Michigan",10731,65.328,52.438,53.302,35.255,54.562,57.419,65.937,64.412,71.556
26143,"Roscommon County, Michigan",20226,65.201,52.42,54.09,35.952,55.077,58.018,66.034,64.128,72.102
26145,"Saginaw County, Michigan",151070,68.471,53.4,59.927,40.331,58.553,62.653,68.961,69.008,74.289
26147,"St. Clair County, Michigan",125444,65.236,49.277,50.436,35.083,53.594,56.675,65.758,61.253,72.264
26149,"St. Joseph County, Michigan",45776,66.368,54.388,55.641,36.901,56.396,59.545,67.588,66.111,73.083
26151,"Sanilac County, Michigan",32343,63.278,50.312,52.531,34.571,53.67,56.377,64.314,61.634,70.912
26153,"Schoolcraft County, Michigan",6632,64.802,52.818,52.894,35.924,55.446,58.555,65.478,63.626,71.917
26155,"Shiawassee County, Michigan",53652,66.234,53.77,54.322,34.637,54.273,58.653,66.918,66.307,73.868
26157,"Tuscola County, Michigan",42092,63.109,51.213,52.075,34.303,53.6,56.413,65.53,63.161,71.778
26159,"Van Buren County, Michigan",57403,68.893,55.358,58.657,38.645,57.662,61.473,69.259,66.923,74.234
26161,"Washtenaw County, Michigan",296403,81.815,68.715,71.348,44.445,67.636,72.969,79.397,78.878,80.411
26163,"Wayne County, Michigan",1341036,69.461,60.398,62.744,43.137,61.465,64.258,69.1,75.184,79.312
26165,"Wexford County, Michigan",25361,63.518,50.909,52.411,34.743,53.599,56.744,64.829,62.616,71.098
27001,"Aitkin County, Minnesota",13175,64.398,50.582,55.148,34.776,53.805,59.815,68.146,62.727,71.207
27003,"Anoka County, Minnesota",263647,65.716,50.983,59.022,36.389,55.816,62.929,69.693,63.067,68.884
27005,"Becker County, Minnesota",25494,66.465,52.355,56.077,34.99,54.946,60.683,68.883,61.301,70.229
27007,"Beltrami County, Minnesota",34476,70.387,56.541,62.001,40.021,59.982,66.252,72.64,68.05,72.999
27009,"Benton County, Minnesota",29787,66.185,52.206,56.962,34.592,54.127,61.465,68.915,61.83,70.646
27011,"Big Stone County, Minnesota",3977,60.371,50.473,55.449,34.672,56.432,61.094,69.117,53.173,70.563
27013,"Blue Earth County, Minnesota",53246,68.771,55.039,59.589,36.282,56.622,64.042,71.449,65.91,73.427
27015,"Brown County, Minnesota",19670,64.085,49.153,53.536,33.873,52.837,58.435,65.653,60.136,68.72
27017,"Carlton County, Minnesota",27473,66.93,54.568,59.227,36.681,55.995,63.034,69.718,66.634,73.481
27019,"Carver County, Minnesota",73033,70.829,55.85,60.741,36.526,56.843,64.64,71.765,66.645,72.606
27021,"Cass County, Minnesota",22868,65.24,52.921,56.76,36.365,55.754,61.433,68.691,63.045,70.624
27023,"Chippewa County, Minnesota",9221,64.49,51.407,56.102,36.376,55.56,60.977,68.093,62.291,69.958
27025,"Chisago County, Minnesota",42069,66.626,51.472,54.22,34.589,53.426,60.23,67.59,61.921,68.603
27027,"Clay County, Minnesota",47649,70.224,54.636,61.581,38.161,57.966,65.593,72.727,66.984,73.658
27029,"Clearwater County, Minnesota",6624,63.657,50.519,54.926,36.022,55.235,60.357,67.538,61.252,68.827
27031,"Cook County, Minnesota",4493,74.097,61.928,67.481,42.448,65.598,71.518,77.841,68.455,76.785
27033,"Cottonwood County, Minnesota",8618,65.491,51.073,55.601,36.145,55.327,60.685,68.463,61.599,69.499
27035,"Crow Wing County, Minnesota",49844,64.834,50.589,55.78,34.099,52.784,60.051,67.325,61.465,69.991
27037,"Dakota County, Minnesota",314942,72.847,53.351,61.258,36.43,58.12,66.181,73.724,66.728,74.252
27039,"Dodge County, Minnesota",15096,64.805,50.282,53.891,34.291,53.696,60.034,67.248,61.289,68.69
27041,"Douglas County, Minnesota",29225,64.419,48.576,53.902,32.829,51.864,58.972,66.46,59.188,69.838
27043,"Faribault County, Minnesota",10833,61.621,49.797,55.017,35.229,53.951,59.78,67.394,60.843,69.122
27045,"Fillmore County, Minnesota",15787,68.683,54.025,58.723,37.193,57.417,63.21,71.052,65.911,71.766
27047,"Freeborn County, Minnesota",23844,64.384,50.431,56.356,35.453,54.458,60.141,67.563,62.03,70.802
27049,"Goodhue County, Minnesota",35786,66.027,51.153,56.878,35.217,54.567,61.364,68.037,63.061,71.557
27051,"Grant County, Minnesota",4612,67.536,54.191,59.025,35.781,56.093,63.068,70.688,64.274,72.124
27053,"Hennepin County, Minnesota",962148,78.97,68.445,71.261,46.076,67.303,74.418,80.736,77.361,80.31
27055,"Houston County, Minnesota",14614,64.63,51.675,56.621,35.018,55.127,61.455,68.969,61.832,71.738
27057,"Hubbard County, Minnesota",16451,66.605,50.904,56.177,34.848,54.564,60.755,68.508,62.959,70.443
27059,"Isanti County, Minnesota",29586,63.867,51.317,55.685,33.945,53.034,59.963,67.337,62.539,69.884
27061,"Itasca County, Minnesota",35658,61.529,50.94,56.181,34.162,55.738,62.436,69.726,55.951,71.056
27063,"Jackson County, Minnesota",7841,63.377,49.94,54.267,34.419,53.744,59.611,67.274,57.975,69.005
27065,"Kanabec County, Minnesota",12533,63.855,50.397,54.762,34.965,54.13,59.716,67.314,61.792,69.696
27067,"Kandiyohi County, Minnesota",32319,62.283,48.565,55.089,35.497,54.093,59.721,65.68,63.517,68.918
27069,"Kittson County, Minnesota",3393,66.925,53.27,57.889,37.136,57.429,62.818,70.12,64.472,71.434
27071,"Koochiching County, Minnesota",10257,68.283,54.67,59.459,38.327,58.674,64.079,71.249,66.355,72.252
27073,"Lac qui Parle County, Minnesota",5461,66.132,52.532,57.163,36.775,56.862,62.22,69.627,63.688,71.027
27075,"Lake County, Minnesota",8709,71.76,57.925,63.22,38.893,59.743,66.608,73.689,69.393,74.795
27077,"Lake of the Woods County, Minnesota",3106,67.051,53.926,57.793,37.531,58.3,63.286,70.529,64.255,70.394
27079,"Le Sueur County, Minnesota",21253,64.027,50.505,54.395,33.936,52.916,59.333,66.61,60.55,69.609
27081,"Lincoln County, Minnesota",4394,65.804,52.696,56.942,37.119,57.546,62.354,69.781,63.118,70.563
27083,"Lyon County, Minnesota",19333,66.022,51.951,56.817,36.644,55.873,61.797,68.989,62.365,70.425
27085,"McLeod County, Minnesota",27470,61.419,45.86,52.575,32.524,51.166,57.979,65.445,57.07,68.254
27087,"Mahnomen County, Minnesota",3777,69.78,55.542,62.309,42.676,61.285,66.53,71.802,67.699,72.083
27089,"Marshall County, Minnesota",7252,63.283,50.371,54.724,34.497,54.031,59.809,67.436,60.022,69.205
27091,"Martin County, Minnesota",15652,64.693,49.407,54.476,35.213,54.051,59.916,67.582,61.299,69.518
27093,"Meeker County, Minnesota",17467,63.174,47.354,52.425,33.301,52.789,59.15,66.371,60.084,69.425
27095,"Mille Lacs County, Minnesota",19488,67.391,50.872,55.99,35.825,54.782,60.448,68.258,61.927,69.997
27097,"Morrison County, Minnesota",25211,63.315,48.832,51.959,33.398,52.568,57.644,65.736,58.758,68.337
27099,"Mower County, Minnesota",29663,72.085,56.348,61.639,38.851,59.146,65.53,72.546,68.325,73.669
27101,"Murray County, Minnesota",6580,64.285,51.161,55.579,35.483,55.217,60.735,68.265,61.223,69.862
27103,"Nicollet County, Minnesota",26350,70.957,56.433,61.407,38.43,58.441,64.575,72.389,67.827,72.976
27105,"Nobles County, Minnesota",15967,69.62,56.152,61.453,42.5,61.054,65.789,72.062,64.721,71.486
27107,"Norman County, Minnesota",5022,66.531,52.967,57.896,37.11,56.694,62.347,69.591,64.526,71.737
27109,"Olmsted County, Minnesota",115280,72.355,55.435,62.809,39.792,60.461,66.81,72.493,71.342,73.845
27111,"Otter Tail County, Minnesota",45395,62.767,51.728,54.635,34.212,54.309,60.207,67.373,60.806,69.547
27113,"Pennington County, Minnesota",10869,65.051,51.211,56.038,35.062,54.356,60.7,68.221,62.339,70.474
27115,"Pine County, Minnesota",23248,65.911,52.751,57.407,36.077,55.906,61.339,69.003,64.087,70.418
27117,"Pipestone County, Minnesota",6894,64.246,51.329,55.92,35.856,55.617,61.012,68.37,60.9,69.239
27119,"Polk County, Minnesota",24036,63.113,50.725,55.399,35.357,54.984,60.62,67.513,60.096,69.217
27121,"Pope County, Minnesota",8680,63.923,49.966,53.735,33.705,53.202,59.464,67.165,60.505,69.786
27123,"Ramsey County, Minnesota",415004,79.584,62.896,72.841,46.348,66.758,74.232,79.763,75.409,78.239
27125,"Red Lake County, Minnesota",3023,62.92,49.447,53.918,34.319,53.367,59.135,66.748,60.179,69.323
27127,"Redwood County, Minnesota",11590,62.563,49.623,53.901,35.219,54.54,59.701,66.852,60.363,68.414
27129,"Renville County, Minnesota",11346,62.545,49.391,53.962,33.88,52.895,58.831,66.475,58.977,68.918
27131,"Rice County, Minnesota",51270,71.08,59.72,64.913,41.829,61.27,67.138,74.485,70.166,75.079
27133,"Rock County, Minnesota",7058,62.784,49.285,53.796,34.069,53.31,59.235,66.862,59.404,69.109
27135,"Roseau County, Minnesota",11687,65.319,51.673,55.738,35.544,55.003,60.898,68.45,61.918,69.469
27137,"St. Louis County, Minnesota",161754,66.879,56.075,61.45,38.406,58.302,65.03,71.116,67.703,73.93
27139,"Scott County, Minnesota",102965,67.421,52.986,58.492,36.277,55.652,62.969,70.696,66.314,71.317
27141,"Sherburne County, Minnesota",68146,62.847,48.499,53.108,32.226,52.442,58.71,67.012,53.727,68.913
27143,"Sibley County, Minnesota",11351,63.169,49.662,54.14,34.228,53.416,59.7,66.547,59.879,69.166
27145,"Stearns County, Minnesota",120680,63.794,52.135,57.378,35.498,55.49,62.292,69.551,65.289,72.049
27147,"Steele County, Minnesota",27404,65.43,51.301,55.218,33.472,52.102,58.995,66.982,60.705,69.09
27149,"Stevens County, Minnesota",7732,68.89,54.791,59.993,38.219,58.357,64.527,71.514,66.328,72.527
27151,"Swift County, Minnesota",7293,65.125,51.476,56.366,36.156,55.642,61.188,68.566,62.794,70.524
27153,"Todd County, Minnesota",18630,61.653,49.079,53.331,34.427,53.607,59.27,66.211,59.865,67.999
27155,"Traverse County, Minnesota",2642,68.83,55.164,60.129,38.31,58.539,64.397,71.533,66.802,72.353
27157,"Wabasha County, Minnesota",16859,65.856,53.091,57.733,36.499,56.9,62.595,70.213,61.463,71.317
27159,"Wadena County, Minnesota",10236,61.91,48.716,52.995,34.492,53.521,58.643,66.067,60.368,68.689
27161,"Waseca County, Minnesota",14386,64.034,50.071,54.87,34.811,53.354,59.561,67.084,61.089,69.726
27163,"Washington County, Minnesota",190300,70.811,60.316,63.731,37.212,57.693,66.043,74.293,69.692,74.182
27165,"Watonwan County, Minnesota",8307,66.932,54.207,59.617,39.632,58.45,63.345,70.118,64.92,71.397
27167,"Wilkin County, Minnesota",4952,63.189,49.441,53.718,34.174,53.688,59.58,67.143,59.832,68.808
27169,"Winona County, Minnesota",41579,70.385,55.966,61.358,38.474,58.603,65.227,72.292,68.527,73.695
27171,"Wright County, Minnesota",95096,63.644,48.128,55.188,33.48,53.269,60.041,66.857,59.189,69.742
27173,"Yellow Medicine County, Minnesota",7587,64.113,51.108,55.687,35.893,55.481,60.913,68.129,61.565,70.202
28001,"Adams County, Mississippi",24946,68.772,51.434,59.892,43.247,57.627,56.262,61.309,65.266,73.56
28003,"Alcorn County, Mississippi",28416,58.355,45.726,49.212,32.41,48.405,47.319,55.778,53.583,66.625
28005,"Amite County, Mississippi",9876,63.116,48.45,54.551,39.114,54.592,52.473,58.838,59.96,69.876
28007,"Attala County, Mississippi",13842,65.93,50.77,57.283,41.209,57.655,55.326,61.487,60.856,71.3
28009,"Benton County, Mississippi",6453,60.152,47.207,53.826,37.468,52.89,50.948,57.644,56.292,69.705
28011,"Bolivar County, Mississippi",24474,72.087,56.189,64.801,46.492,61.774,60.689,66.126,69.764,75.699
28013,"Calhoun County, Mississippi",11087,60.517,46.364,50.946,35.181,50.116,48.387,54.881,56.343,67.48
28015,"Carroll County, Mississippi",8162,59.524,45.177,50.479,35.347,50.208,48.868,55.89,55.054,67.701
28017,"Chickasaw County, Mississippi",12971,65.469,49.577,56.679,40.892,55.982,53.894,59.675,62.442,71.269
28019,"Choctaw County, Mississippi",6478,53.513,45.278,50.854,34.643,54.084,51.191,59.025,41.081,68.177
28021,"Claiborne County, Mississippi",7128,73.259,55.044,64.877,49.496,63.13,61.296,65.618,69.241,76.031
28023,"Clarke County, Mississippi",12327,61.84,46.908,52.417,37.183,52.359,50.637,57.467,57.808,68.397
28025,"Clay County, Mississippi",15196,68.31,51.629,59.876,43.067,57.965,56.686,62.2,64.748,73.393
28027,"Coahoma County, Mississippi",17279,73.444,55.564,66.122,49.406,64.016,62.398,66.664,70.534,76.669
28029,"Copiah County, Mississippi",22009,65.574,50.289,57.827,41.905,57.024,55.318,60.759,63.678,72.388
28031,"Covington County, Mississippi",14318,63.526,48.842,54.333,38.613,54.422,52.598,59.296,59.86,70.156
28033,"DeSoto County, Mississippi",130051,59.387,47.691,52.318,35.446,51.628,50.68,58.001,57.065,69.108
28035,"Forrest County, Mississippi",58007,68.454,52.593,58.459,40.818,57.788,56.84,63.394,63.408,72.739
28037,"Franklin County, Mississippi",5894,65.148,50.572,56.172,38.544,54.845,53.919,60.928,60.938,71.049
28039,"George County, Mississippi",17413,62.747,48.992,53.233,35.145,52.651,51.388,60.211,57.648,67.926
28041,"Greene County, Mississippi",10999,57.87,45.142,48.496,34.822,50.397,48.2,55.458,54.471,66.03
28043,"Grenada County, Mississippi",16226,64.226,49.815,56.146,39.473,54.885,53.363,59.629,61.151,71.089
28045,"Hancock County, Mississippi",36715,57.61,45.102,47.371,32.32,48.644,47.327,55.528,53.606,65.831
28047,"Harrison County, Mississippi",153625,59.112,47.715,51.542,36.084,53.706,52.002,58.775,57.933,68.785
28049,"Hinds County, Mississippi",182135,67.847,54.688,64.35,47.072,61.459,60.317,64.072,69.358,76.419
28051,"Holmes County, Mississippi",13352,72.738,56.311,66.122,49.403,63.557,61.803,66.53,70.567,75.929
28053,"Humphreys County, Mississippi",6266,72.091,55.605,65.505,49.175,63.637,61.53,65.73,69.77,75.509
28055,"Issaquena County, Mississippi",1128,63.618,48.156,56.566,40.561,54.911,53.497,59.011,60.134,71.555
28057,"Itawamba County, Mississippi",18355,57.111,44.561,47.095,32.55,48.54,46.699,54.916,52.513,64.907
28059,"Jackson County, Mississippi",108190,63.846,49.118,54.257,35.81,52.654,51.989,60.014,53.879,69.611
28061,"Jasper County, Mississippi",12814,67.174,50.217,58.586,41.768,56.672,55.516,61.523,63.099,72.913
28063,"Jefferson County, Mississippi",5658,69.927,51.751,62.418,45.76,59.091,58.057,62.304,66.013,74.208
28065,"Jefferson Davis County, Mississippi",9157,65.043,50.438,60.196,42.967,57.579,55.701,61.26,62.596,73.506
28067,"Jones County, Mississippi",50980,60.556,46.561,50.561,34.863,50.349,48.944,56.93,54.727,67.757
28069,"Kemper County, Mississippi",8160,70.169,53.735,62.019,45.436,60.424,58.855,64.244,66.851,74.82
28071,"Lafayette County, Mississippi",43750,68.65,53.718,58.548,39.253,56.744,56.968,64.207,64.032,72.35
28073,"Lamar County, Mississippi",45771,59.847,47.984,50.787,33.89,51.022,50.643,58.042,54.702,67.873
28075,"Lauderdale County, Mississippi",58946,65.516,49.406,56.014,39.893,55.889,54.414,60.745,60.602,70.011
28077,"Lawrence County, Mississippi",9542,65.055,51.135,55.686,37.323,53.341,53.022,60.205,59.638,71.348
28079,"Leake County, Mississippi",16779,66.364,51.744,58.365,42.098,57.816,55.841,61.873,63.386,71.553
28081,"Lee County, Mississippi",63162,62.127,48.598,53.359,35.619,51.583,50.83,57.927,55.89,69.196
28083,"Leflore County, Mississippi",21524,71.042,53.256,63.6,46.86,60.945,59.641,64.256,67.97,75.237
28085,"Lincoln County, Mississippi",26057,60.462,45.09,50.165,34.463,49.59,48.657,55.606,55.194,68.139
28087,"Lowndes County, Mississippi",45262,66.73,51.254,57.926,40.123,55.52,54.651,60.918,61.936,72.222
28089,"Madison County, Mississippi",77223,67.121,51.911,58.067,39.012,55.585,55.922,62.479,60.882,71.057
28091,"Marion County, Mississippi",19336,60.355,46.285,51.615,36.681,51.764,49.766,56.529,57.222,68.264
28093,"Marshall County, Mississippi",28066,68.037,52.387,59.626,42.26,57.338,56.271,62.429,64.822,73.395
28095,"Monroe County, Mississippi",27664,61.948,47.266,53.468,36.89,52.809,50.714,57.095,57.199,69.808
28097,"Montgomery County, Mississippi",7874,64.294,49.046,55.419,39.364,54.587,53.091,59.353,60.682,70.596
28099,"Neshoba County, Mississippi",21167,65.067,50.632,55.169,39.613,56.445,54.116,60.698,59.715,68.694
28101,"Newton County, Mississippi",16062,63.862,47.808,52.043,37.701,54.121,51.679,57.691,59.429,69.099
28103,"Noxubee County, Mississippi",8096,73.128,56.698,66.464,48.846,63.575,61.962,66.723,70.449,76.183
28105,"Oktibbeha County, Mississippi",40819,68.719,53.292,59.008,41.015,57.967,57.649,64.068,64.304,72.861
28107,"Panola County, Mississippi",25624,65.155,50.538,57.046,40.978,56.13,54.225,60.774,60.54,71.837
28109,"Pearl River County, Mississippi",42693,58.794,46.533,49.676,33.802,50.759,48.848,56.845,55.984,66.575
28111,"Perry County, Mississippi",9222,57.473,44.848,48.732,34.048,49.623,47.56,55.077,53.911,66.827
28113,"Pike County, Mississippi",29295,67.364,49.259,58.49,41.4,56.176,54.433,60.554,63.092,72.358
28115,"Pontotoc County, Mississippi",22895,57.448,44.909,48.688,33.198,48.781,47.461,55.098,53.475,66.082
28117,"Prentiss County, Mississippi",19626,56.607,45.108,47.971,33.796,49.306,47.467,54.689,55.042,66.472
28119,"Quitman County, Mississippi",5583,71.065,53.881,63.448,47.144,61.377,59.509,64.303,68.394,75.053
28121,"Rankin County, Mississippi",115266,58.378,45.775,50.361,33.176,50.046,50.084,58.405,54.214,67.904
28123,"Scott County, Mississippi",20886,65.845,51.93,58.379,42.857,58.794,56.177,61.961,63.807,70.902
28125,"Sharkey County, Mississippi",3411,72.563,55.328,64.938,48.491,63.012,61.124,65.742,69.764,75.482
28127,"Simpson County, Mississippi",20472,59.599,45.496,51.315,36.382,51.413,50.095,56.75,56.27,67.926
28129,"Smith County, Mississippi",12177,55.125,43.901,48.041,33.879,49.182,47.082,54.231,52.256,65.672
28131,"Stone County, Mississippi",14312,62.349,49.44,53.68,36.697,53.709,52.169,59.646,58.727,68.609
28133,"Sunflower County, Mississippi",20470,72.127,55.397,64.302,47.978,62.386,60.656,65.469,69.434,75.52
28135,"Tallahatchie County, Mississippi",11484,70.026,55.203,62.761,45.753,60.72,59.244,64.428,67.616,73.793
28137,"Tate County, Mississippi",21834,61.216,46.693,51.997,36.417,51.748,50.357,57.223,57.505,68.602
28139,"Tippah County, Mississippi",16591,58.387,47.844,51.095,34.759,50.966,49.414,57.03,55.343,66.953
28141,"Tishomingo County, Mississippi",15194,53.576,41.425,44.587,30.462,45.583,43.737,51.952,49.899,64.086
28143,"Tunica County, Mississippi",7150,70.633,53.092,62.565,46.362,60.666,59.191,63.886,66.188,74.949
28145,"Union County, Mississippi",21204,56.016,43.096,47.564,32.901,47.999,46.643,55.537,52.477,65.589
28147,"Walthall County, Mississippi",11141,66.624,52.431,58.303,40.583,56.339,55.509,62.057,62.702,72.985
28149,"Warren County, Mississippi",35565,67.46,50.119,55.933,40.024,55.678,54.083,61.256,61.509,72.382
28151,"Washington County, Mississippi",34736,69.786,52.9,64.158,46.764,60.615,59.097,64.291,67.789,74.841
28153,"Wayne County, Mississippi",15349,64.582,49.923,55.854,40.272,56.294,54.007,60.426,61.155,70.351
28155,"Webster County, Mississippi",7481,56.393,43.22,46.793,32.393,47.633,46.182,53.701,52.334,65.665
28157,"Wilkinson County, Mississippi",7082,68.36,51.682,60.999,44.492,58.287,56.72,61.64,66.275,73.795
28159,"Winston County, Mississippi",14104,66.767,51.866,58.784,42.476,58.572,56.562,62.424,64.141,71.669
28161,"Yalobusha County, Mississippi",9582,62.758,47.332,53.745,37.796,52.834,51.438,57.881,59.284,70.12
28163,"Yazoo County, Mississippi",21193,70.028,54.278,61.76,45.641,60.601,58.817,64.192,66.631,73.562
29001,"Adair County, Missouri",20793,67.329,52.52,58.132,37.268,57.565,61.921,69.296,63.967,71.256
29003,"Andrew County, Missouri",13391,59.738,45.359,49.215,30.96,49.805,53.878,62.32,54.253,66.494
29005,"Atchison County, Missouri",4254,57.429,47.178,51.082,32.211,53.698,56.559,65.367,49.075,67.264
29007,"Audrain County, Missouri",19747,62.248,48.576,53.53,34.757,53.573,56.366,64.846,58.996,68.539
29009,"Barry County, Missouri",27444,60.028,48.696,51.088,34.022,52.843,55.967,64.426,57.915,66.722
29011,"Barton County, Missouri",8984,56.428,44.657,48.239,31.179,50.308,53.324,61.835,51.169,64.928
29013,"Bates County, Missouri",12463,59.594,49.404,53.48,34.73,56.216,58.224,66.828,52.453,67.744
29015,"Benton County, Missouri",15658,62.157,49.343,53.114,34.597,54.706,57.47,65.677,59.318,68.116
29017,"Bollinger County, Missouri",9579,62.726,50.891,54.314,36.305,56.536,58.45,66.533,60.165,68.154
29019,"Boone County, Missouri",140601,76.045,60.371,65.125,40.904,61.267,66.803,74.04,72.042,74.632
29021,"Buchanan County, Missouri",68729,65.705,53.49,57.754,36.802,55.771,60.376,68.057,61.513,71.347
29023,"Butler County, Missouri",32649,61.716,48.453,52.874,33.447,52.609,56.387,64.571,58.413,67.244
29025,"Caldwell County, Missouri",6868,60.423,47.487,51.21,32.684,52.038,55.603,64.066,56.454,67.25
29027,"Callaway County, Missouri",35351,63.068,49.411,53.665,34.326,53.331,56.851,64.79,57.739,68.009
29029,"Camden County, Missouri",37065,63.835,48.357,52.208,33.473,52.7,56.341,64.401,57.848,68.182
29031,"Cape Girardeau County, Missouri",61564,65.4,52.274,55.95,34.387,54.514,59.39,67.417,60.136,69.322
29033,"Carroll County, Missouri",6842,63.436,50.836,54.945,34.231,54.416,58.323,66.864,59.255,68.957
29035,"Carter County, Missouri",4654,61.412,48.461,52.202,33.964,53.688,56.558,64.87,58.184,66.922
29037,"Cass County, Missouri",77386,61.777,49.053,53.594,33.718,52.963,57.384,65.131,59.497,68.437
29039,"Cedar County, Missouri",10573,58.809,45.901,49.61,32.226,50.939,53.997,62.426,55.643,65.834
29041,"Chariton County, Missouri",5816,55.866,47.694,51.896,32.7,55.402,57.506,66.538,45.368,68.2
29043,"Christian County, Missouri",62571,60.382,47.158,50.299,31.852,51.254,55.19,63.822,54.763,67.084
29045,"Clark County, Missouri",5226,60.689,47.908,51.742,33.471,52.906,55.866,64.34,57.681,67.527
29047,"Clay County, Missouri",180556,70.434,55.205,61.409,37.244,57.431,62.945,70.087,65.101,73.07
29049,"Clinton County, Missouri",15625,59.883,49.253,53.341,33.565,52.962,56.561,64.592,57.745,68.332
29051,"Cole County, Missouri",59386,60.984,50.615,52.828,33.469,53.292,57.468,64.835,59.297,68.415
29053,"Cooper County, Missouri",13762,63.696,50.168,54.526,34.564,54.278,58.415,66.559,59.518,69.098
29055,"Crawford County, Missouri",18662,59.254,46.682,50.707,33.124,51.861,54.525,62.868,56.814,66.339
29057,"Dade County, Missouri",6000,61.948,50.899,54.839,34.889,55.655,58.902,66.703,58.38,67.902
29059,"Dallas County, Missouri",12513,63.43,50.073,54.106,34.704,55.037,58.309,66.832,59.639,68.584
29061,"Daviess County, Missouri",6163,63.109,50.503,54.464,35.537,55.865,58.477,66.666,59.879,68.292
29063,"DeKalb County, Missouri",10489,59.656,46.702,50.356,32.571,51.167,55.028,63.011,55.261,66.116
29065,"Dent County, Missouri",11965,59.855,46.823,50.554,32.693,51.499,53.949,62.23,55.043,66.039
29067,"Douglas County, Missouri",10517,59.329,46.794,50.362,33.205,52.286,54.689,63.171,56.653,66.199
29069,"Dunklin County, Missouri",22571,62.272,49.295,54.599,35.441,54.356,57.522,65.417,58.918,68.233
29071,"Franklin County, Missouri",78920,59.845,47.87,54.595,33.139,52.942,57.373,66.071,54.459,69.208
29073,"Gasconade County, Missouri",11622,58.918,46.236,50.025,32.259,51.286,54.569,62.81,55.867,66.934
29075,"Gentry County, Missouri",5027,62.867,50.0,53.928,34.131,54.192,57.8,66.3,59.067,68.73
29077,"Greene County, Missouri",227966,71.353,56.082,62.055,37.369,57.599,61.857,71.697,66.66,72.087
29079,"Grundy County, Missouri",7736,60.658,48.087,51.858,34.055,53.754,56.627,64.68,57.159,66.822
29081,"Harrison County, Missouri",6455,59.749,47.131,50.59,33.081,52.547,55.299,63.746,56.01,66.559
29083,"Henry County, Missouri",16908,58.81,48.292,52.761,32.579,53.865,57.107,65.721,50.445,68.155
29085,"Hickory County, Missouri",7797,61.882,47.797,51.851,33.103,52.125,55.177,64.032,57.684,67.403
29087,"Holt County, Missouri",3546,61.169,48.672,52.407,32.365,52.495,56.551,65.203,56.013,67.46
29089,"Howard County, Missouri",7863,65.306,50.666,55.222,35.305,55.469,59.201,67.121,60.287,69.305
29091,"Howell County, Missouri",30595,60.532,44.778,50.049,31.386,50.657,54.281,63.24,55.945,66.501
29093,"Iron County, Missouri",8086,60.74,47.851,52.053,34.06,52.993,55.736,64.045,58.379,67.519
29095,"Jackson County, Missouri",527028,72.99,59.671,65.434,42.652,60.806,66.134,72.557,68.781,76.469
29097,"Jasper County, Missouri",89146,59.614,47.708,53.697,34.397,53.54,57.909,65.684,57.377,67.931
29099,"Jefferson County, Missouri",170513,60.97,48.163,53.614,32.681,51.503,56.989,65.163,53.949,68.382
29101,"Johnson County, Missouri",42089,63.769,50.521,55.038,35.065,54.913,59.234,66.858,59.099,68.95
29103,"Knox County, Missouri",3015,61.071,48.36,52.088,33.42,53.074,56.316,64.807,57.513,67.824
29105,"Laclede County, Missouri",26817,61.179,47.603,51.357,33.041,51.994,55.296,63.805,54.887,66.281
29107,"Lafayette County, Missouri",25030,61.819,49.132,53.133,34.477,54.286,57.476,65.551,58.933,68.445
29109,"Lawrence County, Missouri",28448,62.57,49.716,53.818,34.023,53.822,57.373,65.718,58.712,67.791
29111,"Lewis County, Missouri",7726,63.007,49.844,53.758,35.591,55.699,58.26,66.417,59.673,68.343
29113,"Lincoln County, Missouri",41274,60.605,46.87,50.787,32.13,50.639,54.872,63.331,55.518,66.486
29115,"Linn County, Missouri",9280,62.068,48.774,51.861,34.205,53.428,56.528,64.931,58.264,67.534
29117,"Livingston County, Missouri",11815,63.432,50.23,54.806,34.478,53.896,57.866,66.306,58.714,68.936
29119,"McDonald County, Missouri",16932,58.275,48.333,51.928,35.074,53.96,56.65,64.12,56.019,65.981
29121,"Macon County, Missouri",11643,58.249,46.552,50.47,32.232,51.921,54.996,63.74,52.312,67.014
29123,"Madison County, Missouri",9429,61.014,47.861,51.956,33.892,53.066,56.091,64.389,57.971,67.178
29125,"Maries County, Missouri",7059,62.392,49.632,53.213,35.27,55.488,57.859,66.066,59.173,67.517
29127,"Marion County, Missouri",21787,60.927,48.18,52.715,33.236,52.651,56.653,64.635,57.174,68.342
29129,"Mercer County, Missouri",2729,60.602,47.93,50.993,33.668,53.529,56.032,64.456,56.988,66.488
29131,"Miller County, Missouri",19107,61.261,48.308,50.972,33.629,53.3,55.84,64.691,57.53,66.851
29133,"Mississippi County, Missouri",10737,64.157,50.055,55.837,38.255,56.877,59.209,66.304,61.326,68.878
29135,"Moniteau County, Missouri",11924,61.644,48.734,52.572,34.771,54.04,56.845,64.933,58.054,66.979
29137,"Monroe County, Missouri",6721,59.502,46.947,50.823,32.826,52.113,55.5,63.966,56.265,67.074
29139,"Montgomery County, Missouri",8921,59.73,47.15,51.368,32.123,50.912,54.789,63.363,56.092,67.44
29141,"Morgan County, Missouri",15590,63.872,52.11,56.451,36.636,57.189,60.041,68.231,61.121,69.014
29143,"New Madrid County, Missouri",13654,57.282,49.704,56.069,34.745,57.621,60.007,68.533,44.976,69.746
29145,"Newton County, Missouri",44114,59.899,49.008,52.938,33.577,52.974,56.9,64.546,56.911,66.599
29147,"Nodaway County, Missouri",18853,65.557,52.327,56.746,35.044,55.516,60.324,68.548,60.569,70.416
29149,"Oregon County, Missouri",8327,58.663,45.579,49.483,31.919,50.237,53.729,62.168,55.787,65.921
29151,"Osage County, Missouri",10460,59.003,46.071,49.955,31.694,51.417,54.023,62.732,51.89,65.343
29153,"Ozark County, Missouri",7421,60.832,48.049,51.472,33.974,53.173,55.77,64.23,57.467,66.825
29155,"Pemiscot County, Missouri",12554,61.416,46.819,53.631,35.874,53.383,56.328,63.499,58.172,68.273
29157,"Perry County, Missouri",14558,58.253,46.705,49.513,31.582,50.195,53.693,62.116,55.571,65.969
29159,"Pettis County, Missouri",31822,61.217,47.405,52.763,34.027,53.064,57.006,65.19,57.69,68.04
29161,"Phelps County, Missouri",35377,60.836,49.134,51.555,34.002,53.611,58.039,65.838,59.14,68.983
29163,"Pike County, Missouri",14435,58.887,47.57,51.711,34.15,53.064,56.05,63.974,58.503,67.572
29165,"Platte County, Missouri",75258,69.297,55.734,61.242,37.063,58.175,64.001,71.806,62.433,73.196
29167,"Polk County, Missouri",24283,62.57,50.047,54.306,33.841,53.924,58.148,67.134,59.177,68.505
29169,"Pulaski County, Missouri",40947,70.177,54.169,60.534,41.176,61.996,64.319,71.529,66.619,70.183
29171,"Putnam County, Missouri",3722,61.358,48.269,51.594,33.842,53.986,56.727,65.061,57.506,66.765
29173,"Ralls County, Missouri",8043,59.212,46.506,50.243,32.338,51.253,54.495,62.999,55.685,67.072
29175,"Randolph County, Missouri",19489,57.754,46.087,52.066,32.093,53.299,56.687,65.729,47.115,67.273
29177,"Ray County, Missouri",17591,59.947,47.878,52.379,33.096,52.466,55.974,65.037,56.686,69.007
29179,"Reynolds County, Missouri",5035,62.07,49.684,53.872,34.229,53.801,57.183,65.702,58.996,68.15
29181,"Ripley County, Missouri",10555,61.049,48.307,51.992,33.725,53.245,55.964,64.43,57.719,66.911
29183,"St. Charles County, Missouri",297041,65.14,50.072,55.189,34.033,54.48,59.926,69.129,57.792,70.229
29185,"St. Clair County, Missouri",7550,61.922,48.91,52.782,34.668,54.036,56.786,64.999,59.025,67.583
29186,"Ste. Genevieve County, Missouri",13985,60.303,48.944,53.253,33.769,54.171,57.48,65.901,55.203,68.991
29187,"St. Francois County, Missouri",52283,59.985,48.379,52.629,33.858,52.439,56.631,65.036,59.478,68.515
29189,"St. Louis County, Missouri",777088,76.179,55.24,64.971,40.852,60.807,66.11,74.172,71.566,76.857
29195,"Saline County, Missouri",17802,64.44,52.222,56.322,37.307,56.402,59.624,67.865,61.326,69.992
29197,"Schuyler County, Missouri",3306,59.185,46.666,50.589,31.633,50.492,54.203,62.971,55.793,67.04
29199,"Scotland County, Missouri",3509,62.849,50.244,54.493,36.492,56.52,58.309,66.466,60.851,67.939
29201,"Scott County, Missouri",29520,63.294,49.046,52.818,34.192,52.911,55.873,65.004,55.772,66.643
29203,"Shannon County, Missouri",6446,63.908,51.298,55.463,35.319,55.426,58.58,66.902,60.535,68.845
29205,"Shelby County, Missouri",4605,61.497,48.386,51.96,33.942,53.759,56.627,65.034,57.999,67.487
29207,"Stoddard County, Missouri",22924,59.248,46.861,50.929,32.173,51.099,54.582,63.233,55.047,65.795
29209,"Stone County, Missouri",26213,58.815,47.992,51.035,33.387,53.024,56.42,65.013,56.803,65.717
29211,"Sullivan County, Missouri",4926,65.567,52.921,57.399,39.571,59.506,61.237,68.659,62.391,69.055
29213,"Taney County, Missouri",43068,65.089,53.254,56.889,36.256,56.88,61.048,69.267,60.706,69.812
29215,"Texas County, Missouri",20155,60.18,46.883,50.6,33.798,52.773,55.415,63.117,56.008,65.61
29217,"Vernon County, Missouri",15771,62.56,48.917,52.749,34.958,54.906,57.461,66.022,59.547,68.063
29219,"Warren County, Missouri",25770,61.075,46.997,52.18,32.582,50.995,55.453,63.807,57.155,68.226
29221,"Washington County, Missouri",19190,58.843,46.177,50.344,32.717,51.107,54.079,62.412,56.48,66.433
29223,"Wayne County, Missouri",10510,61.37,48.732,52.767,35.195,54.756,56.732,64.892,59.331,66.854
29225,"Webster County, Missouri",27738,60.04,47.465,51.334,33.099,52.428,55.745,63.967,57.258,66.849
29227,"Worth County, Missouri",1613,61.225,48.098,51.796,33.708,53.403,56.323,64.723,57.863,67.271
29229,"Wright County, Missouri",13758,59.517,47.081,50.837,33.647,52.77,55.141,63.478,56.682,66.229
29510,"St. Louis city, Missouri",250081,79.354,65.436,71.835,49.061,68.587,72.416,77.096,76.666,79.06
30001,"Beaverhead County, Montana",7660,65.219,49.514,54.217,36.565,55.849,59.43,63.689,60.674,68.122
30003,"Big Horn County, Montana",8881,71.293,59.152,66.405,47.87,67.161,70.097,72.24,65.455,73.872
30005,"Blaine County, Montana",4719,70.491,55.655,62.418,44.159,62.171,66.056,68.544,67.309,72.546
30007,"Broadwater County, Montana",4686,60.186,45.174,49.527,33.182,51.065,54.766,59.192,55.589,65.836
30009,"Carbon County, Montana",8630,69.448,54.166,59.134,39.988,60.336,63.539,67.761,65.753,71.031
30011,"Carter County, Montana",1061,62.928,47.866,51.545,36.186,55.748,57.884,62.388,58.731,65.889
30013,"Cascade County, Montana",63367,65.741,50.145,56.345,37.076,55.022,59.918,64.199,61.211,70.226
30015,"Chouteau County, Montana",4411,69.766,53.732,59.56,41.833,61.121,64.115,67.834,65.083,69.947
30017,"Custer County, Montana",9254,64.302,48.092,53.811,34.683,53.054,57.775,62.508,58.418,68.35
30019,"Daniels County, Montana",1389,59.811,45.66,50.23,33.965,52.656,55.656,60.238,53.907,66.16
30021,"Dawson County, Montana",7226,60.652,45.759,50.148,34.639,52.838,56.347,60.756,56.11,65.785
30023,"Deer Lodge County, Montana",7682,70.719,55.846,62.056,40.204,59.344,63.853,68.194,68.668,74.318
30025,"Fallon County, Montana",2164,57.941,43.065,47.13,32.287,50.101,53.129,57.624,52.954,63.831
30027,"Fergus County, Montana",8972,64.031,48.593,53.123,36.064,55.191,58.429,62.723,59.823,67.453
30029,"Flathead County, Montana",76273,64.547,47.163,52.888,33.986,52.486,56.733,61.861,60.206,69.242
30031,"Gallatin County, Montana",83509,72.946,55.738,61.831,40.187,59.567,64.834,68.902,67.538,73.096
30033,"Garfield County, Montana",901,61.103,46.436,49.837,35.283,54.635,56.349,61.022,56.843,65.099
30035,"Glacier County, Montana",9368,75.507,62.278,69.265,50.961,69.189,72.141,73.792,73.745,75.589
30037,"Golden Valley County, Montana",595,64.779,49.93,53.882,37.42,57.32,59.652,64.018,60.325,67.687
30039,"Granite County, Montana",2705,67.474,52.345,56.98,38.947,58.983,61.71,66.113,64.195,69.962
30041,"Hill County, Montana",11910,68.826,53.987,60.258,38.948,57.578,62.959,66.856,64.602,71.843
30043,"Jefferson County, Montana",9313,65.886,49.565,54.772,35.587,55.134,59.871,64.642,60.643,69.598
30045,"Judith Basin County, Montana",1600,66.085,50.853,54.818,37.55,57.758,60.601,64.893,61.574,68.113
30047,"Lake County, Montana",22601,70.576,55.923,62.004,40.47,59.891,64.926,68.576,66.036,72.34
30049,"Lewis and Clark County, Montana",52504,70.393,52.899,58.551,37.16,57.082,63.063,67.346,65.538,72.394
30051,"Liberty County, Montana",1786,65.095,50.49,55.822,38.763,57.938,59.8,63.917,62.815,68.051
30053,"Lincoln County, Montana",15828,60.633,46.615,51.898,34.509,52.87,56.489,59.643,58.173,67.121
30055,"McCone County, Montana",1301,63.048,48.803,52.506,36.619,56.319,58.391,62.955,58.72,67.161
30057,"Madison County, Montana",6958,68.935,53.609,58.286,39.628,59.595,62.898,67.137,64.356,70.026
30059,"Meagher County, Montana",1575,65.885,50.932,55.011,38.039,58.008,60.491,64.83,61.902,68.613
30061,"Mineral County, Montana",3450,66.361,51.57,56.658,37.127,56.258,60.333,64.869,62.732,70.031
30063,"Missoula County, Montana",93777,75.716,59.512,67.369,41.405,62.548,68.425,72.175,72.313,76.665
30065,"Musselshell County, Montana",3796,62.38,47.801,51.751,36.264,55.311,57.259,61.836,58.892,66.707
30067,"Park County, Montana",13224,69.696,54.421,59.702,40.427,60.383,63.713,67.662,67.115,71.904
30069,"Petroleum County, Montana",346,66.979,52.642,56.073,37.077,57.841,61.512,66.328,61.437,69.078
30071,"Phillips County, Montana",3154,62.758,48.143,52.574,36.86,55.761,58.192,62.263,58.56,66.334
30073,"Pondera County, Montana",4520,67.736,52.329,57.391,39.327,59.36,62.652,67.126,63.952,70.531
30075,"Powder River County, Montana",1368,63.009,47.883,51.936,35.987,55.484,58.164,62.5,58.043,66.166
30077,"Powell County, Montana",5854,63.929,49.344,53.287,36.323,55.48,58.655,62.705,59.889,66.989
30079,"Prairie County, Montana",1026,64.273,49.484,53.016,36.902,56.563,58.8,63.434,60.675,67.592
30081,"Ravalli County, Montana",33648,67.103,49.541,57.44,37.457,56.25,60.11,64.19,61.274,68.811
30083,"Richland County, Montana",8613,58.165,44.459,48.497,33.191,51.288,54.365,58.765,52.458,64.919
30085,"Roosevelt County, Montana",7521,69.043,54.617,61.465,43.579,61.261,65.137,67.383,65.761,71.2
30087,"Rosebud County, Montana",6535,58.425,49.47,55.723,38.065,59.786,62.021,65.95,45.948,68.472
30089,"Sanders County, Montana",9453,66.413,51.668,56.192,39.175,58.363,60.682,64.896,63.248,68.83
30091,"Sheridan County, Montana",2821,64.855,49.442,54.303,36.812,55.94,59.192,63.471,61.044,68.408
30093,"Silver Bow County, Montana",27786,70.408,54.779,61.098,39.406,57.699,62.762,67.131,67.703,74.143
30095,"Stillwater County, Montana",7359,65.235,50.113,54.389,37.682,57.299,59.833,64.099,61.155,67.917
30097,"Sweet Grass County, Montana",2887,64.159,49.085,53.345,36.796,55.905,58.715,62.993,60.117,67.546
30099,"Teton County, Montana",4637,65.631,52.135,55.99,39.092,58.989,61.487,65.554,63.841,69.32
30101,"Toole County, Montana",3998,64.771,50.425,54.737,38.575,57.775,59.821,63.787,61.714,67.589
30103,"Treasure County, Montana",624,64.264,49.244,53.196,37.077,56.77,59.081,63.435,60.172,67.059
30105,"Valley County, Montana",5884,63.889,48.552,53.429,36.64,55.878,58.677,63.097,58.565,68.534
30107,"Wheatland County, Montana",1627,64.753,50.565,55.592,39.029,58.204,59.782,63.901,62.026,67.893
30109,"Wibaux County, Montana",838,61.155,46.943,50.95,35.513,54.266,56.48,60.858,56.662,65.623
30111,"Yellowstone County, Montana",120597,62.639,49.912,54.485,34.759,53.02,57.473,62.153,61.51,69.784
31001,"Adams County, Nebraska",24050,60.358,47.851,52.37,33.674,52.792,57.032,63.726,56.956,68.353
31003,"Antelope County, Nebraska",4864,59.697,46.308,49.707,32.791,52.078,55.489,62.771,56.115,66.088
31005,"Arthur County, Nebraska",307,64.366,50.104,52.923,35.719,56.613,59.558,66.695,59.461,66.311
31007,"Banner County, Nebraska",543,63.374,49.562,52.532,35.899,56.606,59.187,66.33,58.009,66.095
31009,"Blaine County, Nebraska",375,64.554,50.595,53.239,35.668,56.507,59.454,66.744,60.233,67.165
31011,"Boone County, Nebraska",4072,61.167,47.11,50.563,33.014,52.261,55.966,63.425,56.626,66.532
31013,"Box Butte County, Nebraska",8265,60.333,46.633,50.927,33.271,51.317,55.388,62.463,55.896,66.687
31015,"Boyd County, Nebraska",1587,63.639,50.231,53.213,36.002,56.591,59.113,66.32,59.128,67.446
31017,"Brown County, Nebraska",2389,59.891,46.207,49.548,32.766,51.832,55.064,62.354,55.29,65.455
31019,"Buffalo County, Nebraska",37609,63.859,50.834,53.654,33.491,52.723,58.008,65.903,58.374,69.007
31021,"Burt County, Nebraska",5067,60.355,46.997,51.386,32.964,51.414,55.494,62.721,56.818,68.303
31023,"Butler County, Nebraska",6166,59.805,46.426,50.173,32.1,50.908,54.995,62.52,54.837,66.636
31025,"Cass County, Nebraska",19425,62.48,48.299,52.739,31.96,51.175,56.635,64.28,56.454,68.751
31027,"Cedar County, Nebraska",6373,60.599,47.245,50.642,33.207,52.95,56.299,63.807,55.422,66.392
31029,"Chase County, Nebraska",2925,59.834,46.047,49.67,32.828,51.49,55.191,62.344,54.671,64.699
31031,"Cherry County, Nebraska",4540,67.439,54.345,58.037,37.791,58.845,62.612,69.625,62.577,69.313
31033,"Cheyenne County, Nebraska",7490,59.253,45.419,49.209,31.79,50.264,54.551,61.631,54.669,65.199
31035,"Clay County, Nebraska",4711,60.224,46.472,50.24,32.871,51.479,55.275,62.551,55.559,66.013
31037,"Colfax County, Nebraska",7548,68.308,55.795,61.114,43.191,61.672,64.322,69.867,64.726,69.822
31039,"Cuming County, Nebraska",6777,59.627,46.794,50.524,33.356,51.632,55.657,63.033,54.369,66.754
31041,"Custer County, Nebraska",8288,60.491,46.604,49.933,32.768,51.855,55.492,62.879,55.817,65.827
31043,"Dakota County, Nebraska",14436,66.569,55.663,62.174,42.7,62.02,64.759,70.61,60.26,71.861
31045,"Dawes County, Nebraska",7285,68.353,54.005,58.207,37.559,58.38,62.939,69.721,63.232,70.263
31047,"Dawson County, Nebraska",17259,66.704,53.654,59.144,39.948,58.388,62.059,68.187,62.379,69.54
31049,"Deuel County, Nebraska",1507,60.407,46.817,50.923,33.163,51.701,55.568,62.899,55.843,66.263
31051,"Dixon County, Nebraska",4294,60.111,47.176,51.337,33.475,51.906,55.843,62.929,55.119,66.059
31053,"Dodge County, Nebraska",27923,66.415,50.676,56.92,35.262,53.927,59.386,66.719,60.466,69.868
31055,"Douglas County, Nebraska",411949,70.707,55.139,62.246,38.255,58.772,64.374,70.423,67.904,74.315
31057,"Dundy County, Nebraska",1478,55.36,42.176,46.047,29.752,46.702,51.038,58.211,50.103,62.843
31059,"Fillmore County, Nebraska",4455,61.253,47.401,51.372,33.154,52.073,56.032,63.443,56.957,67.393
31061,"Franklin County, Nebraska",2436,60.007,46.19,50.006,31.817,50.507,54.828,62.398,55.232,66.344
31063,"Frontier County, Nebraska",2091,61.585,47.401,50.716,33.322,53.011,56.573,63.998,56.802,66.22
31065,"Furnas County, Nebraska",3725,61.247,47.667,51.594,32.882,51.839,56.06,63.528,56.642,66.706
31067,"Gage County, Nebraska",16799,64.706,49.297,54.721,35.261,54.585,58.903,66.34,59.614,70.036
31069,"Garden County, Nebraska",1485,63.001,48.707,52.319,34.443,54.244,57.743,64.899,58.271,66.778
31071,"Garfield County, Nebraska",1570,61.273,46.848,50.153,32.747,52.286,56.01,63.422,56.419,65.967
31073,"Gosper County, Nebraska",1627,59.474,45.727,49.317,31.582,50.534,54.735,62.32,53.841,66.228
31075,"Grant County, Nebraska",558,63.416,49.588,52.234,35.34,56.172,58.832,66.071,58.127,66.136
31077,"Greeley County, Nebraska",1838,64.603,50.499,54.224,36.046,56.277,59.367,66.566,60.839,68.21
31079,"Hall County, Nebraska",44614,64.992,51.628,56.202,36.84,55.751,60.361,65.929,59.915,69.23
31081,"Hamilton County, Nebraska",6961,59.272,46.705,50.586,32.562,51.989,55.976,62.853,55.625,67.208
31083,"Harlan County, Nebraska",2663,61.396,47.683,51.405,32.498,51.724,56.2,63.615,56.112,66.324
31085,"Hayes County, Nebraska",738,58.681,45.265,48.324,32.189,51.038,54.333,61.648,53.578,63.851
31087,"Hitchcock County, Nebraska",2201,60.178,46.606,49.95,32.049,51.071,55.048,62.724,55.444,66.247
31089,"Holt County, Nebraska",7765,61.188,47.41,50.682,33.607,53.098,56.442,63.774,56.377,66.023
31091,"Hooker County, Nebraska",580,65.045,50.996,54.294,36.794,57.571,60.293,67.425,60.414,67.52
31093,"Howard County, Nebraska",4862,62.612,48.775,52.399,33.911,53.346,57.217,64.629,58.365,67.791
31095,"Jefferson County, Nebraska",5593,60.808,47.431,51.521,33.531,52.203,55.937,63.102,57.642,67.726
31097,"Johnson County, Nebraska",4221,63.8,49.962,54.326,36.23,54.651,58.411,65.075,60.308,68.723
31099,"Kearney County, Nebraska",4928,60.113,46.556,50.181,32.604,51.436,55.388,62.684,55.921,66.228
31101,"Keith County, Nebraska",6487,60.559,45.796,50.493,32.225,51.118,55.364,62.783,54.692,65.974
31103,"Keya Paha County, Nebraska",614,66.812,53.497,56.682,36.209,57.823,61.715,69.004,61.221,68.786
31105,"Kimball County, Nebraska",2840,63.17,48.861,53.206,34.242,53.476,57.551,64.547,58.018,67.318
31107,"Knox County, Nebraska",6427,61.708,48.127,52.034,33.826,52.979,57.05,64.21,56.849,67.213
31109,"Lancaster County, Nebraska",238833,74.725,57.103,62.709,38.972,59.238,65.3,72.527,69.23,75.079
31111,"Lincoln County, Nebraska",26891,54.191,46.054,50.763,30.259,52.994,56.976,65.261,40.549,67.209
31113,"Logan County, Nebraska",627,61.423,47.501,50.634,33.921,53.638,56.808,64.163,56.578,65.48
31115,"Loup County, Nebraska",497,65.648,51.419,54.414,36.581,57.484,60.373,67.538,61.178,68.146
31117,"McPherson County, Nebraska",171,60.98,47.201,47.933,31.346,52.438,56.178,62.838,54.764,60.508
31119,"Madison County, Nebraska",26349,61.671,48.368,53.67,34.081,53.296,57.936,64.591,58.146,67.849
31121,"Merrick County, Nebraska",6074,59.323,45.289,49.063,31.386,49.625,54.157,61.647,54.465,65.993
31123,"Morrill County, Nebraska",3673,63.354,49.915,52.946,36.026,55.609,58.567,65.473,58.749,66.094
31125,"Nance County, Nebraska",2742,60.438,46.477,50.315,32.577,51.335,55.187,62.622,56.182,66.509
31127,"Nemaha County, Nebraska",5536,66.373,52.363,57.044,34.893,54.951,60.419,67.84,61.335,70.553
31129,"Nuckolls County, Nebraska",3405,61.341,47.516,51.103,33.614,52.673,56.123,63.481,57.349,66.815
31131,"Otoe County, Nebraska",12069,60.763,48.864,53.571,34.165,54.524,58.242,65.719,53.455,68.916
31133,"Pawnee County, Nebraska",2121,64.74,51.125,55.317,36.934,56.964,59.648,66.685,61.411,68.67
31135,"Perkins County, Nebraska",2190,60.168,46.485,49.921,32.54,51.844,55.592,63.028,54.893,65.493
31137,"Phelps County, Nebraska",6950,59.523,44.562,48.159,31.232,49.888,54.173,61.644,53.429,65.2
31139,"Pierce County, Nebraska",5378,56.852,44.258,47.382,30.884,49.958,53.643,60.928,52.31,64.937
31141,"Platte County, Nebraska",24481,63.391,48.072,53.19,34.643,53.403,57.947,64.828,57.859,67.247
31143,"Polk County, Nebraska",4039,60.436,46.823,50.611,32.919,51.888,55.664,63.08,55.625,66.467
31145,"Red Willow County, Nebraska",8333,58.536,44.442,48.185,30.791,48.445,52.985,60.602,52.29,64.532
31147,"Richardson County, Nebraska",6320,61.827,47.89,51.91,33.289,52.054,56.394,63.819,57.628,68.014
31149,"Rock County, Nebraska",1123,61.553,47.708,50.731,33.841,53.644,56.666,64.051,56.783,66.116
31151,"Saline County, Nebraska",10646,66.191,52.987,58.419,38.483,56.973,61.135,67.551,62.934,70.597
31153,"Sarpy County, Nebraska",128793,61.055,48.08,54.65,33.746,53.021,58.432,63.677,59.853,70.614
31155,"Saunders County, Nebraska",15784,61.912,47.788,51.695,32.362,50.936,55.949,62.994,54.832,66.538
31157,"Scotts Bluff County, Nebraska",27230,63.352,50.113,55.182,35.775,53.96,58.645,65.365,59.235,68.8
31159,"Seward County, Nebraska",13106,61.916,47.062,51.853,32.688,51.928,56.747,63.925,56.948,67.431
31161,"Sheridan County, Nebraska",4048,65.251,52.115,55.971,36.792,57.254,60.845,67.792,60.009,68.057
31163,"Sherman County, Nebraska",2420,61.888,47.767,51.694,33.42,52.292,56.324,63.662,57.958,67.642
31165,"Sioux County, Nebraska",1003,64.77,51.263,54.432,36.596,57.843,60.564,67.722,59.393,67.785
31167,"Stanton County, Nebraska",4472,58.453,44.875,48.587,31.474,49.814,53.835,61.384,53.37,65.604
31169,"Thayer County, Nebraska",3966,60.785,46.599,50.413,32.433,50.858,55.067,62.561,56.315,66.673
31171,"Thomas County, Nebraska",515,63.864,49.906,53.246,35.865,56.461,59.24,66.366,59.287,66.678
31173,"Thurston County, Nebraska",4586,66.687,56.688,63.131,42.588,63.63,67.196,72.534,58.225,72.828
31175,"Valley County, Nebraska",3271,62.925,49.226,53.1,33.89,53.413,57.656,65.137,58.022,67.872
31177,"Washington County, Nebraska",15317,60.039,45.741,50.14,31.198,50.761,55.658,63.349,51.816,67.603
31179,"Wayne County, Nebraska",7531,63.659,48.885,53.252,33.435,52.857,57.574,65.364,57.39,68.167
31181,"Webster County, Nebraska",2753,61.612,48.064,51.749,34.07,53.319,56.884,63.966,57.726,66.981
31183,"Wheeler County, Nebraska",672,62.957,48.904,51.978,34.418,54.581,57.804,65.124,58.612,66.866
31185,"York County, Nebraska",10614,61.706,47.488,51.642,33.379,52.483,56.625,63.861,56.641,67.004
32001,"Churchill County, Nevada",18530,61.42,45.526,50.659,34.737,51.916,54.404,59.099,55.885,65.718
32003,"Clark County, Nevada",1637219,72.58,58.975,65.189,48.947,63.846,66.153,72.458,69.32,76.96
32005,"Douglas County, Nevada",39490,67.241,50.533,56.707,36.731,55.463,58.582,63.949,61.47,69.582
32007,"Elko County, Nevada",37862,67.358,52.965,57.873,42.005,60.697,62.469,65.696,63.203,68.08
32009,"Esmeralda County, Nevada",785,64.808,50.463,55.259,39.595,58.851,59.216,64.192,60.782,67.643
32011,"Eureka County, Nevada",1394,55.117,46.527,50.762,34.995,58.038,57.572,63.566,42.451,65.546
32013,"Humboldt County, Nevada",12260,63.263,53.109,58.599,40.809,62.595,62.935,67.983,52.821,69.063
32015,"Lander County, Nevada",4068,64.182,51.174,56.289,41.181,60.217,60.39,64.648,60.428,66.773
32017,"Lincoln County, Nevada",4318,57.254,42.907,47.391,32.559,49.709,51.697,56.891,52.573,64.184
32019,"Lyon County, Nevada",41570,64.365,48.306,54.267,36.63,54.462,56.149,62.02,59.338,68.424
32021,"Mineral County, Nevada",3678,64.555,49.899,56.146,39.618,57.215,59.102,63.03,61.877,68.343
32023,"Nye County, Nevada",36249,60.972,46.945,52.213,36.894,54.224,55.822,60.868,58.633,66.945
32027,"Pershing County, Nevada",5514,64.053,50.317,54.316,38.271,55.994,58.37,62.664,60.155,66.783
32029,"Storey County, Nevada",3344,58.337,46.795,52.23,34.018,54.859,57.043,62.446,49.02,67.628
32031,"Washoe County, Nevada",351133,75.645,58.688,65.795,42.568,61.236,65.655,69.943,70.324,74.831
32033,"White Pine County, Nevada",7733,61.749,47.942,52.918,36.381,54.133,56.376,61.058,57.866,66.591
32510,"Carson City, Nevada",43219,70.364,54.831,61.137,40.511,58.273,61.972,66.888,65.792,71.293
33001,"Belknap County, New Hampshire",49142,65.827,53.554,57.908,35.528,57.403,61.064,68.43,64.758,74.003
33003,"Carroll County, New Hampshire",40059,69.865,54.828,60.887,36.808,58.197,62.812,71.032,66.461,75.29
33005,"Cheshire County, New Hampshire",62441,73.579,58.19,64.672,38.8,61.491,65.911,73.909,71.088,77.931
33007,"Coos County, New Hampshire",26704,70.483,57.01,62.199,38.749,59.809,63.346,71.696,67.547,75.859
33009,"Grafton County, New Hampshire",74855,73.454,60.996,67.38,41.473,63.758,68.102,75.114,72.803,78.521
33011,"Hillsborough County, New Hampshire",324766,73.29,57.453,63.682,37.721,59.982,65.314,74.528,68.915,75.918
33013,"Merrimack County, New Hampshire",120166,68.567,55.319,61.74,37.478,59.35,63.732,71.297,69.098,76.963
33015,"Rockingham County, New Hampshire",244203,70.134,57.022,60.31,37.835,57.723,63.076,71.209,66.805,75.885
33017,"Strafford County, New Hampshire",103892,71.658,58.997,62.92,39.579,60.476,64.667,74.15,68.918,77.534
33019,"Sullivan County, New Hampshire",34828,69.531,56.192,61.639,36.623,58.526,63.005,71.152,67.07,75.941
34001,"Atlantic County, New Jersey",210361,74.844,59.855,67.896,44.629,64.573,70.284,74.707,73.151,78.869
34003,"Bergen County, New Jersey",730593,81.884,67.749,74.904,46.709,70.181,75.58,79.235,78.862,81.72
34005,"Burlington County, New Jersey",351411,76.426,62.966,69.382,43.324,62.841,68.234,74.616,74.791,79.536
34007,"Camden County, New Jersey",390727,79.544,63.296,73.224,48.7,66.975,72.02,77.349,77.109,80.274
34009,"Cape May County, New Jersey",77091,68.71,54.619,61.778,37.487,58.575,63.246,70.571,67.323,75.497
34011,"Cumberland County, New Jersey",116898,71.709,61.501,69.217,45.126,64.1,68.585,73.307,70.781,77.811
34013,"Essex County, New Jersey",604583,80.043,69.198,75.858,54.844,73.386,76.573,79.976,80.446,82.269
34015,"Gloucester County, New Jersey",225731,71.362,56.104,63.556,38.368,59.556,66.351,73.167,67.459,78.03
34017,"Hudson County, New Jersey",530975,83.161,71.965,79.104,55.36,74.819,78.646,82.01,80.008,83.445
34019,"Hunterdon County, New Jersey",99811,67.53,56.385,61.79,36.584,59.471,64.932,70.326,69.115,75.814
34021,"Mercer County, New Jersey",289592,78.665,67.005,72.536,48.031,69.989,73.673,77.853,77.32,81.249
34023,"Middlesex County, New Jersey",645563,80.183,64.148,70.772,47.849,68.825,71.51,76.743,73.57,80.147
34025,"Monmouth County, New Jersey",488050,73.801,57.814,64.738,42.492,62.805,68.497,73.167,71.846,77.625
34027,"Morris County, New Jersey",387166,78.417,60.326,68.004,40.879,64.071,68.841,75.806,75.027,77.046
34029,"Ocean County, New Jersey",451407,66.482,50.077,58.823,35.0,55.824,60.997,67.224,65.64,75.015
34031,"Passaic County, New Jersey",383019,77.559,64.001,72.73,49.157,69.847,74.565,78.106,74.794,80.297
34033,"Salem County, New Jersey",49530,68.905,55.106,62.311,37.745,59.51,65.273,71.703,65.864,76.026
34035,"Somerset County, New Jersey",255592,79.37,63.435,69.641,43.729,65.74,71.833,76.908,74.814,79.108
34037,"Sussex County, New Jersey",113059,64.819,52.395,58.76,34.817,56.412,62.127,68.505,65.69,74.785
34039,"Union County, New Jersey",422706,79.056,64.512,74.298,52.419,71.862,75.375,79.967,79.105,81.433
34041,"Warren County, New Jersey",84581,67.8,55.378,61.318,37.042,58.689,63.836,69.745,63.538,75.594
35001,"Bernalillo County, New Mexico",526115,75.54,61.548,70.529,48.422,64.806,70.731,73.666,71.842,76.806
35003,"Catron County, New Mexico",3071,66.948,51.393,56.385,40.01,58.718,60.502,64.505,62.908,67.806
35005,"Chaves County, New Mexico",47876,66.606,53.633,60.854,41.609,58.239,61.616,64.628,62.786,69.565
35006,"Cibola County, New Mexico",20541,74.423,60.399,67.899,50.125,65.302,68.734,70.87,69.375,74.046
35007,"Colfax County, New Mexico",10042,71.58,56.57,63.745,45.69,62.151,64.947,68.177,67.702,72.266
35009,"Curry County, New Mexico",36787,64.438,48.111,55.353,39.008,54.75,57.904,61.05,59.459,67.398
35011,"De Baca County, New Mexico",1514,65.283,51.099,56.693,41.302,57.95,59.537,63.035,61.228,67.611
35013,"Doña Ana County, New Mexico",161381,74.443,62.253,69.468,48.718,64.548,68.231,70.822,70.873,75.138
35015,"Eddy County, New Mexico",42243,61.528,46.63,54.174,39.016,54.056,57.35,60.617,57.7,66.383
35017,"Grant County, New Mexico",22185,72.257,57.712,65.564,44.606,61.374,65.628,68.85,69.284,73.834
35019,"Guadalupe County, New Mexico",3608,72.536,58.906,68.372,49.935,64.178,67.368,69.737,70.112,74.184
35021,"Harding County, New Mexico",257,71.832,57.716,61.356,41.87,60.958,64.898,67.966,67.094,69.647
35023,"Hidalgo County, New Mexico",3371,69.723,55.391,63.465,45.625,61.538,64.137,67.138,65.803,71.43
35025,"Lea County, New Mexico",48961,63.547,50.041,57.184,40.326,55.954,58.399,61.374,56.61,66.339
35027,"Lincoln County, New Mexico",15870,66.158,50.928,57.067,39.709,57.035,60.052,63.675,62.097,68.479
35028,"Los Alamos County, New Mexico",14186,73.689,57.84,65.088,42.462,61.571,66.516,69.752,71.775,74.273
35029,"Luna County, New Mexico",17877,69.38,56.287,64.358,46.251,61.911,64.368,67.154,65.554,71.52
35031,"McKinley County, New Mexico",51482,74.078,61.056,69.985,51.234,68.291,71.084,72.336,70.815,75.008
35033,"Mora County, New Mexico",3711,80.899,67.487,76.271,57.815,72.877,75.081,77.238,78.123,78.713
35035,"Otero County, New Mexico",50307,66.486,51.4,57.99,40.428,57.189,60.115,62.388,63.092,67.577
35037,"Quay County, New Mexico",6512,67.578,52.908,59.814,43.135,59.387,61.429,64.931,62.952,69.248
35039,"Rio Arriba County, New Mexico",29990,71.524,57.291,63.257,42.742,61.224,65.111,70.615,67.828,74.493
35041,"Roosevelt County, New Mexico",14423,66.688,51.035,57.362,40.651,57.272,59.925,63.36,60.639,68.259
35043,"Sandoval County, New Mexico",107108,74.098,58.7,66.397,43.943,61.958,66.897,70.178,69.288,74.25
35045,"San Juan County, New Mexico",92750,59.312,49.275,56.854,38.92,58.196,60.403,64.286,45.989,68.03
35047,"San Miguel County, New Mexico",22382,77.87,65.21,73.927,53.705,69.507,73.048,75.278,76.514,77.949
35049,"Santa Fe County, New Mexico",120910,77.525,63.155,71.578,48.723,65.616,70.271,73.163,76.213,78.701
35051,"Sierra County, New Mexico",9335,67.968,52.974,59.081,40.14,57.481,60.779,64.872,64.522,70.55
35053,"Socorro County, New Mexico",13080,77.362,64.198,71.724,51.643,69.043,72.094,74.689,74.626,76.434
35055,"Taos County, New Mexico",26833,80.558,66.202,73.189,53.394,70.558,73.441,76.501,77.458,78.272
35057,"Torrance County, New Mexico",12302,66.891,52.231,58.93,41.426,57.711,60.71,64.199,62.581,69.495
35059,"Union County, New Mexico",3386,63.517,49.404,55.202,40.35,56.274,58.339,61.497,59.0,66.118
35061,"Valencia County, New Mexico",57773,70.643,56.076,64.011,45.669,61.176,64.367,67.553,66.14,72.063
36001,"Albany County, New York",250031,77.709,63.163,71.05,44.53,66.332,71.242,76.74,74.184,80.273
36003,"Allegany County, New York",37444,64.407,49.79,57.082,35.122,56.464,59.363,66.056,62.691,72.688
36005,"Bronx County, New York",1077463,80.37,67.485,79.032,58.973,75.936,76.577,80.52,77.766,81.245
36007,"Broome County, New York",156437,67.018,55.124,61.623,38.146,59.534,62.924,68.768,66.078,77.579
36009,"Cattaraugus County, New York",60247,64.891,51.933,58.687,34.217,54.941,58.811,66.335,62.687,74.055
36011,"Cayuga County, New York",62239,66.954,53.152,60.565,35.216,57.163,61.742,68.241,65.568,75.505
36013,"Chautauqua County, New York",102911,67.237,53.915,59.383,36.528,57.568,60.785,68.428,62.168,74.801
36015,"Chemung County, New York",67081,69.674,51.986,61.365,36.419,57.864,62.33,69.29,65.437,75.426
36017,"Chenango County, New York",38209,67.421,54.053,60.813,36.499,58.289,61.926,69.291,65.015,75.063
36019,"Clinton County, New York",66257,72.225,59.087,63.224,37.948,59.869,63.954,70.667,68.731,78.347
36021,"Columbia County, New York",49954,72.596,59.6,67.288,40.337,62.264,66.571,73.393,71.791,78.927
36023,"Cortland County, New York",38685,69.516,54.225,61.769,37.954,59.57,63.543,70.361,68.752,77.083
36025,"Delaware County, New York",37648,68.504,55.497,60.82,37.554,59.63,62.864,70.36,65.756,75.368
36027,"Dutchess County, New York",236844,72.353,60.752,68.719,41.725,64.581,68.334,74.22,71.412,78.194
36029,"Erie County, New York",731325,75.901,58.29,65.577,40.815,62.253,67.177,73.825,67.558,79.294
36031,"Essex County, New York",31426,69.728,55.759,63.139,38.443,59.651,63.897,70.962,68.32,76.916
36033,"Franklin County, New York",40781,71.191,57.145,63.885,40.004,60.987,64.984,70.812,67.181,76.353
36035,"Fulton County, New York",42765,63.165,50.44,56.597,33.628,54.631,58.368,65.796,61.998,72.995
36037,"Genesee County, New York",46180,64.319,51.394,57.397,34.902,54.967,59.069,65.839,61.492,73.147
36039,"Greene County, New York",39561,66.943,55.513,63.217,36.132,58.524,62.515,69.618,63.656,75.157
36041,"Hamilton County, New York",3943,62.347,48.598,54.959,33.528,54.046,57.148,64.597,59.805,71.79
36043,"Herkimer County, New York",49443,66.1,53.207,59.608,34.967,56.834,60.902,68.148,63.402,74.798
36045,"Jefferson County, New York",86672,70.534,55.991,60.881,38.299,59.226,62.897,70.422,67.241,75.536
36047,"Kings County, New York",2000987,75.526,61.898,74.418,51.909,71.756,73.753,76.489,77.767,78.04
36049,"Lewis County, New York",20526,64.471,50.975,56.744,34.622,55.92,58.746,66.296,61.853,73.221
36051,"Livingston County, New York",52311,65.868,51.15,58.798,35.094,56.124,60.05,67.849,62.172,73.867
36053,"Madison County, New York",57436,66.932,53.154,59.57,36.105,57.23,60.814,68.196,64.982,75.625
36055,"Monroe County, New York",586878,74.857,58.56,67.364,39.637,62.093,67.932,73.71,72.214,78.578
36057,"Montgomery County, New York",38143,68.051,54.712,61.646,37.608,58.542,61.942,69.304,66.128,75.069
36059,"Nassau County, New York",1061458,77.439,59.548,68.343,47.093,67.166,69.869,76.253,75.847,79.741
36061,"New York County, New York",1396707,84.87,74.179,80.998,51.549,73.818,78.818,82.442,84.676,83.818
36063,"Niagara County, New York",168858,65.833,48.182,58.404,35.289,55.436,59.755,66.793,61.032,74.11
36065,"Oneida County, New York",181702,65.577,51.522,59.816,36.061,56.573,60.313,67.734,63.377,75.672
36067,"Onondaga County, New York",364197,74.829,59.634,65.688,40.34,62.004,65.496,72.806,69.417,77.362
36069,"Ontario County, New York",86906,72.708,56.276,62.659,36.773,58.448,64.533,71.702,64.167,76.591
36071,"Orange County, New York",281129,74.039,59.074,66.565,43.065,64.294,68.647,73.835,69.68,78.039
36073,"Orleans County, New York",33011,61.8,49.165,54.657,35.362,55.852,57.868,65.311,62.05,72.7
36075,"Oswego County, New York",93672,68.467,50.992,57.889,34.969,55.495,59.162,66.407,62.576,73.543
36077,"Otsego County, New York",50369,70.72,57.183,63.641,39.485,61.304,64.822,72.068,69.289,76.733
36079,"Putnam County, New York",78763,73.088,58.336,64.748,39.785,61.485,65.896,72.796,66.694,76.683
36081,"Queens County, New York",1833055,82.37,67.636,79.036,57.261,74.528,75.991,80.883,79.218,82.526
36083,"Rensselaer County, New York",127706,74.966,57.747,65.998,38.899,60.756,64.819,72.656,70.07,78.493
36085,"Richmond County, New York",369597,76.184,61.898,69.591,47.657,68.405,71.963,76.395,73.618,77.743
36087,"Rockland County, New York",233625,74.117,59.602,68.894,46.604,67.422,70.552,75.068,72.979,78.906
36089,"St. Lawrence County, New York",87139,70.412,56.295,62.839,37.845,59.638,63.642,70.762,67.504,76.486
36091,"Saratoga County, New York",180410,74.095,56.538,63.484,37.464,59.249,64.042,72.634,69.005,76.708
36093,"Schenectady County, New York",121409,74.374,58.287,65.661,39.901,61.015,65.743,72.381,70.236,77.711
36095,"Schoharie County, New York",25709,68.104,53.67,59.746,36.391,57.278,61.069,68.222,63.48,74.091
36097,"Schuyler County, New York",14511,69.386,54.895,61.338,36.427,58.486,62.502,69.767,66.36,75.845
36099,"Seneca County, New York",27698,68.13,53.914,60.907,38.106,59.096,63.04,70.179,66.442,76.212
36101,"Steuben County, New York",75718,66.125,51.204,56.842,35.117,56.081,59.859,67.317,64.073,73.783
36103,"Suffolk County, New York",1164990,76.862,63.287,69.147,43.053,63.489,66.959,74.907,75.205,78.402
36105,"Sullivan County, New York",59179,68.37,55.063,63.119,39.199,59.168,63.57,69.438,67.116,75.439
36107,"Tioga County, New York",38549,67.994,53.021,58.292,34.22,55.531,59.973,67.29,63.851,74.073
36109,"Tompkins County, New York",87602,82.95,67.988,76.091,48.79,71.159,75.783,80.571,78.956,82.944
36111,"Ulster County, New York",146886,75.029,60.269,67.086,41.301,63.705,67.836,74.041,70.418,79.553
36113,"Warren County, New York",52522,71.087,53.987,61.845,37.007,58.121,62.219,69.836,67.005,75.011
36115,"Washington County, New York",49916,69.39,55.301,62.391,36.547,57.838,61.689,70.268,66.174,76.143
36117,"Wayne County, New York",71149,63.338,52.728,58.222,34.927,55.518,60.042,67.552,63.041,74.065
36119,"Westchester County, New York",751714,78.09,66.81,73.96,49.225,70.836,72.99,77.633,78.922,80.063
36121,"Wyoming County, New York",32500,62.511,47.229,53.639,33.03,52.92,56.361,64.176,58.854,70.846
36123,"Yates County, New York",19360,70.399,57.268,64.381,40.23,62.776,65.561,72.197,67.816,75.919
37001,"Alamance County, North Carolina",124374,71.198,53.033,59.647,39.037,56.353,60.981,66.53,65.986,74.133
37003,"Alexander County, North Carolina",29504,60.2,44.092,49.958,32.471,49.192,52.094,59.908,57.984,67.311
37005,"Alleghany County, North Carolina",9030,61.644,47.713,52.336,34.834,52.444,55.256,61.318,60.702,68.274
37007,"Anson County, North Carolina",20369,71.003,51.107,60.659,42.074,58.289,61.941,66.072,66.103,73.049
37009,"Ashe County, North Carolina",21893,64.038,50.119,55.136,35.364,54.697,58.098,64.053,63.686,70.081
37011,"Avery County, North Carolina",14794,63.712,48.936,53.044,35.297,53.773,56.909,63.061,61.022,68.343
37013,"Beaufort County, North Carolina",37485,65.83,47.96,54.53,36.947,53.535,57.089,62.229,62.038,70.496
37015,"Bertie County, North Carolina",16137,72.636,55.845,64.847,46.325,62.335,65.668,69.284,70.69,76.253
37017,"Bladen County, North Carolina",26656,66.502,49.268,57.069,39.819,55.988,58.945,63.549,64.206,71.413
37019,"Brunswick County, North Carolina",106239,68.678,50.861,58.688,36.836,55.707,59.75,66.572,66.163,72.364
37021,"Buncombe County, North Carolina",206162,75.004,57.816,65.941,42.093,61.465,66.675,73.177,71.407,76.32
37023,"Burke County, North Carolina",72310,60.389,46.406,51.48,33.949,51.074,54.941,60.472,59.565,70.168
37025,"Cabarrus County, North Carolina",149062,66.355,50.157,55.705,38.025,56.117,59.297,64.159,66.009,72.163
37027,"Caldwell County, North Carolina",64908,62.415,48.215,52.943,34.39,51.438,54.864,60.762,59.38,68.233
37029,"Camden County, North Carolina",7955,58.876,43.421,48.271,32.04,48.255,51.941,58.048,55.47,67.098
37031,"Carteret County, North Carolina",56504,68.694,49.627,56.189,34.296,54.497,58.927,65.516,61.213,70.364
37033,"Caswell County, North Carolina",18436,67.511,50.709,58.135,39.788,56.505,59.807,64.71,65.182,72.128
37035,"Catawba County, North Carolina",121370,64.309,50.141,55.43,35.406,53.286,57.335,63.151,61.597,70.611
37037,"Chatham County, North Carolina",55440,73.975,59.073,65.442,41.918,61.134,66.882,71.091,71.128,76.097
37039,"Cherokee County, North Carolina",22896,62.374,47.851,51.822,33.651,51.452,55.131,61.532,60.326,68.601
37041,"Chowan County, North Carolina",11201,67.984,50.422,57.856,40.466,57.433,60.133,64.787,65.815,71.592
37043,"Clay County, North Carolina",8924,60.396,45.399,49.563,32.487,49.983,53.328,59.778,57.944,67.42
37045,"Cleveland County, North Carolina",75706,62.565,48.78,54.108,36.193,53.359,56.768,61.873,62.055,70.385
37047,"Columbus County, North Carolina",44114,67.135,50.253,58.168,39.14,55.865,59.729,64.734,64.769,71.691
37049,"Craven County, North Carolina",80315,67.712,51.514,58.018,39.221,56.864,59.806,65.661,63.895,70.283
37051,"Cumberland County, North Carolina",249586,75.735,60.287,65.08,47.453,63.35,67.455,72.428,73.571,77.581
37053,"Currituck County, North Carolina",20052,62.218,47.323,51.749,33.855,51.521,55.754,62.197,60.262,68.295
37055,"Dare County, North Carolina",28832,69.271,54.119,57.396,36.86,56.817,61.253,67.283,67.918,72.85
37057,"Davidson County, North Carolina",127834,57.726,45.542,51.865,34.132,51.349,54.725,59.696,60.022,68.68
37059,"Davie County, North Carolina",32953,62.492,48.124,51.724,34.685,52.302,55.776,61.624,61.434,69.454
37061,"Duplin County, North Carolina",44675,67.733,50.995,58.914,41.922,58.288,60.582,65.183,65.789,71.331
37063,"Durham County, North Carolina",240820,79.38,64.746,70.479,46.503,66.256,71.456,74.075,76.798,79.342
37065,"Edgecombe County, North Carolina",41127,73.545,54.878,64.934,47.236,62.962,65.694,69.138,71.975,76.711
37067,"Forsyth County, North Carolina",284777,73.107,57.597,62.2,40.291,59.466,63.482,68.477,72.713,75.795
37069,"Franklin County, North Carolina",50331,69.793,53.824,59.671,39.655,57.364,61.731,67.556,67.821,72.642
37071,"Gaston County, North Carolina",167114,64.03,47.785,54.735,35.185,53.263,56.329,62.207,60.828,70.962
37073,"Gates County, North Carolina",9165,66.471,49.055,56.24,38.92,55.3,58.468,63.409,64.226,71.807
37075,"Graham County, North Carolina",6800,61.609,48.145,52.059,35.045,53.186,55.751,62.478,60.694,68.421
37077,"Granville County, North Carolina",46601,69.997,52.935,58.558,39.905,57.611,61.499,66.842,65.808,73.329
37079,"Greene County, North Carolina",16619,68.374,50.759,59.116,42.171,58.16,60.773,65.177,65.653,71.942
37081,"Guilford County, North Carolina",405753,77.172,59.208,68.072,45.04,62.126,68.711,72.947,68.501,78.033
37083,"Halifax County, North Carolina",40563,72.515,54.471,64.066,45.348,61.196,64.264,67.926,70.449,75.28
37085,"Harnett County, North Carolina",95595,66.591,49.255,56.1,37.343,54.532,57.792,63.731,63.486,71.031
37087,"Haywood County, North Carolina",49365,67.438,51.746,57.415,35.024,53.492,59.054,64.999,64.376,71.856
37089,"Henderson County, North Carolina",91622,63.884,52.008,55.629,36.877,56.127,60.747,65.955,61.703,70.34
37091,"Hertford County, North Carolina",19552,75.15,57.119,67.021,47.066,63.104,66.831,70.381,72.886,77.151
37093,"Hoke County, North Carolina",38389,72.088,55.106,63.133,44.099,60.605,64.317,68.562,69.251,74.827
37095,"Hyde County, North Carolina",4227,69.816,53.605,61.208,40.761,58.317,62.077,66.97,67.23,73.1
37097,"Iredell County, North Carolina",132083,65.855,50.651,55.867,37.304,54.396,57.988,66.36,63.157,71.043
37099,"Jackson County, North Carolina",35091,72.212,56.548,62.612,39.021,58.338,63.453,69.841,70.144,74.389
37101,"Johnston County, North Carolina",141466,67.708,52.256,58.959,38.82,55.675,59.255,64.548,63.126,70.557
37103,"Jones County, North Carolina",7854,68.748,51.133,59.185,39.885,56.708,60.102,65.067,64.59,72.352
37105,"Lee County, North Carolina",45256,69.991,52.626,60.813,40.465,57.721,62.056,67.388,64.746,73.043
37107,"Lenoir County, North Carolina",44326,70.437,53.182,61.327,43.251,60.002,62.771,67.101,68.165,73.329
37109,"Lincoln County, North Carolina",63879,63.661,49.003,52.786,33.916,51.77,55.604,62.009,57.477,68.608
37111,"McDowell County, North Carolina",35835,64.423,48.239,54.287,34.288,52.177,56.449,62.95,61.719,69.897
37113,"Macon County, North Carolina",28021,65.009,48.765,53.166,34.853,52.619,55.859,62.592,62.075,69.616
37115,"Madison County, North Carolina",17523,67.066,51.799,56.57,36.819,55.434,59.082,65.416,64.948,71.541
37117,"Martin County, North Carolina",18278,65.105,47.991,56.361,40.137,56.256,58.713,62.84,63.097,71.095
37119,"Mecklenburg County, North Carolina",800246,75.41,60.426,68.738,47.982,64.837,68.836,73.341,74.592,77.159
37121,"Mitchell County, North Carolina",12272,60.21,45.531,49.445,32.442,49.811,52.724,58.92,57.568,66.37
37123,"Montgomery County, North Carolina",21110,64.544,48.476,55.028,36.493,53.092,56.946,61.986,61.72,70.686
37125,"Moore County, North Carolina",75269,66.597,50.944,56.124,36.225,54.509,59.104,64.146,63.516,71.548
37127,"Nash County, North Carolina",72985,67.065,52.693,59.182,41.407,57.873,61.024,65.475,66.495,72.644
37129,"New Hanover County, North Carolina",181839,71.59,54.061,63.011,39.391,57.623,62.863,68.145,69.506,73.504
37131,"Northampton County, North Carolina",16561,72.754,54.505,64.16,45.904,61.584,63.993,67.48,70.93,75.496
37133,"Onslow County, North Carolina",146557,67.503,51.676,56.581,39.699,58.272,60.619,66.237,66.022,70.288
37135,"Orange County, North Carolina",114413,80.304,65.179,71.305,47.911,68.083,72.296,76.923,78.154,79.418
37137,"Pamlico County, North Carolina",10770,67.907,51.613,57.318,39.617,57.867,60.555,65.946,65.61,71.43
37139,"Pasquotank County, North Carolina",30702,71.13,53.458,61.555,41.795,59.036,61.989,66.202,68.653,74.277
37141,"Pender County, North Carolina",45794,66.867,49.993,55.318,37.582,54.859,58.706,64.326,63.231,70.882
37143,"Perquimans County, North Carolina",10902,65.978,49.181,55.222,37.929,55.268,58.244,63.606,63.334,70.626
37145,"Person County, North Carolina",30940,58.028,48.497,54.829,35.912,56.677,58.797,65.256,46.739,71.867
37147,"Pitt County, North Carolina",138888,74.166,54.589,61.71,41.144,58.767,62.894,67.409,68.198,75.821
37149,"Polk County, North Carolina",17031,67.52,51.756,56.818,36.741,55.491,59.641,65.749,64.79,71.379
37151,"Randolph County, North Carolina",109961,63.068,48.047,51.865,34.571,51.883,54.88,62.007,57.638,68.08
37153,"Richmond County, North Carolina",34729,65.304,49.255,56.384,38.701,55.4,58.352,63.189,63.326,71.834
37155,"Robeson County, North Carolina",99539,69.395,52.279,61.691,43.727,59.261,63.131,67.265,67.16,72.362
37157,"Rockingham County, North Carolina",72452,64.35,46.42,55.152,37.638,54.383,57.44,63.867,62.709,70.661
37159,"Rowan County, North Carolina",108140,64.999,49.25,54.157,36.881,54.688,58.523,64.112,59.58,70.184
37161,"Rutherford County, North Carolina",52555,62.769,47.601,53.331,35.533,52.972,56.167,62.47,60.237,69.031
37163,"Sampson County, North Carolina",47902,65.759,50.807,57.548,40.688,56.794,59.65,64.154,65.224,69.541
37165,"Scotland County, North Carolina",27153,70.597,52.349,60.712,41.4,57.729,61.432,65.54,67.292,72.375
37167,"Stanly County, North Carolina",47837,62.023,45.799,50.615,34.097,51.526,54.717,60.782,59.125,68.133
37169,"Stokes County, North Carolina",36985,57.358,43.723,48.756,31.397,48.675,51.607,58.116,52.578,66.909
37171,"Surry County, North Carolina",56496,62.261,45.916,51.215,33.218,50.821,53.948,60.664,59.781,67.82
37173,"Swain County, North Carolina",11058,65.569,50.841,56.323,37.717,54.779,58.272,64.023,63.179,70.324
37175,"Transylvania County, North Carolina",28143,67.105,54.767,56.523,36.567,55.907,59.92,65.769,66.438,71.887
37177,"Tyrrell County, North Carolina",3589,68.157,51.669,58.832,42.181,58.962,61.007,65.449,66.775,71.741
37179,"Union County, North Carolina",163954,64.464,50.075,55.291,36.998,55.072,59.099,63.248,63.662,71.404
37181,"Vance County, North Carolina",33888,74.344,58.091,67.337,46.197,62.796,65.849,70.712,72.389,76.624
37183,"Wake County, North Carolina",790704,75.816,59.68,67.375,43.991,63.21,69.169,71.263,71.906,75.82
37185,"Warren County, North Carolina",16344,72.761,54.793,64.064,45.839,61.798,64.722,68.394,71.273,75.637
37187,"Washington County, North Carolina",9676,70.407,52.436,61.494,43.768,59.585,62.291,66.258,68.943,74.16
37189,"Watauga County, North Carolina",47053,72.087,57.883,62.45,39.291,60.056,65.076,71.313,70.555,74.724
37191,"Wayne County, North Carolina",94390,70.045,51.201,59.75,41.822,58.843,61.87,66.59,66.434,72.035
37193,"Wilkes County, North Carolina",54207,60.364,46.245,49.815,33.283,50.35,53.513,59.717,58.332,67.588
37195,"Wilson County, North Carolina",62325,71.237,54.979,62.551,43.488,60.183,63.807,68.492,67.705,74.112
37197,"Yadkin County, North Carolina",29633,61.503,46.226,50.538,33.497,50.905,54.002,60.236,58.233,67.654
37199,"Yancey County, North Carolina",14372,64.817,50.054,54.934,34.591,52.817,57.056,63.617,62.82,70.758
38001,"Adams County, North Dakota",1846,64.12,50.032,53.653,35.357,55.253,57.3,66.572,58.301,68.234
38003,"Barnes County, North Dakota",8751,64.826,51.38,56.578,35.528,55.062,58.173,67.108,60.823,70.477
38005,"Benson County, North Dakota",4508,69.835,56.781,62.611,43.061,62.085,64.555,71.654,65.437,72.436
38007,"Billings County, North Dakota",727,64.166,51.058,54.182,35.327,55.91,57.951,67.283,57.375,67.513
38009,"Bottineau County, North Dakota",5224,62.856,48.799,52.767,34.341,53.738,56.21,65.521,57.068,67.724
38011,"Bowman County, North Dakota",2410,59.797,46.212,49.81,32.587,51.249,53.362,62.847,53.792,65.501
38013,"Burke County, North Dakota",1543,58.641,47.013,50.357,32.879,53.556,55.074,64.853,49.428,65.791
38015,"Burleigh County, North Dakota",72093,61.166,46.327,49.638,31.112,50.678,54.048,64.658,54.764,68.391
38017,"Cass County, North Dakota",135349,68.186,53.195,58.081,35.406,55.616,59.972,70.389,63.268,72.964
38019,"Cavalier County, North Dakota",3012,61.612,48.134,52.032,33.583,52.69,55.258,64.605,57.11,67.865
38021,"Dickey County, North Dakota",3826,65.363,51.149,55.321,36.403,56.2,58.279,67.38,60.338,69.092
38023,"Divide County, North Dakota",1972,56.361,47.908,52.547,33.456,56.431,57.229,67.301,42.583,67.813
38025,"Dunn County, North Dakota",3329,63.144,49.905,53.44,35.558,55.132,57.141,66.171,57.184,67.504
38027,"Eddy County, North Dakota",1803,68.74,54.934,59.073,39.723,59.957,61.633,70.255,64.81,71.257
38029,"Emmons County, North Dakota",2703,61.305,48.441,51.739,35.035,54.788,56.137,65.516,56.27,66.567
38031,"Foster County, North Dakota",2568,60.541,46.834,50.539,32.539,51.316,53.97,64.048,55.306,67.317
38033,"Golden Valley County, North Dakota",1453,62.707,48.557,51.931,34.471,54.326,56.111,65.464,56.578,66.166
38035,"Grand Forks County, North Dakota",55850,64.641,50.619,57.109,35.099,54.794,58.795,67.828,59.122,71.439
38037,"Grant County, North Dakota",1899,64.845,51.225,54.393,36.861,57.187,58.131,67.391,60.21,68.071
38039,"Griggs County, North Dakota",1828,65.696,50.169,53.706,35.154,55.165,57.135,66.846,59.863,68.017
38041,"Hettinger County, North Dakota",2033,57.714,44.864,48.702,32.351,50.366,52.036,61.987,52.755,65.465
38043,"Kidder County, North Dakota",1948,65.591,52.259,55.653,37.312,57.845,59.189,68.355,60.167,68.413
38045,"LaMoure County, North Dakota",3246,64.875,52.083,56.188,37.637,57.76,59.415,67.833,62.423,69.402
38047,"Logan County, North Dakota",1556,63.15,50.163,53.316,36.445,56.596,57.23,66.307,59.678,66.859
38049,"McHenry County, North Dakota",4519,61.643,47.944,51.559,33.695,52.794,54.875,64.38,56.272,67.158
38051,"McIntosh County, North Dakota",2188,62.437,48.794,52.87,35.222,54.208,55.66,64.888,58.048,67.057
38053,"McKenzie County, North Dakota",8719,62.862,49.351,53.338,34.031,53.168,56.665,65.679,55.543,67.009
38055,"McLean County, North Dakota",7543,57.002,48.771,53.088,33.962,57.015,57.993,67.863,43.317,68.123
38057,"Mercer County, North Dakota",6637,51.897,43.807,47.854,29.891,51.695,53.272,63.654,37.485,65.001
38059,"Morton County, North Dakota",23714,60.378,47.801,51.924,32.473,51.793,55.142,64.635,53.535,67.408
38061,"Mountrail County, North Dakota",7469,66.232,52.519,57.132,38.608,57.401,59.963,67.998,61.224,69.445
38063,"Nelson County, North Dakota",2385,65.115,50.671,55.144,35.251,54.569,57.395,66.71,60.476,70.007
38065,"Oliver County, North Dakota",1396,54.815,46.92,51.063,33.038,55.865,56.47,66.475,40.985,66.443
38067,"Pembina County, North Dakota",5557,62.891,48.313,52.317,34.289,53.503,55.921,65.263,57.03,67.977
38069,"Pierce County, North Dakota",3319,60.406,46.345,50.183,32.197,50.364,53.26,62.796,54.973,67.088
38071,"Ramsey County, North Dakota",8865,64.651,50.834,55.179,35.993,55.431,58.155,66.898,59.794,69.886
38073,"Ransom County, North Dakota",4202,68.013,54.208,58.844,37.629,57.432,60.249,69.379,63.834,72.468
38075,"Renville County, North Dakota",1912,59.556,47.162,50.886,33.217,52.917,54.639,64.265,52.101,66.546
38077,"Richland County, North Dakota",12823,66.016,52.325,57.008,34.749,54.647,58.757,68.277,59.989,70.727
38079,"Rolette County, North Dakota",9653,71.2,58.569,66.53,45.3,62.741,67.263,73.132,67.162,75.014
38081,"Sargent County, North Dakota",3122,67.428,53.528,58.184,37.297,57.065,59.822,68.955,63.128,71.777
38083,"Sheridan County, North Dakota",1177,61.865,48.613,51.897,34.993,54.431,55.358,64.848,57.42,66.728
38085,"Sioux County, North Dakota",2812,77.118,65.044,72.026,51.454,69.452,72.524,77.643,74.014,76.994
38087,"Slope County, North Dakota",553,64.818,50.942,53.723,36.349,56.851,58.045,67.236,59.41,67.142
38089,"Stark County, North Dakota",23066,59.389,46.753,50.247,32.674,50.928,53.053,62.867,54.774,66.049
38091,"Steele County, North Dakota",1527,69.379,55.081,59.113,38.203,59.147,61.713,70.735,64.76,72.143
38093,"Stutsman County, North Dakota",16811,60.746,47.014,51.774,33.278,52.267,54.754,63.699,57.197,68.497
38095,"Towner County, North Dakota",1734,66.833,52.681,56.745,37.742,57.794,59.697,68.558,62.223,69.804
38097,"Traill County, North Dakota",6195,64.89,51.117,55.623,35.722,55.496,58.305,67.383,60.257,70.098
38099,"Walsh County, North Dakota",8344,61.753,48.733,53.269,34.636,53.138,55.288,63.937,57.436,67.754
38101,"Ward County, North Dakota",52773,63.921,48.346,52.335,34.118,51.893,54.949,63.985,53.643,67.387
38103,"Wells County, North Dakota",3219,63.557,49.896,53.895,34.791,54.392,56.482,65.941,58.48,68.031
38105,"Williams County, North Dakota",24773,59.461,45.862,49.631,32.109,50.02,53.231,62.173,52.909,65.216
39001,"Adams County, Ohio",21028,56.006,49.418,51.555,32.878,54.81,57.125,65.182,43.958,70.431
39003,"Allen County, Ohio",79526,62.437,47.936,51.069,35.142,52.562,56.493,64.429,54.566,69.683
39005,"Ashland County, Ohio",41309,59.574,46.676,49.023,32.254,50.465,53.794,60.071,54.593,69.262
39007,"Ashtabula County, Ohio",76228,65.523,53.676,56.316,35.958,53.764,58.223,65.456,60.404,73.588
39009,"Athens County, Ohio",56133,75.137,62.472,65.651,42.259,62.665,66.878,73.921,71.732,78.261
39011,"Auglaize County, Ohio",34660,57.939,46.868,48.66,30.561,48.431,52.869,61.17,51.661,67.756
39013,"Belmont County, Ohio",55432,56.114,47.349,46.987,31.273,49.315,52.838,59.585,49.535,70.295
39015,"Brown County, Ohio",33587,58.097,46.638,49.028,31.531,51.959,54.74,62.36,47.396,69.17
39017,"Butler County, Ohio",288149,60.761,51.398,51.854,35.458,53.331,57.454,63.915,57.696,71.777
39019,"Carroll County, Ohio",21815,61.154,48.758,50.319,33.198,51.251,54.822,62.207,56.177,70.033
39021,"Champaign County, Ohio",30080,60.065,48.228,49.084,33.035,50.585,54.403,61.477,55.548,69.525
39023,"Clark County, Ohio",104484,66.852,52.393,55.248,37.216,55.594,59.096,65.995,60.721,73.667
39025,"Clermont County, Ohio",155263,64.422,51.784,54.383,33.881,52.539,57.794,65.325,59.317,71.309
39027,"Clinton County, Ohio",32038,60.587,47.803,49.273,32.813,50.79,54.414,61.682,54.005,68.617
39029,"Columbiana County, Ohio",82481,61.258,49.297,50.995,33.56,50.967,55.479,62.323,52.449,70.606
39031,"Coshocton County, Ohio",27943,57.803,48.097,51.746,34.174,53.559,55.894,63.153,53.889,70.469
39033,"Crawford County, Ohio",32802,59.346,47.988,49.809,32.249,50.729,54.903,62.285,55.012,70.2
39035,"Cuyahoga County, Ohio",989090,76.046,58.504,64.574,43.068,63.468,68.222,73.035,65.064,76.834
39037,"Darke County, Ohio",39313,59.616,46.993,48.994,31.915,49.997,52.86,61.087,52.688,68.588
39039,"Defiance County, Ohio",29391,62.582,49.612,51.072,33.585,51.477,55.554,63.148,55.967,70.903
39041,"Delaware County, Ohio",143776,66.355,52.433,53.504,35.168,54.837,60.397,66.415,57.347,71.947
39043,"Erie County, Ohio",59670,65.192,52.864,55.996,36.361,54.585,58.931,66.803,61.407,73.816
39045,"Fairfield County, Ohio",115864,63.269,52.044,52.593,35.432,53.855,59.585,66.758,59.089,71.288
39047,"Fayette County, Ohio",21792,60.315,48.161,50.896,32.674,50.598,54.859,61.927,55.371,70.247
39049,"Franklin County, Ohio",976261,79.108,63.492,66.961,42.887,61.686,67.821,72.596,71.254,79.122
39051,"Fulton County, Ohio",32173,61.245,47.31,49.291,32.866,51.001,54.668,62.795,55.616,69.773
39053,"Gallia County, Ohio",23281,51.332,44.923,46.288,30.124,50.894,52.972,61.466,36.903,67.975
39055,"Geauga County, Ohio",71886,67.576,53.322,57.04,35.263,55.558,60.805,68.078,60.831,72.714
39057,"Greene County, Ohio",131568,67.059,53.17,56.478,36.234,54.567,60.434,67.013,60.09,72.83
39059,"Guernsey County, Ohio",30496,60.003,47.503,49.189,32.511,50.24,53.675,60.859,55.507,69.835
39061,"Hamilton County, Ohio",624059,75.156,60.512,62.907,40.82,60.866,66.283,72.948,67.743,76.722
39063,"Hancock County, Ohio",58689,63.61,49.931,51.858,33.657,52.284,57.198,64.239,57.395,70.213
39065,"Hardin County, Ohio",24173,62.012,50.315,51.729,34.276,52.885,56.009,63.434,57.426,70.588
39067,"Harrison County, Ohio",12085,58.674,46.873,48.517,32.537,50.235,52.896,59.717,54.3,69.128
39069,"Henry County, Ohio",20876,60.038,47.349,49.211,32.295,49.972,54.045,61.261,54.444,69.661
39071,"Highland County, Ohio",32568,60.536,47.368,48.84,32.633,50.845,53.702,60.769,55.296,69.124
39073,"Hocking County, Ohio",22129,62.152,49.552,51.387,33.123,51.371,55.594,63.009,57.513,71.228
39075,"Holmes County, Ohio",29731,65.001,53.184,56.259,39.491,58.733,59.208,66.515,62.153,69.96
39077,"Huron County, Ohio",44216,60.721,49.083,50.179,33.939,51.798,54.972,62.155,56.585,69.944
39079,"Jackson County, Ohio",24644,59.426,46.272,47.093,31.835,49.364,52.287,59.689,52.776,69.34
39081,"Jefferson County, Ohio",53925,56.455,48.821,52.249,32.665,53.268,56.555,64.183,48.642,70.361
39083,"Knox County, Ohio",47188,64.827,51.863,53.684,34.972,54.478,57.775,65.379,59.82,71.681
39085,"Lake County, Ohio",182806,68.501,52.739,57.406,34.949,53.955,59.881,66.481,62.919,73.545
39087,"Lawrence County, Ohio",47156,58.272,46.908,48.694,32.245,49.304,53.018,60.494,52.786,69.454
39089,"Licking County, Ohio",131924,65.005,54.261,55.355,34.88,54.203,59.062,65.964,61.203,72.737
39091,"Logan County, Ohio",34616,62.266,48.826,51.012,33.596,51.941,55.27,63.093,55.793,70.123
39093,"Lorain County, Ohio",237912,65.097,56.053,56.656,37.356,56.751,60.649,66.658,65.863,72.97
39095,"Lucas County, Ohio",332371,73.135,55.991,64.108,39.408,59.957,64.939,71.891,66.258,77.971
39097,"Madison County, Ohio",34838,58.703,47.991,49.889,33.022,50.914,54.356,61.51,55.163,70.347
39099,"Mahoning County, Ohio",184213,71.967,54.689,60.282,39.075,57.62,62.378,68.377,66.84,75.403
39101,"Marion County, Ohio",51630,62.175,50.404,52.584,34.295,53.03,56.723,62.856,59.993,71.649
39103,"Medina County, Ohio",136601,66.195,50.593,52.655,33.173,52.523,57.722,65.383,58.46,71.641
39105,"Meigs County, Ohio",18134,53.703,46.628,48.731,32.187,53.29,55.067,62.762,42.91,68.937
39107,"Mercer County, Ohio",30324,57.781,42.896,44.56,30.1,47.0,50.807,58.761,48.406,67.591
39109,"Miami County, Ohio",80496,64.786,47.75,52.997,33.288,51.939,56.556,64.089,57.105,70.627
39111,"Monroe County, Ohio",11147,51.208,45.701,48.403,30.472,52.23,54.567,62.882,38.662,69.433
39113,"Montgomery County, Ohio",413351,63.421,54.62,57.389,37.342,57.415,62.008,67.277,63.461,73.891
39115,"Morgan County, Ohio",11557,55.589,46.82,48.987,32.308,52.205,54.676,62.33,45.979,69.849
39117,"Morrow County, Ohio",26647,59.411,49.167,49.926,33.044,51.743,55.331,62.61,56.301,69.826
39119,"Muskingum County, Ohio",66245,62.849,48.933,52.772,34.057,52.156,56.108,63.427,54.984,71.037
39121,"Noble County, Ohio",11785,58.291,47.328,48.59,31.834,50.014,53.7,60.804,52.348,68.511
39123,"Ottawa County, Ohio",32937,63.419,49.026,51.487,33.218,51.71,56.122,63.434,57.925,71.837
39125,"Paulding County, Ohio",14398,58.011,46.226,47.689,32.167,49.502,52.757,59.836,53.6,68.818
39127,"Perry County, Ohio",27417,59.558,48.144,50.077,32.536,50.487,54.285,61.402,56.04,70.023
39129,"Pickaway County, Ohio",44882,57.823,47.403,48.341,32.249,50.183,53.684,60.329,54.483,69.039
39131,"Pike County, Ohio",21589,61.867,47.665,49.764,33.574,51.415,54.842,61.894,56.924,70.519
39133,"Portage County, Ohio",131657,65.76,52.503,55.146,36.875,55.376,60.156,67.487,62.96,73.923
39135,"Preble County, Ohio",31782,57.851,47.082,49.353,31.579,49.738,54.047,61.252,54.035,69.619
39137,"Putnam County, Ohio",25297,58.294,45.762,46.765,30.642,48.308,51.983,59.857,51.728,67.529
39139,"Richland County, Ohio",94960,60.358,48.398,50.752,33.974,52.192,55.583,62.571,55.791,70.079
39141,"Ross County, Ohio",60422,66.332,50.464,51.342,33.804,52.142,57.466,63.508,59.128,71.988
39143,"Sandusky County, Ohio",45715,60.916,48.703,51.253,34.308,51.995,55.657,62.201,56.694,71.146
39145,"Scioto County, Ohio",59674,61.992,47.931,51.783,33.204,50.753,55.197,62.41,56.544,69.99
39147,"Seneca County, Ohio",43194,65.03,52.495,54.828,34.868,53.477,57.723,65.199,59.746,71.148
39149,"Shelby County, Ohio",36443,57.003,45.803,47.929,32.249,49.522,53.179,60.246,53.632,68.932
39151,"Stark County, Ohio",292310,67.281,53.06,57.618,36.293,54.284,59.287,65.501,61.728,74.355
39153,"Summit County, Ohio",426480,70.388,54.133,57.818,35.432,56.875,61.984,67.877,65.451,73.901
39155,"Trumbull County, Ohio",159890,66.568,52.017,57.002,35.734,54.223,59.298,65.713,61.952,73.457
39157,"Tuscarawas County, Ohio",71228,56.305,49.334,48.384,33.037,51.036,54.348,61.008,56.89,71.093
39159,"Union County, Ohio",41782,59.83,48.052,50.145,33.0,51.278,55.819,62.489,54.272,69.858
39161,"Van Wert County, Ohio",21641,56.724,45.072,45.607,30.494,48.267,51.197,59.422,51.051,68.289
39163,"Vinton County, Ohio",10169,59.224,48.013,48.849,32.445,49.369,52.34,60.037,55.481,68.41
39165,"Warren County, Ohio",169153,66.185,52.213,52.826,34.055,52.701,58.77,65.197,57.151,71.725
39167,"Washington County, Ohio",48679,60.099,51.211,51.804,33.112,53.355,57.837,65.265,52.197,70.18
39169,"Wayne County, Ohio",87759,62.886,51.926,53.169,35.299,54.382,57.14,64.288,57.317,70.43
39171,"Williams County, Ohio",28468,62.683,49.802,51.775,32.722,50.373,54.894,62.934,56.273,70.737
39173,"Wood County, Ohio",103266,69.605,54.552,57.944,37.469,56.255,62.037,68.997,63.624,75.178
39175,"Wyandot County, Ohio",17021,59.389,47.634,49.158,32.322,50.553,54.201,61.427,55.296,69.987
40001,"Adair County, Oklahoma",16274,60.171,47.656,52.337,37.013,53.262,55.496,59.935,56.611,64.393
40003,"Alfalfa County, Oklahoma",4686,59.922,46.43,49.407,33.67,51.117,53.638,59.424,55.519,63.721
40005,"Atoka County, Oklahoma",10737,57.386,46.657,51.402,34.402,52.722,54.296,60.366,50.528,65.196
40007,"Beaver County, Oklahoma",4059,60.157,47.324,51.094,34.731,52.221,54.317,60.328,55.202,63.88
40009,"Beckham County, Oklahoma",16868,58.46,43.94,48.309,33.422,49.388,51.61,57.476,54.039,63.393
40011,"Blaine County, Oklahoma",7611,59.944,46.589,50.863,33.85,50.21,53.281,59.149,55.805,65.297
40013,"Bryan County, Oklahoma",35011,61.09,47.173,51.233,35.046,52.109,54.492,60.101,57.789,65.311
40015,"Caddo County, Oklahoma",21926,62.964,52.187,56.187,37.386,55.491,58.795,64.758,60.742,68.676
40017,"Canadian County, Oklahoma",100773,60.045,47.266,50.399,33.743,50.68,53.744,59.04,57.551,65.22
40019,"Carter County, Oklahoma",36134,60.094,47.097,51.572,35.009,52.105,54.809,60.377,56.802,65.484
40021,"Cherokee County, Oklahoma",37607,66.632,52.652,58.59,39.646,57.761,60.898,65.653,62.59,69.075
40023,"Choctaw County, Oklahoma",11269,54.007,44.764,50.038,34.115,53.082,54.097,60.123,42.621,64.147
40025,"Cimarron County, Oklahoma",1651,54.899,41.812,45.226,30.81,46.622,48.868,54.832,49.916,61.038
40027,"Cleveland County, Oklahoma",215938,68.324,51.608,55.51,35.679,53.573,58.616,63.698,63.547,70.138
40029,"Coal County, Oklahoma",4220,59.771,46.643,50.48,35.005,51.941,53.745,59.304,56.817,64.504
40031,"Comanche County, Oklahoma",93299,69.738,55.289,60.579,42.809,60.767,63.006,68.043,67.588,71.171
40033,"Cotton County, Oklahoma",4569,58.182,45.114,48.913,33.655,50.237,51.965,57.835,54.745,64.303
40035,"Craig County, Oklahoma",11281,62.117,47.648,51.89,35.905,53.234,55.658,61.074,57.538,65.47
40037,"Creek County, Oklahoma",53964,64.738,48.542,54.923,34.378,51.8,55.211,60.573,57.572,66.89
40039,"Custer County, Oklahoma",21865,63.865,48.705,53.8,35.739,52.841,56.049,62.01,58.46,66.434
40041,"Delaware County, Oklahoma",33388,62.088,47.527,51.721,36.23,54.242,55.498,60.968,57.353,65.561
40043,"Dewey County, Oklahoma",3586,58.735,45.033,48.102,32.892,50.338,52.294,58.432,54.394,63.364
40045,"Ellis County, Oklahoma",3119,59.508,46.209,49.282,34.087,51.916,53.143,59.389,55.842,63.83
40047,"Garfield County, Oklahoma",46044,61.767,46.654,52.3,34.967,51.733,54.59,61.117,58.478,66.402
40049,"Garvin County, Oklahoma",20819,58.03,44.885,48.989,32.351,48.45,51.287,57.349,54.397,64.545
40051,"Grady County, Oklahoma",41409,56.541,44.149,46.763,32.017,48.521,50.531,55.95,55.86,65.081
40053,"Grant County, Oklahoma",3357,59.705,46.148,49.614,32.002,49.537,52.695,59.252,55.155,64.856
40055,"Greer County, Oklahoma",4791,59.562,45.5,49.371,34.208,50.618,52.68,58.332,56.291,64.079
40057,"Harmon County, Oklahoma",2066,65.155,51.357,56.707,38.89,55.935,58.357,63.589,61.425,67.187
40059,"Harper County, Oklahoma",2828,62.498,49.333,52.733,37.243,55.619,56.588,62.479,58.51,64.553
40061,"Haskell County, Oklahoma",9634,60.602,47.264,51.299,35.649,52.631,54.369,59.932,57.946,65.042
40063,"Hughes County, Oklahoma",10526,61.348,47.743,52.028,36.591,53.344,55.118,60.346,58.492,65.502
40065,"Jackson County, Oklahoma",18884,66.641,52.691,57.645,38.567,55.916,59.109,64.82,61.367,67.722
40067,"Jefferson County, Oklahoma",4737,60.045,46.868,50.621,35.185,52.207,53.565,59.47,57.224,64.709
40069,"Johnston County, Oklahoma",8437,59.36,48.377,51.655,35.43,52.416,54.654,60.132,58.687,65.96
40071,"Kay County, Oklahoma",33645,58.757,46.724,51.629,34.406,51.47,54.413,60.599,59.071,66.454
40073,"Kingfisher County, Oklahoma",11380,57.857,44.539,48.233,32.408,48.98,51.492,57.491,53.375,63.172
40075,"Kiowa County, Oklahoma",6883,62.915,49.155,53.707,36.358,53.766,55.939,61.715,59.789,66.64
40077,"Latimer County, Oklahoma",8200,59.124,45.569,49.554,34.034,50.471,53.023,58.391,55.736,64.216
40079,"Le Flore County, Oklahoma",37924,58.946,46.742,50.97,34.218,51.047,53.484,59.447,53.512,65.649
40081,"Lincoln County, Oklahoma",26358,58.656,45.375,49.169,33.052,50.025,52.187,58.347,55.183,64.663
40083,"Logan County, Oklahoma",35081,64.658,50.35,54.037,35.318,53.444,56.761,63.245,59.939,67.322
40085,"Love County, Oklahoma",7434,61.718,48.559,52.578,36.737,54.108,55.467,61.169,58.714,65.789
40087,"McClain County, Oklahoma",28681,58.393,45.964,48.788,32.397,49.811,52.344,58.365,53.545,64.025
40089,"McCurtain County, Oklahoma",24589,60.559,46.045,51.416,34.555,50.87,53.501,59.069,55.494,65.028
40091,"McIntosh County, Oklahoma",15779,62.551,48.952,53.474,36.117,53.175,55.794,61.382,59.736,67.142
40093,"Major County, Oklahoma",5766,57.593,44.642,48.129,30.928,47.742,50.899,57.484,52.794,63.731
40095,"Marshall County, Oklahoma",12540,65.11,52.064,56.492,37.915,55.816,57.966,64.078,61.545,67.476
40097,"Mayes County, Oklahoma",31225,56.735,48.2,51.889,34.536,54.348,55.978,61.225,48.557,65.637
40099,"Murray County, Oklahoma",10627,61.658,46.827,51.618,34.876,51.626,53.796,60.098,56.994,65.459
40101,"Muskogee County, Oklahoma",52167,60.252,50.005,55.46,37.778,56.059,57.767,62.867,55.206,68.756
40103,"Noble County, Oklahoma",8627,53.046,45.472,49.555,31.912,52.938,54.376,61.41,40.892,65.333
40105,"Nowata County, Oklahoma",7994,61.274,47.971,52.01,35.934,53.311,55.269,60.801,57.792,65.486
40107,"Okfuskee County, Oklahoma",9299,64.208,50.366,54.988,38.585,55.583,57.413,62.671,61.224,66.482
40109,"Oklahoma County, Oklahoma",581063,67.936,58.154,62.446,40.904,58.07,59.173,65.889,67.211,71.897
40111,"Okmulgee County, Oklahoma",29586,61.523,48.658,53.653,37.372,54.479,56.583,61.242,61.161,67.731
40113,"Osage County, Oklahoma",36655,64.583,48.446,53.364,36.428,53.131,55.81,60.93,58.117,67.068
40115,"Ottawa County, Oklahoma",23728,62.606,47.054,52.328,34.859,51.594,55.033,60.13,56.784,65.798
40117,"Pawnee County, Oklahoma",12487,57.934,47.124,51.024,34.572,53.285,54.759,60.856,51.327,65.675
40119,"Payne County, Oklahoma",65800,65.315,52.119,55.759,37.397,56.086,59.784,65.446,64.094,70.335
40121,"Pittsburg County, Oklahoma",34544,60.719,47.508,50.894,34.877,51.998,54.164,59.457,56.544,65.36
40123,"Pontotoc County, Oklahoma",29222,64.058,48.778,53.161,35.423,52.351,55.809,61.34,59.13,66.599
40125,"Pottawatomie County, Oklahoma",54598,60.319,47.096,51.571,34.615,51.926,54.42,59.946,57.467,66.273
40127,"Pushmataha County, Oklahoma",8644,60.743,47.398,51.229,35.833,53.006,54.497,60.068,58.057,64.911
40129,"Roger Mills County, Oklahoma",2757,59.09,45.751,48.822,33.695,51.426,52.947,59.14,55.162,63.612
40131,"Rogers County, Oklahoma",68940,57.363,44.606,49.234,32.856,51.254,54.324,60.152,51.305,64.342
40133,"Seminole County, Oklahoma",18731,58.776,48.244,54.695,35.974,53.772,56.435,62.213,56.143,66.646
40135,"Sequoyah County, Oklahoma",31711,60.246,47.291,51.666,34.49,50.915,53.688,58.78,56.696,65.631
40137,"Stephens County, Oklahoma",33664,59.674,46.536,50.276,34.172,50.879,53.02,58.89,58.008,64.557
40139,"Texas County, Oklahoma",15210,63.37,50.593,55.206,39.482,55.922,57.647,62.478,58.831,65.217
40141,"Tillman County, Oklahoma",5706,64.392,50.36,55.596,39.131,55.717,57.454,62.644,60.021,66.011
40143,"Tulsa County, Oklahoma",479193,65.852,54.993,59.128,38.095,55.401,57.589,62.407,63.398,70.577
40145,"Wagoner County, Oklahoma",58540,61.519,47.835,51.202,34.456,51.532,54.761,61.034,54.932,64.943
40147,"Washington County, Oklahoma",39637,61.143,49.326,52.634,35.327,52.936,56.61,61.664,58.986,66.435
40149,"Washita County, Oklahoma",8527,57.892,44.748,48.126,32.359,49.317,51.435,57.667,53.719,63.76
40151,"Woods County, Oklahoma",7293,61.119,47.048,50.448,32.896,50.259,53.63,59.945,56.049,64.809
40153,"Woodward County, Oklahoma",15628,58.059,44.973,47.467,31.723,48.528,51.447,57.727,52.601,63.669
41001,"Baker County, Oregon",12876,67.286,51.203,55.993,36.49,56.965,62.425,67.577,61.32,68.524
41003,"Benton County, Oregon",74955,79.47,65.097,70.103,46.636,67.702,74.222,77.678,76.749,78.36
41005,"Clackamas County, Oregon",316909,71.144,52.613,59.665,38.858,59.79,67.072,70.887,65.899,73.094
41007,"Clatsop County, Oregon",31051,73.523,58.912,64.795,41.511,61.656,67.692,72.324,69.847,74.787
41009,"Columbia County, Oregon",39774,67.184,51.756,57.106,37.454,56.303,62.261,67.285,62.258,71.202
41011,"Coos County, Oregon",51547,65.809,51.444,57.364,37.589,56.818,62.885,67.282,62.715,70.697
41013,"Crook County, Oregon",17900,65.115,49.784,54.406,36.042,54.722,60.362,65.493,59.425,68.294
41015,"Curry County, Oregon",19198,67.65,51.787,57.079,37.433,56.453,62.536,67.294,63.266,70.375
41017,"Deschutes County, Oregon",143104,74.046,57.777,64.94,40.142,60.213,67.865,73.094,69.685,74.102
41019,"Douglas County, Oregon",87276,62.76,47.076,52.605,34.729,53.091,59.257,63.78,58.9,67.784
41021,"Gilliam County, Oregon",1513,62.025,46.766,51.472,33.994,52.242,58.129,63.212,56.314,67.187
41023,"Grant County, Oregon",5874,63.366,47.11,51.2,34.545,53.63,58.878,64.003,56.747,66.779
41025,"Harney County, Oregon",5729,62.964,48.665,52.994,35.793,55.157,60.203,64.812,58.726,66.525
41027,"Hood River County, Oregon",17427,79.438,65.962,72.262,48.524,68.462,74.326,77.982,76.329,78.078
41029,"Jackson County, Oregon",169653,66.041,52.214,57.84,38.477,57.941,64.134,69.214,65.448,70.726
41031,"Jefferson County, Oregon",17681,71.449,56.54,62.352,41.751,61.205,67.779,72.033,67.18,72.599
41033,"Josephine County, Oregon",68693,69.091,49.415,56.071,35.899,54.684,62.5,66.529,63.143,70.635
41035,"Klamath County, Oregon",51901,63.561,48.7,54.341,36.237,54.492,60.361,64.896,58.38,67.509
41037,"Lake County, Oregon",6365,63.754,48.938,53.038,36.137,55.218,60.083,64.837,58.342,66.606
41039,"Lane County, Oregon",299602,76.099,59.684,68.028,43.846,64.253,70.884,74.818,72.624,76.997
41041,"Lincoln County, Oregon",39681,75.921,59.244,65.81,41.885,62.109,69.465,74.132,71.51,75.138
41043,"Linn County, Oregon",94707,67.535,51.596,55.906,37.313,55.588,61.692,66.591,60.448,69.382
41045,"Malheur County, Oregon",22692,65.57,50.926,56.023,39.317,57.123,62.016,66.224,59.376,66.787
41047,"Marion County, Oregon",251462,70.806,57.184,65.023,43.221,61.627,68.109,71.203,66.383,72.942
41049,"Morrow County, Oregon",8067,58.74,50.453,56.626,38.591,60.102,63.497,68.352,44.884,68.033
41051,"Multnomah County, Oregon",644139,81.703,70.11,75.686,50.919,70.699,77.098,81.326,76.645,81.431
41053,"Polk County, Oregon",62594,72.534,56.805,62.723,40.49,59.894,66.78,70.611,66.973,73.275
41055,"Sherman County, Oregon",1343,66.142,50.312,54.416,35.816,56.085,61.444,66.411,58.824,67.9
41057,"Tillamook County, Oregon",21131,71.332,55.673,61.232,39.547,58.762,65.237,70.118,66.553,72.85
41059,"Umatilla County, Oregon",57210,62.572,49.862,55.908,37.452,55.149,61.534,66.117,56.839,68.251
41061,"Union County, Oregon",20270,68.428,52.31,56.341,36.308,56.121,62.753,67.72,60.484,70.4
41063,"Wallowa County, Oregon",5647,66.917,51.132,55.667,37.258,57.191,62.404,67.302,61.847,69.044
41065,"Wasco County, Oregon",20040,71.244,56.69,62.349,40.994,59.902,65.946,70.281,67.572,72.442
41067,"Washington County, Oregon",444412,80.593,66.355,69.789,46.864,65.405,73.179,77.161,76.103,78.138
41069,"Wheeler County, Oregon",1206,67.255,51.956,56.226,39.168,59.073,63.326,68.052,62.447,68.612
41071,"Yamhill County, Oregon",80137,69.763,53.611,59.846,39.506,59.146,64.903,67.923,64.168,70.882
42001,"Adams County, Pennsylvania",81177,64.64,50.865,56.178,34.086,54.654,58.969,64.756,59.94,73.227
42003,"Allegheny County, Pennsylvania",994224,75.62,62.822,67.297,43.449,65.28,67.721,74.086,75.399,81.197
42005,"Armstrong County, Pennsylvania",53456,58.591,48.81,52.296,32.748,52.633,56.156,64.73,51.937,70.732
42007,"Beaver County, Pennsylvania",134297,63.913,49.869,55.001,34.644,55.885,59.828,66.568,57.702,74.987
42009,"Bedford County, Pennsylvania",38883,55.709,45.245,49.612,31.528,50.805,53.5,59.971,53.535,69.988
42011,"Berks County, Pennsylvania",322427,66.849,56.458,60.748,38.368,59.374,62.251,67.095,67.252,74.563
42013,"Blair County, Pennsylvania",98454,63.334,47.734,52.582,32.372,51.973,54.922,62.317,57.821,71.783
42015,"Bradford County, Pennsylvania",47743,63.965,49.73,54.531,33.605,53.147,57.042,64.698,62.387,72.792
42017,"Bucks County, Pennsylvania",495804,64.015,54.6,60.794,36.72,57.941,63.58,68.75,64.554,76.45
42019,"Butler County, Pennsylvania",148369,61.785,46.734,52.54,31.74,52.155,55.393,61.053,56.801,71.355
42021,"Cambria County, Pennsylvania",108492,63.468,48.438,56.39,34.233,54.418,58.2,63.602,59.038,74.322
42023,"Cameron County, Pennsylvania",3907,62.792,49.241,54.352,33.64,53.546,56.743,63.944,58.701,71.875
42025,"Carbon County, Pennsylvania",51416,64.953,49.577,55.827,33.438,53.675,57.617,64.612,59.781,72.859
42027,"Centre County, Pennsylvania",136950,72.852,58.773,65.268,41.543,64.104,67.82,73.671,69.034,77.264
42029,"Chester County, Pennsylvania",397610,77.197,61.465,69.762,42.352,63.253,69.36,75.193,69.092,79.074
42031,"Clarion County, Pennsylvania",31518,63.848,49.388,55.427,33.671,53.494,57.403,64.763,58.669,72.202
42033,"Clearfield County, Pennsylvania",65398,60.094,48.243,54.822,33.832,53.062,56.24,63.39,56.181,72.946
42035,"Clinton County, Pennsylvania",31110,65.04,51.402,57.463,35.225,56.629,60.781,67.77,62.694,73.817
42037,"Columbia County, Pennsylvania",54459,66.055,49.786,54.647,33.244,53.521,57.143,65.034,58.601,74.038
42039,"Crawford County, Pennsylvania",67960,66.482,50.676,57.249,35.401,56.63,59.651,66.285,62.918,73.157
42041,"Cumberland County, Pennsylvania",197263,70.644,55.829,60.471,35.612,56.562,61.396,67.474,63.997,75.169
42043,"Dauphin County, Pennsylvania",212762,77.14,60.113,66.51,42.883,62.851,67.951,74.952,70.938,78.14
42045,"Delaware County, Pennsylvania",438617,78.394,61.078,69.789,45.517,66.307,70.707,75.728,71.279,79.238
42047,"Elk County, Pennsylvania",24606,61.633,46.425,52.164,31.57,50.697,54.9,61.542,57.457,72.172
42049,"Erie County, Pennsylvania",216136,73.548,56.46,64.286,39.898,59.67,63.453,70.166,69.166,77.263
42051,"Fayette County, Pennsylvania",106729,60.088,48.576,54.874,33.599,53.111,56.682,63.983,59.486,72.396
42053,"Forest County, Pennsylvania",6603,64.153,50.183,55.956,37.377,55.592,58.62,64.304,59.902,72.148
42055,"Franklin County, Pennsylvania",118936,65.396,51.182,55.602,34.824,53.886,56.892,64.891,59.538,72.692
42057,"Fulton County, Pennsylvania",11561,59.8,46.961,51.399,32.576,52.112,54.54,61.828,55.382,70.081
42059,"Greene County, Pennsylvania",29963,58.343,49.233,55.823,32.994,55.115,58.037,66.418,47.075,72.7
42061,"Huntingdon County, Pennsylvania",37033,64.045,49.638,53.833,34.183,54.425,57.307,63.962,57.803,71.954
42063,"Indiana County, Pennsylvania",70180,61.13,50.497,56.809,34.035,56.858,59.756,67.329,49.981,73.448
42065,"Jefferson County, Pennsylvania",34729,56.168,46.552,49.503,31.536,50.445,53.352,58.666,53.444,71.319
42067,"Juniata County, Pennsylvania",18986,61.766,48.512,53.396,33.84,53.057,55.65,62.876,57.991,70.974
42069,"Lackawanna County, Pennsylvania",168455,73.497,53.638,65.398,41.199,59.724,63.919,70.092,67.768,77.068
42071,"Lancaster County, Pennsylvania",410195,62.912,53.733,61.116,39.412,58.345,61.825,69.274,65.301,76.296
42073,"Lawrence County, Pennsylvania",69909,62.226,49.493,55.198,34.421,54.086,57.49,64.581,58.899,72.95
42075,"Lebanon County, Pennsylvania",106866,67.647,53.803,59.188,36.381,55.974,59.725,67.198,63.451,74.717
42077,"Lehigh County, Pennsylvania",280105,76.2,56.231,64.313,39.591,60.391,64.483,71.097,69.1,78.608
42079,"Luzerne County, Pennsylvania",255395,68.137,54.861,59.878,37.501,57.334,61.741,69.348,62.977,75.908
42081,"Lycoming County, Pennsylvania",91213,66.874,50.512,56.544,34.269,54.329,58.83,65.943,60.616,73.753
42083,"McKean County, Pennsylvania",33434,63.628,49.649,54.696,34.202,53.693,57.088,64.223,59.322,72.277
42085,"Mercer County, Pennsylvania",90310,68.765,51.411,58.18,36.429,55.25,59.484,65.73,62.863,74.421
42087,"Mifflin County, Pennsylvania",35914,63.685,50.049,54.311,34.114,53.254,56.081,63.281,57.127,71.546
42089,"Monroe County, Pennsylvania",133799,73.472,60.196,66.162,43.202,62.354,66.4,72.75,67.032,77.392
42091,"Montgomery County, Pennsylvania",642409,79.199,64.159,71.832,45.243,64.109,70.18,77.934,73.108,79.985
42093,"Montour County, Pennsylvania",14613,62.315,55.188,60.679,35.171,59.526,63.003,71.114,49.145,76.341
42095,"Northampton County, Pennsylvania",240724,69.126,59.984,63.676,38.798,58.296,63.376,70.688,65.235,77.71
42097,"Northumberland County, Pennsylvania",74089,61.448,48.494,54.504,33.89,52.939,56.339,62.997,58.155,71.477
42099,"Perry County, Pennsylvania",35965,60.315,49.943,55.601,34.044,54.143,57.004,64.237,59.022,72.177
42101,"Philadelphia County, Pennsylvania",1229251,80.207,69.253,77.857,55.819,72.589,76.697,78.351,80.597,82.115
42103,"Pike County, Pennsylvania",45194,66.88,53.092,59.618,36.873,57.251,62.035,67.885,64.606,74.958
42105,"Potter County, Pennsylvania",13387,60.316,49.465,52.324,33.295,53.159,55.623,62.574,55.765,70.867
42107,"Schuylkill County, Pennsylvania",115181,59.18,47.051,55.048,33.584,53.067,57.432,63.174,57.816,72.263
42109,"Snyder County, Pennsylvania",31928,64.088,51.505,56.926,35.081,55.355,58.758,65.837,60.247,73.519
42111,"Somerset County, Pennsylvania",61109,60.164,50.779,55.414,34.377,53.658,57.103,64.395,59.412,72.002
42113,"Sullivan County, Pennsylvania",5456,64.767,50.601,55.531,35.007,55.611,58.208,65.778,60.047,72.91
42115,"Susquehanna County, Pennsylvania",33498,60.418,47.727,52.915,33.154,52.426,55.926,63.127,57.99,71.885
42117,"Tioga County, Pennsylvania",33011,62.942,48.975,54.505,33.215,53.364,56.976,64.119,57.823,71.838
42119,"Union County, Pennsylvania",37034,70.534,56.701,62.608,39.873,60.512,64.08,70.47,66.391,75.867
42121,"Venango County, Pennsylvania",41955,62.255,50.296,55.342,33.633,54.039,57.734,64.488,60.688,72.764
42123,"Warren County, Pennsylvania",32217,65.688,50.897,55.667,33.956,53.679,57.457,64.554,60.485,72.547
42125,"Washington County, Pennsylvania",166729,63.929,52.213,56.831,35.472,55.299,59.331,66.339,62.035,73.816
42127,"Wayne County, Pennsylvania",42752,64.871,50.689,56.777,35.033,54.81,58.827,65.815,59.617,73.28
42129,"Westmoreland County, Pennsylvania",288766,65.462,53.303,52.762,32.018,53.786,58.304,66.239,58.985,71.18
42131,"Wyoming County, Pennsylvania",22108,64.381,49.191,55.165,33.923,53.706,57.349,64.977,59.192,72.638
42133,"York County, Pennsylvania",345165,64.967,50.492,56.907,34.769,54.506,57.932,67.306,65.814,71.996
44001,"Bristol County, Rhode Island",39519,72.274,58.393,64.603,39.537,61.294,66.102,72.937,70.705,77.145
44003,"Kent County, Rhode Island",132601,67.723,53.541,59.316,35.99,57.111,62.76,69.28,65.914,75.623
44005,"Newport County, Rhode Island",68554,74.28,59.476,66.551,43.044,63.826,68.155,75.049,72.201,77.971
44007,"Providence County, Rhode Island",502577,74.296,63.316,71.133,44.638,65.028,69.207,75.619,73.787,78.241
44009,"Washington County, Rhode Island",104491,73.638,58.159,63.885,37.951,59.551,65.028,72.912,69.388,76.681
45001,"Abbeville County, South Carolina",19490,66.592,49.644,56.584,38.75,55.684,58.486,64.08,61.889,70.785
45003,"Aiken County, South Carolina",130280,63.18,48.234,55.019,36.714,53.927,56.638,63.131,60.474,70.006
45005,"Allendale County, South Carolina",7472,72.879,53.404,64.391,47.906,62.225,64.503,67.667,70.19,75.362
45007,"Anderson County, South Carolina",150725,63.691,47.493,53.706,35.196,51.493,54.787,61.054,57.65,68.907
45009,"Bamberg County, South Carolina",11632,71.606,54.101,63.352,45.397,61.97,64.475,68.654,64.85,76.079
45011,"Barnwell County, South Carolina",16300,65.411,48.008,56.587,39.491,54.909,58.18,63.275,62.286,71.568
45013,"Beaufort County, South Carolina",147388,72.669,54.655,62.199,41.406,58.596,63.194,69.737,66.652,74.254
45015,"Berkeley County, South Carolina",158532,66.301,49.626,57.953,38.856,57.065,60.759,66.511,59.179,72.123
45017,"Calhoun County, South Carolina",11822,64.69,48.125,56.279,38.979,54.827,57.728,62.023,62.626,71.558
45019,"Charleston County, South Carolina",316092,73.315,56.128,65.504,43.706,61.105,65.824,71.107,71.637,74.781
45021,"Cherokee County, South Carolina",43453,61.627,46.802,53.189,34.964,51.383,55.504,61.682,57.525,69.256
45023,"Chester County, South Carolina",24929,68.483,51.252,59.534,40.166,56.325,59.996,65.282,65.081,73.07
45025,"Chesterfield County, South Carolina",35672,65.885,48.074,57.354,39.434,55.676,58.305,64.608,63.465,72.088
45027,"Clarendon County, South Carolina",27276,69.348,51.042,60.694,43.214,58.61,61.422,65.823,67.04,73.547
45029,"Colleton County, South Carolina",29081,67.668,50.939,58.948,40.989,57.613,60.454,66.125,64.038,72.525
45031,"Darlington County, South Carolina",52013,66.512,49.364,58.971,40.465,56.275,59.375,63.663,64.297,71.528
45033,"Dillon County, South Carolina",22980,70.284,52.972,62.007,45.372,61.442,63.055,67.142,68.813,73.264
45035,"Dorchester County, South Carolina",116745,70.202,51.43,57.761,38.272,54.561,59.289,65.231,62.765,72.511
45037,"Edgefield County, South Carolina",21818,66.617,49.94,57.719,40.735,56.44,59.47,64.035,62.499,71.374
45039,"Fairfield County, South Carolina",18229,71.305,52.46,62.437,44.558,59.718,62.744,66.805,68.086,74.928
45041,"Florence County, South Carolina",105335,66.798,51.011,55.967,40.143,56.347,58.909,63.127,64.803,71.527
45043,"Georgetown County, South Carolina",49807,70.136,51.827,60.958,39.151,58.164,63.108,68.983,62.516,72.755
45045,"Greenville County, South Carolina",382167,65.08,48.384,55.135,36.163,55.486,59.914,64.074,63.197,69.472
45047,"Greenwood County, South Carolina",54120,68.424,51.119,58.604,39.047,55.859,59.89,65.343,63.522,71.932
45049,"Hampton County, South Carolina",15469,72.674,54.482,64.18,45.32,60.669,63.893,68.123,69.247,75.35
45051,"Horry County, South Carolina",260975,65.407,49.164,55.693,36.435,52.739,56.213,62.869,62.682,70.766
45053,"Jasper County, South Carolina",21992,72.31,57.704,66.622,47.05,65.279,67.571,71.919,66.491,75.936
45055,"Kershaw County, South Carolina",49348,65.304,50.5,56.271,37.641,53.796,57.878,63.327,61.247,69.894
45057,"Lancaster County, South Carolina",69939,67.263,49.954,55.537,37.564,54.266,58.326,63.254,63.399,71.635
45059,"Laurens County, South Carolina",52001,63.473,48.679,54.582,37.376,53.839,56.698,63.037,61.499,70.091
45061,"Lee County, South Carolina",14082,70.836,51.758,62.34,44.48,58.989,62.177,65.995,67.816,74.741
45063,"Lexington County, South Carolina",219263,70.478,49.386,58.907,36.115,53.384,58.82,65.46,60.689,70.455
45065,"McCormick County, South Carolina",8412,67.123,48.955,57.303,39.963,55.637,58.983,63.725,63.007,71.631
45067,"Marion County, South Carolina",24252,72.233,53.363,63.375,45.838,61.006,63.539,67.568,69.45,75.098
45069,"Marlboro County, South Carolina",21601,68.6,51.575,61.653,44.413,59.589,62.087,65.892,67.011,73.926
45071,"Newberry County, South Carolina",29628,62.265,46.576,53.836,37.579,53.177,56.819,62.228,60.551,70.133
45073,"Oconee County, South Carolina",61188,64.228,47.432,52.208,33.797,51.252,54.849,62.186,60.058,68.226
45075,"Orangeburg County, South Carolina",68781,72.952,53.933,64.104,44.868,60.653,63.957,67.479,70.248,75.612
45077,"Pickens County, South Carolina",99061,65.963,48.275,52.87,33.742,50.785,55.625,62.723,56.952,69.266
45079,"Richland County, South Carolina",319980,79.085,60.106,69.933,47.915,65.348,69.042,73.452,73.997,77.729
45081,"Saluda County, South Carolina",15837,65.383,49.766,56.589,39.912,56.373,58.768,63.882,62.456,70.017
45083,"Spartanburg County, South Carolina",231737,68.408,50.234,58.796,38.129,54.203,58.953,65.576,60.562,70.63
45085,"Sumter County, South Carolina",80986,72.612,52.666,62.997,43.56,59.349,62.75,67.373,67.053,74.559
45087,"Union County, South Carolina",21698,65.92,48.593,56.122,37.762,53.567,56.802,62.846,61.819,71.156
45089,"Williamsburg County, South Carolina",24979,71.789,52.569,63.152,45.863,60.081,62.941,66.702,68.651,74.743
45091,"York County, South Carolina",195248,66.315,49.31,54.319,36.826,55.014,58.999,64.651,63.487,72.197
46003,"Aurora County, South Dakota",1998,66.761,53.084,56.858,37.839,57.337,59.866,68.209,63.938,69.618
46005,"Beadle County, South Dakota",13504,63.602,50.07,54.603,35.852,54.323,57.32,65.485,60.968,68.822
46007,"Bennett County, South Dakota",2214,71.283,58.861,64.604,46.285,65.331,67.223,73.049,69.117,72.188
46009,"Bon Homme County, South Dakota",5634,65.059,51.555,55.115,36.74,56.387,58.939,67.067,62.432,68.598
46011,"Brookings County, South Dakota",27294,69.021,53.671,59.11,36.871,57.247,61.296,69.377,65.176,72.119
46013,"Brown County, South Dakota",29564,66.199,51.651,56.483,35.388,54.973,58.507,67.736,62.961,70.906
46015,"Brule County, South Dakota",3920,69.731,56.133,60.22,37.841,58.739,62.817,71.038,64.918,71.175
46017,"Buffalo County, South Dakota",1284,73.626,61.428,68.619,49.383,67.144,69.89,74.65,72.102,74.49
46019,"Butte County, South Dakota",7716,62.947,49.602,53.14,35.572,54.951,56.961,65.492,60.162,67.64
46021,"Campbell County, South Dakota",1145,62.526,49.258,52.245,34.451,54.763,56.842,65.585,58.552,66.732
46023,"Charles Mix County, South Dakota",6577,64.767,51.62,56.321,37.691,56.634,59.552,67.137,61.68,68.988
46025,"Clark County, South Dakota",2721,65.08,52.626,57.323,37.241,57.67,59.965,68.098,64.08,70.346
46027,"Clay County, South Dakota",11526,75.142,59.941,65.028,42.642,63.501,67.121,74.42,72.953,75.856
46029,"Codington County, South Dakota",21280,61.924,47.831,51.207,32.585,51.035,54.517,63.844,58.449,68.284
46031,"Corson County, South Dakota",2672,73.493,61.463,67.187,48.428,67.708,69.8,75.2,71.453,73.686
46033,"Custer County, South Dakota",7219,67.262,53.295,57.324,37.197,57.715,60.787,69.139,63.918,70.07
46035,"Davison County, South Dakota",15383,63.396,48.109,53.3,33.908,52.414,56.267,64.995,59.779,68.888
46037,"Day County, South Dakota",4314,67.685,54.001,58.458,38.571,58.48,61.154,69.273,65.614,71.486
46039,"Deuel County, South Dakota",3302,65.94,52.574,56.465,36.436,56.767,59.573,68.208,62.891,70.432
46041,"Dewey County, South Dakota",3677,72.602,60.093,66.414,46.784,64.97,68.408,73.629,70.693,73.899
46043,"Douglas County, South Dakota",2252,61.232,47.907,51.221,34.098,53.205,55.396,64.089,58.193,66.45
46045,"Edmunds County, South Dakota",2973,65.552,51.633,55.485,34.217,54.485,58.351,67.113,61.524,69.711
46047,"Fall River County, South Dakota",5581,68.623,54.644,59.029,37.939,58.393,61.851,70.357,64.677,71.671
46049,"Faulk County, South Dakota",1814,68.077,54.609,58.018,37.797,58.494,61.594,70.204,64.612,70.672
46051,"Grant County, South Dakota",5569,59.033,49.245,52.752,34.176,54.666,57.095,66.105,54.051,69.083
46053,"Gregory County, South Dakota",3214,61.463,47.899,51.669,33.868,52.898,55.636,64.171,58.105,66.855
46055,"Haakon County, South Dakota",1588,58.864,45.93,48.804,32.651,51.497,53.37,62.204,55.386,64.849
46057,"Hamlin County, South Dakota",4116,63.232,50.411,53.841,35.642,55.66,57.787,66.436,59.562,68.568
46059,"Hand County, South Dakota",2588,63.102,49.129,52.498,34.234,53.944,56.676,65.46,59.999,67.563
46061,"Hanson County, South Dakota",2322,60.866,47.732,51.221,32.841,52.328,55.21,64.32,56.895,67.763
46063,"Harding County, South Dakota",1013,63.51,50.074,52.801,36.057,56.628,58.234,66.514,59.402,65.872
46065,"Hughes County, South Dakota",13397,64.737,49.279,54.682,34.465,53.429,57.304,65.909,61.181,68.851
46067,"Hutchinson County, South Dakota",5510,63.975,50.461,54.372,35.696,55.497,57.862,66.35,61.153,68.273
46069,"Hyde County, South Dakota",1053,66.408,53.415,56.628,38.744,59.344,60.866,69.014,63.367,69.364
46071,"Jackson County, South Dakota",2255,70.119,57.86,62.741,44.836,64.569,66.466,72.487,66.982,70.789
46073,"Jerauld County, South Dakota",1600,68.162,55.099,59.669,37.366,57.735,61.261,69.896,65.509,71.968
46075,"Jones County, South Dakota",634,65.081,52.258,54.811,36.864,57.943,59.592,68.196,61.328,68.603
46077,"Kingsbury County, South Dakota",3873,64.582,51.294,55.195,35.84,55.654,58.481,67.636,62.212,70.033
46079,"Lake County, South Dakota",9982,65.589,51.125,55.387,34.856,54.139,58.17,66.823,62.157,70.124
46081,"Lawrence County, South Dakota",20717,66.679,53.057,57.368,36.706,56.811,60.014,69.029,64.484,70.051
46083,"Lincoln County, South Dakota",39219,64.351,49.576,54.287,32.868,52.073,57.17,65.93,60.003,69.572
46085,"Lyman County, South Dakota",2756,66.663,53.138,57.818,39.056,58.747,61.557,68.604,62.48,69.661
46087,"McCook County, South Dakota",4006,64.315,50.941,55.013,35.1,54.8,58.025,66.747,60.947,69.41
46089,"McPherson County, South Dakota",1890,63.019,49.565,53.518,35.693,55.282,57.164,65.541,60.627,67.315
46091,"Marshall County, South Dakota",3586,67.224,53.022,57.801,37.206,56.674,60.255,68.413,64.913,71.478
46093,"Meade County, South Dakota",20908,62.995,50.119,53.933,34.727,54.456,58.082,66.467,59.411,67.841
46095,"Mellette County, South Dakota",1401,67.795,55.394,60.702,42.27,61.161,63.72,70.04,65.13,70.64
46097,"Miner County, South Dakota",1661,63.786,50.031,54.163,35.114,54.604,57.342,65.956,61.12,68.906
46099,"Minnehaha County, South Dakota",139456,71.921,54.809,60.254,37.844,56.471,61.989,69.079,66.258,72.987
46101,"Moody County, South Dakota",4870,67.382,54.169,59.154,38.19,58.178,61.779,69.739,63.872,71.665
46102,"Oglala Lakota County, South Dakota",9003,79.476,68.656,75.712,54.715,72.8,76.155,80.14,77.698,78.344
46103,"Pennington County, South Dakota",83715,63.553,50.009,52.989,34.254,52.621,56.3,63.196,59.609,66.632
46105,"Perkins County, South Dakota",2282,65.559,52.013,55.245,36.727,57.633,59.666,68.199,61.89,68.165
46107,"Potter County, South Dakota",1822,60.483,46.914,50.411,32.799,51.593,54.379,63.165,57.163,66.288
46109,"Roberts County, South Dakota",7486,65.107,55.341,60.889,39.733,61.202,64.032,71.587,57.329,72.278
46111,"Sanborn County, South Dakota",1860,63.806,50.268,53.872,35.486,55.134,57.685,66.325,60.725,68.672
46115,"Spink County, South Dakota",4939,65.481,51.676,56.138,35.915,55.524,58.684,67.241,62.998,70.379
46117,"Stanley County, South Dakota",2239,64.507,51.645,55.74,34.496,54.943,59.349,67.86,58.644,69.36
46119,"Sully County, South Dakota",1014,61.53,47.689,50.915,32.93,52.606,55.622,64.487,57.338,66.725
46121,"Todd County, South Dakota",6060,74.976,63.24,70.316,50.786,68.614,71.48,75.965,73.164,75.469
46123,"Tripp County, South Dakota",4230,58.579,45.583,49.351,32.249,50.299,53.417,61.658,55.541,65.557
46125,"Turner County, South Dakota",6295,63.47,49.859,53.788,34.338,54.239,57.423,66.247,59.553,68.723
46127,"Union County, South Dakota",11512,60.132,47.045,53.597,33.382,52.298,56.768,66.183,59.207,68.909
46129,"Walworth County, South Dakota",4218,63.641,49.812,53.716,36.003,55.104,57.598,65.658,60.493,67.672
46135,"Yankton County, South Dakota",17885,62.078,50.111,53.786,34.304,53.306,57.287,65.885,62.341,70.039
46137,"Ziebach County, South Dakota",1915,76.419,65.162,71.086,50.06,69.682,72.727,77.839,73.565,75.54
47001,"Anderson County, Tennessee",59770,61.298,48.885,52.599,33.146,51.645,53.283,59.763,56.373,68.953
47003,"Bedford County, Tennessee",35312,59.466,49.433,52.607,36.167,54.164,55.061,61.03,58.048,67.961
47005,"Benton County, Tennessee",13035,53.97,45.146,48.091,31.222,50.298,51.069,58.154,46.921,66.942
47007,"Bledsoe County, Tennessee",12235,59.793,48.723,50.687,34.839,53.372,53.915,60.227,57.272,67.036
47009,"Blount County, Tennessee",101896,59.713,48.958,52.099,32.473,50.528,52.812,61.213,55.228,67.841
47011,"Bradley County, Tennessee",81353,55.754,46.224,49.351,33.293,51.553,52.25,58.171,53.774,66.211
47013,"Campbell County, Tennessee",31469,58.918,46.399,50.976,33.787,51.227,52.641,59.649,54.344,66.757
47015,"Cannon County, Tennessee",11007,56.07,45.885,48.058,31.495,49.623,51.063,57.795,53.385,67.17
47017,"Carroll County, Tennessee",22040,56.941,45.824,48.917,32.557,49.805,51.017,57.437,54.264,66.366
47019,"Carter County, Tennessee",45679,58.857,47.145,49.432,31.909,49.504,51.62,58.708,54.371,67.033
47021,"Cheatham County, Tennessee",30853,57.477,47.108,49.612,32.821,51.459,53.096,58.811,56.964,68.136
47023,"Chester County, Tennessee",13285,58.731,45.175,48.586,32.852,50.455,51.661,57.477,53.996,66.612
47025,"Claiborne County, Tennessee",25646,55.835,44.712,46.842,30.97,48.303,49.491,56.78,52.001,65.466
47027,"Clay County, Tennessee",6157,56.856,45.513,47.933,32.151,49.586,50.618,57.342,54.379,66.979
47029,"Cocke County, Tennessee",28008,57.492,46.738,48.4,32.766,50.137,51.224,57.957,54.494,65.56
47031,"Coffee County, Tennessee",41398,61.625,48.969,53.427,33.357,51.436,54.318,61.825,57.427,68.833
47033,"Crockett County, Tennessee",11006,56.501,44.399,48.155,33.144,49.509,50.596,56.486,52.828,66.261
47035,"Cumberland County, Tennessee",48067,58.376,46.384,48.557,32.275,50.323,51.674,58.028,55.441,66.807
47037,"Davidson County, Tennessee",538527,69.414,59.039,65.985,43.696,64.064,65.539,72.171,70.486,77.742
47039,"Decatur County, Tennessee",9195,59.642,47.978,51.394,33.115,51.436,53.457,60.24,55.18,67.707
47041,"DeKalb County, Tennessee",15343,61.538,49.629,53.463,33.945,52.445,54.784,61.535,56.506,68.676
47043,"Dickson County, Tennessee",39708,60.857,48.075,51.032,34.474,52.538,53.922,60.572,56.655,68.086
47045,"Dyer County, Tennessee",28585,57.108,45.251,48.414,32.993,49.978,51.251,57.358,53.881,66.373
47047,"Fayette County, Tennessee",31728,61.036,47.579,52.256,35.284,52.688,54.725,60.188,56.895,68.5
47049,"Fentress County, Tennessee",14079,55.842,45.334,47.098,32.392,50.373,50.572,57.175,54.161,66.104
47051,"Franklin County, Tennessee",32985,60.199,48.908,51.88,33.809,52.362,54.396,61.412,57.242,68.597
47053,"Gibson County, Tennessee",37258,56.184,47.435,49.768,34.501,51.717,53.219,59.607,55.419,67.756
47055,"Giles County, Tennessee",23066,60.344,47.226,51.258,33.956,51.778,53.047,59.19,56.704,68.47
47057,"Grainger County, Tennessee",18216,57.886,47.02,48.84,33.945,52.333,52.219,58.854,55.432,66.245
47059,"Greene County, Tennessee",55228,58.068,45.478,47.713,31.861,49.324,51.383,58.611,51.784,66.229
47061,"Grundy County, Tennessee",10375,58.015,47.866,50.49,34.397,52.475,53.479,59.762,56.621,67.708
47063,"Hamblen County, Tennessee",48944,60.097,46.54,49.871,33.566,51.352,52.403,58.249,54.599,66.464
47065,"Hamilton County, Tennessee",282626,75.453,55.652,61.129,38.969,57.953,60.332,66.278,62.721,71.747
47067,"Hancock County, Tennessee",5245,55.049,44.691,46.583,32.04,49.582,49.78,56.344,53.415,65.706
47069,"Hardeman County, Tennessee",20576,65.812,51.91,57.674,40.228,57.24,57.698,62.646,62.7,71.014
47071,"Hardin County, Tennessee",20401,58.646,46.178,46.885,32.201,50.114,50.705,57.71,54.691,66.569
47073,"Hawkins County, Tennessee",44838,53.158,42.616,45.612,29.939,47.316,48.764,56.248,48.032,64.918
47075,"Haywood County, Tennessee",13691,66.743,51.761,59.789,41.397,57.92,59.973,63.935,63.464,73.409
47077,"Henderson County, Tennessee",21430,54.967,44.632,46.55,31.654,48.867,50.219,55.982,52.804,65.224
47079,"Henry County, Tennessee",25542,60.59,48.78,52.349,33.548,52.196,53.656,60.687,55.392,68.553
47081,"Hickman County, Tennessee",19321,61.305,50.532,53.294,35.303,54.141,55.398,61.903,59.306,69.666
47083,"Houston County, Tennessee",6385,53.666,48.173,50.753,33.56,55.737,55.071,62.492,42.036,68.95
47085,"Humphreys County, Tennessee",14531,54.066,47.586,49.964,32.783,52.313,53.308,60.393,46.893,67.802
47087,"Jackson County, Tennessee",9480,57.474,45.556,48.876,32.393,49.696,50.837,57.71,55.014,67.398
47089,"Jefferson County, Tennessee",42375,61.708,49.994,52.834,34.216,53.363,54.503,61.297,58.648,68.584
47091,"Johnson County, Tennessee",14824,55.625,44.654,46.413,31.853,49.286,49.944,56.457,52.765,65.08
47093,"Knox County, Tennessee",359359,65.264,53.907,56.63,36.802,55.859,58.997,65.952,63.87,70.43
47095,"Lake County, Tennessee",6388,58.903,47.285,51.289,35.459,52.706,53.721,59.239,54.8,67.805
47097,"Lauderdale County, Tennessee",20247,63.751,51.057,56.789,38.2,54.971,56.614,61.762,60.993,71.371
47099,"Lawrence County, Tennessee",32138,56.449,46.192,49.94,32.932,50.517,51.939,58.838,55.226,67.164
47101,"Lewis County, Tennessee",9279,59.572,48.124,50.245,34.62,53.22,53.482,60.116,57.045,67.57
47103,"Lincoln County, Tennessee",26177,56.12,44.683,47.268,32.378,49.841,50.711,56.401,54.069,65.515
47105,"Loudon County, Tennessee",41355,60.031,48.109,49.763,33.26,51.683,52.968,59.92,55.476,67.143
47107,"McMinn County, Tennessee",41462,64.355,50.901,53.321,32.552,51.713,54.412,61.444,54.359,68.716
47109,"McNairy County, Tennessee",20154,56.915,45.093,46.893,32.026,48.769,50.059,56.74,52.797,66.129
47111,"Macon County, Tennessee",17770,56.105,45.674,47.64,32.701,50.202,50.654,57.229,52.877,65.566
47113,"Madison County, Tennessee",75505,65.25,49.509,55.797,39.072,56.812,58.76,63.758,60.171,71.048
47115,"Marion County, Tennessee",22372,57.567,46.647,49.607,32.702,50.487,51.879,59.137,56.059,68.0
47117,"Marshall County, Tennessee",24600,57.161,45.599,46.931,32.481,49.435,50.588,56.566,54.052,67.703
47119,"Maury County, Tennessee",68752,60.712,49.491,53.125,34.422,52.562,54.845,60.765,58.195,69.591
47121,"Meigs County, Tennessee",9393,55.496,44.374,46.476,31.351,48.618,49.467,56.183,52.659,65.898
47123,"Monroe County, Tennessee",35946,57.557,46.112,48.503,32.708,49.836,51.028,57.68,53.324,66.784
47125,"Montgomery County, Tennessee",143438,67.398,53.174,57.414,37.97,55.225,57.997,63.701,61.036,72.295
47127,"Moore County, Tennessee",5055,53.461,42.794,44.732,30.018,47.057,48.277,54.718,50.552,64.377
47129,"Morgan County, Tennessee",17467,56.606,45.833,47.663,32.326,50.027,50.759,57.427,53.648,66.122
47131,"Obion County, Tennessee",23828,57.629,46.02,49.752,33.55,50.713,52.103,58.637,54.391,67.188
47133,"Overton County, Tennessee",17100,56.647,44.747,47.119,31.527,48.587,49.273,56.094,53.522,66.124
47135,"Perry County, Tennessee",6161,58.671,48.289,51.107,34.855,53.694,53.728,59.829,56.731,67.121
47137,"Pickett County, Tennessee",4143,59.557,48.831,51.547,32.843,51.236,53.084,60.222,56.789,68.537
47139,"Polk County, Tennessee",13395,59.386,47.525,49.132,31.935,50.095,52.094,58.215,55.055,67.217
47141,"Putnam County, Tennessee",60417,59.773,49.722,50.205,32.951,51.25,54.057,62.201,57.48,68.029
47143,"Rhea County, Tennessee",25041,61.688,49.085,51.079,33.009,52.192,53.439,61.489,57.319,67.963
47145,"Roane County, Tennessee",42847,57.533,46.1,48.563,31.516,50.014,51.698,58.551,52.784,67.077
47147,"Robertson County, Tennessee",52272,60.37,48.446,50.551,34.022,52.183,53.635,60.435,56.639,68.135
47149,"Rutherford County, Tennessee",230668,59.772,50.803,52.123,36.147,55.099,57.868,63.518,59.063,71.547
47151,"Scott County, Tennessee",16594,54.771,43.904,45.663,31.103,48.069,48.651,55.514,51.4,64.919
47153,"Sequatchie County, Tennessee",11586,58.338,47.568,49.855,33.009,51.462,52.719,59.363,55.661,67.585
47155,"Sevier County, Tennessee",76156,64.221,51.8,54.155,35.083,53.808,56.166,62.816,58.746,68.752
47157,"Shelby County, Tennessee",700758,65.628,54.718,60.202,43.853,62.338,64.338,67.506,68.186,76.525
47159,"Smith County, Tennessee",14954,57.246,47.395,49.887,32.66,50.143,51.917,58.717,54.115,67.189
47161,"Stewart County, Tennessee",10489,51.806,44.522,47.367,30.976,52.482,52.201,60.674,39.06,66.819
47163,"Sullivan County, Tennessee",125983,58.017,45.336,47.538,32.387,49.57,50.619,57.819,53.805,67.305
47165,"Sumner County, Tennessee",136433,63.325,48.244,50.169,33.078,52.816,54.897,60.441,56.788,68.474
47167,"Tipton County, Tennessee",46062,57.694,45.283,48.792,33.618,50.471,51.442,57.543,55.548,67.08
47169,"Trousdale County, Tennessee",7677,64.95,52.959,56.155,37.443,56.33,57.921,64.233,62.068,70.597
47171,"Unicoi County, Tennessee",14537,57.441,46.667,48.819,33.164,51.447,52.541,59.209,55.621,66.738
47173,"Union County, Tennessee",15069,54.952,44.436,46.625,31.426,48.55,49.167,55.952,52.621,65.631
47175,"Van Buren County, Tennessee",4638,59.672,49.143,51.804,33.188,51.552,53.293,60.334,56.715,68.818
47177,"Warren County, Tennessee",30840,58.605,47.787,50.718,33.84,51.52,52.81,59.835,57.228,68.389
47179,"Washington County, Tennessee",102357,57.296,48.925,49.365,33.117,51.625,54.015,59.607,53.878,67.441
47181,"Wayne County, Tennessee",13511,54.638,43.524,45.266,31.371,48.409,48.936,55.409,51.594,64.388
47183,"Weakley County, Tennessee",27061,60.507,47.903,50.662,34.129,51.6,53.329,59.859,55.322,67.683
47185,"White County, Tennessee",20651,55.259,44.574,46.898,31.508,48.668,49.709,56.165,52.944,66.435
47187,"Williamson County, Tennessee",158114,64.458,53.165,55.23,35.2,55.562,59.313,64.66,56.953,68.949
47189,"Wilson County, Tennessee",100852,63.51,50.598,54.15,34.818,53.904,56.25,62.489,56.803,69.255
48001,"Anderson County, Texas",46651,62.53,46.172,51.335,35.441,51.398,54.572,59.624,55.258,65.469
48003,"Andrews County, Texas",12298,65.546,52.52,58.458,41.667,57.873,60.265,65.167,58.872,66.478
48005,"Angelina County, Texas",64912,65.85,50.492,56.074,37.847,55.207,58.098,63.923,59.341,68.959
48007,"Aransas County, Texas",20042,64.35,50.753,55.772,37.962,55.446,58.376,63.937,59.66,67.207
48009,"Archer County, Texas",6878,56.703,43.017,46.16,31.242,48.297,51.055,57.586,49.641,62.779
48011,"Armstrong County, Texas",1520,62.537,48.173,51.325,36.065,54.884,56.599,62.781,56.411,64.435
48013,"Atascosa County, Texas",35266,68.842,56.548,63.337,45.251,62.011,64.366,69.201,58.895,69.87
48015,"Austin County, Texas",22459,62.1,48.177,52.373,35.527,52.335,55.06,61.304,57.214,66.9
48017,"Bailey County, Texas",5070,67.347,57.187,63.116,46.547,65.703,66.108,70.748,56.142,67.66
48019,"Bandera County, Texas",18003,62.714,48.585,52.578,35.733,53.143,55.696,61.383,56.438,65.644
48021,"Bastrop County, Texas",61480,68.246,56.273,62.517,41.967,59.458,63.289,68.551,64.163,71.841
48023,"Baylor County, Texas",2791,56.931,42.475,46.304,31.34,47.468,50.421,56.748,50.668,63.145
48025,"Bee County, Texas",25741,68.852,54.46,62.628,44.754,60.114,62.826,67.009,64.783,69.857
48027,"Bell County, Texas",247204,74.251,55.849,64.429,44.377,60.739,63.977,69.098,65.536,72.04
48029,"Bexar County, Texas",1426742,80.344,59.793,71.063,49.985,66.615,70.862,75.573,70.645,74.636
48031,"Blanco County, Texas",9222,64.481,50.054,54.597,36.215,54.406,57.993,64.071,57.64,67.343
48033,"Borden County, Texas",493,60.575,46.138,49.279,33.278,52.054,54.643,61.118,53.047,63.754
48035,"Bosque County, Texas",14219,59.551,45.107,50.762,34.858,51.458,54.052,60.306,54.605,64.367
48037,"Bowie County, Texas",71598,59.115,44.017,49.303,34.67,50.431,52.973,57.454,52.825,65.433
48039,"Brazoria County, Texas",259486,67.074,53.899,59.607,39.943,56.539,60.252,65.047,61.036,68.594
48041,"Brazos County, Texas",174024,70.442,54.71,62.313,39.48,58.098,62.946,69.158,65.438,69.622
48043,"Brewster County, Texas",7432,74.813,60.987,66.906,46.942,65.304,68.092,73.458,69.99,73.059
48045,"Briscoe County, Texas",1254,62.874,46.461,52.435,37.021,53.427,56.301,61.86,54.251,63.456
48047,"Brooks County, Texas",5335,75.938,63.101,71.726,52.998,67.079,69.97,73.2,71.679,75.023
48049,"Brown County, Texas",29210,58.868,43.479,47.664,33.203,49.071,51.676,57.42,51.631,62.68
48051,"Burleson County, Texas",13861,62.551,48.376,53.744,37.34,53.881,56.429,61.87,56.408,66.255
48053,"Burnet County, Texas",35898,62.533,49.094,53.441,36.471,54.473,56.658,61.919,57.262,67.433
48055,"Caldwell County, Texas",31311,72.596,53.752,61.789,43.833,60.256,63.554,68.108,65.84,71.308
48057,"Calhoun County, Texas",16361,66.423,54.67,61.255,41.197,58.623,62.198,67.732,55.839,69.484
48059,"Callahan County, Texas",10548,56.45,43.995,47.464,31.753,48.508,51.354,57.822,52.422,63.434
48061,"Cameron County, Texas",290681,77.236,64.373,70.759,51.282,66.764,70.287,73.325,70.409,74.058
48063,"Camp County, Texas",9412,58.348,48.839,55.139,37.674,57.978,59.354,65.476,43.619,68.04
48065,"Carson County, Texas",4492,54.851,42.676,46.275,30.808,49.088,51.763,58.514,44.373,62.54
48067,"Cass County, Texas",23275,56.371,41.5,46.321,32.412,47.924,50.165,55.433,51.476,64.119
48069,"Castro County, Texas",5506,66.443,53.686,59.165,42.005,58.136,61.02,65.609,60.489,67.41
48071,"Chambers County, Texas",29004,56.142,43.602,49.117,33.074,49.769,52.759,58.757,48.802,64.583
48073,"Cherokee County, Texas",38679,65.617,47.025,53.676,37.507,54.77,57.048,62.812,54.725,66.936
48075,"Childress County, Texas",5878,60.398,46.315,50.43,36.523,52.322,54.816,59.869,53.972,63.3
48077,"Clay County, Texas",8234,56.167,42.596,46.589,31.083,47.858,50.227,57.398,51.081,62.481
48079,"Cochran County, Texas",2085,65.182,51.316,58.069,42.409,58.168,59.447,64.21,58.936,65.808
48081,"Coke County, Texas",2596,60.501,47.083,51.464,33.702,50.828,54.47,60.792,53.294,64.503
48083,"Coleman County, Texas",6561,56.387,42.571,46.686,32.22,47.847,50.336,56.339,50.497,62.179
48085,"Collin County, Texas",693358,73.273,57.333,61.852,42.411,59.016,64.179,71.67,62.652,72.421
48087,"Collingsworth County, Texas",2267,60.106,46.366,51.012,36.408,52.81,54.662,60.128,54.067,63.662
48089,"Colorado County, Texas",16129,64.082,49.524,55.325,37.664,53.965,57.335,62.808,56.862,66.459
48091,"Comal County, Texas",104160,62.668,51.841,54.053,36.592,54.008,57.193,63.441,57.604,66.343
48093,"Comanche County, Texas",10473,60.826,46.718,51.04,35.149,51.917,54.394,60.285,54.179,64.346
48095,"Concho County, Texas",3693,62.87,50.388,55.091,41.173,56.346,58.107,62.357,57.095,64.357
48097,"Cooke County, Texas",30066,62.444,48.925,51.982,36.046,53.838,56.366,62.578,55.893,65.517
48099,"Coryell County, Texas",57583,70.057,52.28,59.341,41.814,59.076,61.454,67.631,63.696,69.905
48101,"Cottle County, Texas",1076,65.122,50.561,56.213,40.083,57.359,59.21,64.487,59.301,66.51
48103,"Crane County, Texas",3346,64.739,51.24,57.582,42.243,57.748,59.533,64.034,58.175,65.901
48105,"Crockett County, Texas",2649,65.669,51.153,58.62,41.817,57.838,60.296,65.115,58.075,66.667
48107,"Crosby County, Texas",4269,65.756,52.098,58.674,41.567,57.37,59.971,64.81,59.546,67.495
48109,"Culberson County, Texas",1705,73.348,60.689,68.775,50.192,65.155,67.742,71.41,69.459,73.408
48111,"Dallam County, Texas",4963,60.063,46.903,51.869,37.123,52.221,54.452,59.624,53.346,63.009
48113,"Dallas County, Texas",1898781,77.356,60.601,68.293,49.594,65.79,68.816,73.229,69.621,75.153
48115,"Dawson County, Texas",9813,66.074,53.15,59.328,43.341,59.365,61.32,65.567,60.923,67.272
48117,"Deaf Smith County, Texas",12965,66.197,51.464,59.298,43.029,58.004,60.343,64.475,57.998,66.703
48119,"Delta County, Texas",3993,56.659,43.217,46.818,31.77,47.664,50.57,57.131,51.072,63.761
48121,"Denton County, Texas",601971,69.616,56.182,59.762,38.714,57.651,62.054,65.92,61.159,73.224
48123,"DeWitt County, Texas",15827,61.682,47.556,53.047,36.934,52.716,55.655,60.994,55.011,65.093
48125,"Dickens County, Texas",1735,64.095,49.967,54.677,39.502,56.942,58.444,63.832,58.288,65.308
48127,"Dimmit County, Texas",7469,73.791,61.81,70.91,51.555,65.916,68.556,71.802,70.491,74.231
48129,"Donley County, Texas",2702,60.929,46.488,50.553,34.775,52.431,54.819,61.041,54.336,64.895
48131,"Duval County, Texas",8393,79.017,68.447,76.466,57.34,72.458,74.999,78.1,76.275,76.97
48133,"Eastland County, Texas",14530,55.342,42.07,46.027,32.584,48.266,50.692,56.734,51.636,63.24
48135,"Ector County, Texas",110749,69.453,55.48,62.154,43.78,59.626,62.781,67.331,60.833,69.027
48137,"Edwards County, Texas",1708,71.514,58.36,64.335,47.915,65.114,66.336,70.637,66.226,69.409
48139,"Ellis County, Texas",123325,66.287,50.903,56.303,38.022,55.335,58.096,63.367,56.127,66.595
48141,"El Paso County, Texas",605180,78.3,64.164,72.682,56.002,68.571,72.135,77.681,72.212,76.959
48143,"Erath County, Texas",32737,59.833,48.016,50.774,35.345,52.293,54.879,60.35,54.813,64.952
48145,"Falls County, Texas",13626,64.705,51.63,57.926,41.727,57.701,59.602,64.839,60.585,68.19
48147,"Fannin County, Texas",26932,59.241,45.744,49.846,34.428,51.331,53.788,59.435,55.157,65.517
48149,"Fayette County, Texas",19860,52.98,45.265,49.586,32.733,52.944,54.801,61.373,39.709,65.287
48151,"Fisher County, Texas",3078,64.589,50.417,55.95,38.224,55.261,58.363,63.974,58.099,67.241
48153,"Floyd County, Texas",4302,63.282,49.78,55.87,40.234,55.818,58.073,62.839,56.665,65.383
48155,"Foard County, Texas",1146,61.214,47.104,51.584,35.256,51.903,54.473,60.479,56.395,65.495
48157,"Fort Bend County, Texas",533859,73.549,58.141,65.765,45.371,62.934,67.663,71.305,69.257,72.203
48159,"Franklin County, Texas",8079,59.796,45.074,49.137,33.6,50.472,53.302,59.438,53.444,64.276
48161,"Freestone County, Texas",15162,51.11,43.854,48.487,33.157,52.714,54.327,60.676,37.278,64.529
48163,"Frio County, Texas",14827,70.278,57.314,64.977,47.45,61.798,64.624,68.21,65.828,71.115
48165,"Gaines County, Texas",13037,61.169,49.876,55.256,40.65,57.758,58.192,63.078,55.472,64.59
48167,"Galveston County, Texas",246825,66.644,51.192,59.224,39.739,57.736,60.581,66.31,61.694,70.019
48169,"Garza County, Texas",5238,63.033,50.495,54.958,40.971,56.447,58.208,62.373,57.304,64.625
48171,"Gillespie County, Texas",21002,66.175,51.696,55.843,38.18,56.798,59.621,65.481,59.779,67.1
48173,"Glasscock County, Texas",1092,62.66,49.931,54.009,39.248,57.0,58.392,63.608,54.945,63.583
48175,"Goliad County, Texas",5913,58.727,49.843,55.945,38.284,58.909,60.266,66.502,43.818,67.685
48177,"Gonzales County, Texas",15091,65.578,51.972,57.988,42.437,58.613,60.142,64.793,60.015,66.859
48179,"Gray County, Texas",16866,57.854,44.12,48.323,34.358,50.079,52.274,57.803,51.628,62.317
48181,"Grayson County, Texas",97984,60.974,50.1,53.009,36.318,54.23,57.508,63.256,58.253,67.602
48183,"Gregg County, Texas",91511,62.106,47.462,53.791,37.304,54.079,57.189,62.005,56.006,67.18
48185,"Grimes County, Texas",21408,60.548,50.105,56.225,38.588,58.13,60.567,66.465,48.62,67.666
48187,"Guadalupe County, Texas",115260,66.542,50.39,57.736,40.037,55.821,59.524,64.955,58.465,68.503
48189,"Hale County, Texas",24755,65.562,50.882,57.134,41.631,57.236,59.328,63.709,58.351,66.516
48191,"Hall County, Texas",2360,65.118,51.382,56.846,39.013,56.176,59.055,64.578,58.649,66.709
48193,"Hamilton County, Texas",6562,62.226,48.8,52.498,36.586,54.701,56.444,63.093,58.011,65.959
48195,"Hansford County, Texas",3930,59.01,45.38,49.937,36.032,51.508,53.78,59.099,51.77,62.378
48197,"Hardeman County, Texas",3038,62.334,48.451,53.197,37.472,54.336,56.31,61.924,56.84,65.598
48199,"Hardin County, Texas",42386,57.08,42.103,45.856,31.211,47.022,49.779,56.686,50.418,63.255
48201,"Harris County, Texas",3362148,71.801,59.579,64.849,50.161,64.45,67.608,72.609,71.694,71.032
48203,"Harrison County, Texas",49599,60.143,45.97,52.084,35.487,52.546,55.82,61.959,52.704,67.692
48205,"Hartley County, Texas",4517,61.413,47.759,52.059,35.392,51.861,55.724,61.221,53.795,64.427
48207,"Haskell County, Texas",4690,64.132,51.13,56.267,38.007,55.172,58.163,63.854,58.232,66.73
48209,"Hays County, Texas",156653,76.344,61.085,66.651,44.842,62.326,67.275,72.423,69.927,74.445
48211,"Hemphill County, Texas",2759,63.215,49.997,53.797,38.652,56.349,57.795,63.357,57.08,64.887
48213,"Henderson County, Texas",62974,63.827,47.422,51.876,35.059,51.941,55.079,61.129,55.939,66.363
48215,"Hidalgo County, Texas",566969,78.95,67.723,74.012,52.959,69.26,72.192,73.7,67.62,74.103
48217,"Hill County, Texas",27099,62.16,50.506,53.095,36.082,53.409,56.158,62.247,55.972,66.94
48219,"Hockley County, Texas",17068,66.044,52.404,58.975,40.461,57.48,60.643,65.816,58.591,66.763
48221,"Hood County, Texas",44904,58.786,43.92,48.562,31.22,48.333,52.087,59.115,51.975,64.014
48223,"Hopkins County, Texas",27183,58.71,45.112,49.721,33.879,50.155,52.662,58.706,52.688,64.261
48225,"Houston County, Texas",18474,60.537,44.804,50.681,35.53,50.893,53.617,58.651,54.877,65.138
48227,"Howard County, Texas",28658,62.316,48.257,55.093,39.49,55.286,57.829,62.719,55.93,65.664
48229,"Hudspeth County, Texas",3134,70.857,59.655,66.656,50.455,65.98,66.962,70.505,65.917,69.808
48231,"Hunt County, Texas",70023,61.66,48.651,51.743,36.09,52.195,55.389,60.905,56.358,66.443
48233,"Hutchinson County, Texas",15974,57.249,45.555,49.937,34.191,50.623,53.449,59.518,49.634,63.06
48235,"Irion County, Texas",1168,58.3,43.873,47.978,33.382,49.369,52.18,58.109,51.534,63.046
48237,"Jack County, Texas",6976,49.452,41.079,45.038,30.623,48.81,50.259,56.922,37.354,61.624
48239,"Jackson County, Texas",11053,62.736,48.739,53.735,37.996,54.936,57.122,62.568,55.855,65.584
48241,"Jasper County, Texas",26912,59.26,43.499,48.276,34.003,50.136,51.866,57.391,53.325,64.074
48243,"Jeff Davis County, Texas",1810,73.001,58.964,64.422,43.805,62.762,66.09,71.303,67.697,71.593
48245,"Jefferson County, Texas",194260,70.353,48.868,57.839,41.97,56.821,61.057,65.016,61.687,70.544
48247,"Jim Hogg County, Texas",3625,77.721,65.245,73.962,55.752,70.262,72.223,75.425,74.021,75.495
48249,"Jim Wells County, Texas",29602,71.848,58.986,67.379,48.797,63.698,66.467,70.175,67.838,72.329
48251,"Johnson County, Texas",120758,63.261,48.538,53.984,33.78,50.237,54.562,60.152,54.406,65.085
48253,"Jones County, Texas",16392,62.874,48.938,53.881,38.837,55.092,57.389,62.39,56.707,65.573
48255,"Karnes County, Texas",12128,64.548,50.846,56.9,41.242,56.675,59.112,63.568,58.233,66.468
48257,"Kaufman County, Texas",85945,63.09,48.948,55.077,37.436,54.25,57.013,63.54,56.327,67.615
48259,"Kendall County, Texas",32128,64.761,48.665,53.05,36.325,54.148,57.326,62.894,56.662,65.549
48261,"Kenedy County, Texas",428,65.364,56.211,64.561,46.263,60.861,62.798,66.445,59.454,68.932
48263,"Kent County, Texas",582,61.75,47.95,51.939,36.369,54.04,55.829,61.894,56.101,65.129
48265,"Kerr County, Texas",41367,62.307,47.938,52.632,36.125,53.937,56.844,62.278,56.099,66.634
48267,"Kimble County, Texas",3519,62.659,48.61,52.804,37.438,55.119,56.834,62.676,56.66,64.69
48269,"King County, Texas",76,57.912,44.531,50.778,36.208,53.047,53.35,60.014,52.658,65.537
48271,"Kinney County, Texas",3020,65.542,52.516,58.163,41.812,57.276,59.803,64.34,59.942,67.21
48273,"Kleberg County, Texas",23718,75.36,61.687,69.5,49.818,65.823,69.059,72.95,70.007,74.248
48275,"Knox County, Texas",2711,62.621,48.392,53.508,38.09,54.554,56.633,62.03,56.539,65.369
48277,"Lamar County, Texas",37743,59.545,45.461,50.522,34.577,51.774,54.195,60.168,52.352,65.315
48279,"Lamb County, Texas",9556,59.509,52.047,58.679,40.193,60.409,61.843,67.594,43.803,67.209
48281,"Lampasas County, Texas",15909,63.434,49.183,53.646,37.028,54.621,57.259,62.952,58.158,66.189
48283,"La Salle County, Texas",5796,70.944,58.919,66.103,48.239,62.745,65.797,69.173,67.142,71.686
48285,"Lavaca County, Texas",15219,60.025,45.509,49.721,34.817,50.859,53.16,59.122,53.547,64.04
48287,"Lee County, Texas",13163,62.343,49.456,54.735,38.332,56.424,58.168,63.894,54.094,66.868
48289,"Leon County, Texas",13196,58.409,46.354,50.477,35.384,53.855,55.072,61.217,49.844,64.595
48291,"Liberty County, Texas",60815,59.663,43.612,48.82,34.532,49.809,52.269,57.128,53.964,64.325
48293,"Limestone County, Texas",18135,58.806,46.828,53.115,35.472,54.11,56.528,62.392,45.19,66.829
48295,"Lipscomb County, Texas",2540,57.399,43.909,47.928,33.581,49.099,51.718,57.343,50.936,62.22
48297,"Live Oak County, Texas",9692,60.413,47.296,52.356,37.508,53.398,55.493,60.553,54.932,64.061
48299,"Llano County, Texas",17619,65.512,51.764,56.124,36.633,56.131,59.237,65.418,59.494,67.474
48301,"Loving County, Texas",47,49.839,38.572,39.129,27.167,41.283,44.401,50.105,44.773,56.414
48303,"Lubbock County, Texas",228851,66.721,54.139,60.223,40.543,58.335,62.05,65.923,61.234,66.561
48305,"Lynn County, Texas",4270,64.747,51.484,56.809,41.023,57.888,59.708,64.711,58.135,66.143
48307,"McCulloch County, Texas",6231,60.079,45.973,51.02,35.825,51.675,54.176,59.689,54.001,63.753
48309,"McLennan County, Texas",186707,64.07,48.489,58.224,39.437,56.058,59.632,63.748,61.691,69.232
48311,"McMullen County, Texas",488,60.116,47.546,52.24,37.357,55.082,57.054,62.262,49.47,62.458
48313,"Madison County, Texas",11103,62.746,48.698,53.709,39.35,55.749,57.484,62.234,58.173,65.548
48315,"Marion County, Texas",8235,59.393,46.219,51.401,35.702,52.726,54.571,61.247,54.596,66.551
48317,"Martin County, Texas",3859,59.408,47.461,52.556,37.102,53.926,56.013,61.421,50.474,63.829
48319,"Mason County, Texas",3278,64.627,50.449,55.109,36.842,54.589,58.137,64.076,57.918,66.433
48321,"Matagorda County, Texas",27219,64.329,50.251,55.578,39.504,56.455,59.611,65.186,57.769,68.121
48323,"Maverick County, Texas",39642,77.976,65.55,74.456,55.988,70.316,72.416,75.49,74.427,75.854
48325,"Medina County, Texas",37815,67.745,53.634,59.51,41.566,57.844,60.709,65.518,60.694,68.424
48327,"Menard County, Texas",1819,68.194,54.428,58.942,43.319,61.25,62.542,67.578,62.945,67.381
48329,"Midland County, Texas",117929,64.899,48.45,55.449,38.352,54.044,56.908,61.284,54.197,65.399
48331,"Milam County, Texas",18593,58.663,47.458,53.917,36.683,55.221,57.109,63.044,50.356,66.612
48333,"Mills County, Texas",3812,60.848,47.256,51.23,35.077,52.33,54.633,60.872,55.286,64.774
48335,"Mitchell County, Texas",6925,58.953,45.397,50.565,37.154,51.83,54.476,59.44,52.621,63.104
48337,"Montague County, Texas",14968,57.264,43.397,46.999,31.397,47.647,50.207,57.252,50.682,63.152
48339,"Montgomery County, Texas",406797,67.737,49.465,54.524,36.568,53.67,57.106,61.292,59.742,67.012
48341,"Moore County, Texas",14882,65.662,52.1,57.638,42.556,58.614,60.081,64.322,58.591,65.857
48343,"Morris County, Texas",9583,57.423,45.149,50.639,34.7,53.075,55.109,61.181,45.678,66.921
48345,"Motley County, Texas",846,58.886,44.883,48.419,34.015,51.245,53.291,59.432,52.376,62.448
48347,"Nacogdoches County, Texas",50217,66.991,51.177,56.294,39.587,56.403,59.169,65.285,60.783,69.464
48349,"Navarro County, Texas",35837,63.728,49.72,55.635,38.277,54.942,57.887,63.058,58.334,67.127
48351,"Newton County, Texas",11178,59.899,45.669,51.122,35.903,52.654,54.324,59.975,54.052,65.783
48353,"Nolan County, Texas",11075,65.917,52.164,57.92,39.581,56.645,59.742,65.227,59.627,67.73
48355,"Nueces County, Texas",270484,74.258,60.077,67.208,46.386,62.604,67.175,72.304,68.138,75.147
48357,"Ochiltree County, Texas",7156,61.472,48.88,53.705,39.671,56.013,57.279,61.93,55.534,63.115
48359,"Oldham County, Texas",1326,60.196,47.764,51.437,36.397,54.412,55.526,61.562,54.861,63.841
48361,"Orange County, Texas",63185,58.801,45.108,50.423,32.943,50.586,53.555,60.68,50.037,65.361
48363,"Palo Pinto County, Texas",21636,62.281,48.371,52.83,35.699,52.979,55.406,61.996,56.165,65.823
48365,"Panola County, Texas",17863,50.707,41.898,47.205,31.389,50.883,52.64,59.363,36.905,64.142
48367,"Parker County, Texas",97613,58.221,44.705,49.975,33.196,50.278,54.078,60.463,53.002,64.699
48369,"Parmer County, Texas",6974,69.223,56.084,62.503,44.529,61.071,63.166,67.476,62.427,67.986
48371,"Pecos County, Texas",11936,68.366,56.818,63.638,45.211,60.967,63.878,68.076,64.253,69.86
48373,"Polk County, Texas",38035,62.347,48.145,52.889,36.282,53.048,55.43,60.723,56.977,65.948
48375,"Potter County, Texas",87537,65.562,52.647,59.037,40.974,57.541,59.951,66.26,55.542,68.056
48377,"Presidio County, Texas",5187,79.681,69.12,75.98,58.185,73.586,74.714,77.675,77.461,76.16
48379,"Rains County, Texas",9169,60.27,46.164,49.037,33.801,50.406,52.51,59.494,54.41,64.437
48381,"Randall County, Texas",100529,58.053,45.739,48.451,33.338,50.161,52.905,57.237,50.694,62.879
48383,"Reagan County, Texas",2640,66.172,52.833,59.329,42.913,58.787,61.227,65.808,58.752,66.253
48385,"Real County, Texas",2705,64.831,50.458,54.679,38.658,57.078,58.504,64.611,59.815,66.698
48387,"Red River County, Texas",9812,61.733,46.389,51.792,35.716,52.11,54.624,60.295,56.382,66.214
48389,"Reeves County, Texas",11798,72.434,59.409,66.885,49.091,64.048,66.59,70.269,68.464,72.18
48391,"Refugio County, Texas",5537,66.1,51.774,58.74,41.874,57.411,59.938,64.677,60.621,68.169
48393,"Roberts County, Texas",608,57.323,43.962,46.931,32.178,50.397,52.704,59.172,49.045,62.262
48395,"Robertson County, Texas",12827,63.846,48.545,57.272,39.783,58.479,59.802,65.854,52.633,68.619
48397,"Rockwall County, Texas",67938,67.748,51.01,55.5,36.994,54.853,58.634,64.74,59.834,67.655
48399,"Runnels County, Texas",7825,63.51,50.104,55.117,37.294,54.287,57.528,63.299,56.659,65.741
48401,"Rusk County, Texas",41344,53.486,43.871,49.561,33.67,52.332,54.149,60.133,40.621,65.088
48403,"Sabine County, Texas",8494,54.558,40.188,44.154,29.932,45.207,48.03,54.247,48.837,61.948
48405,"San Augustine County, Texas",6660,60.501,44.932,50.536,35.42,51.151,53.478,58.912,55.322,65.745
48407,"San Jacinto County, Texas",21698,59.397,45.054,49.789,34.964,50.999,52.89,58.656,54.39,64.935
48409,"San Patricio County, Texas",48852,67.355,55.036,61.798,42.879,58.755,61.836,66.376,59.882,69.855
48411,"San Saba County, Texas",4745,64.3,50.799,55.133,40.404,58.022,58.842,63.983,59.073,65.048
48413,"Schleicher County, Texas",2219,62.783,49.107,54.566,38.729,54.662,57.257,62.358,55.854,65.06
48415,"Scurry County, Texas",12937,60.607,47.647,52.237,37.552,53.953,55.856,61.163,53.344,64.128
48417,"Shackelford County, Texas",2526,56.357,42.674,46.313,31.569,48.04,50.701,57.121,49.871,62.234
48419,"Shelby County, Texas",18632,59.851,46.04,51.516,37.135,53.347,54.796,59.656,54.881,65.04
48421,"Sherman County, Texas",2347,63.766,51.228,55.875,38.382,56.155,58.687,64.375,56.218,65.646
48423,"Smith County, Texas",169328,64.672,47.446,54.46,36.911,53.66,56.717,61.507,59.454,67.948
48425,"Somervell County, Texas",6726,61.944,47.806,52.087,34.993,52.542,55.576,61.748,55.327,65.137
48427,"Starr County, Texas",42715,79.292,66.625,76.385,58.93,73.274,74.831,77.677,76.292,76.465
48429,"Stephens County, Texas",7263,60.351,45.326,50.617,34.412,50.728,53.596,59.291,53.475,63.901
48431,"Sterling County, Texas",814,60.736,47.016,52.02,37.594,53.835,55.997,61.325,53.261,63.438
48433,"Stonewall County, Texas",1077,56.886,42.681,47.004,32.019,47.378,50.435,56.575,50.772,63.821
48435,"Sutton County, Texas",2911,64.237,50.931,56.833,41.02,56.785,59.153,63.858,57.33,65.837
48437,"Swisher County, Texas",5583,61.631,49.5,53.806,38.672,54.582,57.07,62.255,55.177,64.833
48439,"Tarrant County, Texas",1479698,67.387,53.454,59.913,40.434,57.836,63.044,68.191,61.798,71.142
48441,"Taylor County, Texas",102670,60.627,50.21,55.192,37.624,54.385,58.037,63.51,58.241,67.339
48443,"Terrell County, Texas",368,64.998,50.764,54.891,39.081,54.158,58.624,62.359,57.203,65.418
48445,"Terry County, Texas",9175,66.67,53.543,59.313,43.858,60.032,61.423,66.006,61.385,67.178
48447,"Throckmorton County, Texas",1259,57.069,43.18,46.869,32.318,48.454,50.92,57.064,50.887,62.717
48449,"Titus County, Texas",23197,56.459,48.143,54.86,37.771,57.138,58.447,64.28,41.779,66.604
48451,"Tom Green County, Texas",89580,68.728,54.048,59.189,40.132,57.477,61.277,67.288,61.92,68.281
48453,"Travis County, Texas",933881,82.386,66.134,71.584,48.85,66.698,71.907,74.75,77.244,77.762
48455,"Trinity County, Texas",11619,61.036,46.333,51.041,35.248,52.032,54.254,60.256,55.999,65.658
48457,"Tyler County, Texas",17417,58.714,44.24,48.487,34.161,50.28,52.284,58.053,53.607,63.935
48459,"Upshur County, Texas",30901,58.493,43.532,49.195,33.594,49.944,52.232,58.199,53.05,63.937
48461,"Upton County, Texas",2578,57.76,47.823,54.031,38.259,55.606,57.309,62.691,45.774,65.33
48463,"Uvalde County, Texas",19633,70.575,57.308,64.801,46.033,61.578,64.508,68.804,65.271,70.941
48465,"Val Verde County, Texas",34955,75.788,62.844,70.17,51.513,66.578,68.877,72.409,69.607,73.212
48467,"Van Zandt County, Texas",41699,57.934,44.698,47.746,33.739,50.275,52.317,58.984,54.899,63.384
48469,"Victoria County, Texas",68398,67.021,54.228,61.267,42.895,59.57,63.678,67.923,63.8,69.912
48471,"Walker County, Texas",60664,66.374,50.905,56.553,39.555,55.974,59.696,64.256,60.337,69.126
48473,"Waller County, Texas",37799,69.575,53.871,60.939,42.616,59.232,62.094,66.566,62.579,70.622
48475,"Ward County, Texas",8420,66.367,53.368,59.796,41.293,57.749,61.035,66.129,58.84,67.95
48477,"Washington County, Texas",27082,58.661,44.535,49.71,35.618,51.933,55.094,60.899,54.238,64.633
48479,"Webb County, Texas",180734,78.718,65.593,74.674,54.911,69.431,72.356,75.996,73.845,75.928
48481,"Wharton County, Texas",30757,62.744,49.407,55.129,39.682,55.295,57.911,62.857,57.371,66.252
48483,"Wheeler County, Texas",4058,55.839,42.251,46.358,32.325,47.798,50.349,56.236,49.125,61.658
48485,"Wichita County, Texas",102067,66.406,51.039,56.001,38.409,56.366,59.804,64.798,60.757,68.782
48487,"Wilbarger County, Texas",9994,58.136,49.441,55.48,37.807,58.16,59.567,65.48,44.877,67.258
48489,"Willacy County, Texas",16470,74.001,61.34,69.828,51.156,65.415,68.236,71.702,70.078,74.048
48491,"Williamson County, Texas",388150,70.863,56.315,63.334,41.444,59.709,64.377,69.602,68.018,75.177
48493,"Wilson County, Texas",36405,66.482,52.859,58.456,40.099,57.055,60.362,65.767,60.561,68.254
48495,"Winkler County, Texas",5442,65.153,51.949,57.94,42.487,57.771,59.538,64.131,58.978,66.318
48497,"Wise County, Texas",48492,62.029,46.496,51.399,33.802,51.076,54.612,60.176,54.311,65.581
48499,"Wood County, Texas",35301,58.547,43.611,48.363,33.098,49.64,51.762,58.273,53.172,63.428
48501,"Yoakum County, Texas",5744,63.679,52.568,58.463,42.818,60.113,61.25,65.935,54.628,65.834
48503,"Young County, Texas",13725,57.874,44.162,48.162,33.235,49.825,52.158,58.286,51.47,63.145
48505,"Zapata County, Texas",9553,80.431,70.657,77.842,59.555,74.542,76.352,79.311,78.276,77.132
48507,"Zavala County, Texas",8548,75.548,62.925,71.77,53.338,67.309,69.819,73.014,71.864,74.52
49001,"Beaver County, Utah",4377,58.874,44.33,48.684,33.608,50.718,52.665,57.335,54.383,64.364
49003,"Box Elder County, Utah",35921,61.949,45.132,49.619,33.618,51.208,54.008,57.655,56.856,65.816
49005,"Cache County, Utah",84739,69.701,50.553,56.261,37.818,55.991,60.341,64.272,63.209,68.392
49007,"Carbon County, Utah",14927,59.277,44.874,51.76,34.401,52.036,54.048,59.366,52.459,66.956
49009,"Daggett County, Utah",485,63.752,49.285,52.584,36.701,55.664,57.058,61.701,60.263,66.92
49011,"Davis County, Utah",228931,64.974,46.253,51.073,34.64,52.998,56.636,60.301,60.7,69.233
49013,"Duchesne County, Utah",13322,57.866,43.062,48.15,32.446,49.205,51.324,56.685,51.672,64.014
49015,"Emery County, Utah",7130,50.003,41.388,45.851,30.349,50.747,51.877,57.74,37.327,63.712
49017,"Garfield County, Utah",3811,62.209,47.342,51.833,35.734,53.91,55.858,60.473,57.898,66.23
49019,"Grand County, Utah",7616,69.776,54.032,60.289,40.557,58.659,61.734,65.952,67.762,72.273
49021,"Iron County, Utah",35243,63.475,46.736,51.467,34.422,52.209,55.479,60.063,58.084,66.212
49023,"Juab County, Utah",7143,54.616,45.997,50.881,33.127,54.847,56.016,61.875,41.867,66.394
49025,"Kane County, Utah",5640,58.74,46.185,51.313,33.691,53.317,55.666,61.009,50.206,67.156
49027,"Millard County, Utah",8771,52.444,44.2,48.905,33.211,54.404,55.046,60.26,40.001,64.705
49029,"Morgan County, Utah",7328,58.276,42.837,47.183,30.435,47.858,51.33,56.718,51.907,63.904
49031,"Piute County, Utah",1462,56.144,41.975,45.305,31.243,47.946,49.621,54.652,52.419,62.933
49033,"Rich County, Utah",1496,59.865,44.808,49.044,33.417,51.455,53.623,58.6,54.532,65.079
49035,"Salt Lake County, Utah",809049,75.342,58.889,68.209,44.788,62.527,66.099,70.157,72.933,74.952
49037,"San Juan County, Utah",10423,65.462,53.688,60.654,41.841,60.834,63.536,66.77,58.25,70.867
49039,"Sanpete County, Utah",21592,61.564,46.485,50.835,35.481,53.195,55.104,59.679,57.504,65.398
49041,"Sevier County, Utah",14758,57.951,43.117,47.242,31.658,48.336,51.009,55.257,53.516,63.157
49043,"Summit County, Utah",30207,76.711,61.46,67.728,43.077,63.318,68.373,72.66,73.139,76.394
49045,"Tooele County, Utah",43278,66.679,50.825,55.422,37.357,55.402,58.047,63.58,59.934,68.298
49047,"Uintah County, Utah",24065,56.54,45.415,50.383,32.959,51.697,54.167,59.183,48.17,64.993
49049,"Utah County, Utah",388582,62.665,49.164,53.018,35.26,53.707,56.677,60.995,59.659,65.006
49051,"Wasatch County, Utah",20704,65.626,48.278,53.754,35.475,53.539,57.535,61.715,60.542,68.795
49053,"Washington County, Utah",116858,59.765,46.197,50.031,33.603,51.49,54.527,58.612,57.074,66.286
49055,"Wayne County, Utah",1993,63.092,47.663,52.506,35.62,53.735,56.197,60.868,59.235,66.807
49057,"Weber County, Utah",176462,69.251,53.551,60.288,39.58,55.939,60.497,64.762,62.725,70.619
50001,"Addison County, Vermont",30466,75.383,61.459,67.268,42.242,64.35,68.284,75.51,72.683,79.213
50003,"Bennington County, Vermont",28998,73.48,59.375,64.618,40.481,62.416,66.182,73.44,71.85,78.181
50005,"Caledonia County, Vermont",24421,70.522,57.794,65.079,39.033,61.246,65.082,73.092,70.433,77.89
50007,"Chittenden County, Vermont",132583,74.451,62.285,69.481,41.795,65.656,70.646,77.683,75.686,80.364
50009,"Essex County, Vermont",5095,65.194,52.023,57.205,36.44,57.181,59.69,67.832,63.409,73.599
50011,"Franklin County, Vermont",37885,68.235,53.804,59.388,36.631,57.531,60.959,69.041,66.769,75.44
50013,"Grand Isle County, Vermont",5730,73.677,59.984,65.869,40.148,62.741,67.363,74.79,70.777,78.172
50015,"Lamoille County, Vermont",20016,72.691,59.348,65.443,41.092,62.939,67.307,74.581,73.023,79.075
50017,"Orange County, Vermont",23491,75.051,59.71,66.192,40.755,63.144,67.862,75.308,71.616,79.481
50019,"Orleans County, Vermont",21626,71.15,55.891,62.109,39.088,60.34,63.997,71.914,68.137,75.623
50021,"Rutland County, Vermont",48677,69.29,55.434,61.05,37.227,59.47,63.439,71.668,67.261,75.984
50023,"Washington County, Vermont",47239,76.578,63.54,67.868,42.778,65.243,69.945,77.054,74.699,79.463
50025,"Windham County, Vermont",35221,77.596,64.428,70.412,43.637,66.269,70.768,77.791,75.683,80.558
50027,"Windsor County, Vermont",45181,73.261,59.402,66.149,40.103,62.477,66.726,73.738,73.167,78.632
51001,"Accomack County, Virginia",25861,67.671,52.832,58.892,41.182,58.572,62.285,67.363,64.33,71.861
51003,"Albemarle County, Virginia",84622,77.75,61.418,66.831,43.669,62.981,68.47,74.936,73.488,78.294
51005,"Alleghany County, Virginia",12346,61.134,46.429,50.839,33.02,50.175,54.662,61.682,57.374,68.885
51007,"Amelia County, Virginia",10077,61.758,46.347,52.802,35.822,52.464,56.083,61.969,58.542,68.59
51009,"Amherst County, Virginia",25562,66.708,49.426,55.79,37.132,54.628,59.151,65.958,60.824,70.686
51011,"Appomattox County, Virginia",12234,63.046,47.714,52.963,36.236,53.894,57.528,63.463,59.731,68.853
51013,"Arlington County, Virginia",191026,83.652,71.018,75.989,50.969,70.705,76.206,81.741,79.265,80.474
51015,"Augusta County, Virginia",60123,61.639,47.489,52.059,33.033,50.736,56.192,63.035,56.312,67.837
51017,"Bath County, Virginia",3680,61.109,46.492,50.395,33.331,50.789,54.835,61.905,57.348,68.383
51019,"Bedford County, Virginia",62144,62.6,46.182,50.87,33.962,51.161,56.048,62.676,56.16,67.302
51021,"Bland County, Virginia",5398,54.013,40.865,43.6,28.582,45.38,49.543,57.34,49.455,64.59
51023,"Botetourt County, Virginia",26649,58.757,46.016,49.1,31.494,49.304,54.321,60.945,55.594,67.83
51025,"Brunswick County, Virginia",13863,70.86,52.982,61.875,43.815,59.662,63.772,68.175,67.079,74.581
51027,"Buchanan County, Virginia",18159,56.104,42.746,46.63,30.924,46.986,50.634,57.756,53.126,65.623
51029,"Buckingham County, Virginia",13824,68.228,52.087,58.793,40.669,56.694,61.327,66.978,64.843,72.186
51031,"Campbell County, Virginia",44148,64.116,48.353,53.227,34.083,51.775,56.636,63.073,57.924,69.035
51033,"Caroline County, Virginia",23226,70.876,53.622,61.267,41.169,58.748,63.146,70.037,67.026,74.387
51035,"Carroll County, Virginia",24147,61.204,48.048,50.914,32.589,50.989,54.437,62.767,57.232,68.059
51036,"Charles City County, Virginia",5896,71.949,54.995,64.105,45.138,61.766,65.685,69.996,68.025,75.272
51037,"Charlotte County, Virginia",9497,62.795,52.375,59.538,39.621,61.315,63.845,70.254,50.033,72.959
51041,"Chesterfield County, Virginia",257653,70.389,54.726,60.658,40.601,58.716,64.679,71.027,64.833,73.753
51043,"Clarke County, Virginia",11343,70.065,54.533,60.171,37.328,56.798,62.494,69.013,65.107,73.315
51045,"Craig County, Virginia",4229,60.135,44.854,48.755,32.036,49.548,53.179,61.02,55.542,67.588
51047,"Culpeper County, Virginia",37747,67.508,52.175,57.606,38.83,56.317,60.979,66.999,62.925,70.846
51049,"Cumberland County, Virginia",7812,68.476,52.16,59.206,40.803,58.444,62.205,67.576,64.106,72.511
51051,"Dickenson County, Virginia",12004,56.548,44.246,47.191,30.791,47.256,51.262,58.329,53.951,66.052
51053,"Dinwiddie County, Virginia",22510,64.829,49.318,55.173,38.254,53.985,58.679,64.327,61.316,71.211
51057,"Essex County, Virginia",8778,67.919,51.0,58.828,40.272,56.481,60.98,66.124,63.736,73.2
51059,"Fairfax County, Virginia",873026,77.657,65.439,71.82,50.703,68.659,74.248,75.429,76.509,76.69
51061,"Fauquier County, Virginia",52794,67.955,52.457,57.213,36.726,55.921,61.455,67.628,62.343,70.998
51063,"Floyd County, Virginia",12530,66.73,52.389,56.521,36.329,55.189,59.976,66.975,62.324,71.268
51065,"Fluvanna County, Virginia",20988,69.604,52.306,58.05,39.644,59.114,63.722,69.107,63.734,72.927
51067,"Franklin County, Virginia",45351,68.102,51.801,57.164,35.692,54.745,58.963,66.285,60.048,71.203
51069,"Frederick County, Virginia",65369,63.51,47.95,53.051,34.726,53.277,58.823,64.252,60.427,70.221
51071,"Giles County, Virginia",13323,58.707,44.399,48.211,31.425,48.943,53.143,59.77,54.183,66.465
51073,"Gloucester County, Virginia",29675,63.796,48.968,53.393,35.42,53.213,57.67,64.975,58.451,68.913
51075,"Goochland County, Virginia",18338,65.77,50.382,55.773,36.418,55.203,60.16,65.984,61.25,70.874
51077,"Grayson County, Virginia",13097,58.914,44.755,48.577,32.643,49.58,53.262,60.151,54.972,66.613
51079,"Greene County, Virginia",14736,66.974,49.297,54.695,36.003,54.164,58.733,65.465,62.323,69.94
51081,"Greensville County, Virginia",9775,69.689,52.585,61.212,44.441,60.096,63.595,67.605,67.291,73.826
51083,"Halifax County, Virginia",27635,65.979,50.216,58.266,38.917,57.166,61.276,67.038,57.357,72.166
51085,"Hanover County, Virginia",81055,65.935,48.47,54.446,34.465,53.301,58.683,64.9,59.274,70.134
51087,"Henrico County, Virginia",250448,69.69,58.328,64.118,44.214,61.494,66.593,72.927,68.239,76.152
51089,"Henry County, Virginia",41454,63.554,46.495,52.366,36.052,52.092,56.568,62.558,58.406,69.107
51091,"Highland County, Virginia",1924,63.777,48.947,52.568,34.572,53.192,57.196,64.242,60.35,69.195
51093,"Isle of Wight County, Virginia",28715,67.527,50.313,56.476,36.256,53.402,59.392,65.394,60.896,71.211
51095,"James City County, Virginia",59033,72.345,56.187,60.994,38.452,57.65,63.667,69.844,67.238,73.86
51097,"King and Queen County, Virginia",5731,64.918,48.666,55.013,37.523,54.244,58.481,64.142,60.472,70.633
51099,"King George County, Virginia",19274,67.117,51.635,55.986,37.273,55.379,61.082,67.379,62.059,71.277
51101,"King William County, Virginia",12686,62.527,46.758,52.103,34.277,51.142,56.131,62.514,57.434,69.098
51103,"Lancaster County, Virginia",9126,70.553,53.863,60.8,39.149,57.402,63.143,68.962,65.411,73.713
51105,"Lee County, Virginia",19554,59.109,45.193,49.144,32.394,49.358,53.372,60.401,55.359,66.663
51107,"Loudoun County, Virginia",274158,75.863,63.564,68.481,45.365,64.592,71.366,77.182,73.786,77.221
51109,"Louisa County, Virginia",28092,64.516,50.513,55.173,37.699,55.582,59.259,65.567,61.788,70.57
51111,"Lunenburg County, Virginia",9979,66.785,50.652,57.512,40.722,57.535,60.69,65.916,63.426,71.199
51113,"Madison County, Virginia",10411,64.978,50.183,54.929,37.014,55.518,59.307,65.486,61.206,70.481
51115,"Mathews County, Virginia",7461,68.061,52.507,57.557,37.063,56.25,61.365,67.825,63.121,71.426
51117,"Mecklenburg County, Virginia",25046,69.653,52.997,60.308,41.102,58.103,62.109,67.339,64.703,72.408
51119,"Middlesex County, Virginia",9006,68.182,53.796,57.991,37.109,55.703,61.357,67.524,61.602,72.173
51121,"Montgomery County, Virginia",82638,74.604,57.395,62.922,40.294,59.975,66.096,72.138,66.603,74.518
51125,"Nelson County, Virginia",12099,73.525,58.719,64.426,42.254,61.846,66.568,72.532,70.002,75.47
51127,"New Kent County, Virginia",16721,63.159,48.728,53.131,35.056,52.697,57.273,63.474,58.942,69.409
51131,"Northampton County, Virginia",9586,73.208,55.497,63.977,45.423,62.654,66.144,70.846,70.171,74.836
51133,"Northumberland County, Virginia",10380,65.782,48.922,54.805,37.358,54.672,59.051,64.68,60.147,70.423
51135,"Nottoway County, Virginia",12499,67.117,50.312,57.635,40.46,56.52,60.368,65.479,63.169,71.587
51137,"Orange County, Virginia",27848,68.255,51.681,56.755,38.203,55.56,60.482,66.917,63.538,71.62
51139,"Page County, Virginia",18907,63.259,49.252,53.143,35.2,53.429,57.053,64.062,60.034,69.355
51141,"Patrick County, Virginia",14702,60.844,45.349,50.017,32.802,49.191,53.564,60.725,54.62,67.073
51143,"Pittsylvania County, Virginia",49647,64.156,47.976,52.648,36.401,52.966,57.147,62.954,60.037,68.112
51145,"Powhatan County, Virginia",23374,62.772,47.024,51.101,33.576,51.475,57.083,64.087,56.294,68.419
51147,"Prince Edward County, Virginia",19221,71.209,54.191,60.989,42.159,59.733,63.956,69.33,67.363,74.157
51149,"Prince George County, Virginia",29711,67.57,51.269,57.384,39.438,56.227,60.877,66.459,61.401,71.931
51153,"Prince William County, Virginia",330795,73.283,58.51,66.294,45.395,64.346,68.972,73.366,71.276,75.382
51155,"Pulaski County, Virginia",28056,63.904,47.002,52.005,33.452,50.513,55.626,62.646,56.614,68.867
51157,"Rappahannock County, Virginia",6022,68.299,52.884,57.717,37.959,57.157,61.608,68.054,64.504,72.028
51159,"Richmond County, Virginia",7381,68.222,52.122,58.117,41.23,58.614,61.999,67.386,64.253,71.674
51161,"Roanoke County, Virginia",74566,67.581,50.842,55.424,35.157,53.489,59.542,66.821,62.089,71.553
51163,"Rockbridge County, Virginia",18488,63.256,48.329,52.648,34.105,52.027,56.638,63.476,59.424,69.611
51165,"Rockingham County, Virginia",61730,63.295,49.277,51.804,34.446,53.24,57.882,66.496,58.557,68.949
51167,"Russell County, Virginia",22149,59.467,45.058,47.924,31.384,49.079,52.675,59.831,52.409,65.015
51169,"Scott County, Virginia",17947,56.111,43.874,46.612,30.224,47.211,51.389,58.499,51.773,65.297
51171,"Shenandoah County, Virginia",33885,65.547,49.012,53.629,36.088,53.621,58.456,65.205,60.761,70.229
51173,"Smyth County, Virginia",24968,62.218,46.639,50.401,32.966,50.294,54.128,61.613,56.44,68.062
51175,"Southampton County, Virginia",14510,65.975,49.294,55.893,38.695,55.523,59.635,65.135,60.997,71.028
51177,"Spotsylvania County, Virginia",98311,69.566,55.221,60.417,40.238,59.006,62.314,68.56,64.646,72.329
51179,"Stafford County, Virginia",105985,73.167,58.5,62.087,42.091,61.826,66.401,71.85,69.681,75.217
51181,"Surry County, Virginia",5429,70.877,53.597,61.415,43.575,60.523,64.058,68.955,66.595,74.309
51183,"Sussex County, Virginia",9728,70.977,53.628,62.356,44.708,60.589,64.314,68.488,67.781,74.296
51185,"Tazewell County, Virginia",33987,58.06,44.122,46.092,30.665,47.301,50.7,57.539,52.673,66.474
51187,"Warren County, Virginia",30694,65.106,52.318,56.536,37.591,56.361,60.894,66.963,61.98,70.997
51191,"Washington County, Virginia",44253,61.224,45.884,50.382,32.782,50.424,54.883,62.078,56.779,67.803
51193,"Westmoreland County, Virginia",14311,68.681,52.421,59.66,40.806,58.158,62.158,67.533,65.428,72.542
51195,"Wise County, Virginia",31271,60.556,46.875,51.965,33.255,50.691,55.428,62.177,55.35,67.609
51197,"Wythe County, Virginia",23140,59.611,44.751,48.53,31.942,49.534,53.804,60.831,54.884,66.718
51199,"York County, Virginia",51323,67.893,52.378,57.64,37.361,55.759,61.608,67.535,61.373,71.729
51510,"Alexandria city, Virginia",127841,85.795,71.357,76.653,53.043,72.285,77.027,81.22,80.743,81.207
51520,"Bristol city, Virginia",13386,66.644,51.79,56.315,36.646,55.095,59.752,66.549,62.582,70.909
51530,"Buena Vista city, Virginia",5193,62.819,47.408,52.211,34.833,52.005,56.13,62.805,59.639,69.372
51540,"Charlottesville city, Virginia",39658,81.413,66.955,73.093,49.162,69.487,74.493,79.203,78.288,79.897
51550,"Chesapeake city, Virginia",180055,73.263,53.729,61.207,40.64,57.892,63.003,68.009,66.935,75.418
51570,"Colonial Heights city, Virginia",13559,64.518,48.831,54.077,35.121,52.516,57.836,64.304,58.934,69.978
51580,"Covington city, Virginia",4510,62.497,46.77,52.26,34.481,50.648,55.317,61.713,59.339,70.137
51590,"Danville city, Virginia",32404,72.466,54.603,63.553,45.118,61.717,66.153,70.552,68.701,75.355
51595,"Emporia city, Virginia",3968,75.802,56.209,66.704,50.307,65.466,68.155,71.125,72.656,76.35
51600,"Fairfax city, Virginia",18440,80.38,66.438,72.006,48.465,68.312,73.927,78.561,76.718,79.013
51610,"Falls Church city, Virginia",10464,81.65,66.915,72.766,48.751,69.667,75.23,80.262,77.806,79.788
51620,"Franklin city, Virginia",6227,71.395,52.578,61.967,43.808,59.095,63.463,67.661,67.77,74.838
51630,"Fredericksburg city, Virginia",22527,79.398,63.625,70.8,48.636,67.579,72.247,77.148,76.126,79.016
51640,"Galax city, Virginia",5315,65.056,51.39,56.989,37.793,55.427,59.53,65.695,63.102,70.684
51650,"Hampton city, Virginia",106716,77.67,58.152,67.32,46.137,63.305,69.074,73.217,72.745,77.995
51660,"Harrisonburg city, Virginia",44592,76.006,62.219,68.299,46.256,65.592,70.184,75.277,74.827,77.878
51670,"Hopewell city, Virginia",16740,70.817,54.075,62.378,43.933,60.661,64.25,69.136,66.821,74.527
51678,"Lexington city, Virginia",6482,76.916,62.002,66.998,45.835,65.613,69.617,75.161,75.414,77.585
51680,"Lynchburg city, Virginia",64614,72.866,57.166,64.137,42.896,61.349,66.6,71.979,68.285,74.429
51683,"Manassas city, Virginia",30293,75.185,61.551,67.181,47.038,64.552,69.044,73.461,72.688,75.783
51685,"Manassas Park city, Virginia",12229,80.371,64.87,73.363,53.03,69.834,73.971,78.16,76.684,78.981
51690,"Martinsville city, Virginia",9988,73.992,56.541,64.374,46.081,62.488,66.329,70.74,70.453,75.432
51700,"Newport News city, Virginia",138300,78.71,62.605,68.955,46.983,64.419,69.329,75.915,72.902,77.973
51710,"Norfolk city, Virginia",196794,77.478,63.343,70.435,49.787,67.075,71.777,76.663,73.261,78.4
51720,"Norton city, Virginia",3068,60.776,45.992,51.342,31.364,47.903,54.213,61.45,56.277,68.929
51730,"Petersburg city, Virginia",25026,79.146,60.973,71.403,51.772,67.659,70.931,74.258,73.736,78.478
51735,"Poquoson city, Virginia",9377,59.001,45.629,49.922,30.986,48.615,54.049,61.908,55.009,67.23
51740,"Portsmouth city, Virginia",72900,74.535,57.906,66.4,46.582,63.215,68.593,73.184,71.439,77.511
51750,"Radford city, Virginia",15769,71.178,56.082,60.751,40.663,59.567,64.235,70.148,68.765,74.313
51760,"Richmond city, Virginia",183783,82.421,65.267,73.208,50.54,68.343,73.793,78.194,76.372,80.125
51770,"Roanoke city, Virginia",77762,75.253,57.47,66.386,43.812,62.278,67.171,71.572,71.494,76.676
51775,"Salem city, Virginia",20601,66.166,50.407,55.227,35.916,53.837,58.945,65.661,61.631,70.959
51790,"Staunton city, Virginia",19776,71.327,54.258,60.786,39.391,57.004,62.347,68.572,66.754,74.331
51800,"Suffolk city, Virginia",67189,70.871,54.382,61.737,41.399,58.665,63.897,68.868,66.894,74.876
51810,"Virginia Beach city, Virginia",349083,70.031,54.726,58.133,39.747,57.052,62.279,66.567,64.803,73.465
51820,"Waynesboro city, Virginia",16908,66.946,52.277,57.371,37.344,55.105,60.595,66.902,64.137,72.472
51830,"Williamsburg city, Virginia",13171,78.701,63.526,69.561,48.497,68.014,72.25,77.012,75.842,78.732
51840,"Winchester city, Virginia",21421,75.721,62.404,68.213,46.22,65.982,70.25,75.261,74.549,77.006
53001,"Adams County, Washington",12611,69.327,57.218,63.587,45.674,64.447,66.963,71.973,65.394,69.362
53003,"Asotin County, Washington",17695,64.867,49.05,54.0,34.231,53.848,58.259,65.297,61.783,69.002
53005,"Benton County, Washington",142119,66.821,51.308,55.199,36.486,56.777,61.488,68.067,63.644,68.984
53007,"Chelan County, Washington",57638,67.896,54.584,60.407,40.27,60.642,64.898,70.854,66.153,71.404
53009,"Clallam County, Washington",61519,73.145,56.294,62.202,39.927,59.663,64.954,72.355,68.75,73.04
53011,"Clark County, Washington",350739,70.994,57.153,64.497,41.281,60.627,66.511,73.813,69.926,73.33
53013,"Columbia County, Washington",3215,69.106,53.709,57.952,39.696,61.261,64.305,70.95,65.392,69.645
53015,"Cowlitz County, Washington",80999,68.615,53.648,60.342,39.067,58.533,63.693,70.753,65.701,71.964
53017,"Douglas County, Washington",30516,67.973,52.06,56.948,37.8,57.5,61.293,67.767,64.347,69.38
53019,"Ferry County, Washington",6222,71.782,57.671,62.681,42.625,63.984,67.33,73.497,68.556,72.278
53021,"Franklin County, Washington",60745,63.786,54.411,59.27,42.701,61.026,63.924,68.955,64.529,68.894
53023,"Garfield County, Washington",1695,64.446,49.512,53.304,35.694,56.619,60.18,67.198,61.122,67.817
53025,"Grant County, Washington",66556,67.411,53.41,59.592,42.022,61.196,64.39,69.537,64.726,68.687
53027,"Grays Harbor County, Washington",57009,69.151,53.292,58.708,38.592,58.687,62.677,68.843,66.674,71.43
53029,"Island County, Washington",66565,71.102,59.006,63.803,42.36,63.091,68.269,74.693,72.614,75.464
53031,"Jefferson County, Washington",26928,76.006,59.455,65.997,42.064,63.782,69.11,75.363,73.716,76.365
53033,"King County, Washington",1717879,82.758,67.883,72.408,46.894,70.661,76.161,82.991,77.568,78.227
53035,"Kitsap County, Washington",208111,74.237,59.484,66.064,43.164,64.665,69.397,74.898,71.13,74.929
53037,"Kittitas County, Washington",37015,72.345,56.75,62.0,39.577,61.156,65.825,73.155,67.712,72.634
53039,"Klickitat County, Washington",17171,70.112,55.132,60.316,40.354,61.289,65.056,71.582,65.996,71.439
53041,"Lewis County, Washington",60294,63.586,48.102,54.612,35.642,55.952,59.878,66.843,56.984,68.443
53043,"Lincoln County, Washington",8196,66.717,51.564,55.592,37.774,59.14,62.158,69.091,62.688,68.565
53045,"Mason County, Washington",50444,67.735,54.307,61.341,39.278,59.938,64.436,70.237,68.301,73.135
53047,"Okanogan County, Washington",32075,69.816,55.2,59.894,40.087,59.925,64.029,70.711,65.305,70.702
53049,"Pacific County, Washington",17672,68.119,53.631,59.33,38.509,58.693,63.344,69.798,66.597,71.747
53051,"Pend Oreille County, Washington",10619,65.637,50.718,55.429,36.109,56.557,60.733,67.819,61.804,69.221
53053,"Pierce County, Washington",655903,72.841,56.371,61.595,40.289,62.554,67.504,73.44,71.229,73.333
53055,"San Juan County, Washington",14239,79.388,63.956,69.617,45.28,67.724,72.961,78.148,77.79,78.284
53057,"Skagit County, Washington",96381,74.595,58.825,64.497,40.86,61.661,67.053,73.348,68.839,73.793
53059,"Skamania County, Washington",9374,67.698,52.615,57.776,38.161,58.379,62.893,69.782,64.912,71.562
53061,"Snohomish County, Washington",606326,78.077,65.014,68.138,43.953,65.571,69.872,77.773,72.786,77.784
53063,"Spokane County, Washington",386685,70.662,50.71,58.418,39.176,59.525,64.511,72.257,67.225,71.658
53065,"Stevens County, Washington",34551,66.495,52.989,56.987,36.74,56.805,61.479,69.64,62.833,70.677
53067,"Thurston County, Washington",214882,72.476,56.133,66.087,40.373,61.936,67.918,73.048,68.309,75.352
53069,"Wahkiakum County, Washington",3488,66.264,50.524,55.682,36.51,56.356,60.642,67.663,63.247,69.97
53071,"Walla Walla County, Washington",47351,74.062,57.478,63.626,41.892,63.101,66.87,73.957,69.355,73.327
53073,"Whatcom County, Washington",173855,77.904,61.394,67.385,43.228,64.357,70.449,76.58,73.578,76.854
53075,"Whitman County, Washington",41276,76.138,59.991,65.351,44.436,66.096,70.46,75.511,70.847,74.231
53077,"Yakima County, Washington",174900,69.381,57.868,63.836,43.986,62.046,65.915,72.04,67.654,71.102
54001,"Barbour County, West Virginia",13360,63.181,49.465,53.672,34.081,52.488,56.391,63.132,58.072,69.45
54003,"Berkeley County, West Virginia",86534,65.159,48.871,55.747,34.905,52.641,57.225,62.973,58.621,69.67
54005,"Boone County, West Virginia",17825,56.755,43.172,47.14,31.192,47.646,50.361,57.168,53.352,66.637
54007,"Braxton County, West Virginia",11422,61.435,47.136,51.343,34.079,51.603,54.32,60.932,58.645,68.641
54009,"Brooke County, West Virginia",18653,57.248,44.917,51.094,31.141,51.449,54.423,62.035,45.263,69.528
54011,"Cabell County, West Virginia",76401,68.695,51.464,56.637,35.241,53.899,58.369,65.052,61.894,70.966
54013,"Calhoun County, West Virginia",5918,59.352,45.268,48.861,32.931,50.155,52.455,59.166,56.476,66.949
54015,"Clay County, West Virginia",6798,61.082,47.938,51.663,35.51,53.615,54.977,61.367,58.921,67.992
54017,"Doddridge County, West Virginia",7131,62.274,48.285,51.568,34.721,53.386,55.797,62.331,58.201,67.423
54019,"Fayette County, West Virginia",34994,61.846,47.864,53.067,35.089,52.179,55.527,62.054,59.732,69.879
54021,"Gilmer County, West Virginia",6983,63.928,49.151,53.531,35.636,53.285,56.963,63.136,59.168,69.314
54023,"Grant County, West Virginia",9429,50.424,42.534,46.363,30.166,50.565,51.805,59.341,37.485,65.278
54025,"Greenbrier County, West Virginia",28352,63.317,47.281,51.774,34.371,52.123,55.217,62.198,58.943,69.205
54027,"Hampshire County, West Virginia",18887,60.007,44.846,49.467,32.778,50.13,52.835,59.546,55.116,66.487
54029,"Hancock County, West Virginia",23959,60.918,46.434,51.196,32.034,50.79,55.117,62.754,52.971,69.059
54031,"Hardy County, West Virginia",10997,62.028,47.449,50.953,33.752,50.894,53.428,60.254,56.685,67.64
54033,"Harrison County, West Virginia",53546,59.493,47.504,52.048,32.678,52.338,55.837,62.839,51.768,68.908
54035,"Jackson County, West Virginia",22723,60.964,46.912,51.005,32.613,50.652,54.315,61.218,56.257,68.528
54037,"Jefferson County, West Virginia",43461,69.508,53.894,59.37,38.427,57.042,61.475,67.523,65.14,72.955
54039,"Kanawha County, West Virginia",148149,66.927,51.929,58.649,35.654,55.244,59.323,66.058,60.633,73.196
54041,"Lewis County, West Virginia",12774,62.226,44.106,50.119,31.873,49.778,52.874,60.22,56.233,68.002
54043,"Lincoln County, West Virginia",16342,57.185,44.667,47.732,31.838,48.407,51.075,58.376,54.671,67.112
54045,"Logan County, West Virginia",26811,57.027,44.549,47.665,31.838,48.943,51.347,57.725,53.914,66.641
54047,"McDowell County, West Virginia",15275,57.654,43.907,49.139,32.967,48.745,51.2,57.507,55.078,66.976
54049,"Marion County, West Virginia",45175,65.276,50.165,54.721,34.004,52.483,58.024,63.995,60.001,71.3
54051,"Marshall County, West Virginia",25324,57.397,45.234,49.939,30.877,49.074,53.008,60.035,49.518,68.174
54053,"Mason County, West Virginia",21330,49.294,41.3,47.903,29.643,50.017,52.062,59.546,38.937,67.656
54055,"Mercer County, West Virginia",48049,61.189,45.217,49.53,33.485,50.065,53.561,59.468,54.928,67.345
54057,"Mineral County, West Virginia",21711,58.908,46.271,50.465,31.462,50.085,54.087,61.079,52.919,68.641
54059,"Mingo County, West Virginia",19227,57.015,43.164,47.127,31.77,47.986,50.43,57.153,52.996,65.63
54061,"Monongalia County, West Virginia",88101,70.812,54.795,61.12,38.258,58.314,62.649,69.366,64.479,73.584
54063,"Monroe County, West Virginia",10797,60.144,46.142,49.828,33.604,51.123,53.444,60.003,56.7,67.594
54065,"Morgan County, West Virginia",14329,62.455,47.327,51.563,33.57,51.751,55.095,61.44,58.308,68.233
54067,"Nicholas County, West Virginia",20197,58.228,43.046,47.52,30.842,47.287,50.886,57.79,53.687,66.872
54069,"Ohio County, West Virginia",34416,65.396,49.813,54.375,35.163,53.665,57.813,64.326,60.176,70.468
54071,"Pendleton County, West Virginia",5787,64.506,50.461,54.451,36.614,55.28,57.504,63.944,61.411,69.788
54073,"Pleasants County, West Virginia",6076,51.679,43.932,48.21,28.322,49.042,52.775,60.884,37.984,67.752
54075,"Pocahontas County, West Virginia",7051,62.272,47.874,51.787,34.41,52.47,55.118,61.711,59.14,68.892
54077,"Preston County, West Virginia",27289,61.751,47.46,51.385,34.551,52.251,54.991,61.523,56.775,68.288
54079,"Putnam County, West Virginia",43814,56.748,45.068,49.456,30.581,49.922,53.86,61.042,46.374,68.394
54081,"Raleigh County, West Virginia",60316,60.701,45.985,48.698,33.148,51.143,53.982,60.297,58.147,67.249
54083,"Randolph County, West Virginia",23500,62.888,47.929,52.805,34.25,52.342,55.537,61.813,59.927,69.187
54085,"Ritchie County, West Virginia",7951,56.275,42.939,46.613,30.009,47.784,50.919,58.139,48.877,65.488
54087,"Roane County, West Virginia",11123,61.516,47.229,51.431,34.453,52.081,54.516,61.109,58.979,68.365
54089,"Summers County, West Virginia",10777,61.803,47.15,52.0,33.291,50.541,54.478,61.209,57.523,69.396
54091,"Taylor County, West Virginia",13479,57.961,43.628,47.477,30.331,47.194,51.177,57.587,55.15,67.681
54093,"Tucker County, West Virginia",5865,59.059,45.28,48.896,32.398,49.978,52.827,59.401,56.407,67.88
54095,"Tyler County, West Virginia",7142,59.82,45.909,49.571,31.034,48.6,52.79,59.914,54.749,67.586
54097,"Upshur County, West Virginia",19640,63.218,48.365,52.132,33.963,51.54,54.485,61.219,57.095,68.561
54099,"Wayne County, West Virginia",32070,58.543,43.936,48.287,31.233,48.44,51.615,59.018,53.095,67.35
54101,"Webster County, West Virginia",6797,58.639,44.8,48.623,32.567,49.669,51.945,58.638,55.698,66.901
54103,"Wetzel County, West Virginia",12436,57.692,43.941,47.682,31.464,47.935,50.959,57.651,53.831,67.012
54105,"Wirt County, West Virginia",4526,57.697,43.305,46.973,31.323,48.145,50.919,57.62,54.054,65.782
54107,"Wood County, West Virginia",67534,59.861,47.282,50.696,32.728,51.77,55.588,61.687,56.056,67.996
54109,"Wyoming County, West Virginia",17181,55.838,42.486,46.857,31.464,47.61,50.216,57.131,52.694,65.58
55001,"Adams County, Wisconsin",17114,65.321,53.569,54.34,36.731,56.18,61.041,67.663,63.471,72.552
55003,"Ashland County, Wisconsin",12198,71.554,58.946,62.029,41.064,61.777,66.834,72.34,70.78,76.418
55005,"Barron County, Wisconsin",35435,63.742,51.417,53.47,35.197,55.233,59.959,66.549,63.234,73.186
55007,"Bayfield County, Wisconsin",12362,71.052,58.292,61.211,39.54,60.394,66.242,71.947,69.123,76.104
55009,"Brown County, Wisconsin",197168,68.704,53.527,56.165,36.977,56.384,62.668,68.114,66.323,75.309
55011,"Buffalo County, Wisconsin",10439,63.37,52.967,56.053,35.156,57.667,62.323,69.119,57.042,73.522
55013,"Burnett County, Wisconsin",12527,64.888,52.667,54.641,35.741,55.848,60.969,67.022,62.233,71.591
55015,"Calumet County, Wisconsin",37542,64.299,49.865,52.071,34.074,53.514,59.666,66.215,61.869,72.452
55017,"Chippewa County, Wisconsin",49163,63.104,52.37,53.584,34.743,54.485,59.763,66.931,63.175,71.818
55019,"Clark County, Wisconsin",24357,68.293,54.609,55.858,38.313,58.304,61.897,68.443,65.763,73.223
55021,"Columbia County, Wisconsin",44490,65.001,53.324,54.616,34.68,56.732,62.056,67.817,60.663,74.016
55023,"Crawford County, Wisconsin",12904,64.766,53.356,55.884,36.201,56.439,61.38,67.599,62.938,74.295
55025,"Dane County, Wisconsin",419779,79.466,66.653,70.054,43.797,66.138,71.447,77.516,73.108,78.149
55027,"Dodge County, Wisconsin",69452,65.09,51.39,53.954,34.169,52.732,58.929,66.411,60.889,71.823
55029,"Door County, Wisconsin",22940,68.344,54.767,57.184,37.051,57.118,62.763,68.817,67.044,74.173
55031,"Douglas County, Wisconsin",34678,70.568,57.042,60.011,38.094,58.852,64.682,71.017,69.289,75.556
55033,"Dunn County, Wisconsin",35613,67.872,55.031,58.175,37.812,58.274,63.621,70.031,67.457,74.187
55035,"Eau Claire County, Wisconsin",81959,69.916,58.461,59.138,38.398,58.305,63.736,69.728,69.278,76.219
55037,"Florence County, Wisconsin",3640,59.058,46.879,48.275,31.133,49.82,55.174,61.867,56.033,69.022
55039,"Fond du Lac County, Wisconsin",80080,66.624,50.407,55.58,34.558,54.12,59.201,66.367,62.482,71.393
55041,"Forest County, Wisconsin",7205,66.1,53.982,56.363,37.766,57.831,62.451,68.211,64.522,72.666
55043,"Grant County, Wisconsin",41141,66.921,53.093,56.257,36.01,56.784,61.607,67.234,63.659,72.627
55045,"Green County, Wisconsin",28546,67.359,54.936,57.716,37.006,57.153,62.318,67.996,66.942,74.042
55047,"Green Lake County, Wisconsin",14497,64.354,52.138,54.058,35.224,55.155,60.112,66.467,62.4,71.684
55049,"Iowa County, Wisconsin",18148,68.235,56.735,59.523,36.986,57.742,64.043,70.135,69.227,76.127
55051,"Iron County, Wisconsin",4909,67.674,55.642,58.044,36.747,57.97,63.687,69.806,66.522,74.386
55053,"Jackson County, Wisconsin",16001,64.552,52.789,54.333,36.632,56.299,60.627,66.047,63.359,72.01
55055,"Jefferson County, Wisconsin",66282,68.48,53.893,56.953,36.088,56.319,62.487,68.259,65.618,73.93
55057,"Juneau County, Wisconsin",21088,63.496,51.183,53.193,35.083,54.457,59.266,65.531,62.145,71.839
55059,"Kenosha County, Wisconsin",128613,68.807,57.619,61.078,38.245,58.091,63.939,69.807,65.709,74.555
55061,"Kewaunee County, Wisconsin",15905,62.849,50.611,52.44,34.339,53.837,58.805,65.662,61.697,71.375
55063,"La Crosse County, Wisconsin",94209,70.332,55.064,57.309,37.699,57.885,64.354,70.149,70.534,76.303
55065,"Lafayette County, Wisconsin",12594,67.354,56.04,58.613,37.363,58.314,63.474,69.76,66.431,74.569
55067,"Langlade County, Wisconsin",15444,61.825,51.919,52.116,34.483,54.036,59.078,65.296,62.429,70.971
55069,"Lincoln County, Wisconsin",22563,65.522,52.808,54.468,34.117,53.888,60.313,67.163,64.217,73.239
55071,"Manitowoc County, Wisconsin",62801,64.698,53.354,55.407,33.691,53.717,60.392,68.492,63.279,72.469
55073,"Marathon County, Wisconsin",103995,64.281,53.505,57.127,36.986,56.29,62.368,68.984,62.456,73.602
55075,"Marinette County, Wisconsin",32703,59.657,49.943,52.527,32.8,52.007,57.52,64.248,60.333,71.267
55077,"Marquette County, Wisconsin",12189,65.174,52.892,54.937,35.926,55.554,60.477,66.876,63.874,72.797
55078,"Menominee County, Wisconsin",3080,73.653,62.328,66.931,49.032,67.727,72.471,75.116,72.281,76.393
55079,"Milwaukee County, Wisconsin",723099,71.85,60.59,63.87,43.78,65.079,69.579,74.539,73.65,78.709
55081,"Monroe County, Wisconsin",33925,65.163,53.355,56.413,35.366,55.634,60.984,67.541,63.995,72.705
55083,"Oconto County, Wisconsin",29921,60.989,50.411,52.762,33.463,52.722,57.692,63.995,59.086,71.025
55085,"Oneida County, Wisconsin",29248,66.681,54.285,56.574,34.45,55.176,61.508,67.713,63.692,73.77
55087,"Outagamie County, Wisconsin",140620,63.478,50.22,52.016,33.623,53.919,59.851,66.212,64.457,72.436
55089,"Ozaukee County, Wisconsin",69156,66.272,52.95,55.941,34.58,55.144,61.75,67.609,64.537,73.153
55091,"Pepin County, Wisconsin",5720,65.574,52.286,54.976,36.074,56.009,60.859,67.247,63.785,72.323
55093,"Pierce County, Wisconsin",32898,68.581,54.461,56.912,35.746,56.163,62.502,69.004,65.989,73.78
55095,"Polk County, Wisconsin",34045,65.411,51.065,53.866,34.571,54.389,59.893,66.226,61.732,72.541
55097,"Portage County, Wisconsin",56779,69.199,55.13,58.543,36.998,57.509,63.618,69.302,66.701,74.585
55099,"Price County, Wisconsin",11149,66.446,54.1,56.504,35.425,55.685,61.66,68.12,64.358,73.56
55101,"Racine County, Wisconsin",149496,67.523,53.079,59.106,38.058,57.648,63.687,68.255,65.208,73.613
55103,"Richland County, Wisconsin",13684,65.7,52.539,54.899,36.205,55.952,60.634,66.479,66.014,73.633
55105,"Rock County, Wisconsin",123620,71.691,58.288,60.114,38.739,58.53,65.323,70.912,70.802,76.312
55107,"Rusk County, Wisconsin",11282,62.794,51.094,53.812,35.763,55.424,59.803,65.482,62.385,71.165
55109,"St. Croix County, Wisconsin",65491,69.309,55.321,57.444,35.829,55.713,62.281,68.701,63.779,73.441
55111,"Sauk County, Wisconsin",49017,67.864,56.635,59.411,37.803,57.679,64.016,69.547,68.538,75.39
55113,"Sawyer County, Wisconsin",13160,68.477,55.099,57.495,38.597,58.901,63.787,69.135,66.099,73.368
55115,"Shawano County, Wisconsin",32123,65.128,51.933,53.773,34.526,54.487,59.565,65.643,61.804,72.132
55117,"Sheboygan County, Wisconsin",89280,63.625,52.326,54.132,35.347,54.92,61.289,66.618,62.748,73.534
55119,"Taylor County, Wisconsin",15478,62.368,51.108,51.679,35.027,55.057,59.436,65.149,61.65,70.98
55121,"Trempealeau County, Wisconsin",22157,69.204,56.149,58.53,37.257,57.281,62.429,69.217,66.947,74.412
55123,"Vernon County, Wisconsin",22545,69.551,55.713,59.167,37.223,58.006,64.023,70.409,66.797,74.943
55125,"Vilas County, Wisconsin",18037,64.813,52.192,55.181,35.703,55.819,61.128,67.522,63.651,72.18
55127,"Walworth County, Wisconsin",80953,67.333,56.273,57.941,37.027,57.143,62.597,69.084,66.271,74.035
55129,"Washburn County, Wisconsin",12665,64.249,52.254,54.33,35.323,55.767,60.657,66.582,61.688,72.502
55131,"Washington County, Wisconsin",104253,62.566,47.0,50.163,31.786,52.057,58.121,64.496,59.808,69.614
55133,"Waukesha County, Wisconsin",311303,67.379,53.581,54.967,35.014,54.199,61.263,67.253,63.575,73.652
55135,"Waupaca County, Wisconsin",40778,62.75,51.011,52.947,33.749,53.232,58.68,64.886,61.385,72.363
55137,"Waushara County, Wisconsin",19628,63.822,50.539,51.586,34.838,54.558,59.126,65.364,60.868,71.108
55139,"Winnebago County, Wisconsin",134773,65.632,54.182,55.844,33.523,54.699,61.383,66.445,63.844,74.064
55141,"Wood County, Wisconsin",57386,63.879,52.341,56.151,34.596,55.52,61.574,67.82,64.494,73.046
56001,"Albany County, Wyoming",31712,70.795,57.134,61.883,40.63,60.803,63.923,68.515,68.004,72.848
56003,"Big Horn County, Wyoming",8838,59.23,44.988,49.216,33.426,50.829,52.811,57.992,54.049,65.41
56005,"Campbell County, Wyoming",34530,53.314,43.658,46.968,31.271,50.256,51.699,57.169,44.151,64.614
56007,"Carbon County, Wyoming",11857,62.406,47.614,52.65,35.285,52.349,55.04,60.056,57.065,66.939
56009,"Converse County, Wyoming",10536,50.807,42.914,47.474,31.637,52.453,52.798,58.73,38.044,64.125
56011,"Crook County, Wyoming",5594,60.194,44.532,48.951,34.049,52.226,53.459,58.844,54.104,64.335
56013,"Fremont County, Wyoming",29867,65.864,50.075,56.067,38.034,55.899,58.655,63.23,60.47,69.079
56015,"Goshen County, Wyoming",10635,60.01,44.725,49.033,33.359,50.449,52.624,57.75,54.722,65.065
56017,"Hot Springs County, Wyoming",3780,61.087,46.535,51.526,35.118,53.507,54.819,59.684,57.905,66.396
56019,"Johnson County, Wyoming",6619,63.963,48.848,53.153,34.156,53.05,56.341,61.952,57.711,67.573
56021,"Laramie County, Wyoming",74920,65.741,46.505,51.871,35.489,53.128,55.413,60.186,57.795,67.033
56023,"Lincoln County, Wyoming",13800,55.959,46.39,50.846,33.621,56.056,56.415,62.985,42.428,67.18
56025,"Natrona County, Wyoming",61205,59.174,44.177,48.904,32.679,49.326,52.42,57.798,54.39,66.138
56027,"Niobrara County, Wyoming",1972,60.244,45.615,49.775,35.104,52.755,53.546,58.711,55.454,64.836
56029,"Park County, Wyoming",23113,62.892,47.731,51.269,34.837,53.407,55.673,59.98,57.821,65.744
56031,"Platte County, Wyoming",6887,52.722,43.855,48.55,32.016,52.93,53.692,59.838,39.178,65.51
56033,"Sheridan County, Wyoming",23470,61.283,45.881,50.326,33.804,51.662,54.054,59.185,56.201,66.72
56035,"Sublette County, Wyoming",7523,59.747,44.55,48.495,32.911,50.291,52.409,57.545,54.296,64.659
56037,"Sweetwater County, Wyoming",32310,56.229,47.083,52.371,34.839,56.196,57.027,62.875,42.489,67.163
56039,"Teton County, Wyoming",18625,77.912,62.202,68.209,45.359,65.596,69.04,73.376,74.317,76.606
56041,"Uinta County, Wyoming",14539,61.203,46.471,50.975,34.359,51.877,53.9,59.285,56.178,66.335
56043,"Washakie County, Wyoming",6186,58.973,45.586,50.31,34.159,51.509,53.573,59.648,54.13,64.987
56045,"Weston County, Wyoming",5596,57.669,44.054,47.72,33.007,51.425,52.519,57.888,50.609,64.044
